สถาบัน,วิทยาเขต,รหัสหลักสูตร,คณะ,หลักสูตร,รายละเอียด,สาขา/วิชาเอก,รหัสรับร่วม,รับ,สมัคร,ผ่าน,คะแนนสูงสุด,คะแนนต่ำสุด
จุฬาลงกรณ์มหาวิทยาลัย,วิทยาเขตหลัก,10010121300001A,คณะวิศวกรรมศาสตร์,หลักสูตรวิศวกรรมศาสตรบัณฑิต สาขาวิชาวิศวกรรมศาสตร์,,,0,390,"1,417",390,82.6000,59.9831
จุฬาลงกรณ์มหาวิทยาลัย,วิทยาเขตหลัก,10010121300501A,คณะวิศวกรรมศาสตร์,หลักสูตรวิศวกรรมศาสตรบัณฑิต สาขาวิชาวิศวกรรมคอมพิวเตอร์,,,0,80,460,80,89.0164,74.9664
จุฬาลงกรณ์มหาวิทยาลัย,วิทยาเขตหลัก,10010121300599A,คณะวิศวกรรมศาสตร์,หลักสูตรวิศวกรรมศาสตรบัณฑิต สาขาวิชาวิศวกรรมคอมพิวเตอร์และเทคโนโลยีดิจิทัล,,,0,105,735,105,85.7888,66.8943
จุฬาลงกรณ์มหาวิทยาลัย,วิทยาเขตหลัก,10010121301101A,คณะวิศวกรรมศาสตร์,หลักสูตรวิศวกรรมศาสตรบัณฑิต สาขาวิชาวิศวกรรมนิวเคลียร์และรังสี,,,0,20,194,20,62.8830,54.2330
จุฬาลงกรณ์มหาวิทยาลัย,วิทยาเขตหลัก,10010121302101A,คณะวิศวกรรมศาสตร์,หลักสูตรวิศวกรรมศาสตรบัณฑิต สาขาวิชาวิศวกรรมโยธา,,,0,10,176,10,77.5553,66.0220
จุฬาลงกรณ์มหาวิทยาลัย,วิทยาเขตหลัก,10010121302501A,คณะวิศวกรรมศาสตร์,หลักสูตรวิศวกรรมศาสตรบัณฑิต สาขาวิชาวิศวกรรมโลหการและวัสดุ,,,0,20,174,20,59.0666,54.5720
จุฬาลงกรณ์มหาวิทยาลัย,วิทยาเขตหลัก,10010121302701A,คณะวิศวกรรมศาสตร์,หลักสูตรวิศวกรรมศาสตรบัณฑิต สาขาวิชาวิศวกรรมสำรวจ,,,0,40,259,40,62.1386,55.3442
จุฬาลงกรณ์มหาวิทยาลัย,วิทยาเขตหลัก,10010121302801A,คณะวิศวกรรมศาสตร์,หลักสูตรวิศวกรรมศาสตรบัณฑิต สาขาวิชาวิศวกรรมสิ่งแวดล้อม,,,0,20,227,20,59.8222,57.5500
จุฬาลงกรณ์มหาวิทยาลัย,วิทยาเขตหลัก,10010121303001A,คณะวิศวกรรมศาสตร์,หลักสูตรวิศวกรรมศาสตรบัณฑิต สาขาวิชาวิศวกรรมทรัพยากรธรณี,,,0,15,54,15,59.5944,51.7444
จุฬาลงกรณ์มหาวิทยาลัย,วิทยาเขตหลัก,10010121303501A,คณะวิศวกรรมศาสตร์,หลักสูตรวิศวกรรมศาสตรบัณฑิต สาขาวิชาวิศวกรรมอุตสาหการ,,,0,5,125,5,81.1164,74.5776
จุฬาลงกรณ์มหาวิทยาลัย,วิทยาเขตหลัก,10010122904301A,คณะอักษรศาสตร์,หลักสูตรอักษรศาสตรบัณฑิต,สาขาวิชาอักษรศาสตร์เลือก สอบวิชาคณิตศาสตร์ประยุก์ต2,อักษรศาสตร์,0,20,"1,388",20,86.8750,77.5000
จุฬาลงกรณ์มหาวิทยาลัย,วิทยาเขตหลัก,10010122904301A,คณะอักษรศาสตร์,หลักสูตรอักษรศาสตรบัณฑิต,สาขาวิชาอักษรศาสตร์เลือก สอบวิชาภาษาฝรั่งเศส,อักษรศาสตร์,2231,219,328,36,85.6250,73.9375
จุฬาลงกรณ์มหาวิทยาลัย,วิทยาเขตหลัก,10010122904301A,คณะอักษรศาสตร์,หลักสูตรอักษรศาสตรบัณฑิต,สาขาวิชาอักษรศาสตร์เลือก สอบวิชาภาษาเยอรมัน,อักษรศาสตร์,2231,219,111,8,82.1250,73.9375
จุฬาลงกรณ์มหาวิทยาลัย,วิทยาเขตหลัก,10010122904301A,คณะอักษรศาสตร์,หลักสูตรอักษรศาสตรบัณฑิต,สาขาวิชาอักษรศาสตร์เลือก สอบวิชาภาษาญี่ปุ่น,อักษรศาสตร์,2231,219,668,74,86.1250,74.0000
จุฬาลงกรณ์มหาวิทยาลัย,วิทยาเขตหลัก,10010122904301A,คณะอักษรศาสตร์,หลักสูตรอักษรศาสตรบัณฑิต,สาขาวิชาอักษรศาสตร์เลือก สอบวิชาภาษาเกาหลี,อักษรศาสตร์,2231,219,409,40,86.8125,73.9375
จุฬาลงกรณ์มหาวิทยาลัย,วิทยาเขตหลัก,10010122904301A,คณะอักษรศาสตร์,หลักสูตรอักษรศาสตรบัณฑิต,สาขาวิชาอักษรศาสตร์เลือก สอบวิชาภาษาจีน,อักษรศาสตร์,2231,219,806,32,85.9375,74.0000
จุฬาลงกรณ์มหาวิทยาลัย,วิทยาเขตหลัก,10010122904301A,คณะอักษรศาสตร์,หลักสูตรอักษรศาสตรบัณฑิต,สาขาวิชาอักษรศาสตร์เลือก สอบวิชาภาษาบาลี,อักษรศาสตร์,2231,219,37,3,85.8750,75.8125
จุฬาลงกรณ์มหาวิทยาลัย,วิทยาเขตหลัก,10010122904301A,คณะอักษรศาสตร์,หลักสูตรอักษรศาสตรบัณฑิต,สาขาวิชาอักษรศาสตร์เลือก สอบวิชาภาษาสเปน,อักษรศาสตร์,2231,219,172,27,85.2500,74.0000
จุฬาลงกรณ์มหาวิทยาลัย,วิทยาเขตหลัก,10010122904301A,คณะอักษรศาสตร์,หลักสูตรอักษรศาสตรบัณฑิต,สาขาวิชาภูมิศาสตร์และภูมิ สารสนเทศ,ภูมิศาสตร์และภูมิสารสนเทศ,0,14,576,13,76.8750,69.4375
จุฬาลงกรณ์มหาวิทยาลัย,วิทยาเขตหลัก,10010122904301A,คณะอักษรศาสตร์,หลักสูตรอักษรศาสตรบัณฑิต,สาขาวิชาสารสนเทศศึกษา,สารสนเทศศึกษา,0,10,498,10,75.7500,73.0625
จุฬาลงกรณ์มหาวิทยาลัย,วิทยาเขตหลัก,10010123210301A,คณะวิทยาศาสตร์,หลักสูตรวิทยาศาสตรบัณฑิต สาขาวิชา คณิตศาสตร์,,,0,34,265,35,75.0610,55.6500
จุฬาลงกรณ์มหาวิทยาลัย,วิทยาเขตหลัก,10010123210401A,คณะวิทยาศาสตร์,หลักสูตรวิทยาศาสตรบัณฑิต สาขาวิชาเคมี,,,0,105,335,105,74.0374,42.3499
จุฬาลงกรณ์มหาวิทยาลัย,วิทยาเขตหลัก,10010123210402A,คณะวิทยาศาสตร์,หลักสูตรวิทยาศาสตรบัณฑิต สาขาวิชา เคมีวิศวกรรม,สาขาวิชาเคมีวิศวกรรม (รูปแบบที่ 1),เคมีวิศวกรรม,0,41,248,41,59.1192,45.5024
จุฬาลงกรณ์มหาวิทยาลัย,วิทยาเขตหลัก,10010123210402A,คณะวิทยาศาสตร์,หลักสูตรวิทยาศาสตรบัณฑิต สาขาวิชา เคมีวิศวกรรม,สาขาวิชาเคมีวิศวกรรม (รูปแบบที่ 2),เคมีวิศวกรรม,0,41,"1,030",41,73.4332,64.0054
จุฬาลงกรณ์มหาวิทยาลัย,วิทยาเขตหลัก,10010123210501A,คณะวิทยาศาสตร์,หลักสูตรวิทยาศาสตรบัณฑิต สาขาวิชาจุล ชีววิทยา,,,0,45,169,45,58.4208,33.6308
จุฬาลงกรณ์มหาวิทยาลัย,วิทยาเขตหลัก,10010123210601A,คณะวิทยาศาสตร์,หลักสูตรวิทยาศาสตรบัณฑิต สาขาวิชา ชีวเคมี,,,0,40,128,40,59.6722,37.3920
จุฬาลงกรณ์มหาวิทยาลัย,วิทยาเขตหลัก,10010123210701A,คณะวิทยาศาสตร์,หลักสูตรวิทยาศาสตรบัณฑิต สาขาวิชา ชีววิทยา,สาขาวิชาชีววิทยา (รูปแบบที่ 1),,0,20,409,20,74.8000,60.4998
จุฬาลงกรณ์มหาวิทยาลัย,วิทยาเขตหลัก,10010123210701A,คณะวิทยาศาสตร์,หลักสูตรวิทยาศาสตรบัณฑิต สาขาวิชา ชีววิทยา,สาขาวิชาชีววิทยา (รูปแบบที่ 2),,0,16,980,16,67.4996,63.1716
จุฬาลงกรณ์มหาวิทยาลัย,วิทยาเขตหลัก,10010123210901A,คณะวิทยาศาสตร์,หลักสูตรวิทยาศาสตรบัณฑิต สาขาวิชา เทคโนโลยีทางภาพและการพิมพ์,,,0,50,137,50,56.6000,40.3040
จุฬาลงกรณ์มหาวิทยาลัย,วิทยาเขตหลัก,10010123211001A,คณะวิทยาศาสตร์,หลักสูตรวิทยาศาสตรบัณฑิต สาขาวิชา เทคโนโลยีทางอาหาร,สาขาวิชาเทคโนโลยีทาง อาหาร (รูปแบบที่ 1),เทคโนโลยีทางอาหาร,0,38,969,38,74.3110,62.9054
จุฬาลงกรณ์มหาวิทยาลัย,วิทยาเขตหลัก,10010123211001A,คณะวิทยาศาสตร์,หลักสูตรวิทยาศาสตรบัณฑิต สาขาวิชา เทคโนโลยีทางอาหาร,สาขาวิชาเทคโนโลยีทาง อาหาร (รูปแบบที่ 2),เทคโนโลยีทางอาหาร,0,38,169,38,52.1666,35.9688
จุฬาลงกรณ์มหาวิทยาลัย,วิทยาเขตหลัก,10010123212301A,คณะวิทยาศาสตร์,หลักสูตรวิทยาศาสตรบัณฑิต สาขาวิชา ธรณีวิทยา,,,0,21,369,21,76.1166,60.8382
จุฬาลงกรณ์มหาวิทยาลัย,วิทยาเขตหลัก,10010123212501A,คณะวิทยาศาสตร์,หลักสูตรวิทยาศาสตรบัณฑิต สาขาวิชา พฤกษศาสตร์,,,0,50,231,50,51.7500,41.9054
จุฬาลงกรณ์มหาวิทยาลัย,วิทยาเขตหลัก,10010123212601A,คณะวิทยาศาสตร์,หลักสูตรวิทยาศาสตรบัณฑิต สาขาวิชา พันธุศาสตร์,,,0,50,308,50,63.9610,46.3110
จุฬาลงกรณ์มหาวิทยาลัย,วิทยาเขตหลัก,10010123212701A,คณะวิทยาศาสตร์,หลักสูตรวิทยาศาสตรบัณฑิต สาขาวิชา ฟิสิกส์,,,0,50,355,50,73.8440,54.9108
จุฬาลงกรณ์มหาวิทยาลัย,วิทยาเขตหลัก,10010123212801A,คณะวิทยาศาสตร์,หลักสูตรวิทยาศาสตรบัณฑิต สาขาวิชา วัสดุศาสตร์และเทคโนโลยี,สาขาวิชาวัสดุศาสตร์และ เทคโนโลีย(รูปแบบที่ 1),วัสดุศาสตร์และเทคโนโลยี,0,53,"1,127",53,66.8438,58.5666
จุฬาลงกรณ์มหาวิทยาลัย,วิทยาเขตหลัก,10010123212801A,คณะวิทยาศาสตร์,หลักสูตรวิทยาศาสตรบัณฑิต สาขาวิชา วัสดุศาสตร์และเทคโนโลยี,สาขาวิชาวัสดุศาสตร์และ เทคโนโลีย(รูปแบบที่ 2),วัสดุศาสตร์และเทคโนโลยี,0,36,85,36,44.3276,33.0332
จุฬาลงกรณ์มหาวิทยาลัย,วิทยาเขตหลัก,10010123213001A,คณะวิทยาศาสตร์,หลักสูตรวิทยาศาสตรบัณฑิต สาขาวิชา วิทยาศาสตร์ทางทะเล,,,0,33,127,33,56.4866,33.3732
จุฬาลงกรณ์มหาวิทยาลัย,วิทยาเขตหลัก,10010123213101A,คณะวิทยาศาสตร์,หลักสูตรวิทยาศาสตรบัณฑิต สาขาวิชา วิทยาศาสตร์สิ่งแวดล้อม,,,0,82,495,82,59.9797,52.0919
จุฬาลงกรณ์มหาวิทยาลัย,วิทยาเขตหลัก,10010123213201A,คณะวิทยาศาสตร์,หลักสูตรวิทยาศาสตรบัณฑิต สาขาวิชา สัตววิทยา,สาขาวิชาสัตววิทยา (รูปแบบที่ 1),,0,6,139,6,71.7164,58.4164
จุฬาลงกรณ์มหาวิทยาลัย,วิทยาเขตหลัก,10010123213201A,คณะวิทยาศาสตร์,หลักสูตรวิทยาศาสตรบัณฑิต สาขาวิชา สัตววิทยา,สาขาวิชาสัตววิทยา (รูปแบบที่ 2),,0,6,548,6,66.4164,62.0386
จุฬาลงกรณ์มหาวิทยาลัย,วิทยาเขตหลัก,10010123213501A,คณะวิทยาศาสตร์,หลักสูตรวิทยาศาสตรบัณฑิต สาขาวิชา วิทยาการคอมพิวเตอร์,,,0,21,684,21,76.7972,67.2497
จุฬาลงกรณ์มหาวิทยาลัย,วิทยาเขตหลัก,10010124903201A,คณะรัฐศาสตร์,หลักสูตรรัฐศาสตรบัณฑิต,สาขาวิชาการปกครอง เลือก สอบวิชาคณิตศาสตร์ประยุก์ต2,การปกครอง,2431,61,"1,238",37,77.4583,70.8694
จุฬาลงกรณ์มหาวิทยาลัย,วิทยาเขตหลัก,10010124903201A,คณะรัฐศาสตร์,หลักสูตรรัฐศาสตรบัณฑิต,สาขาวิชาการปกครอง เลือก สอบวิชาภาษาฝรั่งเศส,การปกครอง,2431,61,160,5,72.5527,71.2277
จุฬาลงกรณ์มหาวิทยาลัย,วิทยาเขตหลัก,10010124903201A,คณะรัฐศาสตร์,หลักสูตรรัฐศาสตรบัณฑิต,สาขาวิชาการปกครอง เลือก สอบวิชาภาษาเยอรมัน,การปกครอง,2431,61,66,5,76.3333,71.3722
จุฬาลงกรณ์มหาวิทยาลัย,วิทยาเขตหลัก,10010124903201A,คณะรัฐศาสตร์,หลักสูตรรัฐศาสตรบัณฑิต,สาขาวิชาการปกครอง เลือก สอบวิชาภาษาญี่ปุ่น,การปกครอง,2431,61,129,5,75.6777,71.1138
จุฬาลงกรณ์มหาวิทยาลัย,วิทยาเขตหลัก,10010124903201A,คณะรัฐศาสตร์,หลักสูตรรัฐศาสตรบัณฑิต,สาขาวิชาการปกครอง เลือก สอบวิชาภาษาเกาหลี,การปกครอง,2431,61,100,2,72.8583,72.8333
จุฬาลงกรณ์มหาวิทยาลัย,วิทยาเขตหลัก,10010124903201A,คณะรัฐศาสตร์,หลักสูตรรัฐศาสตรบัณฑิต,สาขาวิชาการปกครอง เลือก สอบวิชาภาษาจีน,การปกครอง,2431,61,151,5,72.7583,70.8805
จุฬาลงกรณ์มหาวิทยาลัย,วิทยาเขตหลัก,10010124903201A,คณะรัฐศาสตร์,หลักสูตรรัฐศาสตรบัณฑิต,สาขาวิชาการปกครอง เลือก สอบวิชาภาษาสเปน,การปกครอง,2431,61,67,2,73.6361,72.2361
จุฬาลงกรณ์มหาวิทยาลัย,วิทยาเขตหลัก,10010124903201A,คณะรัฐศาสตร์,หลักสูตรรัฐศาสตรบัณฑิต,สาขาวิชาความสัมพัน์ธระหวา่ งประเทศ เลือกสอบ วิชาคณิตศาสตร์ประยุก์ต2,ความสัมพันธ์ระหวา่ งประเทศ,2432,66,473,5,85.9666,79.3054
จุฬาลงกรณ์มหาวิทยาลัย,วิทยาเขตหลัก,10010124903201A,คณะรัฐศาสตร์,หลักสูตรรัฐศาสตรบัณฑิต,สาขาวิชาความสัมพัน์ธระหวา่ งประเทศ เลือกสอบ วิชาภาษาไทย,ความสัมพันธ์ระหวา่ งประเทศ,2432,66,"1,702",33,88.1582,78.2500
จุฬาลงกรณ์มหาวิทยาลัย,วิทยาเขตหลัก,10010124903201A,คณะรัฐศาสตร์,หลักสูตรรัฐศาสตรบัณฑิต,สาขาวิชาความสัมพัน์ธระหวา่ งประเทศ เลือกสอบ วิชาภาษาฝรั่งเศส,ความสัมพันธ์ระหวา่ งประเทศ,2432,66,141,7,87.4500,78.8776
จุฬาลงกรณ์มหาวิทยาลัย,วิทยาเขตหลัก,10010124903201A,คณะรัฐศาสตร์,หลักสูตรรัฐศาสตรบัณฑิต,สาขาวิชาความสัมพัน์ธระหวา่ งประเทศ เลือกสอบ วิชาภาษาเยอรมัน,ความสัมพันธ์ระหวา่ งประเทศ,2432,66,60,2,78.9054,78.4332
จุฬาลงกรณ์มหาวิทยาลัย,วิทยาเขตหลัก,10010124903201A,คณะรัฐศาสตร์,หลักสูตรรัฐศาสตรบัณฑิต,สาขาวิชาความสัมพัน์ธระหวา่ งประเทศ เลือกสอบ วิชาภาษาญี่ปุ่น,ความสัมพันธ์ระหวา่ งประเทศ,2432,66,140,7,87.1166,79.7750
จุฬาลงกรณ์มหาวิทยาลัย,วิทยาเขตหลัก,10010124903201A,คณะรัฐศาสตร์,หลักสูตรรัฐศาสตรบัณฑิต,สาขาวิชาความสัมพัน์ธระหวา่ งประเทศ เลือกสอบ วิชาภาษาเกาหลี,ความสัมพันธ์ระหวา่ งประเทศ,2432,66,83,2,79.5694,78.9916
จุฬาลงกรณ์มหาวิทยาลัย,วิทยาเขตหลัก,10010124903201A,คณะรัฐศาสตร์,หลักสูตรรัฐศาสตรบัณฑิต,สาขาวิชาความสัมพัน์ธระหวา่ งประเทศ เลือกสอบ วิชาภาษาจีน,ความสัมพันธ์ระหวา่ งประเทศ,2432,66,116,3,85.8776,78.9554
จุฬาลงกรณ์มหาวิทยาลัย,วิทยาเขตหลัก,10010124903201A,คณะรัฐศาสตร์,หลักสูตรรัฐศาสตรบัณฑิต,สาขาวิชาความสัมพัน์ธระหวา่ งประเทศ เลือกสอบ วิชาภาษาสเปน,ความสัมพันธ์ระหวา่ งประเทศ,2432,66,53,7,84.3832,79.0694
จุฬาลงกรณ์มหาวิทยาลัย,วิทยาเขตหลัก,10010124903201A,คณะรัฐศาสตร์,หลักสูตรรัฐศาสตรบัณฑิต,สาขาวิชาสังคมวิทยาและ มานุษยวิทยา เลือกสอบวิชา คณิตศาสตร์ประยุก์ต2,สังคมวิทยาและมานุษยวิทยา,2433,61,241,4,74.8610,73.3680
จุฬาลงกรณ์มหาวิทยาลัย,วิทยาเขตหลัก,10010124903201A,คณะรัฐศาสตร์,หลักสูตรรัฐศาสตรบัณฑิต,สาขาวิชาสังคมวิทยาและ มานุษยวิทยา เลือกสอบวิชา ภาษาไทย,สังคมวิทยาและมานุษยวิทยา,2433,61,"1,389",51,78.8888,73.2985
จุฬาลงกรณ์มหาวิทยาลัย,วิทยาเขตหลัก,10010124903201A,คณะรัฐศาสตร์,หลักสูตรรัฐศาสตรบัณฑิต,สาขาวิชาสังคมวิทยาและ มานุษยวิทยา เลือกสอบวิชา ภาษาฝรั่งเศส,สังคมวิทยาและมานุษยวิทยา,2433,61,64,3,80.6110,75.3750
จุฬาลงกรณ์มหาวิทยาลัย,วิทยาเขตหลัก,10010124903201A,คณะรัฐศาสตร์,หลักสูตรรัฐศาสตรบัณฑิต,สาขาวิชาสังคมวิทยาและ มานุษยวิทยา เลือกสอบวิชา ภาษาเยอรมัน,สังคมวิทยาและมานุษยวิทยา,2433,61,21,1,73.3888,73.3888
จุฬาลงกรณ์มหาวิทยาลัย,วิทยาเขตหลัก,10010124903201A,คณะรัฐศาสตร์,หลักสูตรรัฐศาสตรบัณฑิต,สาขาวิชาสังคมวิทยาและ มานุษยวิทยา เลือกสอบวิชา ภาษาญี่ปุ่น,สังคมวิทยาและมานุษยวิทยา,2433,61,56,1,73.4583,73.4583
จุฬาลงกรณ์มหาวิทยาลัย,วิทยาเขตหลัก,10010124903201A,คณะรัฐศาสตร์,หลักสูตรรัฐศาสตรบัณฑิต,สาขาวิชาสังคมวิทยาและ มานุษยวิทยา เลือกสอบวิชา ภาษาเกาหลี,สังคมวิทยาและมานุษยวิทยา,2433,61,44,1,73.6458,73.6458
จุฬาลงกรณ์มหาวิทยาลัย,วิทยาเขตหลัก,10010124903201A,คณะรัฐศาสตร์,หลักสูตรรัฐศาสตรบัณฑิต,สาขาวิชาสังคมวิทยาและ มานุษยวิทยา เลือกสอบวิชา ภาษาจีน,สังคมวิทยาและมานุษยวิทยา,2433,61,59,0,0.0000,0.0000
จุฬาลงกรณ์มหาวิทยาลัย,วิทยาเขตหลัก,10010124903201A,คณะรัฐศาสตร์,หลักสูตรรัฐศาสตรบัณฑิต,สาขาวิชาสังคมวิทยาและ มานุษยวิทยา เลือกสอบวิชา ภาษาสเปน,สังคมวิทยาและมานุษยวิทยา,2433,61,28,0,0.0000,0.0000
จุฬาลงกรณ์มหาวิทยาลัย,วิทยาเขตหลัก,10010124903201A,คณะรัฐศาสตร์,หลักสูตรรัฐศาสตรบัณฑิต,สาขาวิชารัฐประศาสนศาสต์รเลือกสอบวิชาภาษาอังกฤษ,รัฐประศาสนศาสตร์,2434,66,779,63,77.2985,68.1582
จุฬาลงกรณ์มหาวิทยาลัย,วิทยาเขตหลัก,10010124903201A,คณะรัฐศาสตร์,หลักสูตรรัฐศาสตรบัณฑิต,สาขาวิชารัฐประศาสนศาสต์รเลือกสอบวิชาภาษาฝรั่งเศส,รัฐประศาสนศาสตร์,2434,66,5,0,0.0000,0.0000
จุฬาลงกรณ์มหาวิทยาลัย,วิทยาเขตหลัก,10010124903201A,คณะรัฐศาสตร์,หลักสูตรรัฐศาสตรบัณฑิต,สาขาวิชารัฐประศาสนศาสต์รเลือกสอบวิชาภาษาเยอรมัน,รัฐประศาสนศาสตร์,2434,66,5,0,0.0000,0.0000
จุฬาลงกรณ์มหาวิทยาลัย,วิทยาเขตหลัก,10010124903201A,คณะรัฐศาสตร์,หลักสูตรรัฐศาสตรบัณฑิต,สาขาวิชารัฐประศาสนศาสต์รเลือกสอบวิชาภาษาญี่ปุ่น,รัฐประศาสนศาสตร์,2434,66,12,0,0.0000,0.0000
จุฬาลงกรณ์มหาวิทยาลัย,วิทยาเขตหลัก,10010124903201A,คณะรัฐศาสตร์,หลักสูตรรัฐศาสตรบัณฑิต,สาขาวิชารัฐประศาสนศาสต์รเลือกสอบวิชาภาษาเกาหลี,รัฐประศาสนศาสตร์,2434,66,3,3,70.1388,68.5276
จุฬาลงกรณ์มหาวิทยาลัย,วิทยาเขตหลัก,10010124903201A,คณะรัฐศาสตร์,หลักสูตรรัฐศาสตรบัณฑิต,สาขาวิชารัฐประศาสนศาสต์รเลือกสอบวิชาภาษาจีน,รัฐประศาสนศาสตร์,2434,66,14,0,0.0000,0.0000
จุฬาลงกรณ์มหาวิทยาลัย,วิทยาเขตหลัก,10010124903201A,คณะรัฐศาสตร์,หลักสูตรรัฐศาสตรบัณฑิต,สาขาวิชารัฐประศาสนศาสต์รเลือกสอบวิชาภาษาสเปน,รัฐประศาสนศาสตร์,2434,66,8,0,0.0000,0.0000
จุฬาลงกรณ์มหาวิทยาลัย,วิทยาเขตหลัก,10010125400201A,คณะสถาปัตยกรรมศาสตร์,หลักสูตรการออกแบบอุตสาหกรรมบัณฑิต สาขาวิชาการออกแบบอุตสาหกรรม,,,0,5,134,5,61.1500,58.6000
จุฬาลงกรณ์มหาวิทยาลัย,วิทยาเขตหลัก,10010125400301A,คณะสถาปัตยกรรมศาสตร์,หลักสูตรภูมิสถาปัตยกรรมศาสตรบัณฑิต สาขาวิชาภูมิสถาปัตยกรรม,,,0,10,140,10,58.6000,55.5500
จุฬาลงกรณ์มหาวิทยาลัย,วิทยาเขตหลัก,10010125400401A,คณะสถาปัตยกรรมศาสตร์,หลักสูตรสถาปัตยกรรมศาสตรบัณฑิต สาขาวิชาสถาปัตยกรรมผังเมือง,,,0,9,172,9,57.1000,54.1000
จุฬาลงกรณ์มหาวิทยาลัย,วิทยาเขตหลัก,10010125400501A,คณะสถาปัตยกรรมศาสตร์,หลักสูตรสถาปัตยกรรมศาสตรบัณฑิต สาขาวิชาสถาปัตยกรรม,,,0,11,260,11,74.2500,63.0000
จุฬาลงกรณ์มหาวิทยาลัย,วิทยาเขตหลัก,10010125400701A,คณะสถาปัตยกรรมศาสตร์,หลักสูตรสถาปัตยกรรมศาสตรบัณฑิต สาขาวิชาสถาปัตยกรรมภายใน,,,0,5,183,5,66.0000,61.3500
จุฬาลงกรณ์มหาวิทยาลัย,วิทยาเขตหลัก,10010126610501A,คณะพาณิชยศาสตร์และการ บัญชี,หลักสูตรบัญชีบัณฑิต,หลักสูตรบัญชีบัณฑิต (รูปแบบที่ 1),,0,240,"3,403",241,94.7220,81.0220
จุฬาลงกรณ์มหาวิทยาลัย,วิทยาเขตหลัก,10010126610501A,คณะพาณิชยศาสตร์และการ บัญชี,หลักสูตรบัญชีบัณฑิต,หลักสูตรบัญชีบัณฑิต (รูปแบบที่ 2),,0,20,940,20,94.9776,79.2552
จุฬาลงกรณ์มหาวิทยาลัย,วิทยาเขตหลัก,10010126610801A,คณะพาณิชยศาสตร์และการ บัญชี,หลักสูตรบริหารธุรกิจบัณฑิต,หลักสูตรบริหารธุรกิจบัณฑิต (รูปแบบที่ 1),,0,240,"3,536",242,89.6552,77.4444
จุฬาลงกรณ์มหาวิทยาลัย,วิทยาเขตหลัก,10010126610801A,คณะพาณิชยศาสตร์และการ บัญชี,หลักสูตรบริหารธุรกิจบัณฑิต,หลักสูตรบริหารธุรกิจบัณฑิต (รูปแบบที่ 2),,0,20,867,20,85.8220,67.9332
จุฬาลงกรณ์มหาวิทยาลัย,วิทยาเขตหลัก,10010126610901A,คณะพาณิชยศาสตร์และการ บัญชี,หลักสูตรสถิติศาสตรบัณฑิต,หลักสูตรสถิติศาสตรบัณฑิต,สถิติและวิทยาการข้อมูล,0,40,548,40,79.2220,63.8444
จุฬาลงกรณ์มหาวิทยาลัย,วิทยาเขตหลัก,10010126610901A,คณะพาณิชยศาสตร์และการ บัญชี,หลักสูตรสถิติศาสตรบัณฑิต,หลักสูตรสถิติศาสตรบัณฑิต,การประกันภัย,0,40,487,40,83.5000,61.6776
จุฬาลงกรณ์มหาวิทยาลัย,วิทยาเขตหลัก,10010126610901A,คณะพาณิชยศาสตร์และการ บัญชี,หลักสูตรสถิติศาสตรบัณฑิต,หลักสูตรสถิติศาสตรบัณฑิต,เทคโนโลยีสารสนเทศเพื่อ ธุรกิจ,0,40,563,40,66.9220,59.8108
จุฬาลงกรณ์มหาวิทยาลัย,วิทยาเขตหลัก,10010127703701A,คณะครุศาสตร์,หลักสูตรครุศาสตรบัณฑิต,,การศึกษาปฐมวยั,0,23,674,23,78.6972,73.6401
จุฬาลงกรณ์มหาวิทยาลัย,วิทยาเขตหลัก,10010127703701A,คณะครุศาสตร์,หลักสูตรครุศาสตรบัณฑิต,วิชาเอกประถมศึกษา เลือก สอบวิชาคณิตศาสตร์ประยุก์ต1,ประถมศึกษา,2731,32,7,0,0.0000,0.0000
จุฬาลงกรณ์มหาวิทยาลัย,วิทยาเขตหลัก,10010127703701A,คณะครุศาสตร์,หลักสูตรครุศาสตรบัณฑิต,วิชาเอกประถมศึกษา เลือก สอบวิชาสังคมศึกษา,ประถมศึกษา,2731,32,611,10,77.8054,73.3388
จุฬาลงกรณ์มหาวิทยาลัย,วิทยาเขตหลัก,10010127703701A,คณะครุศาสตร์,หลักสูตรครุศาสตรบัณฑิต,วิชาเอกประถมศึกษา เลือก สอบวิชาคณิตศาสตร์ประยุก์ต2,ประถมศึกษา,2731,32,182,22,80.6332,73.2763
จุฬาลงกรณ์มหาวิทยาลัย,วิทยาเขตหลัก,10010127703701A,คณะครุศาสตร์,หลักสูตรครุศาสตรบัณฑิต,สาขาวิชามัธยมศึกษา (วิทยาศาสตร์) วิชาเอก คณิตศาสตร์,มัธยมศึกษา,0,48,263,48,80.7888,57.4554
จุฬาลงกรณ์มหาวิทยาลัย,วิทยาเขตหลัก,10010127703701A,คณะครุศาสตร์,หลักสูตรครุศาสตรบัณฑิต,สาขาวิชามัธยมศึกษา (วิทยาศาสตร์) วิชาเอกฟิสิกส์,มัธยมศึกษา,0,9,69,9,69.9276,53.9776
จุฬาลงกรณ์มหาวิทยาลัย,วิทยาเขตหลัก,10010127703701A,คณะครุศาสตร์,หลักสูตรครุศาสตรบัณฑิต,สาขาวิชามัธยมศึกษา (วิทยาศาสตร์) วิชาเอกเคมี,มัธยมศึกษา,0,20,122,20,66.7332,51.5054
จุฬาลงกรณ์มหาวิทยาลัย,วิทยาเขตหลัก,10010127703701A,คณะครุศาสตร์,หลักสูตรครุศาสตรบัณฑิต,สาขาวิชามัธยมศึกษา (วิทยาศาสตร์) วิชาเอกชีววิทยา,มัธยมศึกษา,0,20,107,20,69.4664,57.7720
จุฬาลงกรณ์มหาวิทยาลัย,วิทยาเขตหลัก,10010127703701A,คณะครุศาสตร์,หลักสูตรครุศาสตรบัณฑิต,สาขาวิชามัธยมศึกษา (วิทยาศาสตร์) วิชาเอก วิทยาศาสตร์ทั่วไป,มัธยมศึกษา,0,20,83,20,68.8754,51.5820
จุฬาลงกรณ์มหาวิทยาลัย,วิทยาเขตหลัก,10010127703701A,คณะครุศาสตร์,หลักสูตรครุศาสตรบัณฑิต,สาขาวิชามัธยมศึกษา (มนุษยศาสตร์และ สังคมศาสตร)์ วิชาเอก ภาษาอังกฤษ,มัธยมศึกษา,0,13,365,13,90.4028,84.5833
จุฬาลงกรณ์มหาวิทยาลัย,วิทยาเขตหลัก,10010127703701A,คณะครุศาสตร์,หลักสูตรครุศาสตรบัณฑิต,สาขาวิชามัธยมศึกษา (มนุษยศาสตร์และ สังคมศาสตร)์ วิชาเอกภาษาจีน,มัธยมศึกษา,0,5,79,5,79.6026,73.9554
จุฬาลงกรณ์มหาวิทยาลัย,วิทยาเขตหลัก,10010127703701A,คณะครุศาสตร์,หลักสูตรครุศาสตรบัณฑิต,สาขาวิชามัธยมศึกษา (มนุษยศาสตร์และ สังคมศาสตร)์ วิชาเอกสังคม ศึกษา เลือกสอบวิชาสังคม ศึกษา,มัธยมศึกษา,0,17,257,17,78.0416,72.9304
จุฬาลงกรณ์มหาวิทยาลัย,วิทยาเขตหลัก,10010127703701A,คณะครุศาสตร์,หลักสูตรครุศาสตรบัณฑิต,สาขาวิชามัธยมศึกษา (มนุษยศาสตร์และ สังคมศาสตร)์ วิชาเอก ภาษาไทย,มัธยมศึกษา,0,15,39,15,81.7944,72.4332
จุฬาลงกรณ์มหาวิทยาลัย,วิทยาเขตหลัก,10010127703701A,คณะครุศาสตร์,หลักสูตรครุศาสตรบัณฑิต,สาขาวิชาศิลปศึกษา วิชาเอก ศิลปศึกษา,ศิลปศึกษา,0,11,124,11,77.0830,66.1275
จุฬาลงกรณ์มหาวิทยาลัย,วิทยาเขตหลัก,10010127703701A,คณะครุศาสตร์,หลักสูตรครุศาสตรบัณฑิต,วิชาเอกธุรกิจศึกษา,ธุรกิจและอาชีวศึกษา,0,30,140,30,67.7916,59.4054
จุฬาลงกรณ์มหาวิทยาลัย,วิทยาเขตหลัก,10010127703701A,คณะครุศาสตร์,หลักสูตรครุศาสตรบัณฑิต,วิชาเอกเทคโนโลยีการศึกษา เลือกสอบวิชาคณิตศาสต์รประยุก์ต1,เทคโนโลยีการศึกษา,2732,4,5,0,0.0000,0.0000
จุฬาลงกรณ์มหาวิทยาลัย,วิทยาเขตหลัก,10010127703701A,คณะครุศาสตร์,หลักสูตรครุศาสตรบัณฑิต,วิชาเอกเทคโนโลยีการศึกษา เลือกสอบวิชาคณิตศาสต์รประยุก์ต2,เทคโนโลยีการศึกษา,2732,4,50,4,73.4860,70.5970
จุฬาลงกรณ์มหาวิทยาลัย,วิทยาเขตหลัก,10010127703701A,คณะครุศาสตร์,หลักสูตรครุศาสตรบัณฑิต,วิชาเอกคอมพิวเตอร์การศึกษา,เทคโนโลยีการศึกษา,0,5,124,5,63.9693,60.9095
จุฬาลงกรณ์มหาวิทยาลัย,วิทยาเขตหลัก,10010127703701A,คณะครุศาสตร์,หลักสูตรครุศาสตรบัณฑิต,วิชาเอกจิตวิทยาการปรึกษา และแนะแนว เลือกสอบวิชา ภาษาไทย,จิตวิทยาการปรึกษา การ แนะแนวและการศึกษาพิเศษ,2734,12,367,12,79.7263,75.9638
จุฬาลงกรณ์มหาวิทยาลัย,วิทยาเขตหลัก,10010127703701A,คณะครุศาสตร์,หลักสูตรครุศาสตรบัณฑิต,วิชาเอกจิตวิทยาการปรึกษา และแนะแนว เลือกสอบวิชา สังคมศึกษา,จิตวิทยาการปรึกษา การ แนะแนวและการศึกษาพิเศษ,2734,12,68,0,0.0000,0.0000
จุฬาลงกรณ์มหาวิทยาลัย,วิทยาเขตหลัก,10010127703701A,คณะครุศาสตร์,หลักสูตรครุศาสตรบัณฑิต,วิชาเอกจิตวิทยาการปรึกษา และแนะแนว เลือกสอบวิชา คณิตศาสตร์ประยุก์ต2,จิตวิทยาการปรึกษา การ แนะแนวและการศึกษาพิเศษ,2734,12,34,0,0.0000,0.0000
จุฬาลงกรณ์มหาวิทยาลัย,วิทยาเขตหลัก,10010127703701A,คณะครุศาสตร์,หลักสูตรครุศาสตรบัณฑิต,วิชาเอกจิตวิทยาการปรึกษา และแนะแนว เลือกสอบวิชา วิทยาศาสตร์ประยุกต์,จิตวิทยาการปรึกษา การ แนะแนวและการศึกษาพิเศษ,2734,12,22,0,0.0000,0.0000
จุฬาลงกรณ์มหาวิทยาลัย,วิทยาเขตหลัก,10010127703701A,คณะครุศาสตร์,หลักสูตรครุศาสตรบัณฑิต,วิชาเอกการศึกษาพิเศษ เลือก สอบวิชาภาษาไทย,จิตวิทยาการปรึกษา การ แนะแนวและการศึกษาพิเศษ,2735,6,93,5,78.1819,73.5138
จุฬาลงกรณ์มหาวิทยาลัย,วิทยาเขตหลัก,10010127703701A,คณะครุศาสตร์,หลักสูตรครุศาสตรบัณฑิต,วิชาเอกการศึกษาพิเศษ เลือก สอบวิชาสังคมศึกษา,จิตวิทยาการปรึกษา การ แนะแนวและการศึกษาพิเศษ,2735,6,20,1,73.5000,73.5000
จุฬาลงกรณ์มหาวิทยาลัย,วิทยาเขตหลัก,10010127703701A,คณะครุศาสตร์,หลักสูตรครุศาสตรบัณฑิต,วิชาเอกการศึกษาพิเศษ เลือก สอบวิชาคณิตศาสตร์ประยุก์ต2,จิตวิทยาการปรึกษา การ แนะแนวและการศึกษาพิเศษ,2735,6,4,0,0.0000,0.0000
จุฬาลงกรณ์มหาวิทยาลัย,วิทยาเขตหลัก,10010127703701A,คณะครุศาสตร์,หลักสูตรครุศาสตรบัณฑิต,วิชาเอกการศึกษาพิเศษ เลือก สอบวิชาวิทยาศาสตร์ประยุกต์,จิตวิทยาการปรึกษา การ แนะแนวและการศึกษาพิเศษ,2735,6,13,0,0.0000,0.0000
จุฬาลงกรณ์มหาวิทยาลัย,วิทยาเขตหลัก,10010127703701A,คณะครุศาสตร์,หลักสูตรครุศาสตรบัณฑิต,วิชาเอกการศึกษานอกระบบ โรงเรียน เลือกสอบวิชาสังคม ศึกษา,การศึกษานอกระบบโรงเรียน,2733,28,237,20,74.0207,68.4110
จุฬาลงกรณ์มหาวิทยาลัย,วิทยาเขตหลัก,10010127703701A,คณะครุศาสตร์,หลักสูตรครุศาสตรบัณฑิต,วิชาเอกการศึกษานอกระบบ โรงเรียน เลือกสอบวิชา คณิตศาสตร์ประยุก์ต2,การศึกษานอกระบบโรงเรียน,2733,28,72,8,72.2513,69.3401
จุฬาลงกรณ์มหาวิทยาลัย,วิทยาเขตหลัก,10010128901101A,คณะนิเทศศาสตร์,หลักสูตรนิเทศศาสตรบัณฑิต,เลือกสอบวิชาคณิตศาสต์รประยุก์ต1,นิเทศศาสตร์,0,5,133,5,72.3331,69.6249
จุฬาลงกรณ์มหาวิทยาลัย,วิทยาเขตหลัก,10010128901101A,คณะนิเทศศาสตร์,หลักสูตรนิเทศศาสตรบัณฑิต,เลือกสอบวิชาคณิตศาสต์รประยุก์ต2,นิเทศศาสตร์,0,15,"1,122",15,82.9583,76.0416
จุฬาลงกรณ์มหาวิทยาลัย,วิทยาเขตหลัก,10010128901101A,คณะนิเทศศาสตร์,หลักสูตรนิเทศศาสตรบัณฑิต,เลือกสอบวิชาภาษาฝรั่งเศส,นิเทศศาสตร์,2831,79,91,19,82.8916,71.8500
จุฬาลงกรณ์มหาวิทยาลัย,วิทยาเขตหลัก,10010128901101A,คณะนิเทศศาสตร์,หลักสูตรนิเทศศาสตรบัณฑิต,เลือกสอบวิชาภาษาเยอรมัน,นิเทศศาสตร์,2831,79,24,5,84.6499,72.4164
จุฬาลงกรณ์มหาวิทยาลัย,วิทยาเขตหลัก,10010128901101A,คณะนิเทศศาสตร์,หลักสูตรนิเทศศาสตรบัณฑิต,เลือกสอบวิชาภาษาญี่ปุ่น,นิเทศศาสตร์,2831,79,117,20,85.8415,72.2998
จุฬาลงกรณ์มหาวิทยาลัย,วิทยาเขตหลัก,10010128901101A,คณะนิเทศศาสตร์,หลักสูตรนิเทศศาสตรบัณฑิต,เลือกสอบวิชาภาษาเกาหลี,นิเทศศาสตร์,2831,79,99,16,83.8915,71.8832
จุฬาลงกรณ์มหาวิทยาลัย,วิทยาเขตหลัก,10010128901101A,คณะนิเทศศาสตร์,หลักสูตรนิเทศศาสตรบัณฑิต,เลือกสอบวิชาภาษาจีน,นิเทศศาสตร์,2831,79,99,19,87.2332,72.1998
จุฬาลงกรณ์มหาวิทยาลัย,วิทยาเขตหลัก,10010129611101A,คณะเศรษฐศาสตร์,หลักสูตรเศรษฐศาสตรบัณฑิต,,,0,140,"1,447",140,82.5750,62.3250
จุฬาลงกรณ์มหาวิทยาลัย,วิทยาเขตหลัก,10010134901001A,คณะนิติศาสตร์,หลักสูตรนิติศาสตรบัณฑิต,เลือกสอบวิชาคณิตศาสต์รประยุก์ต2,,0,125,"1,815",125,83.8554,73.4332
จุฬาลงกรณ์มหาวิทยาลัย,วิทยาเขตหลัก,10010134901001A,คณะนิติศาสตร์,หลักสูตรนิติศาสตรบัณฑิต,เลือกสอบวิชาภาษาฝรั่งเศส,,0,35,221,35,88.7500,72.5888
จุฬาลงกรณ์มหาวิทยาลัย,วิทยาเขตหลัก,10010134901001A,คณะนิติศาสตร์,หลักสูตรนิติศาสตรบัณฑิต,เลือกสอบวิชาภาษาเยอรมัน,,0,25,130,25,85.5000,69.1388
จุฬาลงกรณ์มหาวิทยาลัย,วิทยาเขตหลัก,10010134901001A,คณะนิติศาสตร์,หลักสูตรนิติศาสตรบัณฑิต,เลือกสอบวิชาภาษาญี่ปุ่น,,0,25,211,25,83.0610,71.0722
จุฬาลงกรณ์มหาวิทยาลัย,วิทยาเขตหลัก,10010134901001A,คณะนิติศาสตร์,หลักสูตรนิติศาสตรบัณฑิต,เลือกสอบวิชาภาษาเกาหลี,,0,5,51,5,83.0166,74.1832
จุฬาลงกรณ์มหาวิทยาลัย,วิทยาเขตหลัก,10010134901001A,คณะนิติศาสตร์,หลักสูตรนิติศาสตรบัณฑิต,เลือกสอบวิชาภาษาจีน,,0,35,231,35,85.3610,70.2722
จุฬาลงกรณ์มหาวิทยาลัย,วิทยาเขตหลัก,10010137110101A,คณะสหเวชศาสตร์,หลักสูตรวิทยาศาสตรบัณฑิต สาขาวิชา กายภาพบำบัด,,,0,40,851,40,78.2332,63.6388
จุฬาลงกรณ์มหาวิทยาลัย,วิทยาเขตหลัก,10010137111301A,คณะสหเวชศาสตร์,หลักสูตรวิทยาศาสตรบัณฑิต สาขาวิชา เทคนิคการแพทย์,,,0,110,"2,246",110,68.5788,58.3910
จุฬาลงกรณ์มหาวิทยาลัย,วิทยาเขตหลัก,10010137111801A,คณะสหเวชศาสตร์,หลักสูตรวิทยาศาสตรบัณฑิต สาขาวิชา โภชนาการและการกำหนดอาหาร,,,0,44,598,44,61.3382,51.8966
จุฬาลงกรณ์มหาวิทยาลัย,วิทยาเขตหลัก,10010137111901A,คณะสหเวชศาสตร์,หลักสูตรวิทยาศาสตรบัณฑิต สาขาวิชารังีสเทคนิค,,,0,25,485,26,76.3153,58.9665
จุฬาลงกรณ์มหาวิทยาลัย,วิทยาเขตหลัก,10010138113101A,คณะจิตวิทยา,หลักสูตรวิทยาศาสตรบัณฑิต สาขาวิชา จิตวิทยา,(รูปแบบที่ 1),,0,30,549,30,76.1750,64.3610
จุฬาลงกรณ์มหาวิทยาลัย,วิทยาเขตหลัก,10010138113101A,คณะจิตวิทยา,หลักสูตรวิทยาศาสตรบัณฑิต สาขาวิชา จิตวิทยา,(รูปแบบที่ 2),,0,15,320,15,74.4805,63.8440
จุฬาลงกรณ์มหาวิทยาลัย,วิทยาเขตหลัก,10010138113101A,คณะจิตวิทยา,หลักสูตรวิทยาศาสตรบัณฑิต สาขาวิชา จิตวิทยา,(รูปแบบที่ 3),,0,21,"1,383",23,87.7770,82.9160
จุฬาลงกรณ์มหาวิทยาลัย,วิทยาเขตหลัก,10010139112001A,คณะวิทยาศาสตร์การกีฬา,หลักสูตรวิทยาศาสตรบัณฑิต สาขาวิชา วิทยาศาสตร์การกีฬาและการออกกำลังกาย,,,0,60,420,60,70.1420,54.4876
จุฬาลงกรณ์มหาวิทยาลัย,วิทยาเขตหลัก,10010140900301A,สำนักวิชาทรัพยากรการเกษตร,หลักสูตรศิลปศาสตรและวิทยาศาสตร บัณฑิต สาขาวิชาการบริหารจัดการ ทรัพยากรการเกษตร,(รูปแบบที่ 1),,4031,70,28,0,0.0000,0.0000
จุฬาลงกรณ์มหาวิทยาลัย,วิทยาเขตหลัก,10010140900301A,สำนักวิชาทรัพยากรการเกษตร,หลักสูตรศิลปศาสตรและวิทยาศาสตร บัณฑิต สาขาวิชาการบริหารจัดการ ทรัพยากรการเกษตร,(รูปแบบที่ 2),,4031,70,355,70,62.7732,49.1444
จุฬาลงกรณ์มหาวิทยาลัย,วิทยาเขตหลัก,10010140900301A,สำนักวิชาทรัพยากรการเกษตร,หลักสูตรศิลปศาสตรและวิทยาศาสตร บัณฑิต สาขาวิชาการบริหารจัดการ ทรัพยากรการเกษตร,(รูปแบบที่ 3),,4031,70,27,0,0.0000,0.0000
มหาวิทยาลัยเกษตรศาสตร์,บางเขน,10020101111802A,คณะเกษตร,วท.บ. สาขาวิชาอาหาร โภชนาการ และ การกำหนดอาหาร,Admission,,0,7,467,7,65.0660,61.2662
มหาวิทยาลัยเกษตรศาสตร์,บางเขน,10020101500101A,คณะเกษตร,วท.บ. สาขาวิชาเทคโนโลยีระบบเกษตร,Admission,,0,9,152,9,67.3106,52.1998
มหาวิทยาลัยเกษตรศาสตร์,บางเขน,10020101500201A,คณะเกษตร,วท.บ. สาขาวิชาการจัดการศัตรูพืชและสัตว์,Admission,,0,23,169,23,56.5444,44.1216
มหาวิทยาลัยเกษตรศาสตร์,บางเขน,10020101500202A,คณะเกษตร,วท.บ. สาขาวิชาสัตวศาสตร์อุตสาหกรรม,Admission,,0,27,323,27,59.3328,51.8328
มหาวิทยาลัยเกษตรศาสตร์,บางเขน,10020101500203A,คณะเกษตร,วท.บ. สาขาวิชาเคมีการเกษตร,Admission,,0,22,221,22,64.5552,45.8220
มหาวิทยาลัยเกษตรศาสตร์,บางเขน,10020101500204A,คณะเกษตร,วท.บ. สาขาวิชาวิทยาศาสตร์เกษตร,Admission,,0,133,494,133,68.1328,41.8552
มหาวิทยาลัยเกษตรศาสตร์,บางเขน,10020101500205A,คณะเกษตร,วท.บ. สาขาวิชาเกษตรเขตร้อน,Admission,,0,30,158,30,51.0442,38.9662
มหาวิทยาลัยเกษตรศาสตร์,บางเขน,10020101500205E,คณะเกษตร,วท.บ. สาขาวิชาเกษตรเขตร้อน,Admission,,0,31,5,1,37.9699,37.9699
มหาวิทยาลัยเกษตรศาสตร์,บางเขน,10020101500301A,คณะเกษตร,วท.บ. สาขาวิชาคหกรรมศาสตร์,Admission,,0,44,153,44,61.1886,42.7106
มหาวิทยาลัยเกษตรศาสตร์,บางเขน,10020102500601A,คณะประมง,วท.บ. สาขาวิชาประมง,Admission,,0,200,"1,109",200,52.6081,32.8664
มหาวิทยาลัยเกษตรศาสตร์,บางเขน,10020103501001A,คณะวนศาสตร์,วท.บ. สาขาวิชาวนศาสตร์,Admission,,0,50,"1,179",50,64.8190,56.4300
มหาวิทยาลัยเกษตรศาสตร์,บางเขน,10020104210301A,คณะวิทยาศาสตร์,วท.บ. สาขาวิชาคณิตศาสตร์,Admission,,0,13,314,13,63.7161,56.2998
มหาวิทยาลัยเกษตรศาสตร์,บางเขน,10020104210401A,คณะวิทยาศาสตร์,วท.บ. สาขาวิชาเคมี,Admission,,0,65,842,65,64.1996,54.9581
มหาวิทยาลัยเกษตรศาสตร์,บางเขน,10020104210402E,คณะวิทยาศาสตร์,วท.บ. สาขาวิชาเคมีบูรณาการ,Admission,,0,30,75,30,61.2217,33.0554
มหาวิทยาลัยเกษตรศาสตร์,บางเขน,10020104210404A,คณะวิทยาศาสตร์,วท.บ. สาขาวิชาเคมีอุตสาหกรรม,Admission,,0,24,652,24,60.1576,55.5410
มหาวิทยาลัยเกษตรศาสตร์,บางเขน,10020104210501A,คณะวิทยาศาสตร์,วท.บ. สาขาวิชาจุลชีววิทยา,Admission,,0,55,"1,268",55,63.1997,55.2498
มหาวิทยาลัยเกษตรศาสตร์,บางเขน,10020104210601A,คณะวิทยาศาสตร์,วท.บ. สาขาวิชาชีวเคมี,Admission,,0,40,587,40,64.7998,54.9776
มหาวิทยาลัยเกษตรศาสตร์,บางเขน,10020104210701A,คณะวิทยาศาสตร์,วท.บ. สาขาวิชาชีววิทยา,Admission,,0,23,463,23,63.8246,55.3412
มหาวิทยาลัยเกษตรศาสตร์,บางเขน,10020104210701A,คณะวิทยาศาสตร์,วท.บ. สาขาวิชาชีววิทยา,Admission,วิชาเอกสัตววิทยา,0,31,400,31,61.6661,54.3661
มหาวิทยาลัยเกษตรศาสตร์,บางเขน,10020104210702A,คณะวิทยาศาสตร์,วท.บ. สาขาวิชาวิทยาศาสตร์ชีวภาพรังสี,Admission,,0,11,711,11,64.0250,57.8581
มหาวิทยาลัยเกษตรศาสตร์,บางเขน,10020104211201E,คณะวิทยาศาสตร์,วท.บ. สาขาวิชาวิทยาศาสตร์ชีวภาพและเทคโนโลยี,Admission,,0,53,145,53,62.5328,37.6496
มหาวิทยาลัยเกษตรศาสตร์,บางเขน,10020104212301A,คณะวิทยาศาสตร์,วท.บ. สาขาวิชาวิทยาศาสตร์พื้นพิภพ,Admission,,0,40,223,40,65.2161,47.5665
มหาวิทยาลัยเกษตรศาสตร์,บางเขน,10020104212501A,คณะวิทยาศาสตร์,วท.บ. สาขาวิชาพฤกษศาสตร์,Admission,,0,20,433,20,54.0996,47.9444
มหาวิทยาลัยเกษตรศาสตร์,บางเขน,10020104212601A,คณะวิทยาศาสตร์,วท.บ. สาขาวิชาพันธุศาสตร์,Admission,,0,51,288,51,65.6940,50.2775
มหาวิทยาลัยเกษตรศาสตร์,บางเขน,10020104212701A,คณะวิทยาศาสตร์,วท.บ. สาขาวิชาฟิสิกส์,Admission,,0,40,416,40,65.5660,54.0104
มหาวิทยาลัยเกษตรศาสตร์,บางเขน,10020104212702A,คณะวิทยาศาสตร์,วท.บ. สาขาวิชาวิทยาศาสตร์นิวเคลียร์,Admission,,0,36,509,36,57.1166,50.9165
มหาวิทยาลัยเกษตรศาสตร์,บางเขน,10020104213301A,คณะวิทยาศาสตร์,วท.บ. สาขาวิชาสถิติ,Admission,,0,15,404,15,64.6385,61.5965
มหาวิทยาลัยเกษตรศาสตร์,บางเขน,10020104213301B,คณะวิทยาศาสตร์,วท.บ. สาขาวิชาสถิติ,Admission,,0,70,412,70,59.1525,50.8470
มหาวิทยาลัยเกษตรศาสตร์,บางเขน,10020104213601E,คณะวิทยาศาสตร์,วท.บ. สาขาวิชาวิทยาการและเทคโนโลียพอลิเมอร์,Admission,,0,30,96,30,58.1665,35.8330
มหาวิทยาลัยเกษตรศาสตร์,บางเขน,10020104220201A,คณะวิทยาศาสตร์,วท.บ. สาขาวิชาวิทยาการคอมพิวเตอร์,Admission,,0,25,"1,208",25,81.5000,75.4995
มหาวิทยาลัยเกษตรศาสตร์,บางเขน,10020104220201B,คณะวิทยาศาสตร์,วท.บ. สาขาวิชาวิทยาการคอมพิวเตอร์,Admission,,0,55,631,55,78.5332,67.9998
มหาวิทยาลัยเกษตรศาสตร์,บางเขน,10020105300501A,คณะวิศวกรรมศาสตร์,วศ.บ. สาขาวิชาวิศวกรรมคอมพิวเตอร์,Admission,,0,35,"1,603",35,75.6441,62.5943
มหาวิทยาลัยเกษตรศาสตร์,บางเขน,10020105300601A,คณะวิศวกรรมศาสตร์,วศ.บ. สาขาวิชาวิศวกรรมเคมี,Admission,,0,10,425,10,63.5998,50.4332
มหาวิทยาลัยเกษตรศาสตร์,บางเขน,10020105300601B,คณะวิศวกรรมศาสตร์,วศ.บ. สาขาวิชาวิศวกรรมเคมี,Admission,,0,35,381,35,48.5999,41.1331
มหาวิทยาลัยเกษตรศาสตร์,บางเขน,10020105300701A,คณะวิศวกรรมศาสตร์,วศ.บ. สาขาวิชาวิศวกรรมเครื่องกล,Admission,,0,22,"1,163",22,68.1500,59.3998
มหาวิทยาลัยเกษตรศาสตร์,บางเขน,10020105300701B,คณะวิศวกรรมศาสตร์,วศ.บ. สาขาวิชาวิศวกรรมเครื่องกล,Admission,,0,34,743,34,54.4166,48.8664
มหาวิทยาลัยเกษตรศาสตร์,บางเขน,10020105300701E,คณะวิศวกรรมศาสตร์,วศ.บ. สาขาวิชาวิศวกรรมเครื่องกล,Admission,,0,20,219,20,48.4831,41.1164
มหาวิทยาลัยเกษตรศาสตร์,บางเขน,10020105301001E,คณะวิศวกรรมศาสตร์,วศ.บ. สาขาวิชาวิศวกรรมซอฟต์แวร์และ ความรู้,Admission,,0,30,319,30,64.8000,54.8388
มหาวิทยาลัยเกษตรศาสตร์,บางเขน,10020105301601A,คณะวิศวกรรมศาสตร์,วศ.บ. สาขาวิชาวิศวกรรมไฟฟ้า,Admission,,0,20,"1,110",20,67.8332,62.1332
มหาวิทยาลัยเกษตรศาสตร์,บางเขน,10020105301601B,คณะวิศวกรรมศาสตร์,วศ.บ. สาขาวิชาวิศวกรรมไฟฟ้า,Admission,,0,30,511,30,61.3998,51.7666
มหาวิทยาลัยเกษตรศาสตร์,บางเขน,10020105301601D,คณะวิศวกรรมศาสตร์,วศ.บ. สาขาวิชาวิศวกรรมไฟฟ้า,Admission,,0,30,245,30,56.5166,47.3000
มหาวิทยาลัยเกษตรศาสตร์,บางเขน,10020105301901A,คณะวิศวกรรมศาสตร์,วศ.บ. สาขาวิชาวิศวกรรมไฟฟ้าเครื่องกล การผลิต,Admission,,0,5,519,5,66.4164,57.8332
มหาวิทยาลัยเกษตรศาสตร์,บางเขน,10020105301901B,คณะวิศวกรรมศาสตร์,วศ.บ. สาขาวิชาวิศวกรรมไฟฟ้าเครื่องกล การผลิต,Admission,,0,16,607,16,52.7164,47.2164
มหาวิทยาลัยเกษตรศาสตร์,บางเขน,10020105301902E,คณะวิศวกรรมศาสตร์,วศ.บ. สาขาวิชาวิศวกรรมการผลิตดิจิทัล และการบูรณาการหุ่นยนต์,Admission,,0,27,236,27,46.9998,35.3166
มหาวิทยาลัยเกษตรศาสตร์,บางเขน,10020105302101A,คณะวิศวกรรมศาสตร์,วศ.บ. สาขาวิชาวิศวกรรมโยธา,Admission,,0,18,"1,423",18,65.9500,56.7332
มหาวิทยาลัยเกษตรศาสตร์,บางเขน,10020105302101D,คณะวิศวกรรมศาสตร์,วศ.บ. สาขาวิชาวิศวกรรมโยธา,Admission,,0,25,204,26,57.4998,44.1832
มหาวิทยาลัยเกษตรศาสตร์,บางเขน,10020105302103A,คณะวิศวกรรมศาสตร์,วศ.บ. สาขาวิชาวิศวกรรมโยธา-ทรัพยากร น้ า,Admission,,0,30,516,31,54.9998,42.9165
มหาวิทยาลัยเกษตรศาสตร์,บางเขน,10020105302501A,คณะวิศวกรรมศาสตร์,วศ.บ. สาขาวิชาวิศวกรรมวัสดุ,Admission,,0,5,404,5,55.8999,50.8000
มหาวิทยาลัยเกษตรศาสตร์,บางเขน,10020105302501B,คณะวิศวกรรมศาสตร์,วศ.บ. สาขาวิชาวิศวกรรมวัสดุ,Admission (วิศวกรรมวัสุด(พิเศษ) ใช้คะแนน A-Level ฟิสิกส์),,0,18,325,18,47.8999,42.7999
มหาวิทยาลัยเกษตรศาสตร์,บางเขน,10020105302501B,คณะวิศวกรรมศาสตร์,วศ.บ. สาขาวิชาวิศวกรรมวัสดุ,Admission (วิศวกรรมวัสุด(พิเศษ) ใช้คะแนน A-Level เคม)ี,,0,10,237,10,47.1999,42.7997
มหาวิทยาลัยเกษตรศาสตร์,บางเขน,10020105302701B,คณะวิศวกรรมศาสตร์,วศ.บ. สาขาวิชาวิศวกรรมสำรวจและ สารสนเทศภูมิศาสตร์,Admission,,0,47,275,47,45.4998,35.0000
มหาวิทยาลัยเกษตรศาสตร์,บางเขน,10020105302801A,คณะวิศวกรรมศาสตร์,วศ.บ. สาขาวิชาวิศวกรรมสิ่งแวดล้อม,Admission,,0,35,553,35,56.8333,44.9165
มหาวิทยาลัยเกษตรศาสตร์,บางเขน,10020105302801D,คณะวิศวกรรมศาสตร์,วศ.บ. สาขาวิชาวิศวกรรมสิ่งแวดล้อม,Admission,,0,20,53,20,45.4165,27.3330
มหาวิทยาลัยเกษตรศาสตร์,บางเขน,10020105303201A,คณะวิศวกรรมศาสตร์,วศ.บ. สาขาวิชาวิศวกรรมการบินและ อวกาศ,Admission,,0,25,432,25,58.7500,49.3330
มหาวิทยาลัยเกษตรศาสตร์,บางเขน,10020105303201G,คณะวิศวกรรมศาสตร์,วศ.บ. สาขาวิชาวิศวกรรมการบินและ อวกาศ,Admission,,0,15,142,15,48.7500,38.9165
มหาวิทยาลัยเกษตรศาสตร์,บางเขน,10020105303402A,คณะวิศวกรรมศาสตร์,วศ.บ. สาขาวิชาวิศวกรรมเซมิคอนดักเตอร์,Admission,การออกแบบวงจรรวม,0,12,583,12,70.4666,55.4000
มหาวิทยาลัยเกษตรศาสตร์,บางเขน,10020105303402A,คณะวิศวกรรมศาสตร์,วศ.บ. สาขาวิชาวิศวกรรมเซมิคอนดักเตอร์,Admission,การผลิตเซมิคอนดักเตอร์,0,8,462,8,62.2666,54.5164
มหาวิทยาลัยเกษตรศาสตร์,บางเขน,10020105303501A,คณะวิศวกรรมศาสตร์,วศ.บ. สาขาวิชาวิศวกรรมอุตสาหการ,Admission,,0,25,674,25,67.6052,51.2610
มหาวิทยาลัยเกษตรศาสตร์,บางเขน,10020105303501B,คณะวิศวกรรมศาสตร์,วศ.บ. สาขาวิชาวิศวกรรมอุตสาหการ,Admission,,0,25,584,25,52.1554,42.9943
มหาวิทยาลัยเกษตรศาสตร์,บางเขน,10020105303501D,คณะวิศวกรรมศาสตร์,วศ.บ. สาขาวิชาวิศวกรรมอุตสาหการ,Admission,,0,15,176,15,50.5000,37.4998
มหาวิทยาลัยเกษตรศาสตร์,บางเขน,10020105620202B,คณะวิศวกรรมศาสตร์,วท.บ. สาขาวิชาการจัดการเทคโนโลยีการ บิน,Admission,,0,20,364,20,61.8373,50.5707
มหาวิทยาลัยเกษตรศาสตร์,บางเขน,10020106700301A,คณะศึกษาศาสตร์,ศษ.บ. สาขาวิชาศึกษาศาสตร์,Admission,วิชาเอกคหกรรมศาสตรศึกษา,0,9,66,9,67.8573,61.4723
มหาวิทยาลัยเกษตรศาสตร์,บางเขน,10020106700301A,คณะศึกษาศาสตร์,ศษ.บ. สาขาวิชาศึกษาศาสตร์,Admission,วิชาเอกการสอนคณิตศาสตร์,0,17,524,17,68.7333,60.9165
มหาวิทยาลัยเกษตรศาสตร์,บางเขน,10020106700301A,คณะศึกษาศาสตร์,ศษ.บ. สาขาวิชาศึกษาศาสตร์,Admission (พาณิชยศาสต์รศึกษา ใช้คะแนน A-Level ),วิชาเอกพาณิชยศาสตรศึกษา,0,12,88,12,65.5000,59.6498
มหาวิทยาลัยเกษตรศาสตร์,บางเขน,10020106700301A,คณะศึกษาศาสตร์,ศษ.บ. สาขาวิชาศึกษาศาสตร์,Admission (พาณิชยศาสต์รศึกษา ใช้คะแนน V-NET),วิชาเอกพาณิชยศาสตรศึกษา,0,6,10,6,67.1840,58.8340
มหาวิทยาลัยเกษตรศาสตร์,บางเขน,10020106700301A,คณะศึกษาศาสตร์,ศษ.บ. สาขาวิชาศึกษาศาสตร์,Admission,วิชาเอกการสอนภาษาอังกฤษ,0,6,247,6,82.6220,80.5552
มหาวิทยาลัยเกษตรศาสตร์,บางเขน,10020106700301A,คณะศึกษาศาสตร์,ศษ.บ. สาขาวิชาศึกษาศาสตร์,Admission,วิชาเอกการสอนภาษาไทย,0,11,"1,214",11,76.2250,73.4166
มหาวิทยาลัยเกษตรศาสตร์,บางเขน,10020106700301A,คณะศึกษาศาสตร์,ศษ.บ. สาขาวิชาศึกษาศาสตร์,Admission,วิชาเอกเทคโนโลยีดิจิทัลเพื่อ การศึกษา,0,21,136,21,58.2582,51.9666
มหาวิทยาลัยเกษตรศาสตร์,บางเขน,10020106700301A,คณะศึกษาศาสตร์,ศษ.บ. สาขาวิชาศึกษาศาสตร์,Admission,วิชาเอกวิทยาศาสตร์ทั่วไป,0,6,99,6,67.7399,63.2400
มหาวิทยาลัยเกษตรศาสตร์,บางเขน,10020106702801A,คณะศึกษาศาสตร์,ศษ.บ. สาขาวิชาพลศึกษา,Admission,,0,24,852,24,74.1828,66.2662
มหาวิทยาลัยเกษตรศาสตร์,บางเขน,10020106702802A,คณะศึกษาศาสตร์,ศษ.บ. สาขาวิชาสุขศึกษา,Admission,,0,17,788,17,73.2360,68.5555
มหาวิทยาลัยเกษตรศาสตร์,บางเขน,10020107611101A,คณะเศรษฐศาสตร์,ศ.บ. สาขาวิชาเศรษฐศาสตร์,Admission,,0,60,905,60,67.3000,58.3000
มหาวิทยาลัยเกษตรศาสตร์,บางเขน,10020107611101B,คณะเศรษฐศาสตร์,ศ.บ. สาขาวิชาเศรษฐศาสตร์,Admission,,0,143,890,145,58.0000,50.5666
มหาวิทยาลัยเกษตรศาสตร์,บางเขน,10020107611101D,คณะเศรษฐศาสตร์,ศ.บ. สาขาวิชาเศรษฐศาสตร์,Admission,,0,25,288,25,69.4375,59.6875
มหาวิทยาลัยเกษตรศาสตร์,บางเขน,10020107611102A,คณะเศรษฐศาสตร์,ศ.บ. สาขาวิชาเศรษฐศาสตร์สหกรณ์,Admission,,0,60,698,60,55.0416,48.2500
มหาวิทยาลัยเกษตรศาสตร์,บางเขน,10020107611102B,คณะเศรษฐศาสตร์,ศ.บ. สาขาวิชาเศรษฐศาสตร์สหกรณ์,Admission (คณะ เศรษฐศาสตร์ใช้คะแนน A-Level Math1 คณิตศาสตร์ประยุก์ต1),,0,65,589,65,49.9999,41.8749
มหาวิทยาลัยเกษตรศาสตร์,บางเขน,10020107611102B,คณะเศรษฐศาสตร์,ศ.บ. สาขาวิชาเศรษฐศาสตร์สหกรณ์,Admission (คณะ เศรษฐศาสตร์ใช้คะแนน A-Level Math2 คณิตศาสตร์ประยุก์ต2),,0,50,741,50,70.3332,57.8748
มหาวิทยาลัยเกษตรศาสตร์,บางเขน,10020107611103A,คณะเศรษฐศาสตร์,ศ.บ. สาขาวิชาเศรษฐศาสตร์ประยุกต์และ ธุรกิจเกษตร,Admission (คณะ เศรษฐศาสตร์ใช้คะแนน A-Level Math1 คณิตศาสตร์ประยุก์ต1),,0,74,374,75,50.5166,40.8500
มหาวิทยาลัยเกษตรศาสตร์,บางเขน,10020107611103A,คณะเศรษฐศาสตร์,ศ.บ. สาขาวิชาเศรษฐศาสตร์ประยุกต์และ ธุรกิจเกษตร,Admission (คณะ เศรษฐศาสตร์ใช้คะแนน A-Level Math2 คณิตศาสตร์ประยุก์ต2),,0,40,735,40,76.0332,66.0166
มหาวิทยาลัยเกษตรศาสตร์,บางเขน,10020107611103B,คณะเศรษฐศาสตร์,ศ.บ. สาขาวิชาเศรษฐศาสตร์ประยุกต์และ ธุรกิจเกษตร,Admission (คณะ เศรษฐศาสตร์ใช้คะแนน A-Level Math1 คณิตศาสตร์ประยุก์ต1),,0,140,477,141,40.6166,33.0000
มหาวิทยาลัยเกษตรศาสตร์,บางเขน,10020107611103B,คณะเศรษฐศาสตร์,ศ.บ. สาขาวิชาเศรษฐศาสตร์ประยุกต์และ ธุรกิจเกษตร,Admission (คณะ เศรษฐศาสตร์ใช้คะแนน A-Level Math2 คณิตศาสตร์ประยุก์ต2),,0,60,695,60,66.5000,55.2666
มหาวิทยาลัยเกษตรศาสตร์,บางเขน,10020107611104E,คณะเศรษฐศาสตร์,ศศ.บ. สาขาวิชาเศรษฐศาสตร์การ ประกอบการ,Admission,,0,50,178,51,63.3125,50.5415
มหาวิทยาลัยเกษตรศาสตร์,บางเขน,10020108113101A,คณะสังคมศาสตร์,วท.บ. สาขาวิชาจิตวิทยา,Admission,วิชาเอกจิตวิทยาชุมชน,0,1,270,1,56.9235,56.9235
มหาวิทยาลัยเกษตรศาสตร์,บางเขน,10020108113101A,คณะสังคมศาสตร์,วท.บ. สาขาวิชาจิตวิทยา,Admission,วิชาเอกจิตวิทยาคลินิก,0,7,913,7,69.9625,63.9845
มหาวิทยาลัยเกษตรศาสตร์,บางเขน,10020108113101A,คณะสังคมศาสตร์,วท.บ. สาขาวิชาจิตวิทยา,Admission,วิชาเอกจิตวิทยาพัฒนาการ,0,8,430,8,63.3193,56.6388
มหาวิทยาลัยเกษตรศาสตร์,บางเขน,10020108113101A,คณะสังคมศาสตร์,วท.บ. สาขาวิชาจิตวิทยา,Admission,วิชาเอกจิตวิทยา อุตสาหกรรมและองค์การ,0,10,369,10,59.7680,57.2653
มหาวิทยาลัยเกษตรศาสตร์,บางเขน,10020108113101B,คณะสังคมศาสตร์,วท.บ. สาขาวิชาจิตวิทยา,Admission,วิชาเอกจิตวิทยาชุมชน,0,15,514,15,53.7388,46.3720
มหาวิทยาลัยเกษตรศาสตร์,บางเขน,10020108113101B,คณะสังคมศาสตร์,วท.บ. สาขาวิชาจิตวิทยา,Admission,วิชาเอกจิตวิทยาคลินิก,0,7,427,7,63.8305,58.7583
มหาวิทยาลัยเกษตรศาสตร์,บางเขน,10020108113101B,คณะสังคมศาสตร์,วท.บ. สาขาวิชาจิตวิทยา,Admission,วิชาเอกจิตวิทยาพัฒนาการ,0,21,314,21,56.4595,49.7625
มหาวิทยาลัยเกษตรศาสตร์,บางเขน,10020108113101B,คณะสังคมศาสตร์,วท.บ. สาขาวิชาจิตวิทยา,Admission,วิชาเอกจิตวิทยา อุตสาหกรรมและองค์การ,0,21,268,21,54.8680,46.7595
มหาวิทยาลัยเกษตรศาสตร์,บางเขน,10020108901001A,คณะสังคมศาสตร์,น.บ.(นิติศาสตรบัณฑิต),Admission (นิติศาสตร บัณฑิต ใช้คะแนน A-Level Math1 คณิตศาสตร์ประยุก์ต1),,0,5,268,5,62.8389,60.7818
มหาวิทยาลัยเกษตรศาสตร์,บางเขน,10020108901001A,คณะสังคมศาสตร์,น.บ.(นิติศาสตรบัณฑิต),Admission (นิติศาสตร บัณฑิต ใช้คะแนน A-Level Math2 คณิตศาสตร์ประยุก์ต2),,0,5,"1,062",5,70.1889,69.0845
มหาวิทยาลัยเกษตรศาสตร์,บางเขน,10020108901001A,คณะสังคมศาสตร์,น.บ.(นิติศาสตรบัณฑิต),Admission (นิติศาสตร บัณฑิต ใช้คะแนน A-Level Sci วิทยาศาสตร์ประยุกต์),,0,5,206,5,75.6777,67.9193
มหาวิทยาลัยเกษตรศาสตร์,บางเขน,10020108901001A,คณะสังคมศาสตร์,น.บ.(นิติศาสตรบัณฑิต),Admission (นิติศาสตร บัณฑิต ใช้คะแนน A-Level Thai ภาษาไทย),,0,3,"1,869",3,76.7818,75.8318
มหาวิทยาลัยเกษตรศาสตร์,บางเขน,10020108901001A,คณะสังคมศาสตร์,น.บ.(นิติศาสตรบัณฑิต),Admission (นิติศาสตร บัณฑิต ใช้คะแนน A-Level Fre ภาษาฝรั่งเศส),,0,2,67,2,63.1527,62.1318
มหาวิทยาลัยเกษตรศาสตร์,บางเขน,10020108901001A,คณะสังคมศาสตร์,น.บ.(นิติศาสตรบัณฑิต),Admission (นิติศาสตร บัณฑิต ใช้คะแนน A-Level Ger ภาษาเยอรมัน),,0,2,51,2,66.1693,64.0875
มหาวิทยาลัยเกษตรศาสตร์,บางเขน,10020108901001A,คณะสังคมศาสตร์,น.บ.(นิติศาสตรบัณฑิต),Admission (นิติศาสตร บัณฑิต ใช้คะแนน A-Level Jap ภาษาญี่ปุ่น),,0,2,85,2,69.8456,65.8193
มหาวิทยาลัยเกษตรศาสตร์,บางเขน,10020108901001A,คณะสังคมศาสตร์,น.บ.(นิติศาสตรบัณฑิต),Admission (นิติศาสตร บัณฑิต ใช้คะแนน A-Level Kor ภาษาเกาหล)ี,,0,2,38,2,66.7443,62.3179
มหาวิทยาลัยเกษตรศาสตร์,บางเขน,10020108901001A,คณะสังคมศาสตร์,น.บ.(นิติศาสตรบัณฑิต),Admission (นิติศาสตร บัณฑิต ใช้คะแนน A-Level Chi ภาษาจีน),,0,2,140,2,69.8858,65.8152
มหาวิทยาลัยเกษตรศาสตร์,บางเขน,10020108901001B,คณะสังคมศาสตร์,น.บ.(นิติศาสตรบัณฑิต),Admission (นิติศาสตร บัณฑิต ใช้คะแนน A-Level Math1 คณิตศาสตร์ประยุก์ต1),,0,10,137,10,63.4929,54.7889
มหาวิทยาลัยเกษตรศาสตร์,บางเขน,10020108901001B,คณะสังคมศาสตร์,น.บ.(นิติศาสตรบัณฑิต),Admission (นิติศาสตร บัณฑิต ใช้คะแนน A-Level Math2 คณิตศาสตร์ประยุก์ต2),,0,10,311,10,68.3402,64.4875
มหาวิทยาลัยเกษตรศาสตร์,บางเขน,10020108901001B,คณะสังคมศาสตร์,น.บ.(นิติศาสตรบัณฑิต),Admission (นิติศาสตร บัณฑิต ใช้คะแนน A-Level Sci วิทยาศาสตร์ประยุกต์),,0,9,90,9,66.2014,59.0777
มหาวิทยาลัยเกษตรศาสตร์,บางเขน,10020108901001B,คณะสังคมศาสตร์,น.บ.(นิติศาสตรบัณฑิต),Admission (นิติศาสตร บัณฑิต ใช้คะแนน A-Level Thai ภาษาไทย),,0,6,461,6,71.2456,68.2554
มหาวิทยาลัยเกษตรศาสตร์,บางเขน,10020108901001B,คณะสังคมศาสตร์,น.บ.(นิติศาสตรบัณฑิต),Admission (นิติศาสตร บัณฑิต ใช้คะแนน A-Level Fre ภาษาฝรั่งเศส),,0,3,38,3,60.0193,55.5416
มหาวิทยาลัยเกษตรศาสตร์,บางเขน,10020108901001B,คณะสังคมศาสตร์,น.บ.(นิติศาสตรบัณฑิต),Admission (นิติศาสตร บัณฑิต ใช้คะแนน A-Level Ger ภาษาเยอรมัน),,0,3,38,3,62.1220,56.3889
มหาวิทยาลัยเกษตรศาสตร์,บางเขน,10020108901001B,คณะสังคมศาสตร์,น.บ.(นิติศาสตรบัณฑิต),Admission (นิติศาสตร บัณฑิต ใช้คะแนน A-Level Jap ภาษาญี่ปุ่น),,0,3,42,3,63.8125,62.6456
มหาวิทยาลัยเกษตรศาสตร์,บางเขน,10020108901001B,คณะสังคมศาสตร์,น.บ.(นิติศาสตรบัณฑิต),Admission (นิติศาสตร บัณฑิต ใช้คะแนน A-Level Kor ภาษาเกาหล)ี,,0,3,34,3,57.4608,54.0956
มหาวิทยาลัยเกษตรศาสตร์,บางเขน,10020108901001B,คณะสังคมศาสตร์,น.บ.(นิติศาสตรบัณฑิต),Admission (นิติศาสตร บัณฑิต ใช้คะแนน A-Level Chi ภาษาจีน),,0,3,70,3,60.6902,59.1429
มหาวิทยาลัยเกษตรศาสตร์,บางเขน,10020108901401A,คณะสังคมศาสตร์,ศศ.บ. สาขาวิชาประวัติศาสตร์,Admission (ประวัติศาสต์รใช้คะแนน A-Level ภาษาต่างประเทศ),,0,20,282,20,63.3055,54.3888
มหาวิทยาลัยเกษตรศาสตร์,บางเขน,10020108901401A,คณะสังคมศาสตร์,ศศ.บ. สาขาวิชาประวัติศาสตร์,Admission (ประวัติศาสต์รใช้คะแนน A-Level Math2 คณิตศาสตร์ประยุก์ต2),,0,15,256,15,65.9165,56.4165
มหาวิทยาลัยเกษตรศาสตร์,บางเขน,10020108902801B,คณะสังคมศาสตร์,ศศ.บ. สาขาวิชาเอเชียตะวันออกเฉียงใต้ ศึกษา,Admission (เอเชียตะวันออก เฉียงใต้ศึกษา ใช้คะแนน A-Level Math1 คณิตศาสตร์ประยุก์ต1),,0,11,174,11,56.4858,49.9693
มหาวิทยาลัยเกษตรศาสตร์,บางเขน,10020108902801B,คณะสังคมศาสตร์,ศศ.บ. สาขาวิชาเอเชียตะวันออกเฉียงใต้ ศึกษา,Admission (เอเชียตะวันออก เฉียงใต้ศึกษา ใช้คะแนน A-Level Math2 คณิตศาสตร์ประยุก์ต2),,0,11,278,11,58.7416,53.1916
มหาวิทยาลัยเกษตรศาสตร์,บางเขน,10020108902801B,คณะสังคมศาสตร์,ศศ.บ. สาขาวิชาเอเชียตะวันออกเฉียงใต้ ศึกษา,Admission (เอเชียตะวันออก เฉียงใต้ศึกษา ใช้คะแนน A-Level Chi ภาษาจีน),,0,12,168,12,58.2152,52.8791
มหาวิทยาลัยเกษตรศาสตร์,บางเขน,10020108902801B,คณะสังคมศาสตร์,ศศ.บ. สาขาวิชาเอเชียตะวันออกเฉียงใต้ ศึกษา,Admission (เอเชียตะวันออก เฉียงใต้ศึกษา ใช้คะแนน A-Level Jap ภาษาญี่ปุ่น),,0,4,47,4,63.3956,55.9916
มหาวิทยาลัยเกษตรศาสตร์,บางเขน,10020108902801B,คณะสังคมศาสตร์,ศศ.บ. สาขาวิชาเอเชียตะวันออกเฉียงใต้ ศึกษา,Admission (เอเชียตะวันออก เฉียงใต้ศึกษา ใช้คะแนน A-Level Kor ภาษาเกาหล)ี,,0,3,67,3,53.6970,51.7889
มหาวิทยาลัยเกษตรศาสตร์,บางเขน,10020108902801B,คณะสังคมศาสตร์,ศศ.บ. สาขาวิชาเอเชียตะวันออกเฉียงใต้ ศึกษา,Admission (เอเชียตะวันออก เฉียงใต้ศึกษา ใช้คะแนน A-Level Ger ภาษาเยอรมัน),,0,2,10,2,51.1206,49.1041
มหาวิทยาลัยเกษตรศาสตร์,บางเขน,10020108902801B,คณะสังคมศาสตร์,ศศ.บ. สาขาวิชาเอเชียตะวันออกเฉียงใต้ ศึกษา,Admission (เอเชียตะวันออก เฉียงใต้ศึกษา ใช้คะแนน A-Level Fre ภาษาฝรั่งเศส),,0,2,27,2,53.9375,53.0666
มหาวิทยาลัยเกษตรศาสตร์,บางเขน,10020108903001A,คณะสังคมศาสตร์,วท.บ. สาขาวิชาภูมิศาสตร์และภูมิ สารสนเทศศาสตร์,Admission,,0,32,471,32,69.5000,53.8500
มหาวิทยาลัยเกษตรศาสตร์,บางเขน,10020108903001B,คณะสังคมศาสตร์,วท.บ. สาขาวิชาภูมิศาสตร์และภูมิ สารสนเทศศาสตร์,Admission,,0,100,928,100,64.2664,41.6444
มหาวิทยาลัยเกษตรศาสตร์,บางเขน,10020108903102A,คณะสังคมศาสตร์,ศศ.บ. สาขาวิชารัฐประศาสนศาสตร์,Admission,,0,16,514,16,66.1333,62.1999
มหาวิทยาลัยเกษตรศาสตร์,บางเขน,10020108903102B,คณะสังคมศาสตร์,ศศ.บ. สาขาวิชารัฐประศาสนศาสตร์,Admission,,0,33,584,33,60.9666,51.7750
มหาวิทยาลัยเกษตรศาสตร์,บางเขน,10020108903201A,คณะสังคมศาสตร์,ศศ.บ. สาขาวิชารัฐศาสตร์,Admission,วิชาเอกการปกครองและ การบริหารจัดการท้องถิ่น,0,11,549,11,66.7414,62.9666
มหาวิทยาลัยเกษตรศาสตร์,บางเขน,10020108903201A,คณะสังคมศาสตร์,ศศ.บ. สาขาวิชารัฐศาสตร์,Admission,วิชาเอกความสัมพัน์ธระหวา่ งประเทศ,0,8,734,8,69.2165,66.9416
มหาวิทยาลัยเกษตรศาสตร์,บางเขน,10020108903201A,คณะสังคมศาสตร์,ศศ.บ. สาขาวิชารัฐศาสตร์,Admission,วิชาเอกบริหารงานยุติธรรม และความปลอดภัย,0,5,309,5,72.2915,64.4499
มหาวิทยาลัยเกษตรศาสตร์,บางเขน,10020108903201B,คณะสังคมศาสตร์,ศศ.บ. สาขาวิชารัฐศาสตร์,Admission,วิชาเอกการปกครองและ การบริหารจัดการท้องถิ่น,0,27,366,27,64.2333,53.2583
มหาวิทยาลัยเกษตรศาสตร์,บางเขน,10020108903201B,คณะสังคมศาสตร์,ศศ.บ. สาขาวิชารัฐศาสตร์,Admission,วิชาเอกความสัมพัน์ธระหวา่ งประเทศ,0,21,419,21,65.7581,59.9415
มหาวิทยาลัยเกษตรศาสตร์,บางเขน,10020108903201B,คณะสังคมศาสตร์,ศศ.บ. สาขาวิชารัฐศาสตร์,Admission,วิชาเอกบริหารงานยุติธรรม และความปลอดภัย,0,31,594,31,63.3081,53.7665
มหาวิทยาลัยเกษตรศาสตร์,บางเขน,10020108903501A,คณะสังคมศาสตร์,ศศ.บ. สาขาวิชาสังคมวิทยาและ มานุษยวิทยา,Admission,,0,33,998,33,67.2915,62.4860
มหาวิทยาลัยเกษตรศาสตร์,บางเขน,10020108903501B,คณะสังคมศาสตร์,ศศ.บ. สาขาวิชาสังคมวิทยาและ มานุษยวิทยา,Admission,,0,60,856,60,61.0690,55.3190
มหาวิทยาลัยเกษตรศาสตร์,บางเขน,10020109140101A,คณะสัตวแพทยศาสตร์,สพ.บ.(สัตวแพทยศาสตรบัณฑิต),Admission,,0,13,"1,456",13,70.7398,67.7583
มหาวิทยาลัยเกษตรศาสตร์,บางเขน,10020110501102A,คณะอุตสาหกรรมเกษตร,วท.บ. สาขาวิชาเทคโนโลยีการบรรจุ,Admission,,0,60,299,60,50.6025,37.8275
มหาวิทยาลัยเกษตรศาสตร์,บางเขน,10020110501103A,คณะอุตสาหกรรมเกษตร,วท.บ. สาขาวิชาเทคโนโลยีสิ่งทอและแฟชั่น,Admission,,0,50,267,50,47.0190,35.9440
มหาวิทยาลัยเกษตรศาสตร์,บางเขน,10020110501104A,คณะอุตสาหกรรมเกษตร,วท.บ. สาขาวิชาเทคโนโลยีชีวภาพ,Admission (คณะ อุตสาหกรรมเกษตร ใช้ คะแนน A-Level เคมีและ ชีววิทยา),,0,22,190,22,48.2402,40.1139
มหาวิทยาลัยเกษตรศาสตร์,บางเขน,10020110501104A,คณะอุตสาหกรรมเกษตร,วท.บ. สาขาวิชาเทคโนโลยีชีวภาพ,Admission (คณะ อุตสาหกรรมเกษตร ใช้ คะแนน TPAT3 ความถนัด วิทยาศาสตร์เทคโนโลียวิศวกรรมศาสตร)์,,0,23,194,23,57.2288,46.2816
มหาวิทยาลัยเกษตรศาสตร์,บางเขน,10020110501105A,คณะอุตสาหกรรมเกษตร,วท.บ. สาขาวิชาพัฒนา ผลิตภัณฑ์อุตสาหกรรมเกษตร,Admission (คณะ อุตสาหกรรมเกษตร ใช้ คะแนน A-Level เคมีและ ชีววิทยา),,0,35,167,35,49.6432,36.7320
มหาวิทยาลัยเกษตรศาสตร์,บางเขน,10020110501105A,คณะอุตสาหกรรมเกษตร,วท.บ. สาขาวิชาพัฒนา ผลิตภัณฑ์อุตสาหกรรมเกษตร,Admission (คณะ อุตสาหกรรมเกษตร ใช้ คะแนน TPAT3 ความถนัด วิทยาศาสตร์เทคโนโลียวิศวกรรมศาสตร)์,,0,35,122,35,55.0664,42.5552
มหาวิทยาลัยเกษตรศาสตร์,บางเขน,10020110501106A,คณะอุตสาหกรรมเกษตร,วท.บ. สาขาวิชาวิทยาศาสตร์และเทคโนโลยีการอาหาร,Admission (คณะ อุตสาหกรรมเกษตร ใช้ คะแนน A-Level เคมีและ ชีววิทยา),,0,7,200,7,60.0415,49.9998
มหาวิทยาลัยเกษตรศาสตร์,บางเขน,10020110501106A,คณะอุตสาหกรรมเกษตร,วท.บ. สาขาวิชาวิทยาศาสตร์และเทคโนโลยีการอาหาร,Admission (คณะ อุตสาหกรรมเกษตร ใช้ คะแนน TPAT3 ความถนัด วิทยาศาสตร์เทคโนโลียวิศวกรรมศาสตร)์,,0,4,402,4,69.6105,67.8605
มหาวิทยาลัยเกษตรศาสตร์,บางเขน,10020110501106B,คณะอุตสาหกรรมเกษตร,วท.บ. สาขาวิชาวิทยาศาสตร์และเทคโนโลยีการอาหาร,Admission (คณะ อุตสาหกรรมเกษตร ใช้ คะแนน A-Level เคมีและ ชีววิทยา),,0,14,114,14,56.0105,47.5230
มหาวิทยาลัยเกษตรศาสตร์,บางเขน,10020110501106B,คณะอุตสาหกรรมเกษตร,วท.บ. สาขาวิชาวิทยาศาสตร์และเทคโนโลยีการอาหาร,Admission (คณะ อุตสาหกรรมเกษตร ใช้ คะแนน TPAT3 ความถนัด วิทยาศาสตร์เทคโนโลียวิศวกรรมศาสตร)์,,0,15,286,15,65.6160,58.3662
มหาวิทยาลัยเกษตรศาสตร์,บางเขน,10020111620103E,คณะมนุษยศาสตร์,ศศ.บ. สาขาวิชาการจัดการการท่องเที่ยว เชิงบูรณาการ,Admission,,0,35,134,35,73.9996,54.1996
มหาวิทยาลัยเกษตรศาสตร์,บางเขน,10020111620105A,คณะมนุษยศาสตร์,ศศ.บ. สาขาวิชาการสรา้ งสรรค์การบริการ เพื่อธุรกิจการท่องเที่ยว,Admission (การสรา้ งสรร์คการบริการเพื่อธุรกิจการ ท่องเที่ยว ใช้คะแนน A-Level Math2 คณิตศาสตร์ประยุก์ต2),,0,18,771,18,80.6166,71.1666
มหาวิทยาลัยเกษตรศาสตร์,บางเขน,10020111620105A,คณะมนุษยศาสตร์,ศศ.บ. สาขาวิชาการสรา้ งสรรค์การบริการ เพื่อธุรกิจการท่องเที่ยว,Admission (การสรา้ งสรร์คการบริการเพื่อธุรกิจการ ท่องเที่ยว ใช้คะแนน A-Level ภาษา),,0,17,532,17,87.1249,72.3998
มหาวิทยาลัยเกษตรศาสตร์,บางเขน,10020111800201A,คณะมนุษยศาสตร์,ศศ.บ. สาขาวิชาดนตรีไทย,Admission,,0,1,16,1,54.0000,54.0000
มหาวิทยาลัยเกษตรศาสตร์,บางเขน,10020111901501A,คณะมนุษยศาสตร์,ศศ.บ. สาขาวิชาปรัชญาและศาสนา,Admission,,0,39,765,39,70.1220,60.0108
มหาวิทยาลัยเกษตรศาสตร์,บางเขน,10020111901701A,คณะมนุษยศาสตร์,ศศ.บ. สาขาวิชาภาษาเกาหลีธุรกิจ,Admission,,0,30,288,30,80.9498,58.2108
มหาวิทยาลัยเกษตรศาสตร์,บางเขน,10020111901701B,คณะมนุษยศาสตร์,ศศ.บ. สาขาวิชาภาษาเกาหลีธุรกิจ,Admission,,0,40,207,40,63.2164,51.9748
มหาวิทยาลัยเกษตรศาสตร์,บางเขน,10020111901801A,คณะมนุษยศาสตร์,ศศ.บ. สาขาวิชาภาษาจีน,Admission,,0,12,550,12,81.4888,73.3444
มหาวิทยาลัยเกษตรศาสตร์,บางเขน,10020111901802B,คณะมนุษยศาสตร์,ศศ.บ. สาขาวิชาภาษาจีนธุรกิจ,Admission,,0,90,"1,434",91,79.7957,68.5707
มหาวิทยาลัยเกษตรศาสตร์,บางเขน,10020111901901A,คณะมนุษยศาสตร์,ศศ.บ. สาขาวิชาภาษาญี่ปุ่นธุรกิจ,Admission,,0,17,600,17,90.6332,80.6554
มหาวิทยาลัยเกษตรศาสตร์,บางเขน,10020111901901B,คณะมนุษยศาสตร์,ศศ.บ. สาขาวิชาภาษาญี่ปุ่นธุรกิจ,Admission,,0,21,318,21,77.8263,68.5555
มหาวิทยาลัยเกษตรศาสตร์,บางเขน,10020111902001A,คณะมนุษยศาสตร์,ศศ.บ. สาขาวิชาภาษาไทย,Admission,,0,30,"1,114",30,73.3776,67.0332
มหาวิทยาลัยเกษตรศาสตร์,บางเขน,10020111902403A,คณะมนุษยศาสตร์,ศศ.บ. สาขาวิชาภาษาตะวันตก,Admission,วิชาเอกภาษาฝรั่งเศส,0,25,166,25,76.8000,48.5750
มหาวิทยาลัยเกษตรศาสตร์,บางเขน,10020111902403A,คณะมนุษยศาสตร์,ศศ.บ. สาขาวิชาภาษาตะวันตก,Admission,วิชาเอกภาษาเยอรมัน,0,25,124,25,72.3250,47.4000
มหาวิทยาลัยเกษตรศาสตร์,บางเขน,10020111902403A,คณะมนุษยศาสตร์,ศศ.บ. สาขาวิชาภาษาตะวันตก,Admission,วิชาเอกภาษาสเปน,0,20,436,20,72.3750,62.1875
มหาวิทยาลัยเกษตรศาสตร์,บางเขน,10020111902501A,คณะมนุษยศาสตร์,ศศ.บ. สาขาวิชาภาษาอังกฤษ,Admission,,0,40,"2,653",40,89.0000,82.7500
มหาวิทยาลัยเกษตรศาสตร์,บางเขน,10020111902501B,คณะมนุษยศาสตร์,ศศ.บ. สาขาวิชาภาษาอังกฤษ,Admission,,0,95,"1,112",96,82.6750,74.1998
มหาวิทยาลัยเกษตรศาสตร์,บางเขน,10020111903301A,คณะมนุษยศาสตร์,ศศ.บ. สาขาวิชาวรรณคดี,Admission,วิชาเอกวรรณคดีไทย,0,26,463,26,71.8818,66.6388
มหาวิทยาลัยเกษตรศาสตร์,บางเขน,10020111903301A,คณะมนุษยศาสตร์,ศศ.บ. สาขาวิชาวรรณคดี,Admission,วิชาเอกวรรณคดีอังกฤษ,0,18,794,18,87.4164,82.1248
มหาวิทยาลัยเกษตรศาสตร์,บางเขน,10020111903801A,คณะมนุษยศาสตร์,ศศ.บ. สาขาวิชานิเทศศาสตร์,Admission,,0,40,"3,959",40,71.5623,67.5000
มหาวิทยาลัยเกษตรศาสตร์,บางเขน,10020112610101A,คณะบริหารธุรกิจ,บธ.บ. สาขาวิชาการเงิน,Admission,,0,29,"2,077",29,82.8858,74.8638
มหาวิทยาลัยเกษตรศาสตร์,บางเขน,10020112610201A,คณะบริหารธุรกิจ,บธ.บ. สาขาวิชาการจัดการ,Admission,,0,60,"2,269",60,77.7194,70.6750
มหาวิทยาลัยเกษตรศาสตร์,บางเขน,10020112610202A,คณะบริหารธุรกิจ,บธ.บ. สาขาวิชาการจัดการการปฏิบัติการ และเทคโนโลยี,Admission,,0,39,982,39,77.3332,68.9914
มหาวิทยาลัยเกษตรศาสตร์,บางเขน,10020112610501A,คณะบริหารธุรกิจ,บช.บ.(บัญชีบัณฑิต),Admission,,0,95,"3,891",95,83.8388,77.9276
มหาวิทยาลัยเกษตรศาสตร์,บางเขน,10020112610501B,คณะบริหารธุรกิจ,บช.บ.(บัญชีบัณฑิต),Admission,,0,115,"1,938",115,77.9000,73.6358
มหาวิทยาลัยเกษตรศาสตร์,บางเขน,10020112610601A,คณะบริหารธุรกิจ,บธ.บ. สาขาวิชาการตลาด,Admission,,0,5,"1,982",5,77.0526,75.8332
มหาวิทยาลัยเกษตรศาสตร์,บางเขน,10020113112901A,คณะเทคนิคการสัตวแพทย์,วท.บ. สาขาวิชาเทคนิคการสัตวแพทย์,Admission,,0,40,"1,022",40,64.2345,56.4040
มหาวิทยาลัยเกษตรศาสตร์,บางเขน,10020113112901B,คณะเทคนิคการสัตวแพทย์,วท.บ. สาขาวิชาเทคนิคการสัตวแพทย์,Admission,,0,70,670,70,56.3500,47.5528
มหาวิทยาลัยเกษตรศาสตร์,บางเขน,10020113112902A,คณะเทคนิคการสัตวแพทย์,วท.บ. สาขาวิชาการพยาบาลสัตว์,Admission,,0,37,823,37,64.7083,52.9735
มหาวิทยาลัยเกษตรศาสตร์,บางเขน,10020113112902B,คณะเทคนิคการสัตวแพทย์,วท.บ. สาขาวิชาการพยาบาลสัตว์,Admission,,0,56,510,56,55.5860,45.6625
มหาวิทยาลัยเกษตรศาสตร์,บางเขน,10020114400201A,คณะสถาปัตยกรรมศาสตร์,วท.บ. สาขาวิชานวัตกรรมการออกแบบ ผลิตภัณฑ์เชิงบูรณาการ,Admission,,0,8,275,8,53.8500,49.5500
มหาวิทยาลัยเกษตรศาสตร์,บางเขน,10020114400301A,คณะสถาปัตยกรรมศาสตร์,ภ.สถ.บ.(ภูมิสถาปัตยกรรมศาสตรบัณฑิต),Admission,,0,23,367,23,54.8000,46.8000
มหาวิทยาลัยเกษตรศาสตร์,บางเขน,10020114400501A,คณะสถาปัตยกรรมศาสตร์,สถ.บ.(สถาปัตยกรรมศาสตรบัณฑิต),Admission,,0,12,607,12,59.1500,52.5500
มหาวิทยาลัยเกษตรศาสตร์,บางเขน,10020114400502A,คณะสถาปัตยกรรมศาสตร์,วท.บ. สาขาวิชาสถาปัตยกรรม,Admission,,0,17,203,17,47.5250,43.2500
มหาวิทยาลัยเกษตรศาสตร์,บางเขน,10020115210101A,คณะสิ่งแวดล้อม,วท.บ. สาขาวิชาการจัดการสิ่งแวดล้อม,Admission,,0,50,"1,024",50,61.1525,49.6245
มหาวิทยาลัยเกษตรศาสตร์,บางเขน,10020115210102A,คณะสิ่งแวดล้อม,วท.บ. สาขาวิชาวิทยาศาสตร์และเทคโนโลยีสิ่งแวดล้อม,Admission,,0,70,"1,193",70,62.6940,49.3745
มหาวิทยาลัยเกษตรศาสตร์,บางเขน,10020116210103A,วิทยาลัยบูรณาการศาสตร์,วท.บ. สาขาวิชาศาสตร์แห่งแผ่นดินเพื่อ การพัฒนาที่ยั่งยืน,Admission (วิทยาลัยบูรณา การศาสตร์ใช้คะแนน TPAT3),,0,20,233,20,56.2635,48.7775
มหาวิทยาลัยเกษตรศาสตร์,บางเขน,10020116210103A,วิทยาลัยบูรณาการศาสตร์,วท.บ. สาขาวิชาศาสตร์แห่งแผ่นดินเพื่อ การพัฒนาที่ยั่งยืน,Admission (วิทยาลัยบูรณา การศาสตร์ใช้คะแนน A-Level Math2 และ A-Level Sci),,0,20,165,20,52.4700,40.6688
มหาวิทยาลัยเกษตรศาสตร์,บางเขน,10020117302102A,วิทยาลัยการชลประทาน,วศ.บ. สาขาวิชาวิศวกรรมโยธา-ชลประทาน,Admission,,0,10,300,10,58.0664,46.7332
มหาวิทยาลัยเกษตรศาสตร์,บางเขน,10020136111701A,คณะพยาบาลศาสตร์,พย.บ.(พยาบาลศาสตรบัณฑิต),Admission,,0,16,"3,044",16,58.0099,53.4164
มหาวิทยาลัยเกษตรศาสตร์,กำแพงแสน,10020202500601A,คณะประมง,วท.บ. สาขาวิชาประมง,Admission,วิชาเอกเพาะเลี้ยงสัตว์น้ า,0,100,175,77,38.1416,21.9333
มหาวิทยาลัยเกษตรศาสตร์,กำแพงแสน,10020215210102A,คณะสิ่งแวดล้อม,วท.บ. สาขาวิชาวิทยาศาสตร์และเทคโนโลยีสิ่งแวดล้อม,Admission,,0,70,163,70,49.5690,26.6940
มหาวิทยาลัยเกษตรศาสตร์,กำแพงแสน,10020219500102A,คณะเกษตร กำแพงแสน,วท.บ. สาขาวิชาเครื่องจักรกลและเมคคา ทรอนิกส์เกษตร,Admission (คณะเกษตร กำแพงแสน ใช้คะแนน TGAT/TPAT3),,0,13,56,13,46.9332,35.5998
มหาวิทยาลัยเกษตรศาสตร์,กำแพงแสน,10020219500102A,คณะเกษตร กำแพงแสน,วท.บ. สาขาวิชาเครื่องจักรกลและเมคคา ทรอนิกส์เกษตร,Admission (คณะเกษตร กำแพงแสน ใช้คะแนน A-Level),,0,12,26,11,32.9250,15.2250
มหาวิทยาลัยเกษตรศาสตร์,กำแพงแสน,10020219500201A,คณะเกษตร กำแพงแสน,วท.บ. สาขาวิชาเกษตรศาสตร์,Admission (คณะเกษตร กำแพงแสน ใช้คะแนน TPAT3),,0,35,68,27,47.9998,26.4000
มหาวิทยาลัยเกษตรศาสตร์,กำแพงแสน,10020219500201A,คณะเกษตร กำแพงแสน,วท.บ. สาขาวิชาเกษตรศาสตร์,Admission (คณะเกษตร กำแพงแสน ใช้คะแนน A-Level Chem เคีมและ A-Level Bio ชีววิทยา),,0,35,47,20,42.2964,15.0400
มหาวิทยาลัยเกษตรศาสตร์,กำแพงแสน,10020219500201A,คณะเกษตร กำแพงแสน,วท.บ. สาขาวิชาเกษตรศาสตร์,Admission (คณะเกษตร กำแพงแสน ใช้คะแนน A-Level Sci วิทยาศาสต์รประยุกต์),,0,19,17,5,46.5932,29.3000
มหาวิทยาลัยเกษตรศาสตร์,กำแพงแสน,10020219500401A,คณะเกษตร กำแพงแสน,วท.บ. สาขาวิชาเทคโนโลยีชีวภาพทาง การเกษตร,Admission (คณะเกษตร กำแพงแสน ใช้คะแนน TPAT3),,0,10,18,0,0.0000,0.0000
มหาวิทยาลัยเกษตรศาสตร์,กำแพงแสน,10020219500401A,คณะเกษตร กำแพงแสน,วท.บ. สาขาวิชาเทคโนโลยีชีวภาพทาง การเกษตร,Admission (คณะเกษตร กำแพงแสน ใช้คะแนน A-Level Chem เคีมและ A-Level Bio ชีววิทยา),,0,10,10,4,37.9800,28.7700
มหาวิทยาลัยเกษตรศาสตร์,กำแพงแสน,10020219500401A,คณะเกษตร กำแพงแสน,วท.บ. สาขาวิชาเทคโนโลยีชีวภาพทาง การเกษตร,Admission (คณะเกษตร กำแพงแสน ใช้คะแนน A-Level Sci วิทยาศาสต์รประยุกต์),,0,5,14,2,30.6200,24.5464
มหาวิทยาลัยเกษตรศาสตร์,กำแพงแสน,10020219501201A,คณะเกษตร กำแพงแสน,วท.บ. สาขาวิชาสัตวศาสตร์,Admission (คณะเกษตร กำแพงแสน ใช้คะแนน TPAT3),,0,5,77,5,64.0000,50.7998
มหาวิทยาลัยเกษตรศาสตร์,กำแพงแสน,10020219501201A,คณะเกษตร กำแพงแสน,วท.บ. สาขาวิชาสัตวศาสตร์,Admission (คณะเกษตร กำแพงแสน ใช้คะแนน A-Level Math1 คณิตศาสตร์ประยุก์ต1 และ A-Level Sci วิทยาศาสต์รประยุกต์),,0,5,19,5,38.6432,31.6132
มหาวิทยาลัยเกษตรศาสตร์,กำแพงแสน,10020220300501A,คณะวิศวกรรมศาสต์รกำแพงแสน,วศ.บ. สาขาวิชาวิศวกรรมคอมพิวเตอร์,Admission,,0,30,384,30,58.0666,45.8886
มหาวิทยาลัยเกษตรศาสตร์,กำแพงแสน,10020220300701A,คณะวิศวกรรมศาสต์รกำแพงแสน,วศ.บ. สาขาวิชาวิศวกรรมเครื่องกล,Admission,,0,25,358,25,47.1775,39.0552
มหาวิทยาลัยเกษตรศาสตร์,กำแพงแสน,10020220300701B,คณะวิศวกรรมศาสต์รกำแพงแสน,วศ.บ. สาขาวิชาวิศวกรรมเครื่องกล,Admission,,0,25,226,25,40.0832,33.9222
มหาวิทยาลัยเกษตรศาสตร์,กำแพงแสน,10020220300702A,คณะวิศวกรรมศาสต์รกำแพงแสน,วศ.บ. สาขาวิชาวิศวกรรมเครื่องกล-เกษตร,Admission,,0,27,306,27,58.0832,50.2052
มหาวิทยาลัยเกษตรศาสตร์,กำแพงแสน,10020220302102A,คณะวิศวกรรมศาสต์รกำแพงแสน,วศ.บ. สาขาวิชาวิศวกรรมโยธา-ชลประทาน,Admission,,0,20,379,20,62.9662,56.5444
มหาวิทยาลัยเกษตรศาสตร์,กำแพงแสน,10020220302103A,คณะวิศวกรรมศาสต์รกำแพงแสน,วศ.บ. สาขาวิชาวิศวกรรมโยธา-โครงสรา้ ง พื้นฐาน,Admission,,0,19,308,19,45.7414,40.0582
มหาวิทยาลัยเกษตรศาสตร์,กำแพงแสน,10020220302103B,คณะวิศวกรรมศาสต์รกำแพงแสน,วศ.บ. สาขาวิชาวิศวกรรมโยธา-โครงสรา้ ง พื้นฐาน,Admission,,0,24,211,24,39.5580,35.3081
มหาวิทยาลัยเกษตรศาสตร์,กำแพงแสน,10020220303301A,คณะวิศวกรรมศาสต์รกำแพงแสน,วศ.บ. สาขาวิชาวิศวกรรมอาหาร,Admission,,0,26,204,26,42.4664,35.2388
มหาวิทยาลัยเกษตรศาสตร์,กำแพงแสน,10020220303503A,คณะวิศวกรรมศาสต์รกำแพงแสน,วศ.บ. สาขาวิชาวิศวกรรมอุตสาหการ-โลิจสติกส์,Admission,,0,23,261,23,44.8192,38.7818
มหาวิทยาลัยเกษตรศาสตร์,กำแพงแสน,10020220303601A,คณะวิศวกรรมศาสต์รกำแพงแสน,วศ.บ. สาขาวิชาวิศวกรรมนวัตกรรมเพื่อ การเกษตรและอุตสาหกรรม,Admission,,0,17,74,17,60.9888,42.4274
มหาวิทยาลัยเกษตรศาสตร์,กำแพงแสน,10020221500201A,คณะศึกษาศาสตร์และพัฒน ศาสตร์,วท.บ. สาขาวิชาเกษตรและสิ่งแวดล้อม ศึกษา,Admission,,0,10,205,10,67.7716,60.6940
มหาวิทยาลัยเกษตรศาสตร์,กำแพงแสน,10020221700401A,คณะศึกษาศาสตร์และพัฒน ศาสตร์,ศษ.บ. สาขาวิชาการจัดการเรียนรู้,Admission,วิชาเอกพลศึกษาและสุข ศึกษา,0,15,348,15,69.8025,65.4360
มหาวิทยาลัยเกษตรศาสตร์,กำแพงแสน,10020221700401A,คณะศึกษาศาสตร์และพัฒน ศาสตร์,ศษ.บ. สาขาวิชาการจัดการเรียนรู้,Admission,วิชาเอกภาษาอังกฤษศึกษา,0,30,297,30,78.5164,71.1416
มหาวิทยาลัยเกษตรศาสตร์,กำแพงแสน,10020221700401A,คณะศึกษาศาสตร์และพัฒน ศาสตร์,ศษ.บ. สาขาวิชาการจัดการเรียนรู้,Admission,วิชาเอกคณิตศาสตร์ศึกษา,0,28,168,28,70.7916,58.0165
มหาวิทยาลัยเกษตรศาสตร์,กำแพงแสน,10020221700401A,คณะศึกษาศาสตร์และพัฒน ศาสตร์,ศษ.บ. สาขาวิชาการจัดการเรียนรู้,Admission,วิชาเอกวิทยาศาสตร์ศึกษา,0,35,144,35,67.8414,59.3598
มหาวิทยาลัยเกษตรศาสตร์,กำแพงแสน,10020221700401A,คณะศึกษาศาสตร์และพัฒน ศาสตร์,ศษ.บ. สาขาวิชาการจัดการเรียนรู้,Admission,วิชาเอกดนตรีศึกษา,0,21,126,21,70.4496,58.2496
มหาวิทยาลัยเกษตรศาสตร์,กำแพงแสน,10020222210302A,คณะศิลปศาสตร์และวิทยาศาสตร์,วท.บ. สาขาวิชาคณิตศาสตร์ประยุกต์,Admission,,0,35,290,35,58.4750,50.3416
มหาวิทยาลัยเกษตรศาสตร์,กำแพงแสน,10020222210401A,คณะศิลปศาสตร์และวิทยาศาสตร์,วท.บ. สาขาวิชาเคมี,Admission,,0,55,130,55,41.4610,26.5972
มหาวิทยาลัยเกษตรศาสตร์,กำแพงแสน,10020222210501A,คณะศิลปศาสตร์และวิทยาศาสตร์,วท.บ. สาขาวิชาจุลชีววิทยา,Admission,,0,65,276,65,50.7383,35.4144
มหาวิทยาลัยเกษตรศาสตร์,กำแพงแสน,10020222210703A,คณะศิลปศาสตร์และวิทยาศาสตร์,วท.บ. สาขาวิชาวิทยาศาสตร์ชีวภาพ,Admission,,0,20,44,20,36.4666,24.1888
มหาวิทยาลัยเกษตรศาสตร์,กำแพงแสน,10020222212502A,คณะศิลปศาสตร์และวิทยาศาสตร์,วท.บ. สาขาวิชาพฤกษนวัตกรรม,Admission,,0,35,403,35,68.4777,59.4804
มหาวิทยาลัยเกษตรศาสตร์,กำแพงแสน,10020222212701A,คณะศิลปศาสตร์และวิทยาศาสตร์,วท.บ. สาขาวิชาฟิสิกส์,Admission,,0,20,165,20,71.1804,60.1885
มหาวิทยาลัยเกษตรศาสตร์,กำแพงแสน,10020222220101A,คณะศิลปศาสตร์และวิทยาศาสตร์,วท.บ. สาขาวิชาเทคโนโลยีสารสนเทศ,Admission,,0,20,152,20,56.7000,49.6970
มหาวิทยาลัยเกษตรศาสตร์,กำแพงแสน,10020222220101B,คณะศิลปศาสตร์และวิทยาศาสตร์,วท.บ. สาขาวิชาเทคโนโลยีสารสนเทศ,Admission,,0,60,113,52,52.0250,26.1940
มหาวิทยาลัยเกษตรศาสตร์,กำแพงแสน,10020222220201A,คณะศิลปศาสตร์และวิทยาศาสตร์,วท.บ. สาขาวิชาวิทยาการคอมพิวเตอร์,Admission,,0,20,320,20,56.1916,49.6581
มหาวิทยาลัยเกษตรศาสตร์,กำแพงแสน,10020222220201B,คณะศิลปศาสตร์และวิทยาศาสตร์,วท.บ. สาขาวิชาวิทยาการคอมพิวเตอร์,Admission,,0,80,196,80,48.9000,33.1414
มหาวิทยาลัยเกษตรศาสตร์,กำแพงแสน,10020222610201A,คณะศิลปศาสตร์และวิทยาศาสตร์,บธ.บ. สาขาวิชาการจัดการ,Admission,,0,35,687,35,74.7664,65.8332
มหาวิทยาลัยเกษตรศาสตร์,กำแพงแสน,10020222610201B,คณะศิลปศาสตร์และวิทยาศาสตร์,บธ.บ. สาขาวิชาการจัดการ,Admission,,0,45,419,45,66.7832,57.1500
มหาวิทยาลัยเกษตรศาสตร์,กำแพงแสน,10020222610502A,คณะศิลปศาสตร์และวิทยาศาสตร์,บธ.บ. สาขาวิชาการบัญชี,Admission,,0,50,"1,061",50,82.8055,73.8125
มหาวิทยาลัยเกษตรศาสตร์,กำแพงแสน,10020222610502B,คณะศิลปศาสตร์และวิทยาศาสตร์,บธ.บ. สาขาวิชาการบัญชี,Admission,,0,55,434,55,76.3055,69.0065
มหาวิทยาลัยเกษตรศาสตร์,กำแพงแสน,10020222610601A,คณะศิลปศาสตร์และวิทยาศาสตร์,บธ.บ. สาขาวิชาการตลาด,Admission,,0,85,"1,145",85,79.0412,68.3608
มหาวิทยาลัยเกษตรศาสตร์,กำแพงแสน,10020222610601B,คณะศิลปศาสตร์และวิทยาศาสตร์,บธ.บ. สาขาวิชาการตลาด,Admission,,0,30,468,30,74.8164,69.3832
มหาวิทยาลัยเกษตรศาสตร์,กำแพงแสน,10020222900201A,คณะศิลปศาสตร์และวิทยาศาสตร์,ร.บ. สาขาวิชาการเมืองและการปกครอง,Admission,,0,50,493,50,66.4569,58.8679
มหาวิทยาลัยเกษตรศาสตร์,กำแพงแสน,10020222902501A,คณะศิลปศาสตร์และวิทยาศาสตร์,ศศ.บ. สาขาวิชาภาษาอังกฤษ,Admission,,0,85,963,85,83.5500,71.5500
มหาวิทยาลัยเกษตรศาสตร์,กำแพงแสน,10020222902501B,คณะศิลปศาสตร์และวิทยาศาสตร์,ศศ.บ. สาขาวิชาภาษาอังกฤษ,Admission,,0,90,542,90,75.5166,64.0832
มหาวิทยาลัยเกษตรศาสตร์,กำแพงแสน,10020223112001A,คณะวิทยาศาสตร์การกีฬา และสุขภาพ,วท.บ. สาขาวิชาวิทยาศาสตร์การกีฬาและ การออกกำลังกาย,Admission,,0,35,516,35,56.3166,49.7300
มหาวิทยาลัยเกษตรศาสตร์,กำแพงแสน,10020223112001B,คณะวิทยาศาสตร์การกีฬา และสุขภาพ,วท.บ. สาขาวิชาวิทยาศาสตร์การกีฬาและ การออกกำลังกาย,Admission,,0,18,203,18,55.4798,46.6230
มหาวิทยาลัยเกษตรศาสตร์,กำแพงแสน,10020233620101A,คณะอุตสาหกรรมบริการ,บธ.บ. สาขาวิชาการจัดการธุรกิจบริการ และอุตสาหกรรมไมซ์,Admission,,0,80,"1,003",80,92.4000,75.5000
มหาวิทยาลัยเกษตรศาสตร์,กำแพงแสน,10020233620101B,คณะอุตสาหกรรมบริการ,บธ.บ. สาขาวิชาการจัดการธุรกิจบริการ และอุตสาหกรรมไมซ์,Admission,,0,163,255,127,79.5000,13.5000
มหาวิทยาลัยเกษตรศาสตร์,กำแพงแสน,10020233620103A,คณะอุตสาหกรรมบริการ,บธ.บ. สาขาวิชาการจัดการท่องเที่ยว โรงแรม และอีเวนต์,Admission,,0,70,"1,280",70,81.6000,65.4000
มหาวิทยาลัยเกษตรศาสตร์,กำแพงแสน,10020233620103B,คณะอุตสาหกรรมบริการ,บธ.บ. สาขาวิชาการจัดการท่องเที่ยว โรงแรม และอีเวนต์,Admission,,0,259,"1,916",259,88.9500,77.4000
มหาวิทยาลัยเกษตรศาสตร์,กำแพงแสน,10020233620104A,คณะอุตสาหกรรมบริการ,ศศ.บ. สาขาวิชาการโรงแรม ภัตตาคาร และเรือสำราญ,Admission,,0,87,701,88,78.8750,62.2500
มหาวิทยาลัยเกษตรศาสตร์,กำแพงแสน,10020233620104B,คณะอุตสาหกรรมบริการ,ศศ.บ. สาขาวิชาการโรงแรม ภัตตาคาร และเรือสำราญ,Admission,,0,149,549,150,87.1500,65.1000
มหาวิทยาลัยเกษตรศาสตร์,กำแพงแสน,10020233620105A,คณะอุตสาหกรรมบริการ,ศศ.บ. สาขาวิชาการท่องเที่ยวและ นันทนาการ,Admission,,0,103,822,107,83.4000,71.8000
มหาวิทยาลัยเกษตรศาสตร์,กำแพงแสน,10020233620105B,คณะอุตสาหกรรมบริการ,ศศ.บ. สาขาวิชาการท่องเที่ยวและ นันทนาการ,Admission,,0,176,255,112,87.9000,5.2500
มหาวิทยาลัยเกษตรศาสตร์,กำแพงแสน,10020233620106A,คณะอุตสาหกรรมบริการ,ศศ.บ. สาขาวิชาอุตสาหกรรมการ ท่องเที่ยวและบริการ,Admission,,0,67,947,68,87.7500,76.2500
มหาวิทยาลัยเกษตรศาสตร์,กำแพงแสน,10020233620106B,คณะอุตสาหกรรมบริการ,ศศ.บ. สาขาวิชาอุตสาหกรรมการ ท่องเที่ยวและบริการ,Admission,,0,273,435,199,90.3000,4.5000
มหาวิทยาลัยเกษตรศาสตร์,กำแพงแสน,10020233620201A,คณะอุตสาหกรรมบริการ,บธ.บ. สาขาวิชาการจัดการธุรกิจการบิน,Admission,,0,73,890,73,81.6000,68.3750
มหาวิทยาลัยเกษตรศาสตร์,กำแพงแสน,10020233620201B,คณะอุตสาหกรรมบริการ,บธ.บ. สาขาวิชาการจัดการธุรกิจการบิน,Admission,,0,118,741,120,90.8000,80.2000
มหาวิทยาลัยเกษตรศาสตร์,กำแพงแสน,10020233902502A,คณะอุตสาหกรรมบริการ,ศศ.บ. สาขาวิชาภาษาอังกฤษเพื่อ อุตสาหกรรมบริการ,Admission,,0,32,499,32,84.2332,74.3832
มหาวิทยาลัยเกษตรศาสตร์,กำแพงแสน,10020233902502B,คณะอุตสาหกรรมบริการ,ศศ.บ. สาขาวิชาภาษาอังกฤษเพื่อ อุตสาหกรรมบริการ,Admission,,0,116,419,117,94.6666,76.5332
มหาวิทยาลัยเกษตรศาสตร์,ศรีราชา,10020324611101A,คณะเศรษฐศาสตร์ศรีราชา,ศ.บ. สาขาวิชาเศรษฐศาสตร์,Admission (คณะ เศรษฐศาสตร์ศรีราชา ใช้ คะแนน A-Level Math1 คณิตศาสตร์ประยุก์ต1),,0,60,454,60,56.4332,47.5250
มหาวิทยาลัยเกษตรศาสตร์,ศรีราชา,10020324611101A,คณะเศรษฐศาสตร์ศรีราชา,ศ.บ. สาขาวิชาเศรษฐศาสตร์,Admission (คณะ เศรษฐศาสตร์ศรีราชา ใช้ คะแนน A-Level Math2 คณิตศาสตร์ประยุก์ต2),,0,60,733,60,72.0414,54.1833
มหาวิทยาลัยเกษตรศาสตร์,ศรีราชา,10020324611101B,คณะเศรษฐศาสตร์ศรีราชา,ศ.บ. สาขาวิชาเศรษฐศาสตร์,Admission (คณะ เศรษฐศาสตร์ศรีราชา ใช้ คะแนน A-Level Math1 คณิตศาสตร์ประยุก์ต1),,0,60,200,60,50.8831,38.2832
มหาวิทยาลัยเกษตรศาสตร์,ศรีราชา,10020324611101B,คณะเศรษฐศาสตร์ศรีราชา,ศ.บ. สาขาวิชาเศรษฐศาสตร์,Admission (คณะ เศรษฐศาสตร์ศรีราชา ใช้ คะแนน A-Level Math2 คณิตศาสตร์ประยุก์ต2),,0,60,276,60,57.7415,44.8164
มหาวิทยาลัยเกษตรศาสตร์,ศรีราชา,10020325210201A,คณะพาณิชยนาวีนานาชาติ,วท.บ. สาขาวิชาการขนส่งทางทะเล,Admission,,0,20,286,20,59.3330,51.2360
มหาวิทยาลัยเกษตรศาสตร์,ศรีราชา,10020325210202A,คณะพาณิชยนาวีนานาชาติ,วท.บ. สาขาวิชาวิทยาศาสตร์การเดินเรอื,Admission,,0,30,88,30,66.6453,35.4790
มหาวิทยาลัยเกษตรศาสตร์,ศรีราชา,10020325303801A,คณะพาณิชยนาวีนานาชาติ,วศ.บ. สาขาวิชาวิศวกรรมต่อเรือและ วิศวกรรมสมุทรศาสตร์,Admission,,0,20,90,20,31.0000,21.6498
มหาวิทยาลัยเกษตรศาสตร์,ศรีราชา,10020325303802A,คณะพาณิชยนาวีนานาชาติ,วศ.บ. สาขาวิชาวิศวกรรมเครื่องกลเรอื,Admission (คณะพาณิชย นาวีนานาชาติ รับนักเรียน หลักสูตรแกนกลาง),,0,15,57,15,59.9440,41.7635
มหาวิทยาลัยเกษตรศาสตร์,ศรีราชา,10020325303802A,คณะพาณิชยนาวีนานาชาติ,วศ.บ. สาขาวิชาวิศวกรรมเครื่องกลเรอื,Admission (คณะพาณิชย นาวีนานาชาติ รับนักเรียน อาชีวะ),,0,10,6,4,57.2703,38.9788
มหาวิทยาลัยเกษตรศาสตร์,ศรีราชา,10020326610102A,คณะวิทยาการจัดการ,บธ.บ. สาขาวิชาการเงินและการลงทุน,Admission,,0,60,441,60,64.6583,50.3041
มหาวิทยาลัยเกษตรศาสตร์,ศรีราชา,10020326610102B,คณะวิทยาการจัดการ,บธ.บ. สาขาวิชาการเงินและการลงทุน,Admission,,0,80,388,80,61.8081,41.6206
มหาวิทยาลัยเกษตรศาสตร์,ศรีราชา,10020326610201A,คณะวิทยาการจัดการ,บธ.บ. สาขาวิชาการจัดการ,Admission (คณะวิทยาการ จัดการ ใช้คะแนน A-Level Math1 คณิตศาสตร์ประยุก์ต1),,0,30,247,30,58.0624,46.9081
มหาวิทยาลัยเกษตรศาสตร์,ศรีราชา,10020326610201A,คณะวิทยาการจัดการ,บธ.บ. สาขาวิชาการจัดการ,Admission (คณะวิทยาการ จัดการ ใช้คะแนน A-Level Math2 คณิตศาสตร์ประยุก์ต2),,0,30,435,30,71.5333,53.8833
มหาวิทยาลัยเกษตรศาสตร์,ศรีราชา,10020326610201B,คณะวิทยาการจัดการ,บธ.บ. สาขาวิชาการจัดการ,Admission (คณะวิทยาการ จัดการ ใช้คะแนน A-Level Math1 คณิตศาสตร์ประยุก์ต1),,0,40,226,40,47.7123,40.5414
มหาวิทยาลัยเกษตรศาสตร์,ศรีราชา,10020326610201B,คณะวิทยาการจัดการ,บธ.บ. สาขาวิชาการจัดการ,Admission (คณะวิทยาการ จัดการ ใช้คะแนน A-Level Math2 คณิตศาสตร์ประยุก์ต2),,0,40,334,40,67.2040,45.7416
มหาวิทยาลัยเกษตรศาสตร์,ศรีราชา,10020326610201D,คณะวิทยาการจัดการ,บธ.บ. สาขาวิชาการจัดการ,Admission (คณะวิทยาการ จัดการ ใช้คะแนน A-Level Math1 คณิตศาสตร์ประยุก์ต1),,0,20,24,8,51.8000,31.4999
มหาวิทยาลัยเกษตรศาสตร์,ศรีราชา,10020326610201D,คณะวิทยาการจัดการ,บธ.บ. สาขาวิชาการจัดการ,Admission (คณะวิทยาการ จัดการ ใช้คะแนน A-Level Math2 คณิตศาสตร์ประยุก์ต2),,0,20,43,16,49.8041,33.2791
มหาวิทยาลัยเกษตรศาสตร์,ศรีราชา,10020326610502A,คณะวิทยาการจัดการ,บธ.บ. สาขาวิชาการบัญชี,Admission,,0,60,656,60,69.7206,58.5124
มหาวิทยาลัยเกษตรศาสตร์,ศรีราชา,10020326610502B,คณะวิทยาการจัดการ,บธ.บ. สาขาวิชาการบัญชี,Admission,,0,50,433,50,59.2874,52.5833
มหาวิทยาลัยเกษตรศาสตร์,ศรีราชา,10020326610502D,คณะวิทยาการจัดการ,บธ.บ. สาขาวิชาการบัญชี,Admission,,0,40,96,40,68.3373,41.9583
มหาวิทยาลัยเกษตรศาสตร์,ศรีราชา,10020326610602A,คณะวิทยาการจัดการ,บธ.บ. สาขาวิชาการตลาดดิจิทัลและการ สรา้ งตรา,Admission (คณะวิทยาการ จัดการ ใช้คะแนน A-Level Math1 คณิตศาสตร์ประยุก์ต1),,0,30,278,30,57.5040,48.9749
มหาวิทยาลัยเกษตรศาสตร์,ศรีราชา,10020326610602A,คณะวิทยาการจัดการ,บธ.บ. สาขาวิชาการตลาดดิจิทัลและการ สรา้ งตรา,Admission (คณะวิทยาการ จัดการ ใช้คะแนน A-Level Math2 คณิตศาสตร์ประยุก์ต2),,0,30,404,30,67.8624,55.0040
มหาวิทยาลัยเกษตรศาสตร์,ศรีราชา,10020326610602B,คณะวิทยาการจัดการ,บธ.บ. สาขาวิชาการตลาดดิจิทัลและการ สรา้ งตรา,Admission (คณะวิทยาการ จัดการ ใช้คะแนน A-Level Math1 คณิตศาสตร์ประยุก์ต1),,0,40,240,40,55.2706,41.5250
มหาวิทยาลัยเกษตรศาสตร์,ศรีราชา,10020326610602B,คณะวิทยาการจัดการ,บธ.บ. สาขาวิชาการตลาดดิจิทัลและการ สรา้ งตรา,Admission (คณะวิทยาการ จัดการ ใช้คะแนน A-Level Math2 คณิตศาสตร์ประยุก์ต2),,0,40,259,40,58.3916,47.1831
มหาวิทยาลัยเกษตรศาสตร์,ศรีราชา,10020326610602D,คณะวิทยาการจัดการ,บธ.บ. สาขาวิชาการตลาดดิจิทัลและการ สรา้ งตรา,Admission (คณะวิทยาการ จัดการ ใช้คะแนน A-Level Math1 คณิตศาสตร์ประยุก์ต1),,0,20,25,6,49.4499,30.3958
มหาวิทยาลัยเกษตรศาสตร์,ศรีราชา,10020326610602D,คณะวิทยาการจัดการ,บธ.บ. สาขาวิชาการตลาดดิจิทัลและการ สรา้ งตรา,Admission (คณะวิทยาการ จัดการ ใช้คะแนน A-Level Math2 คณิตศาสตร์ประยุก์ต2),,0,20,43,17,52.9749,26.8957
มหาวิทยาลัยเกษตรศาสตร์,ศรีราชา,10020326610802A,คณะวิทยาการจัดการ,บธ.บ. สาขาวิชาธุรกิจระหวา่ งประเทศ,Admission,,0,60,492,60,63.5998,48.1373
มหาวิทยาลัยเกษตรศาสตร์,ศรีราชา,10020326610802B,คณะวิทยาการจัดการ,บธ.บ. สาขาวิชาธุรกิจระหวา่ งประเทศ,Admission,,0,80,361,80,62.2039,42.2916
มหาวิทยาลัยเกษตรศาสตร์,ศรีราชา,10020326610802D,คณะวิทยาการจัดการ,บธ.บ. สาขาวิชาธุรกิจระหวา่ งประเทศ,Admission,,0,40,90,38,62.0040,24.9581
มหาวิทยาลัยเกษตรศาสตร์,ศรีราชา,10020326611001A,คณะวิทยาการจัดการ,บธ.บ. สาขาวิชาการจัดการโลจิสติกส์,Admission,,0,50,704,50,64.5749,52.4875
มหาวิทยาลัยเกษตรศาสตร์,ศรีราชา,10020326611001B,คณะวิทยาการจัดการ,บธ.บ. สาขาวิชาการจัดการโลจิสติกส์,Admission,,0,50,290,50,53.1373,45.5000
มหาวิทยาลัยเกษตรศาสตร์,ศรีราชา,10020326611001D,คณะวิทยาการจัดการ,บธ.บ. สาขาวิชาการจัดการโลจิสติกส์,Admission,,0,40,83,29,57.4457,23.9999
มหาวิทยาลัยเกษตรศาสตร์,ศรีราชา,10020326620102A,คณะวิทยาการจัดการ,บธ.บ. สาขาวิชาการจัดการอุตสาหกรรม การบริการ,Admission (คณะวิทยาการ จัดการ ใช้คะแนน A-Level Math1 คณิตศาสตร์ประยุก์ต1),วิชาเอกการจัดการโรงแรม,0,15,164,15,57.2998,47.0498
มหาวิทยาลัยเกษตรศาสตร์,ศรีราชา,10020326620102A,คณะวิทยาการจัดการ,บธ.บ. สาขาวิชาการจัดการอุตสาหกรรม การบริการ,Admission (คณะวิทยาการ จัดการ ใช้คะแนน A-Level Math2 คณิตศาสตร์ประยุก์ต2),วิชาเอกการจัดการโรงแรม,0,15,250,15,61.3956,54.1624
มหาวิทยาลัยเกษตรศาสตร์,ศรีราชา,10020326620102A,คณะวิทยาการจัดการ,บธ.บ. สาขาวิชาการจัดการอุตสาหกรรม การบริการ,Admission (คณะวิทยาการ จัดการ ใช้คะแนน A-Level Math1 คณิตศาสตร์ประยุก์ต1),วิชาเอกการจัดการการ ท่องเที่ยวร่วมสมัย,0,15,136,15,56.3665,47.3458
มหาวิทยาลัยเกษตรศาสตร์,ศรีราชา,10020326620102A,คณะวิทยาการจัดการ,บธ.บ. สาขาวิชาการจัดการอุตสาหกรรม การบริการ,Admission (คณะวิทยาการ จัดการ ใช้คะแนน A-Level Math2 คณิตศาสตร์ประยุก์ต2),วิชาเอกการจัดการการ ท่องเที่ยวร่วมสมัย,0,15,216,15,61.9498,53.6125
มหาวิทยาลัยเกษตรศาสตร์,ศรีราชา,10020326620102B,คณะวิทยาการจัดการ,บธ.บ. สาขาวิชาการจัดการอุตสาหกรรม การบริการ,Admission (คณะวิทยาการ จัดการ ใช้คะแนน A-Level Math1 คณิตศาสตร์ประยุก์ต1),วิชาเอกการจัดการโรงแรม,0,40,75,39,45.5081,21.5206
มหาวิทยาลัยเกษตรศาสตร์,ศรีราชา,10020326620102B,คณะวิทยาการจัดการ,บธ.บ. สาขาวิชาการจัดการอุตสาหกรรม การบริการ,Admission (คณะวิทยาการ จัดการ ใช้คะแนน A-Level Math2 คณิตศาสตร์ประยุก์ต2),วิชาเอกการจัดการโรงแรม,0,40,153,40,52.7789,40.3415
มหาวิทยาลัยเกษตรศาสตร์,ศรีราชา,10020326620102B,คณะวิทยาการจัดการ,บธ.บ. สาขาวิชาการจัดการอุตสาหกรรม การบริการ,Admission (คณะวิทยาการ จัดการ ใช้คะแนน A-Level Math1 คณิตศาสตร์ประยุก์ต1),วิชาเอกการจัดการการ ท่องเที่ยวร่วมสมัย,0,40,40,17,47.9414,26.8000
มหาวิทยาลัยเกษตรศาสตร์,ศรีราชา,10020326620102B,คณะวิทยาการจัดการ,บธ.บ. สาขาวิชาการจัดการอุตสาหกรรม การบริการ,Admission (คณะวิทยาการ จัดการ ใช้คะแนน A-Level Math2 คณิตศาสตร์ประยุก์ต2),วิชาเอกการจัดการการ ท่องเที่ยวร่วมสมัย,0,40,126,40,57.0665,38.1165
มหาวิทยาลัยเกษตรศาสตร์,ศรีราชา,10020326620102D,คณะวิทยาการจัดการ,บธ.บ. สาขาวิชาการจัดการอุตสาหกรรม การบริการ,Admission (คณะวิทยาการ จัดการ ใช้คะแนน A-Level Math1 คณิตศาสตร์ประยุก์ต1),วิชาเอกการจัดการโรงแรม,0,20,11,4,45.0957,31.0875
มหาวิทยาลัยเกษตรศาสตร์,ศรีราชา,10020326620102D,คณะวิทยาการจัดการ,บธ.บ. สาขาวิชาการจัดการอุตสาหกรรม การบริการ,Admission (คณะวิทยาการ จัดการ ใช้คะแนน A-Level Math2 คณิตศาสตร์ประยุก์ต2),วิชาเอกการจัดการโรงแรม,0,20,36,13,54.9999,38.9666
มหาวิทยาลัยเกษตรศาสตร์,ศรีราชา,10020326620102D,คณะวิทยาการจัดการ,บธ.บ. สาขาวิชาการจัดการอุตสาหกรรม การบริการ,Admission (คณะวิทยาการ จัดการ ใช้คะแนน A-Level Math1 คณิตศาสตร์ประยุก์ต1),วิชาเอกการจัดการการ ท่องเที่ยวร่วมสมัย,0,20,8,5,44.5707,30.0998
มหาวิทยาลัยเกษตรศาสตร์,ศรีราชา,10020326620102D,คณะวิทยาการจัดการ,บธ.บ. สาขาวิชาการจัดการอุตสาหกรรม การบริการ,Admission (คณะวิทยาการ จัดการ ใช้คะแนน A-Level Math2 คณิตศาสตร์ประยุก์ต2),วิชาเอกการจัดการการ ท่องเที่ยวร่วมสมัย,0,20,27,11,55.9498,41.7333
มหาวิทยาลัยเกษตรศาสตร์,ศรีราชา,10020327210303A,คณะวิทยาศาสตร์ศรีราชา,วท.บ. สาขาวิชาวิทยาการวิเคราะห์ข้อมูล และคณิตศาสตร์ประกันภัย,Admission (คณะ วิทยาศาสตร์ศรีราชา ใช้ คะแนน TPAT3),,0,30,61,13,59.8249,36.0999
มหาวิทยาลัยเกษตรศาสตร์,ศรีราชา,10020327210303A,คณะวิทยาศาสตร์ศรีราชา,วท.บ. สาขาวิชาวิทยาการวิเคราะห์ข้อมูล และคณิตศาสตร์ประกันภัย,Admission (คณะ วิทยาศาสตร์ศรีราชา ใช้ คะแนน A-Level Math1 คณิตศาสตร์ประยุก์ต1),,0,30,101,30,46.9747,36.5747
มหาวิทยาลัยเกษตรศาสตร์,ศรีราชา,10020327210401A,คณะวิทยาศาสตร์ศรีราชา,วท.บ. สาขาวิทยาศาสตร์และเทคโนโลียเคมีประยุกต์,Admission (คณะ วิทยาศาสตร์ศรีราชา ใช้ คะแนน TPAT3),,0,30,67,20,54.7374,35.6744
มหาวิทยาลัยเกษตรศาสตร์,ศรีราชา,10020327210401A,คณะวิทยาศาสตร์ศรีราชา,วท.บ. สาขาวิทยาศาสตร์และเทคโนโลียเคมีประยุกต์,Admission (คณะ วิทยาศาสตร์ศรีราชา ใช้ คะแนน A-Level Chem เคม)ี,,0,30,120,30,48.1552,35.8970
มหาวิทยาลัยเกษตรศาสตร์,ศรีราชา,10020327213501A,คณะวิทยาศาสตร์ศรีราชา,วท.บ. สาขาวิชาวิทยาศาสตร์และเทคโนโลยีสิ่งแวดล้อม,Admission,,0,30,132,30,49.6664,31.4830
มหาวิทยาลัยเกษตรศาสตร์,ศรีราชา,10020327220101A,คณะวิทยาศาสตร์ศรีราชา,วท.บ. สาขาวิชาวิทยาการและเทคโนโลียดิจิทัล,Admission,,0,20,154,20,56.3664,48.3218
มหาวิทยาลัยเกษตรศาสตร์,ศรีราชา,10020327220101B,คณะวิทยาศาสตร์ศรีราชา,วท.บ. สาขาวิชาวิทยาการและเทคโนโลียดิจิทัล,Admission,,0,40,90,32,56.6996,25.4274
มหาวิทยาลัยเกษตรศาสตร์,ศรีราชา,10020327220201A,คณะวิทยาศาสตร์ศรีราชา,วท.บ. สาขาวิชาวิทยาการคอมพิวเตอร์,Admission (คณะ วิทยาศาสตร์ศรีราชา ใช้ คะแนน TPAT3),,0,30,465,30,62.6496,52.3274
มหาวิทยาลัยเกษตรศาสตร์,ศรีราชา,10020327220201A,คณะวิทยาศาสตร์ศรีราชา,วท.บ. สาขาวิชาวิทยาการคอมพิวเตอร์,Admission (คณะ วิทยาศาสตร์ศรีราชา ใช้ คะแนน A-Level Math2 คณิตศาสตร์ประยุก์ต2),,0,25,101,25,66.2689,44.2885
มหาวิทยาลัยเกษตรศาสตร์,ศรีราชา,10020327220201B,คณะวิทยาศาสตร์ศรีราชา,วท.บ. สาขาวิชาวิทยาการคอมพิวเตอร์,Admission (คณะ วิทยาศาสตร์ศรีราชา รับนักเรียนหลักสูตรแกนกลาง),,0,30,149,30,56.7833,42.8576
มหาวิทยาลัยเกษตรศาสตร์,ศรีราชา,10020327220201B,คณะวิทยาศาสตร์ศรีราชา,วท.บ. สาขาวิชาวิทยาการคอมพิวเตอร์,Admission (คณะ วิทยาศาสตร์ศรีราชา รับนักเรียนทุกรูปแบบ),,0,25,70,25,61.2216,36.4440
มหาวิทยาลัยเกษตรศาสตร์,ศรีราชา,10020328300502A,คณะวิศวกรรมศาสตร์ศรีราชา,วศ.บ. สาขาวิชาวิศวกรรมคอมพิวเตอ์รและสารสนเทศศาสตร์,Admission,,0,30,75,30,55.9361,19.2500
มหาวิทยาลัยเกษตรศาสตร์,ศรีราชา,10020328300702A,คณะวิศวกรรมศาสตร์ศรีราชา,วศ.บ. สาขาวิชาวิศวกรรมเครื่องกลและการออกแบบ,Admission,,0,40,102,40,43.0000,25.8108
มหาวิทยาลัยเกษตรศาสตร์,ศรีราชา,10020328301602A,คณะวิศวกรรมศาสตร์ศรีราชา,วศ.บ. สาขาวิชาวิศวกรรมไฟฟ้าและ อิเล็กทรอนิกส์,Admission,,0,55,193,55,57.6108,40.3444
มหาวิทยาลัยเกษตรศาสตร์,ศรีราชา,10020328302001E,คณะวิศวกรรมศาสตร์ศรีราชา,วศ.บ. สาขาวิชาวิศวกรรมยานยนต์,Admission,,0,36,110,31,51.8552,30.2996
มหาวิทยาลัยเกษตรศาสตร์,ศรีราชา,10020328302101A,คณะวิศวกรรมศาสตร์ศรีราชา,วศ.บ. สาขาวิชาวิศวกรรมโยธา,Admission,,0,35,111,35,46.1164,33.8222
มหาวิทยาลัยเกษตรศาสตร์,ศรีราชา,10020328302901E,คณะวิศวกรรมศาสตร์ศรีราชา,วศ.บ. สาขาวิชาวิศวกรรมหุ่นยนต์และ ระบบอัตโนมัติ,Admission,,0,30,41,12,57.2550,35.2774
มหาวิทยาลัยเกษตรศาสตร์,ศรีราชา,10020328303401A,คณะวิศวกรรมศาสตร์ศรีราชา,วศ.บ. สาขาวิชาวิศวกรรมดิจิทัลและ อิเล็กทรอนิกส์อัจฉริยะ,Admission,,0,55,132,46,52.7216,28.7996
มหาวิทยาลัยเกษตรศาสตร์,ศรีราชา,10020328303502A,คณะวิศวกรรมศาสตร์ศรีราชา,วศ.บ. สาขาวิชาวิศวกรรมอุตสาหการและ ระบบ,Admission,,0,25,56,24,39.0775,18.2388
มหาวิทยาลัยเกษตรศาสตร์,ศรีราชา,10020328303504D,คณะวิศวกรรมศาสตร์ศรีราชา,วศ.บ. สาขาวิชาวิศวกรรมระบบการผลิต ดิจิทัล,Admission,,0,40,106,40,58.2552,31.0330
มหาวิทยาลัยเกษตรศาสตร์,เฉลิมพระเกียริตจ.สกลนคร,10020429111801A,คณะทรัพยากรธรรมชาติและอุตสาหกรรมเกษตร,วท.บ. สาขาวิชาอาหารปลอดภัยและ โภชนาการ,Admission,,0,80,10,4,40.9500,36.0000
มหาวิทยาลัยเกษตรศาสตร์,เฉลิมพระเกียริตจ.สกลนคร,10020429211001A,คณะทรัพยากรธรรมชาติและอุตสาหกรรมเกษตร,วท.บ. สาขาวิชาเทคโนโลยีการอาหาร,Admission,,0,80,7,1,39.9700,39.9700
มหาวิทยาลัยเกษตรศาสตร์,เฉลิมพระเกียริตจ.สกลนคร,10020429500201A,คณะทรัพยากรธรรมชาติและอุตสาหกรรมเกษตร,วท.บ. สาขาวิชาพืชศาสตร์,Admission,,0,80,3,0,0.0000,0.0000
มหาวิทยาลัยเกษตรศาสตร์,เฉลิมพระเกียริตจ.สกลนคร,10020429500202A,คณะทรัพยากรธรรมชาติและอุตสาหกรรมเกษตร,วท.บ. สาขาวิชาทรัพยากรเกษตรและการ จัดการการผลิต,Admission,,0,80,3,1,48.3300,48.3300
มหาวิทยาลัยเกษตรศาสตร์,เฉลิมพระเกียริตจ.สกลนคร,10020429500601A,คณะทรัพยากรธรรมชาติและอุตสาหกรรมเกษตร,วท.บ. สาขาวิชาเทคโนโลยีการเพาะเลี้ยง สัตว์น้ าอย่างยั่งยืน,Admission,,0,40,11,3,38.6000,33.3700
มหาวิทยาลัยเกษตรศาสตร์,เฉลิมพระเกียริตจ.สกลนคร,10020429501201A,คณะทรัพยากรธรรมชาติและอุตสาหกรรมเกษตร,วท.บ. สาขาวิชาสัตวศาสตร์,Admission,,0,40,12,6,45.8700,26.5000
มหาวิทยาลัยเกษตรศาสตร์,เฉลิมพระเกียริตจ.สกลนคร,10020430210403A,คณะวิทยาศาสตร์และวิศวกรรมศาสตร์,วท.บ. สาขาวิชาเคมีประยุกต์,Admission,,0,60,66,20,78.4720,52.2500
มหาวิทยาลัยเกษตรศาสตร์,เฉลิมพระเกียริตจ.สกลนคร,10020430211401A,คณะวิทยาศาสตร์และวิศวกรรมศาสตร์,วท.บ. สาขาวิชาเทคโนโลยีพลังงานเพื่อ ความยั่งยืน,Admission,,0,60,38,8,71.7080,55.1665
มหาวิทยาลัยเกษตรศาสตร์,เฉลิมพระเกียริตจ.สกลนคร,10020430220201A,คณะวิทยาศาสตร์และวิศวกรรมศาสตร์,วท.บ. สาขาวิชาวิทยาการคอมพิวเตอร์,Admission,,0,90,149,51,79.1525,46.6940
มหาวิทยาลัยเกษตรศาสตร์,เฉลิมพระเกียริตจ.สกลนคร,10020430220301A,คณะวิทยาศาสตร์และวิศวกรรมศาสตร์,วท.บ. สาขาวิชาวิทยาการข้อมูล,Admission,,0,60,32,6,76.7080,54.9720
มหาวิทยาลัยเกษตรศาสตร์,เฉลิมพระเกียริตจ.สกลนคร,10020430300501A,คณะวิทยาศาสตร์และวิศวกรรมศาสตร์,วศ.บ. สาขาวิชาวิศวกรรมคอมพิวเตอร์,Admission,,0,40,187,40,78.0690,64.7220
มหาวิทยาลัยเกษตรศาสตร์,เฉลิมพระเกียริตจ.สกลนคร,10020430300703A,คณะวิทยาศาสตร์และวิศวกรรมศาสตร์,วศ.บ. สาขาวิชาวิศวกรรมเครื่องกลและ การผลิต,Admission,,0,40,100,22,80.1665,19.5830
มหาวิทยาลัยเกษตรศาสตร์,เฉลิมพระเกียริตจ.สกลนคร,10020430301601A,คณะวิทยาศาสตร์และวิศวกรรมศาสตร์,วศ.บ. สาขาวิชาวิศวกรรมไฟฟ้า,Admission,,0,40,212,40,80.6110,62.7360
มหาวิทยาลัยเกษตรศาสตร์,เฉลิมพระเกียริตจ.สกลนคร,10020430302101A,คณะวิทยาศาสตร์และวิศวกรรมศาสตร์,วศ.บ. สาขาวิชาวิศวกรรมโยธา,Admission,,0,30,192,30,77.8470,66.7360
มหาวิทยาลัยเกษตรศาสตร์,เฉลิมพระเกียริตจ.สกลนคร,10020430302802A,คณะวิทยาศาสตร์และวิศวกรรมศาสตร์,วศ.บ. สาขาวิชาวิศวกรรมสิ่งแวดล้อมเพื่อ การพัฒนาอย่างยั่งยืน,Admission,,0,20,43,9,75.6250,43.2775
มหาวิทยาลัยเกษตรศาสตร์,เฉลิมพระเกียริตจ.สกลนคร,10020430303501A,คณะวิทยาศาสตร์และวิศวกรรมศาสตร์,วศ.บ. สาขาวิชาวิศวกรรมอุตสาหการ,Admission,,0,40,65,10,71.2220,17.3610
มหาวิทยาลัยเกษตรศาสตร์,เฉลิมพระเกียริตจ.สกลนคร,10020431610101A,คณะศิลปศาสตร์และ วิทยาการจัดการ,บธ.บ. สาขาวิชาการบริหารการเงินและ การลงทุน,Admission,,0,40,79,27,78.7500,21.3885
มหาวิทยาลัยเกษตรศาสตร์,เฉลิมพระเกียริตจ.สกลนคร,10020431610201A,คณะศิลปศาสตร์และ วิทยาการจัดการ,บธ.บ. สาขาวิชาการจัดการ,Admission,,0,80,46,11,73.9305,46.2360
มหาวิทยาลัยเกษตรศาสตร์,เฉลิมพระเกียริตจ.สกลนคร,10020431610501A,คณะศิลปศาสตร์และ วิทยาการจัดการ,บช.บ.(บัญชีบัณฑิต),Admission,,0,100,218,73,81.3055,45.0415
มหาวิทยาลัยเกษตรศาสตร์,เฉลิมพระเกียริตจ.สกลนคร,10020431610601A,คณะศิลปศาสตร์และ วิทยาการจัดการ,บธ.บ. สาขาวิชาการตลาด,Admission,,0,150,57,14,77.6250,49.4165
มหาวิทยาลัยเกษตรศาสตร์,เฉลิมพระเกียริตจ.สกลนคร,10020431620102A,คณะศิลปศาสตร์และ วิทยาการจัดการ,บธ.บ. สาขาวิชาการจัดการอุตสาหกรรม การบริการ,Admission,วิชาเอกการจัดการโรงแรม,0,60,58,19,69.0135,46.0000
มหาวิทยาลัยเกษตรศาสตร์,เฉลิมพระเกียริตจ.สกลนคร,10020431620102A,คณะศิลปศาสตร์และ วิทยาการจัดการ,บธ.บ. สาขาวิชาการจัดการอุตสาหกรรม การบริการ,Admission,วิชาเอกการจัดการการ ท่องเที่ยวร่วมสมัย,0,60,40,5,59.9025,40.0415
มหาวิทยาลัยเกษตรศาสตร์,เฉลิมพระเกียริตจ.สกลนคร,10020431901001A,คณะศิลปศาสตร์และ วิทยาการจัดการ,น.บ.(นิติศาสตรบัณฑิต),Admission,,0,60,196,60,74.0830,55.5690
มหาวิทยาลัยเกษตรศาสตร์,เฉลิมพระเกียริตจ.สกลนคร,10020431902501A,คณะศิลปศาสตร์และ วิทยาการจัดการ,ศศ.บ. สาขาวิชาภาษาอังกฤษ,Admission,,0,100,145,57,80.1665,16.1110
มหาวิทยาลัยเกษตรศาสตร์,เฉลิมพระเกียริตจ.สกลนคร,10020431903101A,คณะศิลปศาสตร์และ วิทยาการจัดการ,รป.บ.(รัฐประศาสนศาสตรบัณฑิต),Admission,,0,60,84,25,70.4580,17.2915
มหาวิทยาลัยเกษตรศาสตร์,เฉลิมพระเกียริตจ.สกลนคร,10020432112701A,คณะสาธารณสุขศาสตร์,ส.บ.(สาธารณสุขศาสตรบัณฑิต),Admission,,0,20,283,20,52.1644,43.9054
มหาวิทยาลัยเกษตรศาสตร์,เฉลิมพระเกียริตจ.สกลนคร,10020432112702A,คณะสาธารณสุขศาสตร์,วท.บ. สาขาวิชาอนามัยสิ่งแวดล้อม,Admission,,0,40,141,40,53.7266,37.6632
มหาวิทยาลัยเกษตรศาสตร์,เฉลิมพระเกียริตจ.สกลนคร,10020432112703A,คณะสาธารณสุขศาสตร์,วท.บ. สาขาวิชาอาชีวอนามัยและความ ปลอดภัย,Admission,,0,20,174,20,46.9332,42.1400
มหาวิทยาลัยเกษตรศาสตร์,สำนักงานเขต บริหารการเรียนรู้ พื้นที่สุพรรณบุรี,10020535620101A,คณะสหวิทยาการจัดการและเทคโนโลยี,บธ.บ. สาขาวิชาการจัดการท่องเที่ยวเชิง วัฒนธรรมและสุขภาพ,Admission,,0,40,31,10,56.6660,30.2770
มหาวิทยาลัยเกษตรศาสตร์,สำนักงานเขต บริหารการเรียนรู้ พื้นที่สุพรรณบุรี,10020535620102A,คณะสหวิทยาการจัดการและเทคโนโลยี,บธ.บ. สาขาวิชาการจัดการอุตสาหกรรม การบริการ,Admission,วิชาเอกการจัดการโรงแรม,0,50,46,11,60.4160,36.5270
มหาวิทยาลัยเกษตรศาสตร์,สำนักงานเขต บริหารการเรียนรู้ พื้นที่สุพรรณบุรี,10020535620102A,คณะสหวิทยาการจัดการและเทคโนโลยี,บธ.บ. สาขาวิชาการจัดการอุตสาหกรรม การบริการ,Admission,วิชาเอกการจัดการการ ท่องเที่ยวร่วมสมัย,0,50,29,11,56.3880,25.8330
มหาวิทยาลัยขอนแก่น,ขอนแก่น,10030102210304A,คณะวิทยาศาสตร์,วิทยาศาสตรบัณฑิต (คณิตศาสตร)์ คณิตศาสตร์,คณะวิทยาศาสตร์วท.บ. (คณิตศาสตร)์ คณิตศาสตร์,,0,73,95,42,42.5832,30.1125
มหาวิทยาลัยขอนแก่น,ขอนแก่น,10030102210402A,คณะวิทยาศาสตร์,วิทยาศาสตรบัณฑิต (เคม)ี เคมี,คณะวิทยาศาสตร์วท.บ. (เคม)ี เคมี,,0,64,269,64,42.2066,32.4732
มหาวิทยาลัยขอนแก่น,ขอนแก่น,10030102210502A,คณะวิทยาศาสตร์,วิทยาศาสตรบัณฑิต (จุลชีววิทยา) จุล ชีววิทยา,คณะวิทยาศาสตร์วท.บ. (จุล ชีววิทยา) จุลชีววิทยา,,0,40,526,40,44.1125,36.7583
มหาวิทยาลัยขอนแก่น,ขอนแก่น,10030102210602A,คณะวิทยาศาสตร์,วิทยาศาสตรบัณฑิต (ชีวเคม)ี ชีวเคมี,คณะวิทยาศาสตร์วท.บ. (ชีวเคม)ี ชีวเคมี,,0,28,133,28,45.4197,32.8041
มหาวิทยาลัยขอนแก่น,ขอนแก่น,10030102210702A,คณะวิทยาศาสตร์,วิทยาศาสตรบัณฑิต (ชีววิทยา) ชีววิทยา,คณะวิทยาศาสตร์วท.บ. (ชีววิทยา) ชีววิทยา รูปแบบที่ 2,,0,10,174,10,49.8082,46.1138
มหาวิทยาลัยขอนแก่น,ขอนแก่น,10030102210702A,คณะวิทยาศาสตร์,วิทยาศาสตรบัณฑิต (ชีววิทยา) ชีววิทยา,คณะวิทยาศาสตร์วท.บ. (ชีววิทยา) ชีววิทยา รูปแบบที่ 1,,0,42,233,42,47.7375,35.2041
มหาวิทยาลัยขอนแก่น,ขอนแก่น,10030102211401A,คณะวิทยาศาสตร์,วิทยาศาสตรบัณฑิต (วิทยาศาสต์รแบตเตอรี่และพลังงานใหม)่ วิทยาศาสต์รแบตเตอรี่และพลังงานใหม่,คณะวิทยาศาสตร์วท.บ. (วิทยาศาสตร์แบตเตอรี่และ พลังงานใหม)่ วิทยาศาสต์รแบตเตอรี่และพลังงานใหม่,,0,19,103,19,39.2157,31.8483
มหาวิทยาลัยขอนแก่น,ขอนแก่น,10030102212702A,คณะวิทยาศาสตร์,วิทยาศาสตรบัณฑิต (ฟิสิกส์) ฟิสิกส์,คณะวิทยาศาสตร์วท.บ. (ฟิสิกส์) ฟิสิกส์,,0,39,180,39,44.8117,31.8508
มหาวิทยาลัยขอนแก่น,ขอนแก่น,10030102212802A,คณะวิทยาศาสตร์,วิทยาศาสตรบัณฑิต (วัสดุศาสตร์และนาโน เทคโนโลยี) วัสดุศาสตร์และนาโนเทคโนโลยี,คณะวิทยาศาสตร์วท.บ. (วัสดุศาสตร์และนาโน เทคโนโลยี) วัสดุศาสตร์และ นาโนเทคโนโลยี,,0,31,131,31,36.8225,32.0691
มหาวิทยาลัยขอนแก่น,ขอนแก่น,10030102213102A,คณะวิทยาศาสตร์,วิทยาศาสตรบัณฑิต (วิทยาศาสต์รสิ่งแวดล้อม) วิทยาศาสตร์สิ่งแวดล้อม,คณะวิทยาศาสตร์วท.บ. (วิทยาศาสตร์สิ่งแวดล้อม) วิทยาศาสตร์สิ่งแวดล้อม,,0,44,121,39,47.3150,30.0025
มหาวิทยาลัยขอนแก่น,ขอนแก่น,10030102213303A,คณะวิทยาศาสตร์,วิทยาศาสตรบัณฑิต (สถิติและวิทยาการ ข้อมูล) สถิติและวิทยาการข้อมูล,คณะวิทยาศาสตร์วท.บ. (สถิติและวิทยาการข้อมูล) สถิติและวิทยาการข้อมูล,,0,50,267,50,47.7222,36.7554
มหาวิทยาลัยขอนแก่น,ขอนแก่น,10030103500201A,คณะเกษตรศาสตร์,วิทยาศาสตรบัณฑิต (เกษตรศาสตร)์ เกษตรศาสตร์วิชาเอกกีฏวิทยา แผนที่ 2,คณะเกษตรศาสตร์วท.บ. (เกษตรศาสตร)์ เกษตรศาสต์รวิชาเอกกีฏวิทยา แผนที่ 2,เกษตรศาสตร์วิชาเอกกีฏ วิทยา แผนที่ 2,0,10,15,4,30.9094,30.2921
มหาวิทยาลัยขอนแก่น,ขอนแก่น,10030103500201A,คณะเกษตรศาสตร์,วิทยาศาสตรบัณฑิต (เกษตรศาสตร)์ เกษตรศาสตร์วิชาเอกโรคพืชวิทยา แผนที่ 2,คณะเกษตรศาสตร์วท.บ. (เกษตรศาสตร)์ เกษตรศาสต์รวิชาเอกโรคพืชวิทยา แผนที่ 2,เกษตรศาสตร์วิชาเอกโรค พืชวิทยา แผนที่ 2,0,10,19,5,32.2683,30.3343
มหาวิทยาลัยขอนแก่น,ขอนแก่น,10030103500201A,คณะเกษตรศาสตร์,วิทยาศาสตรบัณฑิต (เกษตรศาสตร)์ เกษตรศาสตร์วิชาเอกปฐพีศาสตร์และ สิ่งแวดล้อม แผนที่ 2,คณะเกษตรศาสตร์วท.บ. (เกษตรศาสตร)์ เกษตรศาสต์รวิชาเอกปฐพีศาสตร์และ สิ่งแวดล้อม แผนที่ 2,เกษตรศาสตร์วิชาเอกปฐีพศาสตร์และสิ่งแวดล้อม แผน ที่ 2,0,15,23,5,35.2477,30.0444
มหาวิทยาลัยขอนแก่น,ขอนแก่น,10030103500201A,คณะเกษตรศาสตร์,วิทยาศาสตรบัณฑิต (เกษตรศาสตร)์ เกษตรศาสตร์วิชาเอกพืชสวน แผนที่ 2,คณะเกษตรศาสตร์วท.บ. (เกษตรศาสตร)์ เกษตรศาสต์รวิชาเอกพืชสวน แผนที่ 2,เกษตรศาสตร์วิชาเอกพืช สวน แผนที่ 2,0,10,27,4,32.9600,30.4088
มหาวิทยาลัยขอนแก่น,ขอนแก่น,10030103500201A,คณะเกษตรศาสตร์,วิทยาศาสตรบัณฑิต (เกษตรศาสตร)์ เกษตรศาสตร์วิชาเอกการส่งเสริมและพัฒนาการเกษตร แผนที่ 2,คณะเกษตรศาสตร์วท.บ. (เกษตรศาสตร)์ เกษตรศาสต์รวิชาเอกการส่งเสริมและพัฒนาการเกษตร แผนที่ 2,เกษตรศาสตร์วิชาเอกการ ส่งเสริมและพัฒนาการ เกษตร แผนที่ 2,0,15,26,3,31.3849,30.4849
มหาวิทยาลัยขอนแก่น,ขอนแก่น,10030103500201A,คณะเกษตรศาสตร์,วิทยาศาสตรบัณฑิต (เกษตรศาสตร)์ เกษตรศาสตร์วิชาเอกพืชไร่แผนที่ 2,คณะเกษตรศาสตร์วท.บ. (เกษตรศาสตร)์ เกษตรศาสต์รวิชาเอกพืชไร่แผนที่ 2,เกษตรศาสตร์วิชาเอกพืชไร่ แผนที่ 2,0,10,20,3,32.4688,30.0527
มหาวิทยาลัยขอนแก่น,ขอนแก่น,10030103500202A,คณะเกษตรศาสตร์,วิทยาศาสตรบัณฑิต (เศรษฐศาสตร์เกษตร และธุรกิจเกษตร) เศรษฐศาสตร์เกษตร และธุรกิจเกษตร แผนที่ 2,คณะเกษตรศาสตร์วท.บ. (เศรษฐศาสตร์เกษตรและ ธุรกิจเกษตร) เศรษฐศาสต์รเกษตรและธุรกิจเกษตร แผนที่ 2,เศรษฐศาสตร์เกษตรและ ธุรกิจเกษตร แผนที่ 2,0,15,30,11,39.0360,30.1866
มหาวิทยาลัยขอนแก่น,ขอนแก่น,10030103500401A,คณะเกษตรศาสตร์,เกษตรศาสตรบัณฑิต (เกษตรนวัตกรรม) เกษตรนวัตกรรม,คณะเกษตรศาสตร์กษ.บ. (เกษตรนวัตกรรม) เกษตร นวัตกรรม,,0,20,85,20,34.2952,30.4724
มหาวิทยาลัยขอนแก่น,ขอนแก่น,10030103500602A,คณะเกษตรศาสตร์,วิทยาศาสตรบัณฑิต (การประมง) การ ประมง แผนที่ 2,คณะเกษตรศาสตร์วท.บ. (การประมง) การประมง แผนที่ 2,,0,20,39,9,32.7510,30.6733
มหาวิทยาลัยขอนแก่น,ขอนแก่น,10030103501203A,คณะเกษตรศาสตร์,วิทยาศาสตรบัณฑิต (สัตวศาสตร)์ สัตว ศาสตร์แผนที่ 2,คณะเกษตรศาสตร์วท.บ. (สัตวศาสตร)์ สัตวศาสต์รแผนที่ 2,สัตวศาสตร์แผนที่ 2,0,35,154,35,51.6666,31.7622
มหาวิทยาลัยขอนแก่น,ขอนแก่น,10030104300401A,คณะวิศวกรรมศาสตร์,วิศวกรรมศาสตรบัณฑิต (วิศวกรรมเกษตร) วิศวกรรมเกษตร,คณะวิศวกรรมศาสตร์วศ.บ. (วิศวกรรมเกษตร) วิศวกรรม เกษตร,,0,9,277,9,40.6457,38.1957
มหาวิทยาลัยขอนแก่น,ขอนแก่น,10030104300501A,คณะวิศวกรรมศาสตร์,วิศวกรรมศาสตรบัณฑิต (วิศวกรรม คอมพิวเตอร)์ วิศวกรรมคอมพิวเตอร์,คณะวิศวกรรมศาสตร์วศ.บ. (วิศวกรรมคอมพิวเตอร)์ วิศวกรรมคอมพิวเตอร์,,0,34,338,34,57.2625,47.2500
มหาวิทยาลัยขอนแก่น,ขอนแก่น,10030104300603E,คณะวิศวกรรมศาสตร์,วิศวกรรมศาสตรบัณฑิต (วิศวกรรม กระบวนการเคมี) วิศวกรรมกระบวนการ เคีมหลักสูตรนานาชาติ,คณะวิศวกรรมศาสตร์วศ.บ. (วิศวกรรมกระบวนการเคมี) วิศวกรรมกระบวนการเคีมหลักสูตรนานาชาติ,,0,23,69,23,42.4666,31.8250
มหาวิทยาลัยขอนแก่น,ขอนแก่น,10030104300604A,คณะวิศวกรรมศาสตร์,วิศวกรรมศาสตรบัณฑิต (วิศวกรรมเคมี) วิศวกรรมเคมี,คณะวิศวกรรมศาสตร์วศ.บ. (วิศวกรรมเคมี) วิศวกรรมเคมี,,0,24,116,24,40.8000,33.8000
มหาวิทยาลัยขอนแก่น,ขอนแก่น,10030104300701A,คณะวิศวกรรมศาสตร์,วิศวกรรมศาสตรบัณฑิต (วิศวกรรมเครื่องกล) วิศวกรรมเครื่องกล,คณะวิศวกรรมศาสตร์วศ.บ. (วิศวกรรมเครื่องกล) วิศวกรรมเครื่องกล,,0,29,440,30,45.9166,40.2832
มหาวิทยาลัยขอนแก่น,ขอนแก่น,10030104301001E,คณะวิศวกรรมศาสตร์,วิศวกรรมศาสตรบัณฑิต (วิศวกรรมสื่อ ดิจิทัล) หลักสูตรนานาชาติ วิศวกรรมสื่อ ดิจิทัล หลักสูตรนานาชาติ,คณะวิศวกรรมศาสตร์วศ.บ. (วิศวกรรมสื่อดิจิทัล) นานาชาติ วิศวกรรมสื่อดิจิทัล หลักสูตรนานาชาติ,,0,9,102,9,44.9750,39.8625
มหาวิทยาลัยขอนแก่น,ขอนแก่น,10030104301601A,คณะวิศวกรรมศาสตร์,วิศวกรรมศาสตรบัณฑิต (วิศวกรรมไฟฟ้า) วิศวกรรมไฟฟ้า,คณะวิศวกรรมศาสตร์วศ.บ. (วิศวกรรมไฟฟ้า) วิศวกรรมไฟฟ้า,,0,15,75,15,54.6916,44.1416
มหาวิทยาลัยขอนแก่น,ขอนแก่น,10030104301801E,คณะวิศวกรรมศาสตร์,วิศวกรรมศาสตรบัณฑิต (วิศวกรรม โทรคมนาคม) หลักสูตรนานาชาติ วิศวกรรมโทรคมนาคม หลักสูตรนานาชาติ,คณะวิศวกรรมศาสตร์วศ.บ. (วิศวกรรมโทรคมนาคม) นานาชาติ วิศวกรรม โทรคมนาคม หลักสูตร นานาชาติ,,0,21,0,0,0.0000,0.0000
มหาวิทยาลัยขอนแก่น,ขอนแก่น,10030104302101A,คณะวิศวกรรมศาสตร์,วิศวกรรมศาสตรบัณฑิต (วิศวกรรมโยธา) วิศวกรรมโยธา,คณะวิศวกรรมศาสตร์วศ.บ. (วิศวกรรมโยธา) วิศวกรรม โยธา,,0,12,330,12,50.4582,40.7916
มหาวิทยาลัยขอนแก่น,ขอนแก่น,10030104302301A,คณะวิศวกรรมศาสตร์,วิศวกรรมศาสตรบัณฑิต (วิศวกรรมระบบ อัตโนมัติ หุ่นยน์ตและปัญญาประดิษฐ)์ วิศวกรรมระบบอัตโนมัติ หุ่นยน์ตและ ปัญญาประดิษฐ์,คณะวิศวกรรมศาสตร์วศ.บ. (วิศวกรรมระบบอัตโนมัติ หุ่นยน์ตและปัญญาประดิษฐ)์ วิศวกรรมระบบอัตโนมัติ หุ่นยน์ตและปัญญาประดิษฐ์,,0,35,108,35,45.4000,36.1666
มหาวิทยาลัยขอนแก่น,ขอนแก่น,10030104302401E,คณะวิศวกรรมศาสตร์,วิศวกรรมศาสตรบัณฑิต (วิศวกรรมโลิจสติกส์) หลักสูตรนานาชาติ วิศวกรรมโลิจสติก์สหลักสูตรนานาชาติ,คณะวิศวกรรมศาสตร์วศ.บ. (วิศวกรรมโลจิสติกส์) นานาชาติ วิศวกรรมโลจิสติก์สหลักสูตรนานาชาติ,,0,28,156,28,49.0250,34.6750
มหาวิทยาลัยขอนแก่น,ขอนแก่น,10030104302801A,คณะวิศวกรรมศาสตร์,วิศวกรรมศาสตรบัณฑิต (วิศวกรรม สิ่งแวดล้อม) วิศวกรรมสิ่งแวดล้อม,คณะวิศวกรรมศาสตร์วศ.บ. (วิศวกรรมสิ่งแวดล้อม) วิศวกรรมสิ่งแวดล้อม,,0,30,279,30,46.1500,34.4832
มหาวิทยาลัยขอนแก่น,ขอนแก่น,10030104303401A,คณะวิศวกรรมศาสตร์,วิศวกรรมศาสตรบัณฑิต (วิศวกรรมระบบ อิเล็กทรอนิกส์) วิศวกรรมระบบ อิเล็กทรอนิกส์,คณะวิศวกรรมศาสตร์วศ.บ. (วิศวกรรมระบบ อิเล็กทรอนิกส์) วิศวกรรม ระบบอิเล็กทรอนิกส์,,0,17,231,17,42.9500,36.5832
มหาวิทยาลัยขอนแก่น,ขอนแก่น,10030104303501A,คณะวิศวกรรมศาสตร์,วิศวกรรมศาสตรบัณฑิต (วิศวกรรมอุตสา หการ) วิศวกรรมอุตสาหการ,คณะวิศวกรรมศาสตร์วศ.บ. (วิศวกรรมอุตสาหการ) วิศวกรรมอุตสาหการ,,0,16,295,17,47.2250,39.9957
มหาวิทยาลัยขอนแก่น,ขอนแก่น,10030105700201A,คณะศึกษาศาสตร์,ศึกษาศาสตรบัณฑิต (การศึกษาปฐมวัยและประถมศึกษา) ศึกษาศาสตรบัณฑิต วิชาเอกเดี่ยวการประถมศึกษา,คณะศึกษาศาสตร์ศษ.บ. (การศึกษาปฐมวัยและ ประถมศึกษา) ศึกษาศาสตร บัณฑิต วิชาเอกเดี่ยวการ ประถมศึกษา,,0,7,397,7,67.5000,57.6150
มหาวิทยาลัยขอนแก่น,ขอนแก่น,10030105700602A,คณะศึกษาศาสตร์,ศึกษาศาสตรบัณฑิต (การศึกษาปฐมวัยและประถมศึกษา) ศึกษาศาสตรบัณฑิต วิชาเอกคู่การศึกษาปฐมวัยและ ประถมศึกษา,คณะศึกษาศาสตร์ศษ.บ. (การศึกษาปฐมวัยและ ประถมศึกษา) ศึกษาศาสตร บัณฑิต วิชาเอกคู่การศึกษา ปฐมวัยและประถมศึกษา,,0,6,429,6,56.5500,54.8050
มหาวิทยาลัยขอนแก่น,ขอนแก่น,10030105702003B,คณะศึกษาศาสตร์,ศึกษาศาสตรบัณฑิต (การสอนภาษาจีนใน ฐานะภาษาต่างประเทศ) การสอนภาษาจีน ในฐานะภาษาต่างประเทศ,คณะศึกษาศาสตร์ศษ.บ. (การสอนภาษาจีนในฐานะ ภาษาต่างประเทศ) การสอน ภาษาจีนในฐานะ ภาษาต่างประเทศ,,0,6,12,5,55.1625,37.8500
มหาวิทยาลัยขอนแก่น,ขอนแก่น,10030105702504A,คณะศึกษาศาสตร์,ศึกษาศาสตรบัณฑิต (ดนตรีศึกษา) ศึกษา ศาสตรบัณฑิต วิชาเอกดนตรีศึกษา,คณะศึกษาศาสตร์ศษ.บ. (ดนตรีศึกษา) ศึกษาศาสตร บัณฑิต วิชาเอกดนตรีศึกษา,,0,4,1,0,0.0000,0.0000
มหาวิทยาลัยขอนแก่น,ขอนแก่น,10030105703501A,คณะศึกษาศาสตร์,ศึกษาศาสตรบัณฑิต (การสอนภาษาไทย) ศึกษาศาสตรบัณฑิต วิชาเอกการสอน ภาษาไทย,คณะศึกษาศาสตร์ศษ.บ. (การสอนภาษาไทย) ศึกษา ศาสตรบัณฑิต วิชาเอกการ สอนภาษาไทย,ศึกษาศาสตรบัณฑิต วิชาเอกการสอนภาษาไทย,0,5,714,5,75.4875,69.7500
มหาวิทยาลัยขอนแก่น,ขอนแก่น,10030105703501A,คณะศึกษาศาสตร์,ศึกษาศาสตรบัณฑิต (คณิตศาสตรศึกษา) ศึกษาศาสตรบัณฑิต วิชาเอกคณิตศาสตร ศึกษา,คณะศึกษาศาสตร์ศษ.บ. (คณิตศาสตรศึกษา) ศึกษา ศาสตรบัณฑิต วิชาเอกคณิตศาสตรศึกษา,ศึกษาศาสตรบัณฑิต วิชาเอกคณิตศาสตรศึกษา,0,11,271,11,62.5875,56.2250
มหาวิทยาลัยขอนแก่น,ขอนแก่น,10030105703501A,คณะศึกษาศาสตร์,ศึกษาศาสตรบัณฑิต (วิทยาศาสตร์ศึกษา) ศึกษาศาสตรบัณฑิต วิชาเอกวิทยาศาสต์รศึกษา,คณะศึกษาศาสตร์ศษ.บ. (วิทยาศาสตร์ศึกษา) ศึกษา ศาสตรบัณฑิต วิชาเอก วิทยาศาสตร์ศึกษา,ศึกษาศาสตรบัณฑิต วิชาเอก วิทยาศาสตร์ศึกษา,0,13,89,13,58.7200,49.8240
มหาวิทยาลัยขอนแก่น,ขอนแก่น,10030105703501A,คณะศึกษาศาสตร์,ศึกษาศาสตรบัณฑิต (คอมพิวเตอร์ศึกษา) ศึกษาศาสตรบัณฑิต วิชาเอกคอมพิวเตอ์รศึกษา,คณะศึกษาศาสตร์ศษ.บ. (คอมพิวเตอร์ศึกษา) ศึกษา ศาสตรบัณฑิต วิชาเอก คอมพิวเตอร์ศึกษา,ศึกษาศาสตรบัณฑิต วิชาเอกคอมพิวเตอร์ศึกษา,0,6,314,6,60.1750,49.8350
มหาวิทยาลัยขอนแก่น,ขอนแก่น,10030105703501A,คณะศึกษาศาสตร์,ศึกษาศาสตรบัณฑิต (พลศึกษา) ศึกษา ศาสตรบัณฑิต วิชาเอกพลศึกษา,คณะศึกษาศาสตร์ศษ.บ. (พลศึกษา ) ศึกษาศาสตร บัณฑิต วิชาเอกพลศึกษา,ศึกษาศาสตรบัณฑิต วิชาเอกพลศึกษา,0,5,179,5,57.2850,49.4850
มหาวิทยาลัยขอนแก่น,ขอนแก่น,10030105703501A,คณะศึกษาศาสตร์,ศึกษาศาสตรบัณฑิต (การสอนภาษาญี่ปุ่น) ศึกษาศาสตรบัณฑิต วิชาเอกการสอน ภาษาญี่ปุ่น,คณะศึกษาศาสตร์ศษ.บ. (การสอนภาษาญี่ปุ่น) ศึกษา ศาสตรบัณฑิต วิชาเอกการ สอนภาษาญี่ปุ่น,ศึกษาศาสตรบัณฑิต วิชาเอกการสอนภาษาญี่ปุ่น,0,5,40,5,58.8500,54.1500
มหาวิทยาลัยขอนแก่น,ขอนแก่น,10030105703501A,คณะศึกษาศาสตร์,ศึกษาศาสตรบัณฑิต (สังคมศึกษา) ศึกษา ศาสตรบัณฑิต วิชาเอกสังคมศึกษา,คณะศึกษาศาสตร์ศษ.บ. (สังคมศึกษา) ศึกษาศาสตร บัณฑิต วิชาเอกสังคมศึกษา,ศึกษาศาสตรบัณฑิต วิชาเอกสังคมศึกษา,0,6,358,6,64.6000,60.3250
มหาวิทยาลัยขอนแก่น,ขอนแก่น,10030105703501A,คณะศึกษาศาสตร์,ศึกษาศาสตรบัณฑิต (ศิลปศึกษา) ศึกษา ศาสตรบัณฑิต วิชาเอกศิลปศึกษา,คณะศึกษาศาสตร์ศษ.บ. (ศิลปศึกษา) ศึกษาศาสตร บัณฑิต วิชาเอกศิลปศึกษา,ศึกษาศาสตรบัณฑิต วิชาเอกศิลปศึกษา,0,2,155,2,65.1750,61.0250
มหาวิทยาลัยขอนแก่น,ขอนแก่น,10030105703502E,คณะศึกษาศาสตร์,ศึกษาศาสตรบัณฑิต (การสอน ภาษาอังกฤษให้ผู้มีพื้นฐานภาษาอื่น นอกจากภาษาอังกฤษ) หลักสูตรนานาชาติ การสอนภาษาอังกฤษให้ผู้มีพื้นฐานภาษา อื่นนอกจากภาษาอังกฤษ (หลักสูตร นานาชาติ),คณะศึกษาศาสตร์ศษ.บ. (การสอนภาษาอังกฤษให้ผู้มี พื้นฐานภาษาอื่นนอกจาก ภาษาอังกฤษ) การสอน ภาษาอังกฤษให้ผู้มีพื้นฐาน ภาษาอื่นนอกจาก ภาษาอังกฤษ (หลักสูตร นานาชาติ),,0,9,156,9,85.4500,79.2500
มหาวิทยาลัยขอนแก่น,ขอนแก่น,10030106111703A,คณะพยาบาลศาสตร์,พยาบาลศาสตรบัณฑิต พยาบาลศาสตร บัณฑิต,คณะพยาบาลศาสตร์พย.บ. พยาบาลศาสตรบัณฑิต โปรแกรมใช้ภาษาไทยในการ จัดการเรียนการสอนเป็นหลัก,,0,50,814,50,57.6000,47.8925
มหาวิทยาลัยขอนแก่น,ขอนแก่น,10030106111704D,คณะพยาบาลศาสตร์,พยาบาลศาสตรบัณฑิต พยาบาลศาสตร บัณฑิต (ภาษาอังกฤษ),คณะพยาบาลศาสตร์พย.บ. พยาบาลศาสตรบัณฑิต (ภาษาอังกฤษ) โปรแกรมใช้ ภาษาอังกฤษในการจัดการ เรียนการสอนเป็นหลัก,,0,30,195,30,50.0325,41.9525
มหาวิทยาลัยขอนแก่น,ขอนแก่น,10030107111901A,คณะแพทยศาสตร์,วิทยาศาสตรบัณฑิต (รังสีเทคนิค) รังีสเทคนิค,คณะแพทยศาสตร์วท.บ. (รังสีเทคนิค) รังสีเทคนิค,,0,20,776,20,63.9400,53.2175
มหาวิทยาลัยขอนแก่น,ขอนแก่น,10030107112301A,คณะแพทยศาสตร์,วิทยาศาสตรบัณฑิต (เวชนิทัศน์) เวชนิทัศน์,คณะแพทยศาสตร์วท.บ. (เวชนิทัศน์) เวชนิทัศน์,,0,5,233,5,67.6850,63.1950
มหาวิทยาลัยขอนแก่น,ขอนแก่น,10030108900801A,คณะมนุษยศาสตร์และสังคมศาสตร์,สารสนเทศศาสตรบัณฑิต สารสนเทศศา สตรบัณฑิต,คณะมนุษยศาสตร์และสังคมศาสตร์สท.บ. สารสนเทศศาสตรบัณฑิต หลักสูตรกระบวนทัศน์ใหม่,,0,13,166,13,59.1750,47.8500
มหาวิทยาลัยขอนแก่น,ขอนแก่น,10030108902001A,คณะมนุษยศาสตร์และสังคมศาสตร์,ศิลปศาสตรบัณฑิต (ภาษาไทย) ภาษาไทย,คณะมนุษยศาสตร์และสังคมศาสตร์ศศ.บ. (ภาษาไทย) ภาษาไทย,,0,17,791,17,67.5250,62.8000
มหาวิทยาลัยขอนแก่น,ขอนแก่น,10030108902401A,คณะมนุษยศาสตร์และสังคมศาสตร์,ศิลปศาสตรบัณฑิต (ภาษาตะวันตก) ภาษาตะวันตก วิชาเอกภาษาสเปน,คณะมนุษยศาสตร์และสังคมศาสตร์ศศ.บ. (ภาษา ตะวันตก) ภาษาตะวันตก วิชาเอกภาษาสเปน เลือก สอบภาษาเยอรมัน,ภาษาตะวันตก วิชาเอก ภาษาสเปน,11470,7,5,0,0.0000,0.0000
มหาวิทยาลัยขอนแก่น,ขอนแก่น,10030108902401A,คณะมนุษยศาสตร์และสังคมศาสตร์,ศิลปศาสตรบัณฑิต (ภาษาตะวันตก) ภาษาตะวันตก วิชาเอกภาษาสเปน,คณะมนุษยศาสตร์และสังคมศาสตร์ศศ.บ. (ภาษา ตะวันตก) ภาษาตะวันตก วิชาเอกภาษาสเปน เลือก สอบภาษาสเปน,ภาษาตะวันตก วิชาเอก ภาษาสเปน,11470,7,70,7,65.3500,57.1250
มหาวิทยาลัยขอนแก่น,ขอนแก่น,10030108902401A,คณะมนุษยศาสตร์และสังคมศาสตร์,ศิลปศาสตรบัณฑิต (ภาษาตะวันตก) ภาษาตะวันตก วิชาเอกภาษาสเปน,คณะมนุษยศาสตร์และสังคมศาสตร์ศศ.บ. (ภาษา ตะวันตก) ภาษาตะวันตก วิชาเอกภาษาสเปน เลือก สอบภาษาฝรั่งเศส,ภาษาตะวันตก วิชาเอก ภาษาสเปน,11470,7,29,0,0.0000,0.0000
มหาวิทยาลัยขอนแก่น,ขอนแก่น,10030108902401A,คณะมนุษยศาสตร์และสังคมศาสตร์,ศิลปศาสตรบัณฑิต (ภาษาตะวันตก) ภาษาตะวันตก วิชาเอกภาษาฝรั่งเศส,คณะมนุษยศาสตร์และสังคมศาสตร์ศศ.บ. (ภาษา ตะวันตก) ภาษาตะวันตก วิชาเอกภาษาฝรั่งเศส เลือก สอบภาษาเยอรมัน,ภาษาตะวันตก วิชาเอก ภาษาฝรั่งเศส,11736,8,4,0,0.0000,0.0000
มหาวิทยาลัยขอนแก่น,ขอนแก่น,10030108902401A,คณะมนุษยศาสตร์และสังคมศาสตร์,ศิลปศาสตรบัณฑิต (ภาษาตะวันตก) ภาษาตะวันตก วิชาเอกภาษาฝรั่งเศส,คณะมนุษยศาสตร์และสังคมศาสตร์ศศ.บ. (ภาษา ตะวันตก) ภาษาตะวันตก วิชาเอกภาษาฝรั่งเศส เลือก สอบภาษาสเปน,ภาษาตะวันตก วิชาเอก ภาษาฝรั่งเศส,11736,8,23,3,53.9000,51.4250
มหาวิทยาลัยขอนแก่น,ขอนแก่น,10030108902401A,คณะมนุษยศาสตร์และสังคมศาสตร์,ศิลปศาสตรบัณฑิต (ภาษาตะวันตก) ภาษาตะวันตก วิชาเอกภาษาฝรั่งเศส,คณะมนุษยศาสตร์และสังคมศาสตร์ศศ.บ. (ภาษา ตะวันตก) ภาษาตะวันตก วิชาเอกภาษาฝรั่งเศส เลือก สอบภาษาฝรั่งเศส,ภาษาตะวันตก วิชาเอก ภาษาฝรั่งเศส,11736,8,51,5,58.3250,50.9000
มหาวิทยาลัยขอนแก่น,ขอนแก่น,10030108902401A,คณะมนุษยศาสตร์และสังคมศาสตร์,ศิลปศาสตรบัณฑิต (ภาษาตะวันตก) ภาษาตะวันตก วิชาเอกภาษาเยอรมัน,คณะมนุษยศาสตร์และสังคมศาสตร์ศศ.บ. (ภาษา ตะวันตก) ภาษาตะวันตก วิชาเอกภาษาเยอรมัน เลือก สอบภาษาเยอรมัน,ภาษาตะวันตก วิชาเอก ภาษาเยอรมัน,11739,12,35,7,56.7250,46.4750
มหาวิทยาลัยขอนแก่น,ขอนแก่น,10030108902401A,คณะมนุษยศาสตร์และสังคมศาสตร์,ศิลปศาสตรบัณฑิต (ภาษาตะวันตก) ภาษาตะวันตก วิชาเอกภาษาเยอรมัน,คณะมนุษยศาสตร์และสังคมศาสตร์ศศ.บ. (ภาษา ตะวันตก) ภาษาตะวันตก วิชาเอกภาษาเยอรมัน เลือก สอบภาษาสเปน,ภาษาตะวันตก วิชาเอก ภาษาเยอรมัน,11739,12,14,2,52.3250,50.7750
มหาวิทยาลัยขอนแก่น,ขอนแก่น,10030108902401A,คณะมนุษยศาสตร์และสังคมศาสตร์,ศิลปศาสตรบัณฑิต (ภาษาตะวันตก) ภาษาตะวันตก วิชาเอกภาษาเยอรมัน,คณะมนุษยศาสตร์และสังคมศาสตร์ศศ.บ. (ภาษา ตะวันตก) ภาษาตะวันตก วิชาเอกภาษาเยอรมัน เลือก สอบภาษาฝรั่งเศส,ภาษาตะวันตก วิชาเอก ภาษาเยอรมัน,11739,12,9,3,57.8250,48.2000
มหาวิทยาลัยขอนแก่น,ขอนแก่น,10030108902501A,คณะมนุษยศาสตร์และสังคมศาสตร์,ศิลปศาสตรบัณฑิต (ภาษาอังกฤษ) ภาษาอังกฤษ,คณะมนุษยศาสตร์และสังคมศาสตร์ศศ.บ. (ภาษาอังกฤษ) ภาษาอังกฤษ,,0,38,"1,391",38,80.7750,71.4000
มหาวิทยาลัยขอนแก่น,ขอนแก่น,10030108902801A,คณะมนุษยศาสตร์และสังคมศาสตร์,ศิลปศาสตรบัณฑิต (ภาษาตะวันออก) ภาษาตะวันออก วิชาเอกภาษาจีน (แผน A),คณะมนุษยศาสตร์และสังคมศาสตร์ศศ.บ. (ภาษา ตะวันออก) ภาษาตะวันออก วิชาเอกภาษาจีน (แผน A),ภาษาตะวันออก วิชาเอก ภาษาจีน (แผน A),0,5,250,5,67.1332,61.8500
มหาวิทยาลัยขอนแก่น,ขอนแก่น,10030108902801A,คณะมนุษยศาสตร์และสังคมศาสตร์,ศิลปศาสตรบัณฑิต (ภาษาตะวันออก) ภาษาตะวันออก วิชาเอกภาษาจีน (แผน B),คณะมนุษยศาสตร์และสังคมศาสตร์ศศ.บ. (ภาษา ตะวันออก) ภาษาตะวันออก วิชาเอกภาษาจีน (แผน B),ภาษาตะวันออก วิชาเอก ภาษาจีน (แผน B),0,4,156,4,65.0500,56.6332
มหาวิทยาลัยขอนแก่น,ขอนแก่น,10030108902801A,คณะมนุษยศาสตร์และสังคมศาสตร์,ศิลปศาสตรบัณฑิต (ภาษาตะวันออก) ภาษาตะวันออก วิชาเอกภาษาญี่ปุ่น,คณะมนุษยศาสตร์และสังคมศาสตร์ศศ.บ. (ภาษา ตะวันออก) ภาษาตะวันออก วิชาเอกภาษาญี่ปุ่น,ภาษาตะวันออก วิชาเอก ภาษาญี่ปุ่น,0,4,278,4,75.7666,67.8166
มหาวิทยาลัยขอนแก่น,ขอนแก่น,10030108902801A,คณะมนุษยศาสตร์และสังคมศาสตร์,ศิลปศาสตรบัณฑิต (ภาษาตะวันออก) ภาษาตะวันออก วิชาเอกภาษาเกาหลี,คณะมนุษยศาสตร์และสังคมศาสตร์ศศ.บ. (ภาษา ตะวันออก) ภาษาตะวันออก วิชาเอกภาษาเกาหลี,ภาษาตะวันออก วิชาเอก ภาษาเกาหลี,0,8,120,8,64.4222,59.0444
มหาวิทยาลัยขอนแก่น,ขอนแก่น,10030108902802A,คณะมนุษยศาสตร์และสังคมศาสตร์,ศิลปศาสตรบัณฑิต (เอเชียตะวันออกเฉียง ใต้ศึกษา) เอเชียตะวันออกเฉียงใต้ศึกษา,คณะมนุษยศาสตร์และสังคมศาสตร์ศศ.บ. (เอเชีย ตะวันออกเฉียงใต้ศึกษา) เอเชียตะวันออกเฉียงใต้ศึกษา,,0,5,231,5,68.7625,62.7000
มหาวิทยาลัยขอนแก่น,ขอนแก่น,10030108903102A,คณะมนุษยศาสตร์และสังคมศาสตร์,รัฐประศาสนศาสตรบัณฑิต (รัฐประศาสน ศาสตร)์ รัฐประศาสนศาสตร์,คณะมนุษยศาสตร์และสังคมศาสตร์รป.บ. (รัฐประศาสนศาสตร)์ รัฐประศาสนศาสตร์,,0,20,612,20,60.4000,54.4000
มหาวิทยาลัยขอนแก่น,ขอนแก่น,10030108903502A,คณะมนุษยศาสตร์และสังคมศาสตร์,ศิลปศาสตรบัณฑิต (สังคมวิทยาและ มานุษยวิทยา) สังคมวิทยาและมานุษยวิทยา,คณะมนุษยศาสตร์และสังคมศาสตร์ศศ.บ. (สังคม วิทยาและมานุษยวิทยา) สังคมวิทยาและมานุษยวิทยา,,0,20,505,20,57.7500,53.0250
มหาวิทยาลัยขอนแก่น,ขอนแก่น,10030108903601A,คณะมนุษยศาสตร์และสังคมศาสตร์,ศิลปศาสตรบัณฑิต (พัฒนาสังคม) พัฒนา สังคม,คณะมนุษยศาสตร์และสังคมศาสตร์ศศ.บ. (พัฒนา สังคม) พัฒนาสังคม,,0,5,458,5,55.8750,54.2500
มหาวิทยาลัยขอนแก่น,ขอนแก่น,10030109110101A,คณะเทคนิคการแพทย์,วิทยาศาสตรบัณฑิต (กายภาพบำบัด) กายภาพบำบัด,คณะเทคนิคการแพท์ยกายภาพบำบัด,,0,15,"1,456",15,67.0888,61.0250
มหาวิทยาลัยขอนแก่น,ขอนแก่น,10030109111301A,คณะเทคนิคการแพทย์,วิทยาศาสตรบัณฑิต (เทคนิคการแพทย)์ เทคนิคการแพทย์,คณะเทคนิคการแพท์ยเทคนิคการแพทยบัณฑิต,,0,52,"1,477",52,65.1932,53.7672
มหาวิทยาลัยขอนแก่น,ขอนแก่น,10030111112704A,คณะสาธารณสุขศาสตร์,วิทยาศาสตรบัณฑิต (สาธารณสุขศาสตร)์ สาธารณสุขศาสตร์วิชาเอก : อนามัย สิ่งแวดล้อม,คณะสาธารณสุขศาสตร์วท.บ. (สาธารณสุขศาสตร์วิชาเอก : อนามัยสิ่งแวดล้อม) สาธารณสุขศาสตร์วิชาเอก : อนามัยสิ่งแวดล้อม,,0,25,144,25,47.7125,34.4000
มหาวิทยาลัยขอนแก่น,ขอนแก่น,10030111112705A,คณะสาธารณสุขศาสตร์,วิทยาศาสตรบัณฑิต (สาธารณสุขศาสตร)์ สาธารณสุขศาสตร์วิชาเอก : อาชีวอนา มัยและความปลอดภัย,คณะสาธารณสุขศาสตร์วท.บ. (สาธารณสุขศาสตร์วิชาเอก : อาชีวอนามัยและความ ปลอดภัย) สาธารณสุขศาสต์รวิชาเอก : อาชีวอนามัยและ ความปลอดภัย,,0,25,130,25,40.8700,33.7700
มหาวิทยาลัยขอนแก่น,ขอนแก่น,10030111112706B,คณะสาธารณสุขศาสตร์,วิทยาศาสตรบัณฑิต (สาธารณสุขศาสตร)์ อนามัยสิ่งแวดล้อม อาชีวอนามัยและ ความปลอดภัย,คณะสาธารณสุขศาสตร์วท.บ. (สาธารณสุขศาสตร)์ วิทยา ศาสตรบัณฑิต สาขาวิชา อนามัยสิ่งแวดล้อม อาชีวอนา มัยและความปลอดภัย,,0,30,49,19,37.6700,30.0600
มหาวิทยาลัยขอนแก่น,ขอนแก่น,10030111112707A,คณะสาธารณสุขศาสตร์,สาธารณสุขศาสตรบัณฑิต สาธารณสุขศา สตรบัณฑิต,คณะสาธารณสุขศาสตร์ส.บ. สาธารณสุขศาสตรบัณฑิต Admission,,0,50,363,50,51.6400,37.3025
มหาวิทยาลัยขอนแก่น,ขอนแก่น,10030115130101B,คณะเภสัชศาสตร์,เภสัชศาสตรบัณฑิต เภสัชศาสตรบัณฑิต,คณะเภสัชศาสตร์ภ.บ. เภสัชศาสตรบัณฑิต โครงการพิเศษ,,0,17,825,17,68.5077,59.1221
มหาวิทยาลัยขอนแก่น,ขอนแก่น,10030115130102E,คณะเภสัชศาสตร์,เภสัชศาสตรบัณฑิต (หลักสูตรนานาชาต)ิ เภสัชศาสตรบัณฑิต (หลักสูตรนานาชาต)ิ,คณะเภสัชศาสตร์ภ.บ. เภสัชศาสตรบัณฑิต (หลักสูตรนานาชาต)ิ โครงการพิเศษ หลักสูตร นานาชาติ,,0,16,609,16,63.4189,55.8665
มหาวิทยาลัยขอนแก่น,ขอนแก่น,10030116210101A,คณะเทคโนโลยี,วิทยาศาสตรบัณฑิต (วิทยาศาสตร์และเทคโนโลยีการประกอบอาหาร) วิทยาศาสตร์และเทคโนโลยีการประกอบ อาหาร,คณะเทคโนโลียวท.บ. (วิทยาศาสตร์และเทคโนโลียการประกอบอาหาร) วิทยาศาสตร์และเทคโนโลียการประกอบอาหาร,,0,60,1,0,0.0000,0.0000
มหาวิทยาลัยขอนแก่น,ขอนแก่น,10030116211002A,คณะเทคโนโลยี,วิทยาศาสตรบัณฑิต (เทคโนโลยีการ อาหาร) เทคโนโลยีการอาหาร,คณะเทคโนโลียวท.บ. (เทคโนโลยีการอาหาร) เทคโนโลยีการอาหาร,,0,29,119,29,43.8350,37.6600
มหาวิทยาลัยขอนแก่น,ขอนแก่น,10030116211202A,คณะเทคโนโลยี,วิทยาศาสตรบัณฑิต (เทคโนโลยีชีวภาพ) เทคโนโลยีชีวภาพ,คณะเทคโนโลียวท.บ. (เทคโนโลยีชีวภาพ) เทคโนโลยีชีวภาพ,,0,35,3,0,0.0000,0.0000
มหาวิทยาลัยขอนแก่น,ขอนแก่น,10030116212201A,คณะเทคโนโลยี,วิทยาศาสตรบัณฑิต (เทคโนโลยีระบบการ ผลิตและการจัดการอุตสาหกรรม) เทคโนโลยีระบบการผลิตและการจัดการ อุตสาหกรรม,คณะเทคโนโลียวท.บ. (เทคโนโลยีระบบการผลิต และการจัดการอุตสาหกรรม) เทคโนโลยีระบบการผลิตและ การจัดการอุตสาหกรรม,,0,20,1,0,0.0000,0.0000
มหาวิทยาลัยขอนแก่น,ขอนแก่น,10030116212301A,คณะเทคโนโลยี,วิทยาศาสตรบัณฑิต (เทคโนโลยีธรณ)ี เทคโนโลยีธรณี,คณะเทคโนโลียวท.บ. (เทคโนโลยีธรณ)ี เทคโนโลียธรณี,,0,30,6,0,0.0000,0.0000
มหาวิทยาลัยขอนแก่น,ขอนแก่น,10030118140101A,คณะสัตวแพทยศาสตร์,สัตวแพทยศาสตรบัณฑิต สัตว แพทยศาสตรบัณฑิต,คณะสัตวแพทยศาสตร์สพ.บ. สัตวแพทยศาสตรบัณฑิต,,0,22,701,22,66.6916,60.5833
มหาวิทยาลัยขอนแก่น,ขอนแก่น,10030120400202A,คณะสถาปัตยกรรมศาสตร์,การออกแบบบัณฑิต (การออกแบบ) การ ออกแบบ,คณะสถาปัตยกรรมศาสต์รอบ.บ. (การออกแบบ) การ ออกแบบ,,0,5,63,5,50.3700,46.3400
มหาวิทยาลัยขอนแก่น,ขอนแก่น,10030120400501A,คณะสถาปัตยกรรมศาสตร์,สถาปัตยกรรมศาสตรบัณฑิต สถาปัตยกรรมศาสตรบัณฑิต,คณะสถาปัตยกรรมศาสต์รสถ.บ. (สถาปัตยกรรมศาสตร)์ สถาปัตยกรรมศาสตรบัณฑิต,,0,5,155,5,50.6600,47.0650
มหาวิทยาลัยขอนแก่น,ขอนแก่น,10030121610502E,คณะบริหารธุรกิจและการบัญชี,บัญชีบัณฑิต บัญชีบัณฑิต (หลักสูตร นานาชาติ),คณะบริหารธุรกิจและการ บัญีชบช.บ. บัญชีบัณฑิต (หลักสูตรนานาชาต)ิ,,0,25,150,25,71.3000,48.7000
มหาวิทยาลัยขอนแก่น,ขอนแก่น,10030121610503A,คณะบริหารธุรกิจและการบัญชี,บัญชีบัณฑิต บัญชีบัณฑิต,คณะบริหารธุรกิจและการ บัญีชบช.บ. บัญชีบัณฑิต บัญชีบัณฑิต กลุ่ม 2 (คณิตศาสตร์ประยุก์ต2),,0,49,"1,925",49,78.2332,69.4750
มหาวิทยาลัยขอนแก่น,ขอนแก่น,10030121610503A,คณะบริหารธุรกิจและการบัญชี,บัญชีบัณฑิต บัญชีบัณฑิต,คณะบริหารธุรกิจและการ บัญีชบช.บ. บัญชีบัณฑิต บัญชีบัณฑิต กลุ่ม 1 (คณิตศาสตร์ประยุก์ต1),,0,21,954,21,68.9750,59.5750
มหาวิทยาลัยขอนแก่น,ขอนแก่น,10030121610601A,คณะบริหารธุรกิจและการบัญชี,บริหารธุรกิจบัณฑิต (ผู้ประกอบการดิจิทัล และเทคโนโลยีการตลาด) บริหารธุรกิจ บัณฑิต วิชาเอกเทคโนโลยีการตลาด,คณะบริหารธุรกิจและการ บัญีชบธ.บ. (ผู้ประกอบการ ดิจิทัลและเทคโนโลียการตลาด) บริหารธุรกิจ บัณฑิต วิชาเอกเทคโนโลียการตลาด,,0,40,538,40,67.7025,48.0525
มหาวิทยาลัยขอนแก่น,ขอนแก่น,10030121610801A,คณะบริหารธุรกิจและการบัญชี,บริหารธุรกิจบัณฑิต (การเงินและเทคโนโลยีทางการเงิน) การเงินและเทคโนโลยีทางการเงิน,คณะบริหารธุรกิจและการ บัญีชบธ.บ. (การเงินและเทคโนโลยีทางการเงิน) การเงินและเทคโนโลยีทางการ เงิน,การเงินและเทคโนโลียทางการเงิน,0,30,484,30,64.6500,57.6125
มหาวิทยาลัยขอนแก่น,ขอนแก่น,10030121610801A,คณะบริหารธุรกิจและการบัญชี,บริหารธุรกิจบัณฑิต (การจัดการ ผู้ประกอบการและโลจิสติกส์) การจัดการ ผู้ประกอบการและโลจิสติกส์,คณะบริหารธุรกิจและการ บัญีชบธ.บ. (การจัดการ ผู้ประกอบการและโลจิสติกส์) การจัดการ ผู้ประกอบการ และโลจิสติกส์,การจัดการ ผู้ประกอบการ และโลจิสติกส์,0,10,587,10,56.0675,53.3575
มหาวิทยาลัยขอนแก่น,ขอนแก่น,10030121610801A,คณะบริหารธุรกิจและการบัญชี,บริหารธุรกิจบัณฑิต (การจัดการธุรกิจ บริการและอีเว้นท์) การจัดการธุรกิจ บริการและอีเว้นท์,คณะบริหารธุรกิจและการ บัญีชบธ.บ. (การจัดการ ธุรกิจบริการและอีเว้นท์) การ จัดการธุรกิจบริการและอีเว้นท์,การจัดการธุรกิจบริการและอี เว้นท์,0,25,766,25,63.8625,55.0500
มหาวิทยาลัยขอนแก่น,ขอนแก่น,10030121610802A,คณะบริหารธุรกิจและการบัญชี,บริหารธุรกิจบัณฑิต (ผู้ประกอบการดิจิทัล และเทคโนโลยีการตลาด) บริหารธุรกิจ บัณฑิต วิชาเอกผู้ประกอบการดิจิทัล,คณะบริหารธุรกิจและการ บัญีชบธ.บ. (ผู้ประกอบการ ดิจิทัลและเทคโนโลียการตลาด) บริหารธุรกิจ บัณฑิต วิชาเอก ผู้ประกอบการดิจิทัล,,0,30,383,30,58.3625,46.8550
มหาวิทยาลัยขอนแก่น,ขอนแก่น,10030121610802C,คณะบริหารธุรกิจและการบัญชี,บริหารธุรกิจบัณฑิต (การจัดการธุรกิจ บริการและอีเว้นท์) การจัดการธุรกิจ บริการและอีเว้น์ท(กลุ่มเรียนภาษาไทย และภาษาอังกฤษ),คณะบริหารธุรกิจและการ บัญีชบธ.บ. (การจัดการ ธุรกิจบริการและอีเว้นท์) การ จัดการธุรกิจบริการและอี เว้น์ท(กลุ่มเรียนภาษาไทย และภาษาอังกฤษ),,0,10,232,10,59.1000,52.1000
มหาวิทยาลัยขอนแก่น,ขอนแก่น,10030121620102A,คณะบริหารธุรกิจและการบัญชี,บริหารธุรกิจบัณฑิต (การจัดการนวัตกรรม การท่องเที่ยว) การจัดการนวัตกรรมการ ท่องเที่ยว,คณะบริหารธุรกิจและการ บัญีชบธ.บ. (การจัดการ นวัตกรรมการท่องเที่ยว) การ จัดการนวัตกรรมการท่องเที่ยว,การจัดการนวัตกรรมการ ท่องเที่ยว,0,35,923,35,59.5000,52.2500
มหาวิทยาลัยขอนแก่น,ขอนแก่น,10030121620102A,คณะบริหารธุรกิจและการบัญชี,บริหารธุรกิจบัณฑิต (การจัดการนวัตกรรม การท่องเที่ยว) การจัดการนวัตกรรมการ ท่องเที่ยว (กลุ่มเรียนภาษาอังกฤษ),คณะบริหารธุรกิจและการ บัญีชบธ.บ. (การจัดการ นวัตกรรมการท่องเที่ยว) การ จัดการนวัตกรรมการท่องเที่ยว (กลุ่มเรียนภาษาอังกฤษ),การจัดการนวัตกรรมการ ท่องเที่ยว (กลุ่มเรียน ภาษาอังกฤษ),0,30,402,30,61.0250,47.8500
มหาวิทยาลัยขอนแก่น,ขอนแก่น,10030122800102A,คณะศิลปกรรมศาสตร์,ศิลปกรรมศาสตรบัณฑิต (ทัศนศิลป์) ทัศนศิลป์,คณะศิลปกรรมศาสตร์ศป.บ. (ทัศนศิลป์) ทัศนศิลป์,,0,3,117,3,58.9754,55.0050
มหาวิทยาลัยขอนแก่น,ขอนแก่น,10030122800103A,คณะศิลปกรรมศาสตร์,ศิลปกรรมศาสตรบัณฑิต (ออกแบบนิเทศ ศิลป์) ออกแบบนิเทศศิลป์,คณะศิลปกรรมศาสตร์ศป.บ. (ออกแบบนิเทศศิลป์) ออกแบบนิเทศศิลป์,,0,5,162,5,58.6244,55.1688
มหาวิทยาลัยขอนแก่น,ขอนแก่น,10030127901004A,คณะนิติศาสตร์,นิติศาสตรบัณฑิต (นิติศาสตร)์ นิติศาสตร์,คณะนิติศาสตร์น.บ. (นิติศาสตร)์ นิติศาสตร์เลือก สอบคณิตศาสตร์ประยุก์ต2,,0,175,"1,651",177,69.5000,55.1875
มหาวิทยาลัยขอนแก่น,ขอนแก่น,10030127901004A,คณะนิติศาสตร์,นิติศาสตรบัณฑิต (นิติศาสตร)์ นิติศาสตร์,คณะนิติศาสตร์น.บ. (นิติศาสตร)์ นิติศาสตร์เลือก สอบคณิตศาสตร์ประยุก์ต1,,0,175,517,176,62.6875,46.6250
มหาวิทยาลัยขอนแก่น,ขอนแก่น,10030128610106A,วิทยาลัยการปกครองท้องถิ่น,รัฐประศาสนศาสตรบัณฑิต (การจัดการ การเงินและการคลัง) รัฐประศาสนศาสตร บัณฑิต วิชาเอก การจัดการการเงินและ การคลัง,วิทยาลัยการปกครองท้องถิ่น รป.บ. (การจัดการการเงิน และการคลัง ) รัฐประศาสนศาสตรบัณฑิต วิชาเอก การจัดการการเงิน และการคลัง (ภาษาเยอรมัน),,11554,25,9,0,0.0000,0.0000
มหาวิทยาลัยขอนแก่น,ขอนแก่น,10030128610106A,วิทยาลัยการปกครองท้องถิ่น,รัฐประศาสนศาสตรบัณฑิต (การจัดการ การเงินและการคลัง) รัฐประศาสนศาสตร บัณฑิต วิชาเอก การจัดการการเงินและ การคลัง,วิทยาลัยการปกครองท้องถิ่น รป.บ. (การจัดการการเงิน และการคลัง ) รัฐประศาสนศาสตรบัณฑิต วิชาเอก การจัดการการเงิน และการคลัง (ภาษาฝรั่งเศส),,11554,25,9,0,0.0000,0.0000
มหาวิทยาลัยขอนแก่น,ขอนแก่น,10030128610106A,วิทยาลัยการปกครองท้องถิ่น,รัฐประศาสนศาสตรบัณฑิต (การจัดการ การเงินและการคลัง) รัฐประศาสนศาสตร บัณฑิต วิชาเอก การจัดการการเงินและ การคลัง,วิทยาลัยการปกครองท้องถิ่น รป.บ. (การจัดการการเงิน และการคลัง ) รัฐประศาสนศาสตรบัณฑิต วิชาเอก การจัดการการเงิน และการคลัง (ภาษาบาล)ี,,11554,25,6,0,0.0000,0.0000
มหาวิทยาลัยขอนแก่น,ขอนแก่น,10030128610106A,วิทยาลัยการปกครองท้องถิ่น,รัฐประศาสนศาสตรบัณฑิต (การจัดการ การเงินและการคลัง) รัฐประศาสนศาสตร บัณฑิต วิชาเอก การจัดการการเงินและ การคลัง,วิทยาลัยการปกครองท้องถิ่น รป.บ. (การจัดการการเงิน และการคลัง ) รัฐประศาสนศาสตรบัณฑิต วิชาเอก การจัดการการเงิน และการคลัง (ภาษาญี่ปุ่น),,11554,25,25,4,56.8625,46.4875
มหาวิทยาลัยขอนแก่น,ขอนแก่น,10030128610106A,วิทยาลัยการปกครองท้องถิ่น,รัฐประศาสนศาสตรบัณฑิต (การจัดการ การเงินและการคลัง) รัฐประศาสนศาสตร บัณฑิต วิชาเอก การจัดการการเงินและ การคลัง,วิทยาลัยการปกครองท้องถิ่น รป.บ. (การจัดการการเงิน และการคลัง ) รัฐประศาสนศาสตรบัณฑิต วิชาเอก การจัดการการเงิน และการคลัง (ภาษาจีน),,11554,25,43,8,51.6750,46.5125
มหาวิทยาลัยขอนแก่น,ขอนแก่น,10030128610106A,วิทยาลัยการปกครองท้องถิ่น,รัฐประศาสนศาสตรบัณฑิต (การจัดการ การเงินและการคลัง) รัฐประศาสนศาสตร บัณฑิต วิชาเอก การจัดการการเงินและ การคลัง,วิทยาลัยการปกครองท้องถิ่น รป.บ. (การจัดการการเงิน และการคลัง ) รัฐประศาสนศาสตรบัณฑิต วิชาเอก การจัดการการเงิน และการคลัง (คณิต-ศิลป์),,11554,25,215,9,50.4750,46.3575
มหาวิทยาลัยขอนแก่น,ขอนแก่น,10030128610106A,วิทยาลัยการปกครองท้องถิ่น,รัฐประศาสนศาสตรบัณฑิต (การจัดการ การเงินและการคลัง) รัฐประศาสนศาสตร บัณฑิต วิชาเอก การจัดการการเงินและ การคลัง,วิทยาลัยการปกครองท้องถิ่น รป.บ. (การจัดการการเงิน และการคลัง ) รัฐประศาสนศาสตรบัณฑิต วิชาเอก การจัดการการเงิน และการคลัง (คณิต-วิทย์),,11554,25,72,0,0.0000,0.0000
มหาวิทยาลัยขอนแก่น,ขอนแก่น,10030128610106A,วิทยาลัยการปกครองท้องถิ่น,รัฐประศาสนศาสตรบัณฑิต (การจัดการ การเงินและการคลัง) รัฐประศาสนศาสตร บัณฑิต วิชาเอก การจัดการการเงินและ การคลัง,วิทยาลัยการปกครองท้องถิ่น รป.บ. (การจัดการการเงิน และการคลัง ) รัฐประศาสนศาสตรบัณฑิต วิชาเอก การจัดการการเงิน และการคลัง,,11554,25,71,4,52.5175,49.6150
มหาวิทยาลัยขอนแก่น,ขอนแก่น,10030128903107A,วิทยาลัยการปกครองท้องถิ่น,รัฐประศาสนศาสตรบัณฑิต (การจัด การเมืองและเทคโนโลยีเมือง ) รัฐประศาสนศาสตรบัณฑิต (การจัดการเมือง และเทคโนโลยีเมือง),วิทยาลัยการปกครองท้องถิ่น รป.บ. (การจัดการเมืองและเทคโนโลยีเมือง ) รัฐประศาสนศาสตรบัณฑิต (การจัดการเมืองและเทคโนโลยีเมือง) (ภาษาเยอรมัน),,11565,25,7,0,0.0000,0.0000
มหาวิทยาลัยขอนแก่น,ขอนแก่น,10030128903107A,วิทยาลัยการปกครองท้องถิ่น,รัฐประศาสนศาสตรบัณฑิต (การจัด การเมืองและเทคโนโลยีเมือง ) รัฐประศาสนศาสตรบัณฑิต (การจัดการเมือง และเทคโนโลยีเมือง),วิทยาลัยการปกครองท้องถิ่น รป.บ. (การจัดการเมืองและเทคโนโลยีเมือง ) รัฐประศาสนศาสตรบัณฑิต (การจัดการเมืองและเทคโนโลยีเมือง) (ภาษา ฝรั่งเศส),,11565,25,12,0,0.0000,0.0000
มหาวิทยาลัยขอนแก่น,ขอนแก่น,10030128903107A,วิทยาลัยการปกครองท้องถิ่น,รัฐประศาสนศาสตรบัณฑิต (การจัด การเมืองและเทคโนโลยีเมือง ) รัฐประศาสนศาสตรบัณฑิต (การจัดการเมือง และเทคโนโลยีเมือง),วิทยาลัยการปกครองท้องถิ่น รป.บ. (การจัดการเมืองและเทคโนโลยีเมือง ) รัฐประศาสนศาสตรบัณฑิต (การจัดการเมืองและเทคโนโลยีเมือง) (ภาษาบาล)ี,,11565,25,8,1,44.2000,44.2000
มหาวิทยาลัยขอนแก่น,ขอนแก่น,10030128903107A,วิทยาลัยการปกครองท้องถิ่น,รัฐประศาสนศาสตรบัณฑิต (การจัด การเมืองและเทคโนโลยีเมือง ) รัฐประศาสนศาสตรบัณฑิต (การจัดการเมือง และเทคโนโลยีเมือง),วิทยาลัยการปกครองท้องถิ่น รป.บ. (การจัดการเมืองและเทคโนโลยีเมือง ) รัฐประศาสนศาสตรบัณฑิต (การจัดการเมืองและเทคโนโลยีเมือง) (ภาษาญี่ปุ่น),,11565,25,24,1,49.2625,49.2625
มหาวิทยาลัยขอนแก่น,ขอนแก่น,10030128903107A,วิทยาลัยการปกครองท้องถิ่น,รัฐประศาสนศาสตรบัณฑิต (การจัด การเมืองและเทคโนโลยีเมือง ) รัฐประศาสนศาสตรบัณฑิต (การจัดการเมือง และเทคโนโลยีเมือง),วิทยาลัยการปกครองท้องถิ่น รป.บ. (การจัดการเมืองและเทคโนโลยีเมือง ) รัฐประศาสนศาสตรบัณฑิต (การจัดการเมืองและเทคโนโลยีเมือง) (ภาษาจีน),,11565,25,45,5,50.0125,44.3500
มหาวิทยาลัยขอนแก่น,ขอนแก่น,10030128903107A,วิทยาลัยการปกครองท้องถิ่น,รัฐประศาสนศาสตรบัณฑิต (การจัด การเมืองและเทคโนโลยีเมือง ) รัฐประศาสนศาสตรบัณฑิต (การจัดการเมือง และเทคโนโลยีเมือง),วิทยาลัยการปกครองท้องถิ่น รป.บ. (การจัดการเมืองและเทคโนโลยีเมือง ) รัฐประศาสนศาสตรบัณฑิต (การจัดการเมืองและเทคโนโลยีเมือง) (คณิต-ศิลป์),,11565,25,267,15,48.9625,44.1000
มหาวิทยาลัยขอนแก่น,ขอนแก่น,10030128903107A,วิทยาลัยการปกครองท้องถิ่น,รัฐประศาสนศาสตรบัณฑิต (การจัด การเมืองและเทคโนโลยีเมือง ) รัฐประศาสนศาสตรบัณฑิต (การจัดการเมือง และเทคโนโลยีเมือง),วิทยาลัยการปกครองท้องถิ่น รป.บ. (การจัดการเมืองและเทคโนโลยีเมือง ) รัฐประศาสนศาสตรบัณฑิต (การจัดการเมืองและเทคโนโลยีเมือง) (คณิต-วิทย์),,11565,25,152,2,47.2750,44.6900
มหาวิทยาลัยขอนแก่น,ขอนแก่น,10030128903107A,วิทยาลัยการปกครองท้องถิ่น,รัฐประศาสนศาสตรบัณฑิต (การจัด การเมืองและเทคโนโลยีเมือง ) รัฐประศาสนศาสตรบัณฑิต (การจัดการเมือง และเทคโนโลยีเมือง),วิทยาลัยการปกครองท้องถิ่น รป.บ. (การจัดการเมืองและเทคโนโลยีเมือง ) รัฐประศาสนศาสตรบัณฑิต (การจัดการเมืองและเทคโนโลยีเมือง),,11565,25,95,1,49.8750,49.8750
มหาวิทยาลัยขอนแก่น,ขอนแก่น,10030128903108A,วิทยาลัยการปกครองท้องถิ่น,รัฐประศาสนศาสตรบัณฑิต (การจัดการ ปกครองและกิจการสาธารณะ) รัฐประศาสนศาสตรบัณฑิต วิชาเอกการ จัดการปกครองและกิจการสาธารณะ,วิทยาลัยการปกครองท้องถิ่น รป.บ. (การจัดการปกครอง และกิจการสาธารณะ) รัฐประศาสนศาสตรบัณฑิต วิชาเอกการจัดการปกครอง และกิจการสาธารณะ (ภาษาเยอรมัน),,11546,40,7,3,49.7250,45.0250
มหาวิทยาลัยขอนแก่น,ขอนแก่น,10030128903108A,วิทยาลัยการปกครองท้องถิ่น,รัฐประศาสนศาสตรบัณฑิต (การจัดการ ปกครองและกิจการสาธารณะ) รัฐประศาสนศาสตรบัณฑิต วิชาเอกการ จัดการปกครองและกิจการสาธารณะ,วิทยาลัยการปกครองท้องถิ่น รป.บ. (การจัดการปกครอง และกิจการสาธารณะ) รัฐประศาสนศาสตรบัณฑิต วิชาเอกการจัดการปกครอง และกิจการสาธารณะ (ภาษา ฝรั่งเศส),,11546,40,18,1,45.3875,45.3875
มหาวิทยาลัยขอนแก่น,ขอนแก่น,10030128903108A,วิทยาลัยการปกครองท้องถิ่น,รัฐประศาสนศาสตรบัณฑิต (การจัดการ ปกครองและกิจการสาธารณะ) รัฐประศาสนศาสตรบัณฑิต วิชาเอกการ จัดการปกครองและกิจการสาธารณะ,วิทยาลัยการปกครองท้องถิ่น รป.บ. (การจัดการปกครอง และกิจการสาธารณะ) รัฐประศาสนศาสตรบัณฑิต วิชาเอกการจัดการปกครอง และกิจการสาธารณะ (ภาษา บาลี),,11546,40,8,0,0.0000,0.0000
มหาวิทยาลัยขอนแก่น,ขอนแก่น,10030128903108A,วิทยาลัยการปกครองท้องถิ่น,รัฐประศาสนศาสตรบัณฑิต (การจัดการ ปกครองและกิจการสาธารณะ) รัฐประศาสนศาสตรบัณฑิต วิชาเอกการ จัดการปกครองและกิจการสาธารณะ,วิทยาลัยการปกครองท้องถิ่น รป.บ. (การจัดการปกครอง และกิจการสาธารณะ) รัฐประศาสนศาสตรบัณฑิต วิชาเอกการจัดการปกครอง และกิจการสาธารณะ (ภาษาญี่ปุ่น),,11546,40,27,5,49.4750,45.5125
มหาวิทยาลัยขอนแก่น,ขอนแก่น,10030128903108A,วิทยาลัยการปกครองท้องถิ่น,รัฐประศาสนศาสตรบัณฑิต (การจัดการ ปกครองและกิจการสาธารณะ) รัฐประศาสนศาสตรบัณฑิต วิชาเอกการ จัดการปกครองและกิจการสาธารณะ,วิทยาลัยการปกครองท้องถิ่น รป.บ. (การจัดการปกครอง และกิจการสาธารณะ) รัฐประศาสนศาสตรบัณฑิต วิชาเอกการจัดการปกครอง และกิจการสาธารณะ (ภาษาจีน),,11546,40,47,5,49.5250,44.9875
มหาวิทยาลัยขอนแก่น,ขอนแก่น,10030128903108A,วิทยาลัยการปกครองท้องถิ่น,รัฐประศาสนศาสตรบัณฑิต (การจัดการ ปกครองและกิจการสาธารณะ) รัฐประศาสนศาสตรบัณฑิต วิชาเอกการ จัดการปกครองและกิจการสาธารณะ,วิทยาลัยการปกครองท้องถิ่น รป.บ. (การจัดการปกครอง และกิจการสาธารณะ) รัฐประศาสนศาสตรบัณฑิต วิชาเอกการจัดการปกครอง และกิจการสาธารณะ (คณิต- ศิลป์),,11546,40,275,23,53.6375,45.0125
มหาวิทยาลัยขอนแก่น,ขอนแก่น,10030128903108A,วิทยาลัยการปกครองท้องถิ่น,รัฐประศาสนศาสตรบัณฑิต (การจัดการ ปกครองและกิจการสาธารณะ) รัฐประศาสนศาสตรบัณฑิต วิชาเอกการ จัดการปกครองและกิจการสาธารณะ,วิทยาลัยการปกครองท้องถิ่น รป.บ. (การจัดการปกครอง และกิจการสาธารณะ) รัฐประศาสนศาสตรบัณฑิต วิชาเอกการจัดการปกครอง และกิจการสาธารณะ (คณิต- วิทย์),,11546,40,137,0,0.0000,0.0000
มหาวิทยาลัยขอนแก่น,ขอนแก่น,10030128903108A,วิทยาลัยการปกครองท้องถิ่น,รัฐประศาสนศาสตรบัณฑิต (การจัดการ ปกครองและกิจการสาธารณะ) รัฐประศาสนศาสตรบัณฑิต วิชาเอกการ จัดการปกครองและกิจการสาธารณะ,วิทยาลัยการปกครองท้องถิ่น รป.บ. (การจัดการปกครอง และกิจการสาธารณะ) รัฐประศาสนศาสตรบัณฑิต วิชาเอกการจัดการปกครอง และกิจการสาธารณะ,,11546,25,130,3,46.7000,46.4300
มหาวิทยาลัยขอนแก่น,ขอนแก่น,10030129610203E,วิทยาลัยนานาชาติ,การจัดการบัณฑิต (การจัดการนวัตกรรม) การจัดการบัณฑิต การจัดการนวัตกรรม วิชาเอกการจัดการนวัตกรรมดิจิทัล,วิทยาลัยนานาชาติ กจ.บ. (การจัดการนวัตกรรม) การ จัดการบัณฑิต การจัดการ นวัตกรรม วิชาเอกการจัดการ นวัตกรรมดิจิทัล,,0,20,29,16,48.9764,30.9864
มหาวิทยาลัยขอนแก่น,ขอนแก่น,10030129610204E,วิทยาลัยนานาชาติ,การจัดการบัณฑิต (การจัดการนวัตกรรม) การจัดการบัณฑิต การจัดการนวัตกรรม วิชาเอกการจัดการนวัตกรรมชีวภาพ (หลักสูตรนานาชาติ พหุวิทยาการ),วิทยาลัยนานาชาติ กจ.บ. (การจัดการนวัตกรรม) การ จัดการบัณฑิต การจัดการ นวัตกรรม วิชาเอกการจัดการ นวัตกรรมชีวภาพ (หลักสูตร นานาชาติ พหุวิทยาการ),,0,20,6,2,35.1800,31.9600
มหาวิทยาลัยขอนแก่น,ขอนแก่น,10030129610606E,วิทยาลัยนานาชาติ,บริหารธุรกิจบัณฑิต (หลักสูตรนานาชาต)ิ บริหารธุรกิจบัณฑิต (หลักสูตรนานาชาต)ิ วิชาเอกการตลาดระหวา่ งประเทศ,วิทยาลัยนานาชาติ บธ.บ. (หลักสูตรนานาชาต)ิ บริหารธุรกิจบัณฑิต (หลักสูตรนานาชาต)ิ วิชาเอก การตลาดระหวา่ งประเทศ,,0,20,150,20,72.9581,53.9581
มหาวิทยาลัยขอนแก่น,ขอนแก่น,10030129610804E,วิทยาลัยนานาชาติ,บริหารธุรกิจบัณฑิต (หลักสูตรนานาชาต)ิ บริหารธุรกิจบัณฑิต (หลักสูตรนานาชาต)ิ วิชาวิชาเอกการจัดการธุรกิจระดับโลก,วิทยาลัยนานาชาติ บธ.บ. (หลักสูตรนานาชาต)ิ บริหารธุรกิจบัณฑิต (หลักสูตรนานาชาต)ิ วิชา วิชาเอกการจัดการธุรกิจระดับ โลก,,0,20,84,20,63.9581,44.4581
มหาวิทยาลัยขอนแก่น,ขอนแก่น,10030129610805E,วิทยาลัยนานาชาติ,บริหารธุรกิจบัณฑิต (หลักสูตรนานาชาต)ิ บริหารธุรกิจบัณฑิต (หลักสูตรนานาชาต)ิ วิชาเอกการเป็นผู้ประกอบการระหวา่ ง ประเทศ,วิทยาลัยนานาชาติ บธ.บ. (หลักสูตรนานาชาต)ิ บริหารธุรกิจบัณฑิต (หลักสูตรนานาชาต)ิ วิชาเอก การเป็นผู้ประกอบการ ระหวา่ งประเทศ,,0,20,94,21,67.3750,48.2500
มหาวิทยาลัยขอนแก่น,ขอนแก่น,10030129620102E,วิทยาลัยนานาชาติ,ศิลปศาสตรบัณฑิต (การจัดการการ ท่องเที่ยว) หลักสูตรนานาชาติ การจัดการ การท่องเที่ยว (นานาชาติ),วิทยาลัยนานาชาติ ศศ.บ. (การจัดการการท่องเที่ยว) การจัดการการท่องเที่ยว (นานาชาติ),,0,20,140,22,85.0000,58.3330
มหาวิทยาลัยขอนแก่น,ขอนแก่น,10030129900502E,วิทยาลัยนานาชาติ,ศิลปศาสตรบัณฑิต (การระหวา่ งประเทศ) หลักสูตรนานาชาติ ศิลปศาสตรบัณฑิต การระหวา่ งประเทศ (หลักสูตรนานาชาต)ิ วิชาเอกการพัฒนาระหวา่ งประเทศ,วิทยาลัยนานาชาติ ศศ.บ. (การระหวา่ งประเทศ) ศิลปศาสตรบัณฑิต การ ระหวา่ งประเทศ (หลักสูตร นานาชาติ) วิชาเอกการ พัฒนาระหวา่ งประเทศ,,0,20,150,23,90.0000,61.6660
มหาวิทยาลัยขอนแก่น,ขอนแก่น,10030129900503E,วิทยาลัยนานาชาติ,ศิลปศาสตรบัณฑิต (การระหวา่ งประเทศ) หลักสูตรนานาชาติ ศิลปศาสตรบัณฑิต การระหวา่ งประเทศ (หลักสูตรนานาชาต)ิ วิชาเอกความสัมพันธ์ระหวา่ งประเทศและ การทูต,วิทยาลัยนานาชาติ ศศ.บ. (การระหวา่ งประเทศ) ศิลปศาสตรบัณฑิต การ ระหวา่ งประเทศ (หลักสูตร นานาชาติ) วิชาเอก ความสัมพันธ์ระหวา่ งประเทศ และการทูต,,0,20,214,25,88.3330,70.0000
มหาวิทยาลัยขอนแก่น,ขอนแก่น,10030129901101E,วิทยาลัยนานาชาติ,นิเทศศาสตรบัณฑิต (หลักสูตรนานาชาต)ิ นิเทศศาสตรบัณฑิต วิชาเอกเทคโนโลยีสื่อ สรา้ งสรรค์,วิทยาลัยนานาชาติ นศ.บ. นิเทศศาสตรบัณฑิต วิชาเอก เทคโนโลยีสื่อสรา้ งสรรค์,นิเทศศาสตรบัณฑิต วิชาเอก เทคโนโลยีสื่อสรา้ งสรรค์,0,20,165,21,81.6660,60.0000
มหาวิทยาลัยขอนแก่น,ขอนแก่น,10030129901101E,วิทยาลัยนานาชาติ,นิเทศศาสตรบัณฑิต (หลักสูตรนานาชาต)ิ นิเทศศาสตรบัณฑิต วิชาเอกการสื่อสาร และเนื้อหาสรา้ งสรรค์,วิทยาลัยนานาชาติ นศ.บ. นิเทศศาสตรบัณฑิต วิชาเอก การสื่อสารและเนื้อหา สรา้ งสรรค์,นิเทศศาสตรบัณฑิต วิชาเอก การสื่อสารและเนื้อหา สรา้ งสรรค์,0,55,80,59,76.6660,30.0000
มหาวิทยาลัยขอนแก่น,ขอนแก่น,10030132611103A,คณะเศรษฐศาสตร์,เศรษฐศาสตรบัณฑิต เศรษฐศาสตรบัณฑิต,คณะเศรษฐศาสตร์ศ.บ. เศรษฐศาสตรบัณฑิต,,0,20,483,20,60.9124,49.0542
มหาวิทยาลัยขอนแก่น,ขอนแก่น,10030132611104E,คณะเศรษฐศาสตร์,เศรษฐศาสตรบัณฑิต (หลักสูตรนานาชาต)ิ เศรษฐศาสตรบัณฑิต (หลักสูตรนานาชาต)ิ,คณะเศรษฐศาสตร์ศ.บ. เศรษฐศาสตรบัณฑิต (หลักสูตรนานาชาต)ิ,,0,10,157,10,50.5375,43.0333
มหาวิทยาลัยขอนแก่น,ขอนแก่น,10030138220101A,วิทยาลัยการคอมพิวเตอร์,วิทยาศาสตรบัณฑิต (เทคโนโลียสารสนเทศ) เทคโนโลยีสารสนเทศ,วิทยาลัยการคอมพิวเตอ์รวท.บ. (เทคโนโลยีสารสนเทศ) เทคโนโลยีสารสนเทศ ภาค ปกติ,,0,20,121,20,42.1750,38.1875
มหาวิทยาลัยขอนแก่น,ขอนแก่น,10030138220103A,วิทยาลัยการคอมพิวเตอร์,วิทยาศาสตรบัณฑิต (ภูมิสารสนเทศ ศาสตร)์ ภูมิสารสนเทศศาสตร์,วิทยาลัยการคอมพิวเตอ์รวท.บ. (ภูมิสารสนเทศศาสตร)์ ภูมิสารสนเทศศาสตร์ภาค ปกติ,,0,25,112,25,43.6542,32.3317
มหาวิทยาลัยขอนแก่น,ขอนแก่น,10030138220202A,วิทยาลัยการคอมพิวเตอร์,วิทยาศาสตรบัณฑิต (วิทยาการ คอมพิวเตอร)์ วิทยาการคอมพิวเตอร์,วิทยาลัยการคอมพิวเตอ์รวท.บ. (วิทยาการ คอมพิวเตอร)์ วิทยาการ คอมพิวเตอร์ภาคปกติ,,0,20,251,20,54.5708,45.1208
มหาวิทยาลัยขอนแก่น,ขอนแก่น,10030138220203A,วิทยาลัยการคอมพิวเตอร์,วิทยาศาสตรบัณฑิต (ปัญญาประดิษฐ)์ ปัญญาประดิษฐ์,วิทยาลัยการคอมพิวเตอ์รวท.บ. (ปัญญาประดิษฐ)์ ปัญญาประดิษ์ฐภาคปกติ,,0,30,237,30,47.8583,38.3083
มหาวิทยาลัยขอนแก่น,ขอนแก่น,10030138220203B,วิทยาลัยการคอมพิวเตอร์,วิทยาศาสตรบัณฑิต (วิทยาการ คอมพิวเตอร)์ วิทยาการคอมพิวเตอร์,วิทยาลัยการคอมพิวเตอ์รวท.บ. (วิทยาการ คอมพิวเตอร)์ วิทยาการ คอมพิวเตอร์โครงการพิเศษ,,0,40,164,40,44.7000,35.4667
มหาวิทยาลัยขอนแก่น,ขอนแก่น,10030138220204A,วิทยาลัยการคอมพิวเตอร์,วิทยาศาสตรบัณฑิต (ความมั่นคงปลอดภัย ไซเบอร์) ความมั่นคงปลอดภัยไซเบอร์,วิทยาลัยการคอมพิวเตอ์รวท.บ. (ความมั่นคงปลอดภัย ไซเบอร์) ความมั่นคงปลอดภัย ไซเบอร์ภาคปกติ,,0,29,277,29,50.2125,42.0750
มหาวิทยาลัยขอนแก่น,ขอนแก่น,10030138220204B,วิทยาลัยการคอมพิวเตอร์,วิทยาศาสตรบัณฑิต (ปัญญาประดิษฐ)์ ปัญญาประดิษฐ์,วิทยาลัยการคอมพิวเตอ์รวท.บ. (ปัญญาประดิษฐ)์ ปัญญาประดิษ์ฐโครงการ พิเศษ,,0,35,118,35,38.7500,32.2625
มหาวิทยาลัยขอนแก่น,ขอนแก่น,10030138220205B,วิทยาลัยการคอมพิวเตอร์,วิทยาศาสตรบัณฑิต (ความมั่นคงปลอดภัย ไซเบอร์) ความมั่นคงปลอดภัยไซเบอร์,วิทยาลัยการคอมพิวเตอ์รวท.บ. (ความมั่นคงปลอดภัย ไซเบอร์) ความมั่นคงปลอดภัย ไซเบอร์โครงการพิเศษ,,0,27,221,28,52.6000,36.9000
มหาวิทยาลัยขอนแก่น,หนองคาย,10030245112001A,คณะสหวิทยาการ,วิทยาศาสตรบัณฑิต (วิทยาศาสตร์การกีฬา นวัตกรรมและสุขภาพ) วิทยาศาสตร์การ กีฬา นวัตกรรมและสุขภาพ,คณะสหวิทยาการ วท.บ. (วิทยาศาสตร์การกีฬา นวัตกรรมและสุขภาพ) วิทยาศาสตร์การกีฬา นวัตกรรมและสุขภาพ,,0,22,6,3,40.2475,30.8875
มหาวิทยาลัยขอนแก่น,หนองคาย,10030245210102A,คณะสหวิทยาการ,วิทยาศาสตรบัณฑิต (วิทยาศาสต์รสิ่งแวดล้อมและทรัพยากรธรรมชาติ) วิทยาศาสตร์สิ่งแวดล้อมและทรัพยากรธรรมชาติ,คณะสหวิทยาการ วท.บ. (วิทยาศาสตร์สิ่งแวดล้อมและทรัพยากรธรรมชาติ) วิทยาศาสตร์สิ่งแวดล้อมและทรัพยากรธรรมชาติ,,0,15,1,0,0.0000,0.0000
มหาวิทยาลัยขอนแก่น,หนองคาย,10030245220201A,คณะสหวิทยาการ,วิทยาศาสตรบัณฑิต (วิทยาการ คอมพิวเตอร์และสารสนเทศ) วิทยาการ คอมพิวเตอร์และสารสนเทศ วิชาเอก วิทยาการคอมพิวเตอร์และสารสนเทศ,คณะสหวิทยาการ วท.บ. (วิทยาการคอมพิวเตอร์และ สารสนเทศ) วิทยาการ คอมพิวเตอร์และสารสนเทศ วิชาเอก วิทยาการ คอมพิวเตอร์และสารสนเทศ,,0,64,35,14,50.0000,31.0000
มหาวิทยาลัยขอนแก่น,หนองคาย,10030245220202A,คณะสหวิทยาการ,วิทยาศาสตรบัณฑิต (วิทยาการ คอมพิวเตอร์และสารสนเทศ) วิทยาการ คอมพิวเตอร์และสารสนเทศ วิชาเอก วิทยาการข้อมูลและปัญญาประดิษฐ์,คณะสหวิทยาการ วท.บ. (วิทยาการคอมพิวเตอร์และ สารสนเทศ) วิทยาการ คอมพิวเตอร์และสารสนเทศ วิชาเอก วิทยาการข้อมูลและ ปัญญาประดิษฐ์,,0,38,22,7,50.2500,34.3125
มหาวิทยาลัยขอนแก่น,หนองคาย,10030245610103A,คณะสหวิทยาการ,บริหารธุรกิจบัณฑิต บริหารธุรกิจบัณฑิต วิชาเอกการเงินธุรกิจ,คณะสหวิทยาการ บธ.บ. บริหารธุรกิจบัณฑิต วิชาเอก การเงินธุรกิจ วิทย์,,12158,34,30,13,47.0500,30.5000
มหาวิทยาลัยขอนแก่น,หนองคาย,10030245610103A,คณะสหวิทยาการ,บริหารธุรกิจบัณฑิต บริหารธุรกิจบัณฑิต วิชาเอกการเงินธุรกิจ,คณะสหวิทยาการ บธ.บ. บริหารธุรกิจบัณฑิต วิชาเอก การเงินธุรกิจ ศิลป์,,12158,34,41,15,52.4000,30.5625
มหาวิทยาลัยขอนแก่น,หนองคาย,10030245610504A,คณะสหวิทยาการ,บัญชีบัณฑิต บัญชีบัณฑิต,คณะสหวิทยาการ บช.บ. บัญชีบัณฑิต วิทย์,,12163,48,30,8,43.0500,30.9125
มหาวิทยาลัยขอนแก่น,หนองคาย,10030245610504A,คณะสหวิทยาการ,บัญชีบัณฑิต บัญชีบัณฑิต,คณะสหวิทยาการ บช.บ. บัญชีบัณฑิต ศิลป์,,12163,48,40,14,43.5625,31.6750
มหาวิทยาลัยขอนแก่น,หนองคาย,10030245610804A,คณะสหวิทยาการ,บริหารธุรกิจบัณฑิต บริหารธุรกิจบัณฑิต วิชาเอกธุรกิจระหวา่ งประเทศ,คณะสหวิทยาการ บธ.บ. บริหารธุรกิจบัณฑิต วิชาเอก ธุรกิจระหวา่ งประเทศ วิทย์,,12164,32,32,13,43.6250,33.7000
มหาวิทยาลัยขอนแก่น,หนองคาย,10030245610804A,คณะสหวิทยาการ,บริหารธุรกิจบัณฑิต บริหารธุรกิจบัณฑิต วิชาเอกธุรกิจระหวา่ งประเทศ,คณะสหวิทยาการ บธ.บ. บริหารธุรกิจบัณฑิต วิชาเอก ธุรกิจระหวา่ งประเทศ ศิลป์,,12164,32,45,15,50.2125,30.1750
มหาวิทยาลัยขอนแก่น,หนองคาย,10030245611101A,คณะสหวิทยาการ,เศรษฐศาสตรบัณฑิต (เศรษฐศาสต์รระหวา่ งประเทศ นวัตกรรม และความ ยั่งยืน) เศรษฐศาสตร์ระหวา่ งประเทศ นวัตกรรม และความยั่งยืน,คณะสหวิทยาการ ศ.บ. (เศรษฐศาสตร์ระหวา่ ง ประเทศ นวัตกรรม และ ความยั่งยืน) เศรษฐศาสต์รระหวา่ งประเทศ นวัตกรรม และความยั่งยืน วิทย์,,12159,22,28,13,47.2375,31.6375
มหาวิทยาลัยขอนแก่น,หนองคาย,10030245611101A,คณะสหวิทยาการ,เศรษฐศาสตรบัณฑิต (เศรษฐศาสต์รระหวา่ งประเทศ นวัตกรรม และความ ยั่งยืน) เศรษฐศาสตร์ระหวา่ งประเทศ นวัตกรรม และความยั่งยืน,คณะสหวิทยาการ ศ.บ. (เศรษฐศาสตร์ระหวา่ ง ประเทศ นวัตกรรม และ ความยั่งยืน) เศรษฐศาสต์รระหวา่ งประเทศ นวัตกรรม และความยั่งยืน ศิลป์,,12159,22,33,8,53.8375,33.1000
มหาวิทยาลัยขอนแก่น,หนองคาย,10030245620101A,คณะสหวิทยาการ,บริหารธุรกิจบัณฑิต (นวัตกรรมการ ท่องเที่ยวและการบริการ) นวัตกรรมการ ท่องเที่ยวและการบริการ,คณะสหวิทยาการ บธ.บ. (นวัตกรรมการท่องเที่ยวและ การบริการ) นวัตกรรมการ ท่องเที่ยวและการบริการ,,0,30,129,30,61.3750,40.2250
มหาวิทยาลัยขอนแก่น,หนองคาย,10030245702002A,คณะสหวิทยาการ,ศึกษาศาสตรบัณฑิต (การสอน ภาษาอังกฤษในฐานะภาษาต่างประเทศ) การสอนภาษาอังกฤษในฐานะ ภาษาต่างประเทศ,คณะสหวิทยาการ ศษ.บ. (การสอนภาษาอังกฤษใน ฐานะภาษาต่างประเทศ) การ สอนภาษาอังกฤษในฐานะ ภาษาต่างประเทศ วิทย์,,12167,7,27,4,56.4000,52.4000
มหาวิทยาลัยขอนแก่น,หนองคาย,10030245702002A,คณะสหวิทยาการ,ศึกษาศาสตรบัณฑิต (การสอน ภาษาอังกฤษในฐานะภาษาต่างประเทศ) การสอนภาษาอังกฤษในฐานะ ภาษาต่างประเทศ,คณะสหวิทยาการ ศษ.บ. (การสอนภาษาอังกฤษใน ฐานะภาษาต่างประเทศ) การ สอนภาษาอังกฤษในฐานะ ภาษาต่างประเทศ ศิลป์,,12167,7,41,3,52.9000,51.3000
มหาวิทยาลัยขอนแก่น,หนองคาย,10030245901002A,คณะสหวิทยาการ,นิติศาสตรบัณฑิต (นิติศาสตร)์ นิติศาสตร์,คณะสหวิทยาการ น.บ. (นิติศาสตร)์ นิติศาสตร์วิทย์,,12166,90,211,39,54.2250,44.8000
มหาวิทยาลัยขอนแก่น,หนองคาย,10030245901002A,คณะสหวิทยาการ,นิติศาสตรบัณฑิต (นิติศาสตร)์ นิติศาสตร์,คณะสหวิทยาการ น.บ. (นิติศาสตร)์ นิติศาสตร์ศิลป์,,12166,90,231,51,59.5500,44.6500
มหาวิทยาลัยขอนแก่น,หนองคาย,10030245902501A,คณะสหวิทยาการ,ศิลปศาสตรบัณฑิต (ภาษาอังกฤษเพื่อการ สื่อสารธุรกิจ) ภาษาอังกฤษเพื่อการสื่อสาร ธุรกิจ,คณะสหวิทยาการ ศศ.บ. (ภาษาอังกฤษเพื่อการสื่อสาร ธุรกิจ) ภาษาอังกฤษเพื่อการ สื่อสารธุรกิจ,,0,42,45,28,69.5500,30.2000
มหาวิทยาลัยเชียงใหม่,วิทยาเขตหลัก,10040101620101A,คณะมนุษยศาสตร์,ศศ.บ.การท่องเที่ยวและการโรงแรม,การรับตรงร่วมกัน (รหัส 43117311-การท่องเที่ยว และการโรงแรม),,,30,"1,794",30,60.6405,56.5127
มหาวิทยาลัยเชียงใหม่,วิทยาเขตหลัก,10040101620101B,คณะมนุษยศาสตร์,ศศ.บ.การท่องเที่ยวและการโรงแรม,การรับตรงร่วมกัน (รหัส 43194311-การท่องเที่ยว และการโรงแรม ภาคพิเศษ),,,30,685,30,57.9520,54.3354
มหาวิทยาลัยเชียงใหม่,วิทยาเขตหลัก,10040101900101A,คณะมนุษยศาสตร์,ศศ.บ.สารสนเทศศึกษา,การรับตรงร่วมกัน (รหัส 43163114-สารสนเทศศึกษา),,,10,545,10,55.5546,52.6358
มหาวิทยาลัยเชียงใหม่,วิทยาเขตหลัก,10040101900701A,คณะมนุษยศาสตร์,วท.บ.จิตวิทยา,การรับตรงร่วมกัน (รหัส 43115311-จิตวิทยา (แขนง จิตวิทยาคลินิก)),แขนงจิตวิทยาคลินิก,,8,477,8,61.3171,57.6914
มหาวิทยาลัยเชียงใหม่,วิทยาเขตหลัก,10040101900701A,คณะมนุษยศาสตร์,วท.บ.จิตวิทยา,การรับตรงร่วมกัน (รหัส 43115312-จิตวิทยา (แขนง จิตวิทยาคลินิก)),แขนงจิตวิทยาคลินิก,,6,331,6,64.2732,60.9351
มหาวิทยาลัยเชียงใหม่,วิทยาเขตหลัก,10040101900701A,คณะมนุษยศาสตร์,วท.บ.จิตวิทยา,การรับตรงร่วมกัน (รหัส 43115313-จิตวิทยา (แขนง จิตวิทยาคลินิก)),แขนงจิตวิทยาคลินิก,,1,11,1,54.7811,54.7811
มหาวิทยาลัยเชียงใหม่,วิทยาเขตหลัก,10040101900701A,คณะมนุษยศาสตร์,วท.บ.จิตวิทยา,การรับตรงร่วมกัน (รหัส 43115314-จิตวิทยา (แขนง จิตวิทยาคลินิก)),แขนงจิตวิทยาคลินิก,,1,5,1,58.0424,58.0424
มหาวิทยาลัยเชียงใหม่,วิทยาเขตหลัก,10040101900701A,คณะมนุษยศาสตร์,วท.บ.จิตวิทยา,การรับตรงร่วมกัน (รหัส 43116311-จิตวิทยา (แขนง จิตวิทยาอุตสาหกรรมและ องค์การ)),แขนงจิตวิทยาอุตสาหกรรม และองค์การ,,8,214,8,57.0611,55.5367
มหาวิทยาลัยเชียงใหม่,วิทยาเขตหลัก,10040101900701A,คณะมนุษยศาสตร์,วท.บ.จิตวิทยา,การรับตรงร่วมกัน (รหัส 43116312-จิตวิทยา (แขนง จิตวิทยาอุตสาหกรรมและ องค์การ)),แขนงจิตวิทยาอุตสาหกรรม และองค์การ,,7,161,7,59.8928,57.4569
มหาวิทยาลัยเชียงใหม่,วิทยาเขตหลัก,10040101900701A,คณะมนุษยศาสตร์,วท.บ.จิตวิทยา,การรับตรงร่วมกัน (รหัส 43116313-จิตวิทยา (แขนง จิตวิทยาอุตสาหกรรมและ องค์การ)),แขนงจิตวิทยาอุตสาหกรรม และองค์การ,,1,7,1,50.9568,50.9568
มหาวิทยาลัยเชียงใหม่,วิทยาเขตหลัก,10040101900701A,คณะมนุษยศาสตร์,วท.บ.จิตวิทยา,การรับตรงร่วมกัน (รหัส 43116314-จิตวิทยา (แขนง จิตวิทยาอุตสาหกรรมและ องค์การ)),แขนงจิตวิทยาอุตสาหกรรม และองค์การ,,1,3,0,0.0000,0.0000
มหาวิทยาลัยเชียงใหม่,วิทยาเขตหลัก,10040101902201H,คณะมนุษยศาสตร์,ศศ.บ.ภาษาพม่า,การรับตรงร่วมกัน (รหัส 43114311-ภาษาและ วัฒนธรรมพม่า),,,14,159,14,59.0560,51.3263
มหาวิทยาลัยเชียงใหม่,วิทยาเขตหลัก,10040101902401A,คณะมนุษยศาสตร์,ศศ.บ.ภาษาฝรั่งเศส,การรับตรงร่วมกัน (รหัส 4312311-ภาษาฝรั่งเศส),,,9,84,9,62.3300,52.7806
มหาวิทยาลัยเชียงใหม่,วิทยาเขตหลัก,10040101902501A,คณะมนุษยศาสตร์,ศศ.บ.ภาษาอังกฤษ,การรับตรงร่วมกัน (รหัส 4311311-ภาษาอังกฤษ),,,19,"1,312",19,63.5022,62.1054
มหาวิทยาลัยเชียงใหม่,วิทยาเขตหลัก,10040101902501A,คณะมนุษยศาสตร์,ศศ.บ.ภาษาอังกฤษ,การรับตรงร่วมกัน (รหัส 4311312-ภาษาอังกฤษ),,,1,43,1,61.3707,61.3707
มหาวิทยาลัยเชียงใหม่,วิทยาเขตหลัก,10040101903601A,คณะมนุษยศาสตร์,ศศ.บ.บ้านและชุมชน,การรับตรงร่วมกัน (รหัส 43153114-บ้านและชุมชน),,,8,250,8,57.3651,53.8523
มหาวิทยาลัยเชียงใหม่,วิทยาเขตหลัก,10040101904301E,คณะมนุษยศาสตร์,ศศ.บ.มนุษยศาสตร์และความยั่งยืน,การรับตรงร่วมกัน (รหัส 43171311-มนุษยศาสต์รและความยั่งยืน (นานาชาติ ช่องทาง TCAS)),,,12,64,12,62.4252,57.3664
มหาวิทยาลัยเชียงใหม่,วิทยาเขตหลัก,10040101904302A,คณะมนุษยศาสตร์,ศศ.บ.ศิลปศาสตรบัณฑิต,การรับตรงร่วมกัน (รหัส 43118311-ศิลปศาสต์ร(วิชาเอกภาษาไทย)),วิชาเอกภาษาไทย,,35,831,35,60.3458,56.5178
มหาวิทยาลัยเชียงใหม่,วิทยาเขตหลัก,10040101904302A,คณะมนุษยศาสตร์,ศศ.บ.ศิลปศาสตรบัณฑิต,การรับตรงร่วมกัน (รหัส 43119311-ศิลปศาสต์ร(วิชาเอกภาษาจีน)),วิชาเอกภาษาจีน,,15,542,15,66.6321,61.7909
มหาวิทยาลัยเชียงใหม่,วิทยาเขตหลัก,10040101904302A,คณะมนุษยศาสตร์,ศศ.บ.ศิลปศาสตรบัณฑิต,การรับตรงร่วมกัน (รหัส 4312311-ศิลปศาสต์ร(วิชาเอกภาษาและวัฒนธรรม ญี่ปุ่น)),วิชาเอกภาษาและ วัฒนธรรมญี่ปุ่น,,20,153,20,60.4725,57.2121
มหาวิทยาลัยเชียงใหม่,วิทยาเขตหลัก,10040101904302A,คณะมนุษยศาสตร์,ศศ.บ.ศิลปศาสตรบัณฑิต,การรับตรงร่วมกัน (รหัส 43121311-ศิลปศาสต์ร(วิชาเอกภาษาและวัฒนธรรม อินเดีย)),วิชาเอกภาษาและวัฒนธรรม อินเดีย,,18,483,18,56.1561,52.6327
มหาวิทยาลัยเชียงใหม่,วิทยาเขตหลัก,10040101904302A,คณะมนุษยศาสตร์,ศศ.บ.ศิลปศาสตรบัณฑิต,การรับตรงร่วมกัน (รหัส 431223114-ศิลปศาสต์ร(วิชาเอกภาษาและวัฒนธรรม เกาหลี)),วิชาเอกภาษาและวัฒนธรรม เกาหลี,,17,73,17,70.5757,63.6954
มหาวิทยาลัยเชียงใหม่,วิทยาเขตหลัก,10040101904302A,คณะมนุษยศาสตร์,ศศ.บ.ศิลปศาสตรบัณฑิต,การรับตรงร่วมกัน (รหัส 43123311-ศิลปศาสต์ร(วิชาเอกภาษาและวัฒนธรรม เยอรมัน)),วิชาเอกภาษาและวัฒนธรรม เยอรมัน,,12,237,12,63.4958,53.8737
มหาวิทยาลัยเชียงใหม่,วิทยาเขตหลัก,10040101904302A,คณะมนุษยศาสตร์,ศศ.บ.ศิลปศาสตรบัณฑิต,การรับตรงร่วมกัน (รหัส 43124311-ศิลปศาสต์ร(วิชาเอกประวัติศาสตร์)),วิชาเอกประวัติศาสตร์,,7,322,7,62.1077,60.2448
มหาวิทยาลัยเชียงใหม่,วิทยาเขตหลัก,10040101904302A,คณะมนุษยศาสตร์,ศศ.บ.ศิลปศาสตรบัณฑิต,การรับตรงร่วมกัน (รหัส 43125311-ศิลปศาสต์ร(วิชาเอกปรัชญา)),วิชาเอกปรัชญา,,35,785,35,64.1608,60.7380
มหาวิทยาลัยเชียงใหม่,วิทยาเขตหลัก,10040102700201A,คณะศึกษาศาสตร์,ศษ.บ.ประถมศึกษา,การรับตรงร่วมกัน (รหัส 4321311-ประถมศึกษา),,,10,612,10,60.7899,58.2285
มหาวิทยาลัยเชียงใหม่,วิทยาเขตหลัก,10040102700601A,คณะศึกษาศาสตร์,ศษ.บ.การศึกษาปฐมวัย-การศึกษาพิเศษ,การรับตรงร่วมกัน (รหัส 43215311-การศึกษาปฐมวัย- การศึกษาพิเศษ (แขนง การศึกษาปฐมวัย)),แขนงการศึกษาปฐมวยั,,5,332,5,60.1182,57.3123
มหาวิทยาลัยเชียงใหม่,วิทยาเขตหลัก,10040102700801A,คณะศึกษาศาสตร์,ศษ.บ.คณิตศาสตร์,การรับตรงร่วมกัน (รหัส 43211311-คณิตศาสตร)์,,,19,436,19,62.5190,57.9911
มหาวิทยาลัยเชียงใหม่,วิทยาเขตหลัก,10040102701001A,คณะศึกษาศาสตร์,ศษ.บ.เคมี,การรับตรงร่วมกัน (รหัส 4329311-เคม)ี,,,9,137,9,61.0527,57.6305
มหาวิทยาลัยเชียงใหม่,วิทยาเขตหลัก,10040102701301A,คณะศึกษาศาสตร์,ศษ.บ.ชีววิทยา,การรับตรงร่วมกัน (รหัส 4327311-ชีววิทยา),,,11,252,11,62.4281,58.2775
มหาวิทยาลัยเชียงใหม่,วิทยาเขตหลัก,10040102701801A,คณะศึกษาศาสตร์,ศษ.บ.ฟิสิกส์,การรับตรงร่วมกัน (รหัส 4328311-ฟิสิกส์),,,8,114,8,61.1252,55.7096
มหาวิทยาลัยเชียงใหม่,วิทยาเขตหลัก,10040102702001A,คณะศึกษาศาสตร์,ศษ.บ.ภาษาไทย,การรับตรงร่วมกัน (รหัส 4324311-ภาษาไทย),,,8,647,8,61.7472,59.4264
มหาวิทยาลัยเชียงใหม่,วิทยาเขตหลัก,10040102702002A,คณะศึกษาศาสตร์,ศษ.บ.ภาษาอังกฤษ,การรับตรงร่วมกัน (รหัส 4325311-ภาษาอังกฤษ),,,6,383,6,62.6448,60.5337
มหาวิทยาลัยเชียงใหม่,วิทยาเขตหลัก,10040102702501A,คณะศึกษาศาสตร์,ศษ.บ.ศิลปศึกษา,การรับตรงร่วมกัน (รหัส 4321311-ศิลปศึกษา),,,5,61,5,59.1413,55.8469
มหาวิทยาลัยเชียงใหม่,วิทยาเขตหลัก,10040102702701A,คณะศึกษาศาสตร์,ศษ.บ.สังคมศึกษา,การรับตรงร่วมกัน (รหัส 4326311-สังคมศึกษา),,,6,490,6,61.3442,59.6318
มหาวิทยาลัยเชียงใหม่,วิทยาเขตหลัก,10040102702801A,คณะศึกษาศาสตร์,ศษ.บ.พลศึกษา,การรับตรงร่วมกัน (รหัส 43212311-พลศึกษา),,,8,170,8,57.1547,53.9886
มหาวิทยาลัยเชียงใหม่,วิทยาเขตหลัก,10040102703201A,คณะศึกษาศาสตร์,ศษ.บ.อุตสาหกรรมและการงานอาชีพ,การรับตรงร่วมกัน (รหัส 43216311-อุตสาหกรรมและ การงานอาชีพ),,,6,125,6,57.6137,55.6087
มหาวิทยาลัยเชียงใหม่,วิทยาเขตหลัก,10040102703201A,คณะศึกษาศาสตร์,ศษ.บ.อุตสาหกรรมและการงานอาชีพ,การรับตรงร่วมกัน (รหัส 43216312-อุตสาหกรรมและ การงานอาชีพ),,,5,130,5,57.4231,56.4309
มหาวิทยาลัยเชียงใหม่,วิทยาเขตหลัก,10040103800101A,คณะวิจิตรศิลป์,ศล.บ.การออกแบบ,การรับตรงร่วมกัน (รหัส 4335311-การออกแบบ),,,3,478,3,59.1890,57.6433
มหาวิทยาลัยเชียงใหม่,วิทยาเขตหลัก,10040103800301A,คณะวิจิตรศิลป์,ศล.บ.การถ่ายภาพสรา้ งสรรค์,การรับตรงร่วมกัน (รหัส 4331311-การถ่ายภาพ สรา้ งสรรค์),,,15,489,15,59.4951,54.3697
มหาวิทยาลัยเชียงใหม่,วิทยาเขตหลัก,10040103800302A,คณะวิจิตรศิลป์,ศล.บ.สื่อศิลปะและการออกแบบสื่อ,การรับตรงร่วมกัน (รหัส 4337311-สื่อศิลปะและการ ออกแบบสื่อ),,,7,494,7,60.3838,56.1133
มหาวิทยาลัยเชียงใหม่,วิทยาเขตหลัก,10040103800303A,คณะวิจิตรศิลป์,ศล.บ.ศิลปะไทยและวัฒนธรรมสรา้ งสรรค์,การรับตรงร่วมกัน (รหัส 43312311-ศิลปะไทยและ วัฒนธรรมสรา้ งสรรค์),,,10,226,10,56.8345,52.8774
มหาวิทยาลัยเชียงใหม่,วิทยาเขตหลัก,10040103800305A,คณะวิจิตรศิลป์,ศล.บ.ประติมากรรม,การรับตรงร่วมกัน (รหัส 4333311-ประติมากรรม),,,9,223,9,59.5320,54.1863
มหาวิทยาลัยเชียงใหม่,วิทยาเขตหลัก,10040103800306A,คณะวิจิตรศิลป์,ศล.บ.ศิลปะภาพพิมพ์,การรับตรงร่วมกัน (รหัส 4331311-ศิลปะภาพพิมพ์),,,10,128,10,54.3620,52.7578
มหาวิทยาลัยเชียงใหม่,วิทยาเขตหลัก,10040103800307A,คณะวิจิตรศิลป์,ศล.บ.สหศาสตร์ศิลป์,การรับตรงร่วมกัน (รหัส 4338311-สหศาสตร์ศิลป์),,,16,229,16,55.6117,53.3483
มหาวิทยาลัยเชียงใหม่,วิทยาเขตหลัก,10040104902601A,คณะสังคมศาสตร์,ศศ.บ.อาเซียนศึกษา,การรับตรงร่วมกัน (รหัส 43473113-อาเซียนศึกษา),,,8,75,8,51.3244,49.6224
มหาวิทยาลัยเชียงใหม่,วิทยาเขตหลัก,10040104902601A,คณะสังคมศาสตร์,ศศ.บ.อาเซียนศึกษา,การรับตรงร่วมกัน (รหัส 43473124-อาเซียนศึกษา),,,20,360,20,53.8514,51.3546
มหาวิทยาลัยเชียงใหม่,วิทยาเขตหลัก,10040104903001A,คณะสังคมศาสตร์,วท.บ.ภูมิศาสตร์,การรับตรงร่วมกัน (รหัส 43413113-ภูมิศาสตร)์,,,16,90,16,53.5747,50.1469
มหาวิทยาลัยเชียงใหม่,วิทยาเขตหลัก,10040104903001A,คณะสังคมศาสตร์,วท.บ.ภูมิศาสตร์,การรับตรงร่วมกัน (รหัส 43413124-ภูมิศาสตร)์,,,15,240,15,54.8170,52.4954
มหาวิทยาลัยเชียงใหม่,วิทยาเขตหลัก,10040104903501A,คณะสังคมศาสตร์,ศศ.บ.สังคมวิทยาและมานุษยวิทยา,การรับตรงร่วมกัน (รหัส 4343311-สังคมวิทยาและ มานุษยวิทยา),,,23,275,23,58.4131,54.1557
มหาวิทยาลัยเชียงใหม่,วิทยาเขตหลัก,10040104903501A,คณะสังคมศาสตร์,ศศ.บ.สังคมวิทยาและมานุษยวิทยา,การรับตรงร่วมกัน (รหัส 4343312-สังคมวิทยาและ มานุษยวิทยา),,,23,428,23,61.1103,55.9358
มหาวิทยาลัยเชียงใหม่,วิทยาเขตหลัก,10040105210002A,คณะวิทยาศาสตร์,วท.บ.เคม/ีวท.บ.เคมีอุตสาหกรรม/วท.บ. ชีวเคมีและชีวเคมีนวัตกรรม,"การรับตรงร่วมกัน (รหัส 43513113-เคม,ีเคีมอุตสาหกรรม,ชีวเคมีและ ชีวเคมีนวัตกรรม)",,,36,662,36,59.3017,53.2539
มหาวิทยาลัยเชียงใหม่,วิทยาเขตหลัก,10040105210002A,คณะวิทยาศาสตร์,วท.บ.เคม/ีวท.บ.เคมีอุตสาหกรรม/วท.บ. ชีวเคมีและชีวเคมีนวัตกรรม,"การรับตรงร่วมกัน (รหัส 4351312-เคม,ีเคีมอุตสาหกรรม,ชีวเคมีและ ชีวเคมีนวัตกรรม)",,,36,364,36,65.9215,58.6894
มหาวิทยาลัยเชียงใหม่,วิทยาเขตหลัก,10040105210003A,คณะวิทยาศาสตร์,วท.บ.ชีววิทยา/วท.บ.จุลวิทยา/วท.บ.สัตว วิทยา,"การรับตรงร่วมกัน (รหัส 43523113-ชีววิทยา,จุล ชีววิทยา,สัตววิทยา)",,,25,948,25,57.2741,54.2991
มหาวิทยาลัยเชียงใหม่,วิทยาเขตหลัก,10040105210003A,คณะวิทยาศาสตร์,วท.บ.ชีววิทยา/วท.บ.จุลวิทยา/วท.บ.สัตว วิทยา,"การรับตรงร่วมกัน (รหัส 4352312-ชีววิทยา,จุล ชีววิทยา,สัตววิทยา)",,,25,308,25,69.3427,59.7944
มหาวิทยาลัยเชียงใหม่,วิทยาเขตหลัก,10040105210004A,คณะวิทยาศาสตร์,วท.บ.ฟิสิกส์/วท.บ.วัสดุศาสตร์,"การรับตรงร่วมกัน (รหัส 43533113-ฟิสิกส์,วัสดุศาสตร์)",,,20,335,20,56.3270,51.4354
มหาวิทยาลัยเชียงใหม่,วิทยาเขตหลัก,10040105210004A,คณะวิทยาศาสตร์,วท.บ.ฟิสิกส์/วท.บ.วัสดุศาสตร์,"การรับตรงร่วมกัน (รหัส 4353312-ฟิสิกส์,วัสดุศาสตร์)",,,20,177,20,63.5923,57.4960
มหาวิทยาลัยเชียงใหม่,วิทยาเขตหลัก,10040105210005A,คณะวิทยาศาสตร์,วท.บ.คณิตศาสตร/์วท.บ.สถิติ,"การรับตรงร่วมกัน (รหัส 43563113-คณิตศาสตร,์สถิติ)",,,21,409,21,56.1740,52.1446
มหาวิทยาลัยเชียงใหม่,วิทยาเขตหลัก,10040105210005A,คณะวิทยาศาสตร์,วท.บ.คณิตศาสตร/์วท.บ.สถิติ,"การรับตรงร่วมกัน (รหัส 4356312-คณิตศาสตร,์สถิติ)",,,21,238,21,63.3862,58.2963
มหาวิทยาลัยเชียงใหม่,วิทยาเขตหลัก,10040105212301A,คณะวิทยาศาสตร์,วท.บ.ธรณีวิทยา,การรับตรงร่วมกัน (รหัส 43543113-ธรณีวิทยา),,,8,274,8,54.8926,52.4270
มหาวิทยาลัยเชียงใหม่,วิทยาเขตหลัก,10040105212301A,คณะวิทยาศาสตร์,วท.บ.ธรณีวิทยา,การรับตรงร่วมกัน (รหัส 4354312-ธรณีวิทยา),,,8,119,8,63.0167,59.4041
มหาวิทยาลัยเชียงใหม่,วิทยาเขตหลัก,10040105213101E,คณะวิทยาศาสตร์,วท.บ.วิทยาศาสตร์สิ่งแวดล้อม,การรับตรงร่วมกัน (รหัส 435713113-วิทยาศาสต์รสิ่งแวดล้อม (นานาชาติ ช่องทาง TCAS)),,,5,80,5,52.9810,51.5100
มหาวิทยาลัยเชียงใหม่,วิทยาเขตหลัก,10040105213101E,คณะวิทยาศาสตร์,วท.บ.วิทยาศาสตร์สิ่งแวดล้อม,การรับตรงร่วมกัน (รหัส 43571312-วิทยาศาสต์รสิ่งแวดล้อม (นานาชาติ ช่องทาง TCAS)),,,5,51,5,58.9278,57.0580
มหาวิทยาลัยเชียงใหม่,วิทยาเขตหลัก,10040105213401A,คณะวิทยาศาสตร์,วท.บ.อัญมณีวิทยา,การรับตรงร่วมกัน (รหัส 43553113-อัญมณีวิทยา),,,6,169,6,52.2690,51.0244
มหาวิทยาลัยเชียงใหม่,วิทยาเขตหลัก,10040105213401A,คณะวิทยาศาสตร์,วท.บ.อัญมณีวิทยา,การรับตรงร่วมกัน (รหัส 4355312-อัญมณีวิทยา),,,6,66,6,62.4673,57.2286
มหาวิทยาลัยเชียงใหม่,วิทยาเขตหลัก,10040105220201A,คณะวิทยาศาสตร์,วท.บ.วิทยาการคอมพิวเตอร์,การรับตรงร่วมกัน (รหัส 43573113-วิทยาการ คอมพิวเตอร)์,,,20,466,20,58.0984,53.0537
มหาวิทยาลัยเชียงใหม่,วิทยาเขตหลัก,10040105220201A,คณะวิทยาศาสตร์,วท.บ.วิทยาการคอมพิวเตอร์,การรับตรงร่วมกัน (รหัส 4357312-วิทยาการ คอมพิวเตอร)์,,,8,424,8,69.2836,66.4541
มหาวิทยาลัยเชียงใหม่,วิทยาเขตหลัก,10040105220301A,คณะวิทยาศาสตร์,วท.บ.วิทยาการข้อมูล,การรับตรงร่วมกัน (รหัส 43583113-วิทยาการข้อมูล),,,12,158,12,57.1207,52.8640
มหาวิทยาลัยเชียงใหม่,วิทยาเขตหลัก,10040105220301A,คณะวิทยาศาสตร์,วท.บ.วิทยาการข้อมูล,การรับตรงร่วมกัน (รหัส 4358312-วิทยาการข้อมูล),,,7,103,7,69.9466,63.7694
มหาวิทยาลัยเชียงใหม่,วิทยาเขตหลัก,10040106300501A,คณะวิศวกรรมศาสตร์,วศ.บ.วิศวกรรมคอมพิวเตอร์,การรับตรงร่วมกัน (รหัส 4368311-วิศวกรรม คอมพิวเตอร)์,,,10,528,10,67.6058,65.4554
มหาวิทยาลัยเชียงใหม่,วิทยาเขตหลัก,10040106300502E,คณะวิศวกรรมศาสตร์,วศ.บ.วิศวกรรมระบบสารสนเทศและ เครือข่าย,การรับตรงร่วมกัน (รหัส 43661311-วิศวกรรมระบบ สารสนเทศและเครือข่าย (นานาชาติ ช่องทาง TCAS)),,,8,72,8,59.9868,55.4521
มหาวิทยาลัยเชียงใหม่,วิทยาเขตหลัก,10040106300701A,คณะวิศวกรรมศาสตร์,วศ.บ.วิศวกรรมเครื่องกล,การรับตรงร่วมกัน (รหัส 4365311-วิศวกรรมเครื่องกล),,,60,845,60,63.9528,58.6816
มหาวิทยาลัยเชียงใหม่,วิทยาเขตหลัก,10040106300701E,คณะวิศวกรรมศาสตร์,วศ.บ.วิศวกรรมเครื่องกลและการบริหาร โครงการวิศวกรรม,การรับตรงร่วมกัน (รหัส 4366311-วิศวกรรมเครื่องกล และการบริหารโครงการ วิศวกรรม (นานาชาติ ช่องทาง TCAS)),,,10,86,10,57.9711,52.5427
มหาวิทยาลัยเชียงใหม่,วิทยาเขตหลัก,10040106301601A,คณะวิศวกรรมศาสตร์,วศ.บ.วิศวกรรมไฟฟ้า,การรับตรงร่วมกัน (รหัส 4362311-วิศวกรรมไฟฟ้า),,,25,599,25,73.2270,62.4020
มหาวิทยาลัยเชียงใหม่,วิทยาเขตหลัก,10040106301602E,คณะวิศวกรรมศาสตร์,วศ.บ.วิศวกรรมไฟฟ้าและเทคโนโลียโครงข่ายไฟฟ้าอัจฉริยะ,การรับตรงร่วมกัน (รหัส 43662311-วิศวกรรมไฟฟ้า และเทคโนโลยีโครงข่ายไฟฟ้า อัจฉริยะ (นานาชาติ ช่องทาง TCAS)),,,10,151,10,60.1623,53.2490
มหาวิทยาลัยเชียงใหม่,วิทยาเขตหลัก,10040106302101A,คณะวิศวกรรมศาสตร์,วศ.บ.วิศวกรรมโยธา,การรับตรงร่วมกัน (รหัส 4361311-วิศวกรรมโยธา),,,60,"1,005",60,66.4510,58.8842
มหาวิทยาลัยเชียงใหม่,วิทยาเขตหลัก,10040106302101E,คณะวิศวกรรมศาสตร์,วศ.บ.วิศวกรรมโยธา,การรับตรงร่วมกัน (รหัส 43663311-วิศวกรรมโยธา (นานาชาติ ช่องทาง TCAS)),,,10,134,10,56.6330,53.8984
มหาวิทยาลัยเชียงใหม่,วิทยาเขตหลัก,10040106302801A,คณะวิศวกรรมศาสตร์,วศ.บ.วิศวกรรมสิ่งแวดล้อม,การรับตรงร่วมกัน (รหัส 4363311-วิศวกรรม สิ่งแวดล้อม),,,5,230,5,60.4446,59.0574
มหาวิทยาลัยเชียงใหม่,วิทยาเขตหลัก,10040106302901A,คณะวิศวกรรมศาสตร์,วศ.บ.วิศวกรรมหุ่นยนต์และปัญญาประดิษฐ์,การรับตรงร่วมกัน (รหัส 4361311-วิศวกรรมหุ่นยน์ตและปัญญาประดิษฐ)์,,,30,207,30,63.7428,58.0424
มหาวิทยาลัยเชียงใหม่,วิทยาเขตหลัก,10040106303001A,คณะวิศวกรรมศาสตร์,วศ.บ.วิศวกรรมเหมืองแร่และปิโตรเลียม,การรับตรงร่วมกัน (รหัส 43612311-วิศวกรรมเหมือง แร่และปิโตรเลียม),,,15,233,15,59.9176,57.2880
มหาวิทยาลัยเชียงใหม่,วิทยาเขตหลัก,10040106303501A,คณะวิศวกรรมศาสตร์,วศ.บ.วิศวกรรมอุตสาหการ,การรับตรงร่วมกัน (รหัส 4364311-วิศวกรรมอุตสา หการ),,,40,594,40,64.7328,57.6580
มหาวิทยาลัยเชียงใหม่,วิทยาเขตหลัก,10040106303501B,คณะวิศวกรรมศาสตร์,วศ.บ.วิศวกรรมอุตสาหการ,การรับตรงร่วมกัน (รหัส 43691311-วิศวกรรมอุตสา หการ ภาคพิเศษ),,,60,536,60,61.6664,54.5126
มหาวิทยาลัยเชียงใหม่,วิทยาเขตหลัก,10040106303502E,คณะวิศวกรรมศาสตร์,วศ.บ.วิศวกรรมอุตสาหการและการ จัดการโลจิสติกส์,การรับตรงร่วมกัน (รหัส 43664311-วิศวกรรมอุตสา หการและการจัดการโลิจสติก์ส(นานาชาติ ช่องทาง TCAS)),,,15,100,15,65.6438,51.7670
มหาวิทยาลัยเชียงใหม่,วิทยาเขตหลัก,10040106303601A,คณะวิศวกรรมศาสตร์,วศ.บ.วิศวกรรมบูรณาการ,การรับตรงร่วมกัน (รหัส 43611311-วิศวกรรมบูรณา การ),,,10,123,10,62.8776,56.5076
มหาวิทยาลัยเชียงใหม่,วิทยาเขตหลัก,10040108500201A,คณะเกษตรศาสตร์,วท.บ.เกษตรศาสตร์,การรับตรงร่วมกัน (รหัส 4385311-เกษตรศาสต์ร(วิชาเอกพืชสวน วิชาเอกพืชไร่ วิชาเอกปฐพีศาสตร์)),วิชาเอกพืชสวน วิชาเอกพืช ไร่วิชาเอกปฐพีศาสตร์,,120,309,120,56.9640,45.5878
มหาวิทยาลัยเชียงใหม่,วิทยาเขตหลัก,10040108500201A,คณะเกษตรศาสตร์,วท.บ.เกษตรศาสตร์,การรับตรงร่วมกัน (รหัส 4386311-เกษตรศาสต์ร(วิชาเอกโรคพืช)),วิชาเอกโรคพืช,,20,79,20,53.0240,47.1623
มหาวิทยาลัยเชียงใหม่,วิทยาเขตหลัก,10040108500201A,คณะเกษตรศาสตร์,วท.บ.เกษตรศาสตร์,การรับตรงร่วมกัน (รหัส 4387311-เกษตรศาสต์ร(วิชาเอกกีฏวิทยา)),วิชาเอกกีฏวิทยา,,25,37,11,51.7505,44.7630
มหาวิทยาลัยเชียงใหม่,วิทยาเขตหลัก,10040108500201A,คณะเกษตรศาสตร์,วท.บ.เกษตรศาสตร์,การรับตรงร่วมกัน (รหัส 4388311-เกษตรศาสต์ร(วิชาเอกส่งเสริมและเผยแพ่รการเกษตร)),วิชาเอกส่งเสริมและเผยแพ่รการเกษตร,,30,21,4,53.3909,45.0105
มหาวิทยาลัยเชียงใหม่,วิทยาเขตหลัก,10040108500201A,คณะเกษตรศาสตร์,วท.บ.เกษตรศาสตร์,การรับตรงร่วมกัน (รหัส 4389311-เกษตรศาสต์ร(วิชาเอกเกษตรที่สูงและทรัพยากรธรรมชาติ)),วิชาเอกเกษตรที่สูงและทรัพยากรธรรมชาติ,,25,57,11,50.5390,43.8484
มหาวิทยาลัยเชียงใหม่,วิทยาเขตหลัก,10040108500401A,คณะเกษตรศาสตร์,วท.บ.ผู้ประกอบการด้านเกษตรอัจฉริยะ และอาหาร (หลักสูตรพหุวิทยาการ),การรับตรงร่วมกัน (รหัส 43813311-ผู้ประกอบการ ด้านเกษตรอัจฉริยะและ อาหาร (หลักสูตรพุหวิทยาการ)),,,70,86,50,53.4310,43.3052
มหาวิทยาลัยเชียงใหม่,วิทยาเขตหลัก,10040108501001A,คณะเกษตรศาสตร์,วท.บ.เกษตรที่สูงและทรัพยากรป่าไม้,การรับตรงร่วมกัน (รหัส 43812311-เกษตรที่สูงและทรัพยากรป่าไม้),,,55,124,55,55.8473,46.8081
มหาวิทยาลัยเชียงใหม่,วิทยาเขตหลัก,10040108501201A,คณะเกษตรศาสตร์,วท.บ.สัตวศาสตร์,การรับตรงร่วมกัน (รหัส 4381311-สัตวศาสต์ร(วิชาเอกสัตวศาสตร์)),วิชาเอกสัตวศาสตร์,,28,193,28,60.7945,52.7138
มหาวิทยาลัยเชียงใหม่,วิทยาเขตหลัก,10040108501201A,คณะเกษตรศาสตร์,วท.บ.สัตวศาสตร์,การรับตรงร่วมกัน (รหัส 43811311-สัตวศาสต์ร(วิชาเอกวิทยาศาสตร์การ ประมง)),วิชาเอกวิทยาศาสตร์การ ประมง,,9,46,9,52.3710,47.8578
มหาวิทยาลัยเชียงใหม่,วิทยาเขตหลัก,10040108611101A,คณะเกษตรศาสตร์,วท.บ.เศรษฐศาสตร์เกษตรและธุรกิจเกษตร,การรับตรงร่วมกัน (รหัส 4384311-เศรษฐศาสต์รเกษตรและธุรกิจเกษตร),,,73,380,73,55.9936,50.4900
มหาวิทยาลัยเชียงใหม่,วิทยาเขตหลัก,10040111110101A,คณะเทคนิคการแพทย์,วท.บ.กายภาพบำบัด,การรับตรงร่วมกัน (รหัส 43114311-กายภาพบำบัด),,,21,"3,527",21,68.1070,65.9680
มหาวิทยาลัยเชียงใหม่,วิทยาเขตหลัก,10040111110901A,คณะเทคนิคการแพทย์,วท.บ.กิจกรรมบำบัด,การรับตรงร่วมกัน (รหัส 431123113-กิจกรรมบำบัด),,,32,635,32,60.1644,57.3549
มหาวิทยาลัยเชียงใหม่,วิทยาเขตหลัก,10040111111001A,คณะเทคนิคการแพทย์,วท.บ.วิทยาศาสตร์สื่อความหมายและ ความผิดปกติของการสื่อความหมาย,การรับตรงร่วมกัน (รหัส 431153113-วิทยาศาสตร์สื่อ ความหมายและความผิดปกิตของการสื่อความหมาย),,,12,744,12,62.6661,58.0111
มหาวิทยาลัยเชียงใหม่,วิทยาเขตหลัก,10040111111301A,คณะเทคนิคการแพทย์,ทพ.บ.เทคนิคการแพทยบัณฑิต,การรับตรงร่วมกัน (รหัส 43111311-เทคนิคการแพทย)์,,,55,"1,381",55,63.7357,60.5191
มหาวิทยาลัยเชียงใหม่,วิทยาเขตหลัก,10040111111901A,คณะเทคนิคการแพทย์,วท.บ.รังสีเทคนิค,การรับตรงร่วมกัน (รหัส 431133113-รังสีเทคนิค),,,31,"1,901",31,63.2030,58.5993
มหาวิทยาลัยเชียงใหม่,วิทยาเขตหลัก,10040112111701A,คณะพยาบาลศาสตร์,พย.บ.พยาบาลศาสตรบัณฑิต,การรับตรงร่วมกัน (รหัส 43121311-พยาบาลศาสตร)์,,,35,"4,810",35,68.9521,59.7335
มหาวิทยาลัยเชียงใหม่,วิทยาเขตหลัก,10040112111701E,คณะพยาบาลศาสตร์,พย.บ.พยาบาลศาสตรบัณฑิต,การรับตรงร่วมกัน (รหัส 431271311-พยาบาลศาสต์ร(นานาชาติ ช่องทาง TCAS)),,,5,176,5,59.3428,58.8521
มหาวิทยาลัยเชียงใหม่,วิทยาเขตหลัก,10040113211001A,คณะอุตสาหกรรมเกษตร,วท.บ.วิทยาศาสตร์และเทคโนโลยีการ อาหาร,การรับตรงร่วมกัน (รหัส 431313113-วิทยาศาสต์รและเทคโนโลยีการอาหาร),,,10,349,10,57.6157,54.2580
มหาวิทยาลัยเชียงใหม่,วิทยาเขตหลัก,10040113211002A,คณะอุตสาหกรรมเกษตร,วท.บ.วิศวกรรมกระบวนการอาหาร,การรับตรงร่วมกัน (รหัส 431333113-วิศวกรรม กระบวนการอาหาร),,,25,294,25,54.2300,49.9467
มหาวิทยาลัยเชียงใหม่,วิทยาเขตหลัก,10040113211201A,คณะอุตสาหกรรมเกษตร,วท.บ.เทคโนโลยีชีวภาพทางอุตสาหกรรม เกษตร,การรับตรงร่วมกัน (รหัส 431323113- เทคโนโลยีชีวภาพทาง อุตสาหกรรมเกษตร),,,29,178,29,54.2921,49.2933
มหาวิทยาลัยเชียงใหม่,วิทยาเขตหลัก,10040113211202A,คณะอุตสาหกรรมเกษตร,วท.บ.เทคโนโลยีและนวัตกรรมผลิตภัณ์ฑอาหารทะเล,การรับตรงร่วมกัน (รหัส 431373113-เทคโนโลยีและนวัตกรรมผลิตภัณฑ์อาหาร ทะเล),,,31,273,31,50.7126,48.7214
มหาวิทยาลัยเชียงใหม่,วิทยาเขตหลัก,10040113212201A,คณะอุตสาหกรรมเกษตร,วท.บ.เทคโนโลยีการพัฒนาผลิตภัณฑ์,การรับตรงร่วมกัน (รหัส 431343113-เทคโนโลยีการ พัฒนาผลิตภัณฑ)์,,,25,212,25,53.4741,49.1656
มหาวิทยาลัยเชียงใหม่,วิทยาเขตหลัก,10040113212202A,คณะอุตสาหกรรมเกษตร,วท.บ.เทคโนโลยีการบรรจุ,การรับตรงร่วมกัน (รหัส 431353113-เทคโนโลยีการ บรรจ)ุ,,,47,305,47,51.3643,48.3531
มหาวิทยาลัยเชียงใหม่,วิทยาเขตหลัก,10040113212401A,คณะอุตสาหกรรมเกษตร,วท.บ.นวัตกรรมอุตสาหกรรมเกษตรและ การเป็นผู้ประกอบการ,การรับตรงร่วมกัน (รหัส 431383113-นวัตกรรม อุตสาหกรรมเกษตรและการ เป็นผู้ประกอบการ),,,37,187,37,56.1599,48.1240
มหาวิทยาลัยเชียงใหม่,วิทยาเขตหลัก,10040114140101A,คณะสัตวแพทยศาสตร์,สพ.บ.สัตวแพทยศาสตรบัณฑิต,การรับตรงร่วมกัน (รหัส 43141312-สัตวแพทยศาสตร)์,,,26,"2,909",26,71.7776,67.6679
มหาวิทยาลัยเชียงใหม่,วิทยาเขตหลัก,10040114140102A,คณะสัตวแพทยศาสตร์,วท.บ.การพยาบาลสัตว์,การรับตรงร่วมกัน (รหัส 43142311-การพยาบาลสัตว)์,,,15,740,15,64.7473,58.6673
มหาวิทยาลัยเชียงใหม่,วิทยาเขตหลัก,10040115610001A,คณะบริหารธุรกิจ,บช.บ.บัญชีบัณฑิต/บธ.บ.บริหารธุรกิจ บัณฑิต,การรับตรงร่วมกัน (รหัส 431513114-บัญชีและบริหารธุรกิจ),,,70,"1,298",70,64.4262,59.7811
มหาวิทยาลัยเชียงใหม่,วิทยาเขตหลัก,10040115610001A,คณะบริหารธุรกิจ,บช.บ.บัญชีบัณฑิต/บธ.บ.บริหารธุรกิจ บัณฑิต,การรับตรงร่วมกัน (รหัส 431513123-บัญชีและบริหารธุรกิจ),,,70,"1,075",70,62.4556,58.1846
มหาวิทยาลัยเชียงใหม่,วิทยาเขตหลัก,10040115610001B,คณะบริหารธุรกิจ,บช.บ.บัญชีบัณฑิต/บธ.บ.บริหารธุรกิจ บัณฑิต,การรับตรงร่วมกัน (รหัส 431593114-บัญชีและบริหารธุรกิจ ภาคพิเศษ),,,70,760,70,59.7615,56.5147
มหาวิทยาลัยเชียงใหม่,วิทยาเขตหลัก,10040115610001B,คณะบริหารธุรกิจ,บช.บ.บัญชีบัณฑิต/บธ.บ.บริหารธุรกิจ บัณฑิต,การรับตรงร่วมกัน (รหัส 431593123-บัญชีและบริหารธุรกิจ ภาคพิเศษ),,,80,590,80,58.2356,54.9938
มหาวิทยาลัยเชียงใหม่,วิทยาเขตหลัก,10040115610301C,คณะบริหารธุรกิจ,บธ.บ.การจัดการธุรกิจบริการ,การรับตรงร่วมกัน (รหัส 431523114-การจัดการ ธุรกิจบริการ (สามภาษา)),,,10,257,10,60.6297,55.6107
มหาวิทยาลัยเชียงใหม่,วิทยาเขตหลัก,10040115610301C,คณะบริหารธุรกิจ,บธ.บ.การจัดการธุรกิจบริการ,การรับตรงร่วมกัน (รหัส 431523123-การจัดการ ธุรกิจบริการ (สามภาษา)),,,15,126,15,57.9181,53.9850
มหาวิทยาลัยเชียงใหม่,วิทยาเขตหลัก,10040115610501E,คณะบริหารธุรกิจ,บช.บ.บัญชีบัณฑิต,การรับตรงร่วมกัน รับนักเรียนด้วยผลสอบ ภาษาอังกฤษ (รหัส 431571311-การบัญีช(นานาชาติ ช่องทาง TCAS)),,,15,16,7,58.6248,47.3288
มหาวิทยาลัยเชียงใหม่,วิทยาเขตหลัก,10040116611101A,คณะเศรษฐศาสตร์,ศ.บ.เศรษฐศาสตร์,การรับตรงร่วมกัน (รหัส 431613113-เศรษฐศาสตร)์,ศ.บ.เศรษฐศาสตร์,,150,"1,218",150,60.1550,52.7238
มหาวิทยาลัยเชียงใหม่,วิทยาเขตหลัก,10040116611101A,คณะเศรษฐศาสตร์,ศ.บ.เศรษฐศาสตร์,การรับตรงร่วมกัน (รหัส 431613124-เศรษฐศาสตร)์,ศ.บ.เศรษฐศาสตร์,,150,"1,394",150,59.5705,53.3934
มหาวิทยาลัยเชียงใหม่,วิทยาเขตหลัก,10040116611101A,คณะเศรษฐศาสตร์,ศ.บ.เศรษฐศาสตร์,การรับตรงร่วมกัน (รหัส 431643113-เศรษฐศาสต์ร(โครงการควบสองปริญญา เศรษฐศาสตร์และการ สื่อสารมวลชน (วิชาเอกการ ผลิตสื่อสรา้ งสรรค์))),ศ.บ.เศรษฐศาสตร์และศศ.บ. การผลิตสื่อสรา้ งสรรค์,,5,30,5,52.7040,50.6074
มหาวิทยาลัยเชียงใหม่,วิทยาเขตหลัก,10040116611101A,คณะเศรษฐศาสตร์,ศ.บ.เศรษฐศาสตร์,การรับตรงร่วมกัน (รหัส 431643124-เศรษฐศาสต์ร(โครงการควบสองปริญญา เศรษฐศาสตร์และการ สื่อสารมวลชน (วิชาเอกการ ผลิตสื่อสรา้ งสรรค์))),ศ.บ.เศรษฐศาสตร์และศศ.บ. การผลิตสื่อสรา้ งสรรค์,,5,49,5,55.6484,52.7886
มหาวิทยาลัยเชียงใหม่,วิทยาเขตหลัก,10040116611101A,คณะเศรษฐศาสตร์,ศ.บ.เศรษฐศาสตร์,การรับตรงร่วมกัน (รหัส 431653113-เศรษฐศาสต์ร(โครงการควบสองปริญญา เศรษฐศาสตร์และการ สื่อสารมวลชน (วิชาเอกการ สื่อสารการตลาด))),ศ.บ.เศรษฐศาสตร์และศศ.บ. การสื่อสารการตลาด,,5,25,5,55.9456,53.3137
มหาวิทยาลัยเชียงใหม่,วิทยาเขตหลัก,10040116611101A,คณะเศรษฐศาสตร์,ศ.บ.เศรษฐศาสตร์,การรับตรงร่วมกัน (รหัส 431653124-เศรษฐศาสต์ร(โครงการควบสองปริญญา เศรษฐศาสตร์และการ สื่อสารมวลชน (วิชาเอกการ สื่อสารการตลาด))),ศ.บ.เศรษฐศาสตร์และศศ.บ. การสื่อสารการตลาด,,5,47,5,56.1370,53.2020
มหาวิทยาลัยเชียงใหม่,วิทยาเขตหลัก,10040116611101E,คณะเศรษฐศาสตร์,ศ.บ.เศรษฐศาสตร์,การรับตรงร่วมกัน (รหัส 4316713113-เศรษฐศาสต์ร(นานาชาติ ช่องทาง TCAS)),,,45,290,45,52.5370,50.5784
มหาวิทยาลัยเชียงใหม่,วิทยาเขตหลัก,10040116611101E,คณะเศรษฐศาสตร์,ศ.บ.เศรษฐศาสตร์,การรับตรงร่วมกัน (รหัส 4316713124-เศรษฐศาสต์ร(นานาชาติ ช่องทาง TCAS)),,,45,332,45,56.2822,51.6408
มหาวิทยาลัยเชียงใหม่,วิทยาเขตหลัก,10040117400201A,คณะสถาปัตยกรรมศาสตร์,วท.บ.การออกแบบอุตสาหกรรม,การรับตรงร่วมกัน (รหัส 43174311-การออกแบบ อุตสาหกรรม),,,13,113,13,54.8935,52.9183
มหาวิทยาลัยเชียงใหม่,วิทยาเขตหลัก,10040117400301A,คณะสถาปัตยกรรมศาสตร์,ภ.สถ.บ.ภูมิสถาปัตยกรรม,การรับตรงร่วมกัน (รหัส 43173311-ภูมิ สถาปัตยกรรมศาสต์รหลักสูตร 5 ปี),,,26,246,26,56.0848,52.9516
มหาวิทยาลัยเชียงใหม่,วิทยาเขตหลัก,10040117400501A,คณะสถาปัตยกรรมศาสตร์,สถ.บ.สถาปัตยกรรม,การรับตรงร่วมกัน (รหัส 43171311-สถาปัตยกรรม ศาสตร์หลักสูตร 5 ปี ),,,40,512,40,62.3104,55.0426
มหาวิทยาลัยเชียงใหม่,วิทยาเขตหลัก,10040117400502A,คณะสถาปัตยกรรมศาสตร์,วท.บ.สถาปัตยกรรม,การรับตรงร่วมกัน (รหัส 43172311-สถาปัตยกรรม หลักสูตร 4 ปี),,,39,162,39,56.1348,50.6450
มหาวิทยาลัยเชียงใหม่,วิทยาเขตหลัก,10040117400503E,คณะสถาปัตยกรรมศาสตร์,วท.บ.การออกแบบเชิงบูรณาการ สถาปัตยกรรมแนวใหม่,การรับตรงร่วมกัน (รหัส 431771311-การออกแบบ เชิงบูรณาการสถาปัตยกรรม แนวให่ม(นานาชาติ ช่องทาง TCAS)),,,27,15,4,52.8344,48.4422
มหาวิทยาลัยเชียงใหม่,วิทยาเขตหลัก,10040118901101A,คณะการสื่อสารมวลชน,ศศ.บ.การสื่อสารมวลชน,การรับตรงร่วมกัน (รหัส 431843113-การ สื่อสารมวลชน (วิชาเอกการ ผลิตสื่อสรา้ งสรรค์)),วิชาเอกการผลิตสื่อสรา้ งสรรค์,,12,437,12,58.6061,52.9850
มหาวิทยาลัยเชียงใหม่,วิทยาเขตหลัก,10040118901101A,คณะการสื่อสารมวลชน,ศศ.บ.การสื่อสารมวลชน,การรับตรงร่วมกัน (รหัส 431843124-การ สื่อสารมวลชน (วิชาเอกการ ผลิตสื่อสรา้ งสรรค์)),วิชาเอกการผลิตสื่อสรา้ งสรรค์,,17,"1,076",17,58.7492,54.9260
มหาวิทยาลัยเชียงใหม่,วิทยาเขตหลัก,10040118901101A,คณะการสื่อสารมวลชน,ศศ.บ.การสื่อสารมวลชน,การรับตรงร่วมกัน (รหัส 431863113-การ สื่อสารมวลชน (วิชาเอกการ สื่อสารการตลาด)),วิชาเอกการสื่อสารการตลาด,,6,256,6,59.0334,52.7841
มหาวิทยาลัยเชียงใหม่,วิทยาเขตหลัก,10040118901101A,คณะการสื่อสารมวลชน,ศศ.บ.การสื่อสารมวลชน,การรับตรงร่วมกัน (รหัส 431863124-การ สื่อสารมวลชน (วิชาเอกการ สื่อสารการตลาด)),วิชาเอกการสื่อสารการตลาด,,8,602,8,56.2642,54.3360
มหาวิทยาลัยเชียงใหม่,วิทยาเขตหลัก,10040118901101A,คณะการสื่อสารมวลชน,ศศ.บ.การสื่อสารมวลชน,การรับตรงร่วมกัน (รหัส 431853113-การ สื่อสารมวลชน (โครงการควบ สองปริญญาเศรษฐศาสต์รและการสื่อสารมวลชน (วิชาเอกการผลิตสื่อ สรา้ งสรรค์))),ศศ.บ.การผลิตสื่อสรา้ งสรร์คและศ.บ.เศรษฐศาสตร์,,6,18,6,55.8984,49.5960
มหาวิทยาลัยเชียงใหม่,วิทยาเขตหลัก,10040118901101A,คณะการสื่อสารมวลชน,ศศ.บ.การสื่อสารมวลชน,การรับตรงร่วมกัน (รหัส 431853124-การ สื่อสารมวลชน (โครงการควบ สองปริญญาเศรษฐศาสต์รและการสื่อสารมวลชน (วิชาเอกการผลิตสื่อ สรา้ งสรรค์))),ศศ.บ.การผลิตสื่อสรา้ งสรร์คและศ.บ.เศรษฐศาสตร์,,9,51,9,58.0266,52.9234
มหาวิทยาลัยเชียงใหม่,วิทยาเขตหลัก,10040118901101A,คณะการสื่อสารมวลชน,ศศ.บ.การสื่อสารมวลชน,การรับตรงร่วมกัน (รหัส 431873113-การ สื่อสารมวลชน (โครงการควบ สองปริญญาเศรษฐศาสต์รและการสื่อสารมวลชน (วิชาเอกการสื่อสาร การตลาด))),ศศ.บ.การสื่อสารการตลาด และศ.บ.เศรษฐศาสตร์,,2,15,2,51.0649,50.6293
มหาวิทยาลัยเชียงใหม่,วิทยาเขตหลัก,10040118901101A,คณะการสื่อสารมวลชน,ศศ.บ.การสื่อสารมวลชน,การรับตรงร่วมกัน (รหัส 431873124-การ สื่อสารมวลชน (โครงการควบ สองปริญญาเศรษฐศาสต์รและการสื่อสารมวลชน (วิชาเอกการสื่อสาร การตลาด))),ศศ.บ.การสื่อสารการตลาด และศ.บ.เศรษฐศาสตร์,,2,42,2,55.1108,54.7394
มหาวิทยาลัยเชียงใหม่,วิทยาเขตหลัก,10040118901601C,คณะการสื่อสารมวลชน,ศศ.บ.ภาพยนตร์ดิจิทัล,การรับตรงร่วมกัน (รหัส 431833113-ภาพยนตร์ดิจิทัล (สองภาษา)),,,8,160,8,56.5426,50.9864
มหาวิทยาลัยเชียงใหม่,วิทยาเขตหลัก,10040118901601C,คณะการสื่อสารมวลชน,ศศ.บ.ภาพยนตร์ดิจิทัล,การรับตรงร่วมกัน (รหัส 431833124-ภาพยนตร์ดิจิทัล (สองภาษา)),,,11,351,11,59.1890,53.9338
มหาวิทยาลัยเชียงใหม่,วิทยาเขตหลัก,10040119210101E,คณะรัฐศาสตร์และรัฐประศาสนศาสตร์,วท.บ.ศาสตร์แห่งความยั่งยืน,การรับตรงร่วมกัน (รหัส 431971311-ศาสตร์แห่ง ความยั่งยืน (นานาชาติ ช่องทาง TCAS)),,,13,37,13,49.5861,47.3182
มหาวิทยาลัยเชียงใหม่,วิทยาเขตหลัก,10040119210101E,คณะรัฐศาสตร์และรัฐประศาสนศาสตร์,วท.บ.ศาสตร์แห่งความยั่งยืน,การรับตรงร่วมกัน (รหัส 431971312-ศาสตร์แห่ง ความยั่งยืน (นานาชาติ ช่องทาง TCAS)),,,12,73,12,54.5448,50.1630
มหาวิทยาลัยเชียงใหม่,วิทยาเขตหลัก,10040119903101A,คณะรัฐศาสตร์และรัฐประศาสนศาสตร์,รป.บ.รัฐประศาสนศาสตรบัณฑิต,การรับตรงร่วมกัน (รหัส 43192311-รัฐประศาสน ศาสตร)์,,,12,353,12,58.9270,55.9012
มหาวิทยาลัยเชียงใหม่,วิทยาเขตหลัก,10040119903101A,คณะรัฐศาสตร์และรัฐประศาสนศาสตร์,รป.บ.รัฐประศาสนศาสตรบัณฑิต,การรับตรงร่วมกัน (รหัส 43192312-รัฐประศาสน ศาสตร)์,,,12,460,12,63.6462,56.8036
มหาวิทยาลัยเชียงใหม่,วิทยาเขตหลัก,10040119903201A,คณะรัฐศาสตร์และรัฐประศาสนศาสตร์,ร.บ.การเมืองและการปกครอง,การรับตรงร่วมกัน (รหัส 43191311-การเมืองและการ ปกครอง),,,13,188,13,63.9102,60.2761
มหาวิทยาลัยเชียงใหม่,วิทยาเขตหลัก,10040119903201A,คณะรัฐศาสตร์และรัฐประศาสนศาสตร์,ร.บ.การเมืองและการปกครอง,การรับตรงร่วมกัน (รหัส 43191312-การเมืองและการ ปกครอง),,,10,322,10,63.8439,61.9774
มหาวิทยาลัยเชียงใหม่,วิทยาเขตหลัก,10040119903202A,คณะรัฐศาสตร์และรัฐประศาสนศาสตร์,ร.บ.การระหวา่ งประเทศ,การรับตรงร่วมกัน (รหัส 43193311-การระหวา่ ง ประเทศ ),,,6,135,6,63.0988,60.8551
มหาวิทยาลัยเชียงใหม่,วิทยาเขตหลัก,10040119903202A,คณะรัฐศาสตร์และรัฐประศาสนศาสตร์,ร.บ.การระหวา่ งประเทศ,การรับตรงร่วมกัน (รหัส 43193312-การระหวา่ ง ประเทศ ),,,10,269,10,64.9491,61.3495
มหาวิทยาลัยเชียงใหม่,วิทยาเขตหลัก,10040120901001A,คณะนิติศาสตร์,น.บ.นิติศาสตรบัณฑิต,การรับตรงร่วมกัน (รหัส 43213113-นิติศาสตร)์,,,5,726,5,59.8469,57.2793
มหาวิทยาลัยเชียงใหม่,วิทยาเขตหลัก,10040120901001A,คณะนิติศาสตร์,น.บ.นิติศาสตรบัณฑิต,การรับตรงร่วมกัน (รหัส 43213124-นิติศาสตร)์,,,5,975,5,60.3054,59.6762
มหาวิทยาลัยเชียงใหม่,วิทยาเขตหลัก,10040120901001B,คณะนิติศาสตร์,น.บ.นิติศาสตรบัณฑิต,การรับตรงร่วมกัน (รหัส 432913113-นิติศาสตร์ภาค พิเศษ),,,21,457,21,55.7587,53.1334
มหาวิทยาลัยเชียงใหม่,วิทยาเขตหลัก,10040120901001B,คณะนิติศาสตร์,น.บ.นิติศาสตรบัณฑิต,การรับตรงร่วมกัน (รหัส 432913124-นิติศาสตร์ภาค พิเศษ),,,63,673,63,58.6310,52.9282
มหาวิทยาลัยเชียงใหม่,วิทยาเขตหลัก,10040121220101A,วิทยาลัยศิลปะสื่อและเทคโนโลยี,วท.บ.การจัดการสมัยใหม่และเทคโนโลียสารสนเทศ,การรับตรงร่วมกัน (รหัส 43212311-การจัดการ สมัยใหม่และเทคโนโลียสารสนเทศ ),,,30,461,30,65.9415,58.1799
มหาวิทยาลัยเชียงใหม่,วิทยาเขตหลัก,10040121220101E,วิทยาลัยศิลปะสื่อและเทคโนโลยี,วท.บ.การจัดการสมัยใหม่และเทคโนโลียสารสนเทศ,การรับตรงร่วมกัน (รหัส 432173311-การจัดการ สมัยใหม่และเทคโนโลียสารสนเทศ (นานาชาติ ช่องทาง TCAS)),,,5,88,5,58.0562,57.2166
มหาวิทยาลัยเชียงใหม่,วิทยาเขตหลัก,10040121220401E,วิทยาลัยศิลปะสื่อและเทคโนโลยี,วท.บ.วิศวกรรมซอฟต์แวร์,การรับตรงร่วมกัน (รหัส 432171311-วิศวกรรม ซอฟต์แวร์(นานาชาติ ช่องทาง TCAS)),,,25,113,25,62.5005,56.7980
มหาวิทยาลัยเชียงใหม่,วิทยาเขตหลัก,10040121220402A,วิทยาลัยศิลปะสื่อและเทคโนโลยี,วท.บ.ดิจิทัลเกม,การรับตรงร่วมกัน (รหัส 43214311-ดิจิทัลเกม),,,5,213,5,61.9117,59.9808
มหาวิทยาลัยเชียงใหม่,วิทยาเขตหลัก,10040121220501A,วิทยาลัยศิลปะสื่อและเทคโนโลยี,ศศ.บ.แอนนิเมชันและวิชวลเอฟเฟกต์,การรับตรงร่วมกัน (รหัส 43216311-แอนนิเมชันและ วิชวลเอฟเฟกต์),,,4,215,4,68.3726,60.8394
มหาวิทยาลัยเชียงใหม่,วิทยาเขตหลัก,10040124220403E,วิทยาลัยนานาชาตินวัตกรรม ดิจิทัล,วท.บ.นวัตกรรมดิจิทัล,การรับตรงร่วมกัน (รหัส 43241311-นวัตกรรมดิจิทัล (นานาชาติ ช่องทาง TCAS) ),,,10,22,10,53.0370,47.4160
มหาวิทยาลัยเชียงใหม่,วิทยาเขตหลัก,10040124220403E,วิทยาลัยนานาชาตินวัตกรรม ดิจิทัล,วท.บ.นวัตกรรมดิจิทัล,การรับตรงร่วมกัน (รหัส 43241312-นวัตกรรมดิจิทัล (นานาชาติ ช่องทาง TCAS) ),,,15,64,15,57.2415,52.4750
มหาวิทยาลัยเชียงใหม่,วิทยาเขตหลัก,10040124220403E,วิทยาลัยนานาชาตินวัตกรรม ดิจิทัล,วท.บ.นวัตกรรมดิจิทัล,การรับตรงร่วมกัน (รหัส 43241313-นวัตกรรมดิจิทัล (นานาชาติ ช่องทาง TCAS) ),,,1,0,0,0.0000,0.0000
มหาวิทยาลัยเชียงใหม่,วิทยาเขตหลัก,10040124220403E,วิทยาลัยนานาชาตินวัตกรรม ดิจิทัล,วท.บ.นวัตกรรมดิจิทัล,การรับตรงร่วมกัน (รหัส 43241314-นวัตกรรมดิจิทัล (นานาชาติ ช่องทาง TCAS) ),,,1,2,1,83.3333,83.3333
มหาวิทยาลัยธรรมศาสตร์,ท่าพระจันทร์,10050102610501A,คณะพาณิชยศาสตร์และการ บัญชี,บช.บ.การบัญชีธุรกิจแบบบูรณาการ (ศึกษาที่ มธ.ท่าพระจันทร)์,,,0,50,"1,634",50,85.5000,68.6250
มหาวิทยาลัยธรรมศาสตร์,ท่าพระจันทร์,10050102610801A,คณะพาณิชยศาสตร์และการ บัญชี,บธ.บ.การจัดการธุกิจแบบบูรณาการ (ศึกษาที่ มธ.ท่าพระจันทร)์,,,0,60,"1,599",61,72.0000,60.5000
มหาวิทยาลัยธรรมศาสตร์,ท่าพระจันทร์,10050103903201E,คณะรัฐศาสตร์,ร.บ.การเมืองและการระหวา่ งประเทศ (หลักสูตรนานาชาต)ิ (ศึกษาที่ มธ.ท่า พระจันทร)์ (BIR),,,0,45,50,44,94.5000,40.0000
มหาวิทยาลัยธรรมศาสตร์,ท่าพระจันทร์,10050105903701B,คณะสังคมสงเคราะห์ศาสตร์,ศศ.บ.สาขาวิชานโยบายสังคมและการ พัฒนา (โครงการพิเศษ) (ศึกษาที่ มธ.ท่า พระจันทร)์,,,0,100,"3,001",100,78.1940,64.3050
มหาวิทยาลัยธรรมศาสตร์,ท่าพระจันทร์,10050106901701B,คณะศิลปศาสตร์,ศศ.บ.สาขาวิชาอาณาบริเวณศึกษา วิชาเอกเกาหลีศึกษา (โครงการพิเศษ) (ศึกษาที่ มธ.ท่าพระจันทร)์,,,0,33,207,33,69.6000,52.4000
มหาวิทยาลัยธรรมศาสตร์,ท่าพระจันทร์,10050106902401B,คณะศิลปศาสตร์,ศศ.บ.สาขาวิชาอาณาบริเวณศึกษา วิชาเอกรัสเซียและยูเรเซียศึกษา (โครงการพิเศษ) (ศึกษาที่ มธ.ท่าพระจันทร)์,,,0,43,513,44,69.2083,58.4790
มหาวิทยาลัยธรรมศาสตร์,ท่าพระจันทร์,10050106902801B,คณะศิลปศาสตร์,ศศ.บ.สาขาวิชาอาณาบริเวณศึกษา วิชาเอกเอเชียตะวันออกเฉียงใต้ศึกษา (โครงการพิเศษ) (ศึกษาที่ มธ.ท่าพระจันทร)์,,,0,52,531,52,69.9375,59.8540
มหาวิทยาลัยธรรมศาสตร์,ท่าพระจันทร์,10050106904301B,คณะศิลปศาสตร์,ศศ.บ.สาขาวิชาการแปลและล่ามในยุค ดิจิทัล (โครงการพิเศษ) (ศึกษาที่ มธ.ท่า พระจันทร)์,,,0,44,787,44,81.2500,72.0500
มหาวิทยาลัยธรรมศาสตร์,ท่าพระจันทร์,10050123210801B,วิทยาลัยนวัตกรรม,วท.บ.สาขาวิชานวัตกรรม และการแปรรูปทางดิจิทัล (โครงการพิเศษ) (ศึกษาที่ มธ. ท่าพระจันทร)์,,,0,50,684,50,74.1552,68.1944
มหาวิทยาลัยธรรมศาสตร์,ท่าพระจันทร์,10050123904001B,วิทยาลัยนวัตกรรม,ศศ.บ.สาขาวิชาการจัดการมรดก วัฒนธรรมและอุตสาหกรรมสรา้ งสรร์ค(โครงการพิเศษ) (ศึกษาที่ มธ.ท่าพระจันทร)์,,,0,100,"1,435",100,72.2610,58.7332
มหาวิทยาลัยธรรมศาสตร์,ท่าพระจันทร์,10050124903601B,วิทยาลัยสหวิทยาการ,ศศ.บ.สาขาวิชาปรัชญาการเมืองและเศรษฐศาสตร์(โครงการพิเศษ) (ศึกษาที่ มธ.ท่าพระจันทร)์,,,0,45,"1,086",45,76.5375,61.0625
มหาวิทยาลัยธรรมศาสตร์,ท่าพระจันทร์,10050127902601E,วิทยาลัยนานาชาติปรีดีพนม ยงค์,ศศ.บ.สาขาวิชาไทยศึกษา (หลักสูตร นานาชาติ) (ศึกษาที่ มธ.ท่าพระจันทร)์,,,0,20,214,20,71.9802,64.1914
มหาวิทยาลัยธรรมศาสตร์,ท่าพระจันทร์,10050127902801E,วิทยาลัยนานาชาติปรีดีพนม ยงค์,ศศ.บ.สาขาวิชาจีนศึกษา (หลักสูตร นานาชาติ) (ศึกษาที่ มธ.ท่าพระจันทร)์,,,0,20,286,20,75.1302,66.4694
มหาวิทยาลัยธรรมศาสตร์,ศูนย์รังสิต,10050201901001A,คณะนิติศาสตร์,นิติศาสตรบัณฑิต,เกณฑ์คัดเลือกรูปแบบ TGAT+A-level คณิต1,,0,42,"1,838",42,75.0275,65.8860
มหาวิทยาลัยธรรมศาสตร์,ศูนย์รังสิต,10050201901001A,คณะนิติศาสตร์,นิติศาสตรบัณฑิต,เกณฑ์คัดเลือกรูปแบบ TGAT+A-level จีน,,0,42,492,42,76.4000,66.7470
มหาวิทยาลัยธรรมศาสตร์,ศูนย์รังสิต,10050201901001A,คณะนิติศาสตร์,นิติศาสตรบัณฑิต,เกณฑ์คัดเลือกรูปแบบ TGAT+A-level ญี่ปุ่น,,0,25,283,25,79.2915,69.4025
มหาวิทยาลัยธรรมศาสตร์,ศูนย์รังสิต,10050201901001A,คณะนิติศาสตร์,นิติศาสตรบัณฑิต,เกณฑ์คัดเลือกรูปแบบ TGAT+A-level ฝรั่งเศส,,0,39,287,39,79.0665,64.6190
มหาวิทยาลัยธรรมศาสตร์,ศูนย์รังสิต,10050201901001A,คณะนิติศาสตร์,นิติศาสตรบัณฑิต,เกณฑ์คัดเลือกรูปแบบ TGAT+A-level เยอรมัน,,0,19,204,19,79.4135,65.8415
มหาวิทยาลัยธรรมศาสตร์,ศูนย์รังสิต,10050201901001A,คณะนิติศาสตร์,นิติศาสตรบัณฑิต,เกณฑ์คัดเลือกรูปแบบ TGAT+A-level คณิต2,,0,200,"6,132",200,89.6250,71.2525
มหาวิทยาลัยธรรมศาสตร์,ศูนย์รังสิต,10050201901001A,คณะนิติศาสตร์,นิติศาสตรบัณฑิต,เกณฑ์คัดเลือกรูปแบบ TGAT+A-level เกาหลี,,0,3,157,3,73.9500,72.3690
มหาวิทยาลัยธรรมศาสตร์,ศูนย์รังสิต,10050202610501A,คณะพาณิชยศาสตร์และการ บัญชี,บัญชีบัณฑิต,,,0,155,"3,389",162,85.0000,64.8750
มหาวิทยาลัยธรรมศาสตร์,ศูนย์รังสิต,10050202610801A,คณะพาณิชยศาสตร์และการ บัญชี,บริหารธุรกิจบัณฑิต,,,0,240,"3,668",246,69.8750,57.2500
มหาวิทยาลัยธรรมศาสตร์,ศูนย์รังสิต,10050203903201A,คณะรัฐศาสตร์,ร.บ.วิชาเอกสาขาการเมืองการปกครอง,เกณฑ์คัดเลือกรูปแบบ TGAT+A-Level,วิชาเอกการเมืองการปกครอง,0,45,"1,756",45,71.6125,68.5625
มหาวิทยาลัยธรรมศาสตร์,ศูนย์รังสิต,10050203903201A,คณะรัฐศาสตร์,ร.บ.วิชาเอกสาขาการเมืองการปกครอง,เกณฑ์คัดเลือกรูปแบบ วิชา เฉพาะ มธ.,วิชาเอกการเมืองการปกครอง,0,40,287,40,84.9374,59.5174
มหาวิทยาลัยธรรมศาสตร์,ศูนย์รังสิต,10050203903201A,คณะรัฐศาสตร์,ร.บ.วิชาเอกสาขาการระหวา่ งประเทศ,เกณฑ์คัดเลือกรูปแบบ TGAT+A-Level,วิชาเอกการระหวา่ งประเทศ,0,45,"2,243",45,85.0125,70.9500
มหาวิทยาลัยธรรมศาสตร์,ศูนย์รังสิต,10050203903201A,คณะรัฐศาสตร์,ร.บ.วิชาเอกสาขาการระหวา่ งประเทศ,เกณฑ์คัดเลือกรูปแบบ วิชา เฉพาะ มธ.,วิชาเอกการระหวา่ งประเทศ,0,40,284,40,73.3125,58.9999
มหาวิทยาลัยธรรมศาสตร์,ศูนย์รังสิต,10050203903201A,คณะรัฐศาสตร์,ร.บ.วิชาเอกสาขาบริหารรัฐกิจ,เกณฑ์คัดเลือกรูปแบบ TGAT+A-Level,วิชาเอกบริหารรัฐกิจ,0,45,"1,214",45,70.5500,66.9874
มหาวิทยาลัยธรรมศาสตร์,ศูนย์รังสิต,10050203903201A,คณะรัฐศาสตร์,ร.บ.วิชาเอกสาขาบริหารรัฐกิจ,เกณฑ์คัดเลือกรูปแบบ วิชา เฉพาะ มธ.,วิชาเอกบริหารรัฐกิจ,0,40,165,40,74.0625,57.1075
มหาวิทยาลัยธรรมศาสตร์,ศูนย์รังสิต,10050204611101A,คณะเศรษฐศาสตร์,เศรษฐศาสตรบัณฑิต,,,0,230,"2,293",234,62.8667,49.6500
มหาวิทยาลัยธรรมศาสตร์,ศูนย์รังสิต,10050205903701A,คณะสังคมสงเคราะห์ศาสตร์,สังคมสงเคราะห์ศาสตรบัณฑิต,เกณฑ์คัดเลือกรูปแบบ TGAT+A-Level,,0,65,"1,146",65,67.4876,57.8850
มหาวิทยาลัยธรรมศาสตร์,ศูนย์รังสิต,10050205903701A,คณะสังคมสงเคราะห์ศาสตร์,สังคมสงเคราะห์ศาสตรบัณฑิต,เกณฑ์คัดเลือกรูปแบบ TGAT+วิชาเฉพาะ มธ.,,0,195,552,195,75.8750,60.0849
มหาวิทยาลัยธรรมศาสตร์,ศูนย์รังสิต,10050206113101A,คณะศิลปศาสตร์,วท.บ.สาขาวิชาจิตวิทยา,เกณฑ์คัดเลือกรูปแบบ A-Level 4 วิชา,,3029,25,874,24,78.3125,69.4375
มหาวิทยาลัยธรรมศาสตร์,ศูนย์รังสิต,10050206113101A,คณะศิลปศาสตร์,วท.บ.สาขาวิชาจิตวิทยา,เกณฑ์คัดเลือกรูปแบบ A-Level 5 วิชา,,3028,25,251,25,65.3800,58.3000
มหาวิทยาลัยธรรมศาสตร์,ศูนย์รังสิต,10050206113101A,คณะศิลปศาสตร์,วท.บ.สาขาวิชาจิตวิทยา,เกณฑ์คัดเลือกรูปแบบ TGAT,,3030,10,"2,740",10,89.8610,81.8050
มหาวิทยาลัยธรรมศาสตร์,ศูนย์รังสิต,10050206113101A,คณะศิลปศาสตร์,วท.บ.สาขาวิชาจิตวิทยา,ผู้สมัครกลุ่มเทียบวุฒิ มัธยมศึกษาตอนปลาย (GED) เกณฑ์คัดเลือกรูปแบบ A-Level 5 วิชา,,3028,25,0,0,0.0000,0.0000
มหาวิทยาลัยธรรมศาสตร์,ศูนย์รังสิต,10050206113101A,คณะศิลปศาสตร์,วท.บ.สาขาวิชาจิตวิทยา,ผู้สมัครกลุ่มเทียบวุฒิ มัธยมศึกษาตอนปลาย (GED) เกณฑ์คัดเลือกรูปแบบ A-Level 4 วิชา,,3029,25,2,1,79.1875,79.1875
มหาวิทยาลัยธรรมศาสตร์,ศูนย์รังสิต,10050206113101A,คณะศิลปศาสตร์,วท.บ.สาขาวิชาจิตวิทยา,ผู้สมัครกลุ่มเทียบวุฒิ มัธยมศึกษาตอนปลาย (GED) เกณฑ์คัดเลือกรูปแบบ TGAT,,3030,10,0,0,0.0000,0.0000
มหาวิทยาลัยธรรมศาสตร์,ศูนย์รังสิต,10050206900101A,คณะศิลปศาสตร์,ศศ.บ.วิชาเอกภาษาศาสตร์,,,0,30,557,30,74.0000,66.1250
มหาวิทยาลัยธรรมศาสตร์,ศูนย์รังสิต,10050206901201A,คณะศิลปศาสตร์,ศศ.บ.วิชาเอกบรรณารักษศาสตร์และ สารสนเทศศาสตร์,,,0,35,376,36,69.6250,61.8125
มหาวิทยาลัยธรรมศาสตร์,ศูนย์รังสิต,10050206901401A,คณะศิลปศาสตร์,ศศ.บ.วิชาเอกประวัติศาสตร์,,,0,35,631,35,70.0000,61.1250
มหาวิทยาลัยธรรมศาสตร์,ศูนย์รังสิต,10050206901501A,คณะศิลปศาสตร์,ศศ.บ.วิชาเอกปรัชญา,,,0,30,590,30,73.2750,66.4000
มหาวิทยาลัยธรรมศาสตร์,ศูนย์รังสิต,10050206901801A,คณะศิลปศาสตร์,ศศ.บ.วิชาเอกภาษาและวัฒนธรรมจีน,,,0,45,848,45,82.3250,72.7500
มหาวิทยาลัยธรรมศาสตร์,ศูนย์รังสิต,10050206901901A,คณะศิลปศาสตร์,ศศ.บ.วิชาเอกภาษาญี่ปุ่น,ผู้สมัครกลุ่มมีพื้นฐานความรู้ ภาษาญี่ปุ่น,,0,33,266,33,81.9375,70.9375
มหาวิทยาลัยธรรมศาสตร์,ศูนย์รังสิต,10050206901901A,คณะศิลปศาสตร์,ศศ.บ.วิชาเอกภาษาญี่ปุ่น,ผู้สมัครกลุ่มไม่มีพื้น ฐานความรู้ภาษาญี่ปุ่น,,0,22,566,22,73.1250,65.8750
มหาวิทยาลัยธรรมศาสตร์,ศูนย์รังสิต,10050206902001A,คณะศิลปศาสตร์,ศศ.บ.สาขาวิชาภาษาไทย,,,0,29,760,29,71.4000,64.7500
มหาวิทยาลัยธรรมศาสตร์,ศูนย์รังสิต,10050206902401A,คณะศิลปศาสตร์,ศศ.บ.วิชาเอกภาษาฝรั่งเศส,,,0,29,145,29,79.5500,53.6750
มหาวิทยาลัยธรรมศาสตร์,ศูนย์รังสิต,10050206902402A,คณะศิลปศาสตร์,ศศ.บ.วิชาเอกภาษาเยอรมัน,,,0,17,74,17,70.0831,51.7831
มหาวิทยาลัยธรรมศาสตร์,ศูนย์รังสิต,10050206902403A,คณะศิลปศาสตร์,ศศ.บ.วิชาเอกภาษารัสเซีย,,,0,30,299,31,68.5625,61.8125
มหาวิทยาลัยธรรมศาสตร์,ศูนย์รังสิต,10050206902404A,คณะศิลปศาสตร์,ศศ.บ.วิชาเอกสเปนและลาตินอเมริกันศึกษา,,,3031,22,353,22,78.1250,68.6250
มหาวิทยาลัยธรรมศาสตร์,ศูนย์รังสิต,10050206902404A,คณะศิลปศาสตร์,ศศ.บ.วิชาเอกสเปนและลาตินอเมริกันศึกษา,ผู้สมัครกลุ่มเทียบวุฒิ มัธยมศึกษาตอนปลาย (GED),,3031,22,0,0,0.0000,0.0000
มหาวิทยาลัยธรรมศาสตร์,ศูนย์รังสิต,10050206902501A,คณะศิลปศาสตร์,ศศ.บ.สาขาวิชาภาษาอังกฤษ,,,3013,67,"1,773",68,82.7500,76.1250
มหาวิทยาลัยธรรมศาสตร์,ศูนย์รังสิต,10050206902501A,คณะศิลปศาสตร์,ศศ.บ.สาขาวิชาภาษาอังกฤษ,ผู้สมัครกลุ่มเทียบวุฒิ มัธยมศึกษาตอนปลาย (GED),,3013,67,2,0,0.0000,0.0000
มหาวิทยาลัยธรรมศาสตร์,ศูนย์รังสิต,10050206902502A,คณะศิลปศาสตร์,ศศ.บ.วิชาเอกภาษาและวรรณคดีอังกฤษ,,,3014,35,"1,511",35,88.9500,80.0500
มหาวิทยาลัยธรรมศาสตร์,ศูนย์รังสิต,10050206902502A,คณะศิลปศาสตร์,ศศ.บ.วิชาเอกภาษาและวรรณคดีอังกฤษ,ผู้สมัครกลุ่มเทียบวุฒิ มัธยมศึกษาตอนปลาย (GED),,3014,35,1,0,0.0000,0.0000
มหาวิทยาลัยธรรมศาสตร์,ศูนย์รังสิต,10050206903001A,คณะศิลปศาสตร์,วท.บ.สาขาวิชาภูมิศาสตร์และภูมิ สารสนเทศ,,,0,35,226,35,51.5083,45.7700
มหาวิทยาลัยธรรมศาสตร์,ศูนย์รังสิต,10050207903801A,คณะวารสารศาสตร์และ สื่อสารมวลชน,วารสารศาสตรบัณฑิต,เกณฑ์คัดเลือกรูปแบบ เกณ์ฑกลุ่มพื้นฐานวิทยาศาสตร์,,0,90,"2,891",90,79.1916,67.8819
มหาวิทยาลัยธรรมศาสตร์,ศูนย์รังสิต,10050207903801A,คณะวารสารศาสตร์และ สื่อสารมวลชน,วารสารศาสตรบัณฑิต,เกณฑ์คัดเลือกรูปแบบ เกณ์ฑกลุ่มพื้นฐานศิลปศาสตร์,,0,135,"2,563",135,80.2777,64.9750
มหาวิทยาลัยธรรมศาสตร์,ศูนย์รังสิต,10050208903501A,คณะสังคมวิทยาและ มานุษยวิทยา,สังคมวิทยาและมานุษยวิทยาบัณฑิต,,,0,83,"1,966",83,74.9790,68.1388
มหาวิทยาลัยธรรมศาสตร์,ศูนย์รังสิต,10050208903501B,คณะสังคมวิทยาและ มานุษยวิทยา,สม.บ.สาขาวิชาการวิจัยทางสังคม (โครงการพิเศษ),,,0,83,796,83,68.9930,59.9375
มหาวิทยาลัยธรรมศาสตร์,ศูนย์รังสิต,10050209210301A,คณะวิทยาศาสตร์และเทคโนโลยี,วท.บ.สาขาวิชาคณิตศาสตร์,ผู้สมัครกลุ่มพื้นฐาน คณิตศาสตร์ภาษาต่างประเทศ,,3017,45,135,6,64.4886,54.5000
มหาวิทยาลัยธรรมศาสตร์,ศูนย์รังสิต,10050209210301A,คณะวิทยาศาสตร์และเทคโนโลยี,วท.บ.สาขาวิชาคณิตศาสตร์,ผู้สมัครกลุ่มพื้นฐาน วิทยาศาสตร์คณิตศาสตร์,,3017,45,457,39,63.9330,54.2328
มหาวิทยาลัยธรรมศาสตร์,ศูนย์รังสิต,10050209210301B,คณะวิทยาศาสตร์และเทคโนโลยี,วท.บ.สาขาวิชาคณิตศาสตร์(โครงการ พิเศษ),ผู้สมัครกลุ่มพื้นฐาน คณิตศาสตร์ภาษาต่างประเทศ,,3018,55,121,15,52.5000,44.8774
มหาวิทยาลัยธรรมศาสตร์,ศูนย์รังสิต,10050209210301B,คณะวิทยาศาสตร์และเทคโนโลยี,วท.บ.สาขาวิชาคณิตศาสตร์(โครงการ พิเศษ),ผู้สมัครกลุ่มพื้นฐาน วิทยาศาสตร์คณิตศาสตร์,,3018,55,293,40,53.9104,44.9884
มหาวิทยาลัยธรรมศาสตร์,ศูนย์รังสิต,10050209210302A,คณะวิทยาศาสตร์และเทคโนโลยี,วท.บ.สาขาวิชาคณิตศาสตร์ประยุกต์,ผู้สมัครกลุ่มพื้นฐาน คณิตศาสตร์ภาษาต่างประเทศ,,3026,40,123,14,62.8605,57.0135
มหาวิทยาลัยธรรมศาสตร์,ศูนย์รังสิต,10050209210302A,คณะวิทยาศาสตร์และเทคโนโลยี,วท.บ.สาขาวิชาคณิตศาสตร์ประยุกต์,ผู้สมัครกลุ่มพื้นฐาน วิทยาศาสตร์คณิตศาสตร์,,3026,40,383,26,65.4440,56.6105
มหาวิทยาลัยธรรมศาสตร์,ศูนย์รังสิต,10050209210302B,คณะวิทยาศาสตร์และเทคโนโลยี,วท.บ.สาขาวิชาคณิตศาสตร์การจัดการ (โครงการพิเศษ),ผู้สมัครกลุ่มพื้นฐาน คณิตศาสตร์ภาษาต่างประเทศ,,3023,65,123,19,71.3885,47.4440
มหาวิทยาลัยธรรมศาสตร์,ศูนย์รังสิต,10050209210302B,คณะวิทยาศาสตร์และเทคโนโลยี,วท.บ.สาขาวิชาคณิตศาสตร์การจัดการ (โครงการพิเศษ),ผู้สมัครกลุ่มพื้นฐาน วิทยาศาสตร์คณิตศาสตร์,,3023,65,416,46,60.1110,47.5410
มหาวิทยาลัยธรรมศาสตร์,ศูนย์รังสิต,10050209210401A,คณะวิทยาศาสตร์และเทคโนโลยี,วท.บ.สาขาวิชาเคมี,,,0,80,858,81,67.9020,56.7635
มหาวิทยาลัยธรรมศาสตร์,ศูนย์รังสิต,10050209211001A,คณะวิทยาศาสตร์และเทคโนโลยี,วท.บ.สาขาวิชาวิทยาศาสตร์และเทคโนโลยีการอาหาร,เกณฑ์คัดเลือกรูปแบบ TGAT+TPAT+A-Level,,3020,55,93,0,0.0000,0.0000
มหาวิทยาลัยธรรมศาสตร์,ศูนย์รังสิต,10050209211001A,คณะวิทยาศาสตร์และเทคโนโลยี,วท.บ.สาขาวิชาวิทยาศาสตร์และเทคโนโลยีการอาหาร,เกณฑ์คัดเลือกรูปแบบ TGAT+TPAT,,3020,55,828,55,67.4000,57.9148
มหาวิทยาลัยธรรมศาสตร์,ศูนย์รังสิต,10050209211002A,คณะวิทยาศาสตร์และเทคโนโลยี,วท.บ.สาขาวิชาวิทยาศาสตร์และนวัตกรรมทางอาหาร,เกณฑ์คัดเลือกรูปแบบ TGAT+TPAT+A-Level,,3021,44,46,0,0.0000,0.0000
มหาวิทยาลัยธรรมศาสตร์,ศูนย์รังสิต,10050209211002A,คณะวิทยาศาสตร์และเทคโนโลยี,วท.บ.สาขาวิชาวิทยาศาสตร์และนวัตกรรมทางอาหาร,เกณฑ์คัดเลือกรูปแบบ TGAT+TPAT,,3021,44,474,44,65.4999,56.9828
มหาวิทยาลัยธรรมศาสตร์,ศูนย์รังสิต,10050209211201A,คณะวิทยาศาสตร์และเทคโนโลยี,วท.บ.สาขาวิชาเทคโนโลยีชีวภาพ,,,0,66,813,66,62.3660,54.3218
มหาวิทยาลัยธรรมศาสตร์,ศูนย์รังสิต,10050209211401B,คณะวิทยาศาสตร์และเทคโนโลยี,วท.บ.สาขาวิชาเทคโนโลยีพลังงานชีวภาพ และการแปรรูปเคมีชีวภาพ (โครงการพิเศษ),,,0,45,420,45,62.7328,49.6548
มหาวิทยาลัยธรรมศาสตร์,ศูนย์รังสิต,10050209211801A,คณะวิทยาศาสตร์และเทคโนโลยี,วท.บ.สาขาวิชาวิทยาศาสตร์และเทคโนโลยีสิ่งทอ,,,0,40,492,40,59.0415,48.8495
มหาวิทยาลัยธรรมศาสตร์,ศูนย์รังสิต,10050209211901A,คณะวิทยาศาสตร์และเทคโนโลยี,วท.บ.สาขาวิชาเทคโนโลยีเพื่อการพัฒนา ยั่งยืน,,,0,45,549,45,60.4333,50.8500
มหาวิทยาลัยธรรมศาสตร์,ศูนย์รังสิต,10050209212701A,คณะวิทยาศาสตร์และเทคโนโลยี,วท.บ.สาขาวิชาฟิสิกส์,,,0,45,453,45,65.5660,51.3218
มหาวิทยาลัยธรรมศาสตร์,ศูนย์รังสิต,10050209212702A,คณะวิทยาศาสตร์และเทคโนโลยี,วท.บ.สาขาวิชาฟิสิกส์อิเล็กทรอนิกส์,เกณฑ์คัดเลือกรูปแบบ TGAT+TPAT+A-Level,,3022,40,22,0,0.0000,0.0000
มหาวิทยาลัยธรรมศาสตร์,ศูนย์รังสิต,10050209212702A,คณะวิทยาศาสตร์และเทคโนโลยี,วท.บ.สาขาวิชาฟิสิกส์อิเล็กทรอนิกส์,เกณฑ์คัดเลือกรูปแบบ TGAT+TPAT,,3022,40,417,40,63.0661,52.5579
มหาวิทยาลัยธรรมศาสตร์,ศูนย์รังสิต,10050209212801A,คณะวิทยาศาสตร์และเทคโนโลยี,วท.บ.สาขาวิชาวัสดุศาสตร์,,,0,40,422,40,56.7412,51.6743
มหาวิทยาลัยธรรมศาสตร์,ศูนย์รังสิต,10050209213101A,คณะวิทยาศาสตร์และเทคโนโลยี,วท.บ.สาขาวิชาวิทยาศาสตร์สิ่งแวดล้อม,,,0,50,547,50,62.9998,53.2772
มหาวิทยาลัยธรรมศาสตร์,ศูนย์รังสิต,10050209213301A,คณะวิทยาศาสตร์และเทคโนโลยี,วท.บ.สาขาวิชาสถิติ,,,0,70,858,70,67.8548,59.0660
มหาวิทยาลัยธรรมศาสตร์,ศูนย์รังสิต,10050209213301B,คณะวิทยาศาสตร์และเทคโนโลยี,วท.บ.สาขาวิชาสถิติ (โครงการพิเศษ),ผู้สมัครกลุ่มพื้นฐาน คณิตศาสตร์ภาษาต่างประเทศ,,3019,65,152,21,58.9998,52.4104
มหาวิทยาลัยธรรมศาสตร์,ศูนย์รังสิต,10050209213301B,คณะวิทยาศาสตร์และเทคโนโลยี,วท.บ.สาขาวิชาสถิติ (โครงการพิเศษ),ผู้สมัครกลุ่มพื้นฐาน วิทยาศาสตร์คณิตศาสตร์,,3019,65,379,44,59.8888,51.4552
มหาวิทยาลัยธรรมศาสตร์,ศูนย์รังสิต,10050209213302B,คณะวิทยาศาสตร์และเทคโนโลยี,วท.บ.สาขาวิชาวิทยาการประกันภัย (โครงการพิเศษ),ผู้สมัครกลุ่มพื้นฐาน คณิตศาสตร์ภาษาต่างประเทศ,,3027,45,109,11,65.4440,56.4025
มหาวิทยาลัยธรรมศาสตร์,ศูนย์รังสิต,10050209213302B,คณะวิทยาศาสตร์และเทคโนโลยี,วท.บ.สาขาวิชาวิทยาการประกันภัย (โครงการพิเศษ),ผู้สมัครกลุ่มพื้นฐาน วิทยาศาสตร์คณิตศาสตร์,,3027,45,313,34,68.6525,56.1245
มหาวิทยาลัยธรรมศาสตร์,ศูนย์รังสิต,10050209220201A,คณะวิทยาศาสตร์และเทคโนโลยี,วท.บ.สาขาวิชาวิทยาการคอมพิวเตอร์,ผู้สมัครกลุ่มพื้นฐาน คณิตศาสตร์ภาษาต่างประเทศ,,3015,70,261,10,59.0374,49.8415
มหาวิทยาลัยธรรมศาสตร์,ศูนย์รังสิต,10050209220201A,คณะวิทยาศาสตร์และเทคโนโลยี,วท.บ.สาขาวิชาวิทยาการคอมพิวเตอร์,ผู้สมัครกลุ่มพื้นฐาน วิทยาศาสตร์คณิตศาสตร์,,3015,70,634,60,66.1749,49.8291
มหาวิทยาลัยธรรมศาสตร์,ศูนย์รังสิต,10050209220201B,คณะวิทยาศาสตร์และเทคโนโลยี,วท.บ.สาขาวิชาวิทยาการคอมพิวเตอ์ร(โครงการพิเศษ),ผู้สมัครกลุ่มพื้นฐาน คณิตศาสตร์ภาษาต่างประเทศ,,3016,65,129,19,49.6999,42.0041
มหาวิทยาลัยธรรมศาสตร์,ศูนย์รังสิต,10050209220201B,คณะวิทยาศาสตร์และเทคโนโลยี,วท.บ.สาขาวิชาวิทยาการคอมพิวเตอ์ร(โครงการพิเศษ),ผู้สมัครกลุ่มพื้นฐาน วิทยาศาสตร์คณิตศาสตร์,,3016,65,240,46,49.1166,41.9082
มหาวิทยาลัยธรรมศาสตร์,ศูนย์รังสิต,10050209220202B,คณะวิทยาศาสตร์และเทคโนโลยี,วท.บ.สาขาวิชาคอมพิวเตอร์เครือข่ายและ ความปลอดภัยทางไซเบอร์(โครงการพิเศษ),ผู้สมัครกลุ่มพื้นฐาน คณิตศาสตร์ภาษาต่างประเทศ,,3032,55,106,14,44.4000,38.7415
มหาวิทยาลัยธรรมศาสตร์,ศูนย์รังสิต,10050209220202B,คณะวิทยาศาสตร์และเทคโนโลยี,วท.บ.สาขาวิชาคอมพิวเตอร์เครือข่ายและ ความปลอดภัยทางไซเบอร์(โครงการพิเศษ),ผู้สมัครกลุ่มพื้นฐาน วิทยาศาสตร์คณิตศาสตร์,,3032,55,200,41,55.6291,37.8665
มหาวิทยาลัยธรรมศาสตร์,ศูนย์รังสิต,10050209500401A,คณะวิทยาศาสตร์และเทคโนโลยี,วท.บ.สาขาวิชาเทคโนโลยีการเกษตร,,,0,70,404,70,57.1218,47.1440
มหาวิทยาลัยธรรมศาสตร์,ศูนย์รังสิต,10050210300001E,คณะวิศวกรรมศาสตร์,วิศวกรรมศาสตรบัณฑิต (หลักสูตร นานาชาติ) (หลักสูตรสองสถาบัน) (TEP),,,0,60,114,60,65.2331,31.5244
มหาวิทยาลัยธรรมศาสตร์,ศูนย์รังสิต,10050210300002E,คณะวิศวกรรมศาสตร์,วิศวกรรมศาสตรบัณฑิต (หลักสูตร นานาชาติ) (TEPE),,,0,20,127,20,65.0080,48.6997
มหาวิทยาลัยธรรมศาสตร์,ศูนย์รังสิต,10050210300501A,คณะวิศวกรรมศาสตร์,วศ.บ.สาขาวิชาวิศวกรรมคอมพิวเตอร์,,,0,30,910,30,59.3000,53.7333
มหาวิทยาลัยธรรมศาสตร์,ศูนย์รังสิต,10050210300601A,คณะวิศวกรรมศาสตร์,วศ.บ.สาขาวิชาวิศวกรรมเคมี,,,0,55,535,56,50.4498,37.0833
มหาวิทยาลัยธรรมศาสตร์,ศูนย์รังสิต,10050210300701A,คณะวิศวกรรมศาสตร์,วศ.บ.สาขาวิชาวิศวกรรมเครื่องกล,,,0,40,"1,264",40,51.6500,40.7664
มหาวิทยาลัยธรรมศาสตร์,ศูนย์รังสิต,10050210301001B,คณะวิศวกรรมศาสตร์,วศ.บ.สาขาวิชาวิศวกรรมซอฟต์แว์ร(โครงการพิเศษ),,,0,25,367,25,49.1500,41.4333
มหาวิทยาลัยธรรมศาสตร์,ศูนย์รังสิต,10050210301601A,คณะวิศวกรรมศาสตร์,วศ.บ.สาขาวิชาวิศวกรรมไฟฟ้า,,,0,50,"1,306",50,57.1499,43.4833
มหาวิทยาลัยธรรมศาสตร์,ศูนย์รังสิต,10050210301601B,คณะวิศวกรรมศาสตร์,วศ.บ.สาขาวิชาวิศวกรรมไฟฟ้าและการ จัดการอุตสาหกรรม (โครงการพิเศษ),,,0,43,387,43,40.9500,35.7665
มหาวิทยาลัยธรรมศาสตร์,ศูนย์รังสิต,10050210302101A,คณะวิศวกรรมศาสตร์,วศ.บ.สาขาวิชาวิศวกรรมโยธา,,,0,46,"1,494",46,49.1000,40.8000
มหาวิทยาลัยธรรมศาสตร์,ศูนย์รังสิต,10050210302101B,คณะวิศวกรรมศาสตร์,วศ.บ.สาขาวิชาวิศวกรรมโยธาและการ บริหารการก่อสรา้ ง (โครงการพิเศษ),,,0,32,497,32,44.9000,35.8832
มหาวิทยาลัยธรรมศาสตร์,ศูนย์รังสิต,10050210303501A,คณะวิศวกรรมศาสตร์,วศ.บ.สาขาวิชาวิศวกรรมอุตสาหการ,,,0,45,675,45,46.5999,36.1666
มหาวิทยาลัยธรรมศาสตร์,ศูนย์รังสิต,10050211110801A,คณะแพทยศาสตร์,การแพทย์แผนไทยประยุกต์บัณฑิต,,,0,30,523,30,61.9268,55.6944
มหาวิทยาลัยธรรมศาสตร์,ศูนย์รังสิต,10050212110101A,คณะสหเวชศาสตร์,วท.บ.สาขาวิชากายภาพบำบัด,,,0,50,412,50,64.0375,58.5750
มหาวิทยาลัยธรรมศาสตร์,ศูนย์รังสิต,10050212111301A,คณะสหเวชศาสตร์,เทคนิคการแพทยบัณฑิต,,,0,60,"2,762",60,71.5500,55.9382
มหาวิทยาลัยธรรมศาสตร์,ศูนย์รังสิต,10050212111901B,คณะสหเวชศาสตร์,วท.บ.สาขาวิชารังสีเทคนิค (โครงการพิเศษ),,,0,40,790,40,55.9932,49.1666
มหาวิทยาลัยธรรมศาสตร์,ศูนย์รังสิต,10050212112001A,คณะสหเวชศาสตร์,วท.บ.สาขาวิชาวิทยาศาสตร์การกีฬาและ การออกกำลังกาย,,,0,35,274,35,39.8332,32.3500
มหาวิทยาลัยธรรมศาสตร์,ศูนย์รังสิต,10050212112001B,คณะสหเวชศาสตร์,ศศ.บ.สาขาวิชาการจัดการการกีฬา (โครงการพิเศษ),,,0,55,941,55,64.5664,57.5776
มหาวิทยาลัยธรรมศาสตร์,ศูนย์รังสิต,10050212112002B,คณะสหเวชศาสตร์,ศศ.บ.สาขาวิชาการฝึกสอนกีฬา (โครงการ พิเศษ),,,0,110,701,110,60.3646,45.8548
มหาวิทยาลัยธรรมศาสตร์,ศูนย์รังสิต,10050214111701A,คณะพยาบาลศาสตร์,พยาบาลศาสตรบัณฑิต,,,0,55,"1,273",55,69.0065,58.3915
มหาวิทยาลัยธรรมศาสตร์,ศูนย์รังสิต,10050214111701A,คณะพยาบาลศาสตร์,พยาบาลศาสตรบัณฑิต,ขอรับทุนการศึกษา,,0,30,480,30,71.5081,55.8566
มหาวิทยาลัยธรรมศาสตร์,ศูนย์รังสิต,10050215800101A,คณะศิลปกรรมศาสตร์,ศป.บ.สาขาวิชาศิลปะการออกแบบพัส ตราภรณ์วิชาเอกสิ่งทอ,เกณฑ์คัดเลือกรูปแบบ TGAT+TPAT+A-Level,สาขาวิชาศิลปะการ ออกแบบพัสตราภร์ณวิชาเอกสิ่งทอ,0,20,252,20,60.6276,54.6582
มหาวิทยาลัยธรรมศาสตร์,ศูนย์รังสิต,10050215800101A,คณะศิลปกรรมศาสตร์,ศป.บ.สาขาวิชาศิลปะการออกแบบพัส ตราภรณ์วิชาเอกสิ่งทอ,เกณฑ์คัดเลือกรูปแบบ TGAT+วิชาเฉพาะ มธ.,สาขาวิชาศิลปะการ ออกแบบพัสตราภร์ณวิชาเอกสิ่งทอ,0,10,5,5,72.6249,53.3750
มหาวิทยาลัยธรรมศาสตร์,ศูนย์รังสิต,10050215800101A,คณะศิลปกรรมศาสตร์,ศป.บ.สาขาวิชาศิลปะการออกแบบพัส ตราภรณ์วิชาเอกแฟชั่น,เกณฑ์คัดเลือกรูปแบบ TGAT+TPAT+A-Level,สาขาวิชาศิลปะการ ออกแบบพัสตราภร์ณวิชาเอกแฟชั่น,0,5,272,5,69.0138,62.5276
มหาวิทยาลัยธรรมศาสตร์,ศูนย์รังสิต,10050215800101A,คณะศิลปกรรมศาสตร์,ศป.บ.สาขาวิชาศิลปะการออกแบบพัส ตราภรณ์วิชาเอกแฟชั่น,เกณฑ์คัดเลือกรูปแบบ TGAT+วิชาเฉพาะ มธ.,สาขาวิชาศิลปะการ ออกแบบพัสตราภร์ณวิชาเอกแฟชั่น,0,25,31,25,87.5833,49.9166
มหาวิทยาลัยธรรมศาสตร์,ศูนย์รังสิต,10050216400301B,คณะสถาปัตยกรรมศาสต์รและการผังเมือง,ภูมิสถาปัตยกรรมศาสตรบัณฑิต,,,0,35,246,35,59.0831,47.4750
มหาวิทยาลัยธรรมศาสตร์,ศูนย์รังสิต,10050216400401B,คณะสถาปัตยกรรมศาสต์รและการผังเมือง,การผังเมืองบัณฑิต,,,0,55,629,55,76.9289,64.8124
มหาวิทยาลัยธรรมศาสตร์,ศูนย์รังสิต,10050216400501B,คณะสถาปัตยกรรมศาสต์รและการผังเมือง,วท.บ.สาขาวิชาสถาปัตยกรรม,,,0,78,304,78,60.6748,47.9833
มหาวิทยาลัยธรรมศาสตร์,ศูนย์รังสิต,10050216400502B,คณะสถาปัตยกรรมศาสต์รและการผังเมือง,วท.บ.สาขาวิชาสถาปัตยกรรมเพื่อการ พัฒนาอสังหาริมทรัพย์,,,0,27,143,27,49.9998,41.4214
มหาวิทยาลัยธรรมศาสตร์,ศูนย์รังสิต,10050216400701B,คณะสถาปัตยกรรมศาสต์รและการผังเมือง,สถาปัตยกรรมภายในบัณฑิต,,,0,24,277,24,63.2399,53.7533
มหาวิทยาลัยธรรมศาสตร์,ศูนย์รังสิต,10050216610201E,คณะสถาปัตยกรรมศาสต์รและการผังเมือง,วท.บ.สาขาวิชาการจัดการออกแบบธุรกิจ และเทคโนโลีย(หลักสูตรนานาชาต)ิ (DBTM),,,0,40,0,0,0.0000,0.0000
มหาวิทยาลัยธรรมศาสตร์,ศูนย์รังสิต,10050217112701A,คณะสาธารณสุขศาสตร์,วท.บ.สาขาวิชาอาชีวอนามัยและความ ปลอดภัย,,,0,70,874,70,49.8625,38.6000
มหาวิทยาลัยธรรมศาสตร์,ศูนย์รังสิต,10050217112702A,คณะสาธารณสุขศาสตร์,วท.บ.สาขาวิชาอนามัยสิ่งแวดล้อม,,,0,60,694,60,53.4250,37.5600
มหาวิทยาลัยธรรมศาสตร์,ศูนย์รังสิต,10050218130101A,คณะเภสัชศาสตร์,เภสัชศาสตรบัณฑิต,,,0,60,"2,554",60,79.9077,61.9543
มหาวิทยาลัยธรรมศาสตร์,ศูนย์รังสิต,10050219903601A,คณะวิทยาการเรียนรู้และ ศึกษาศาสตร์,ศศ.บ.สาขาวิชาวิทยาการเรียนรู้,,,0,13,280,13,70.6040,66.9375
มหาวิทยาลัยธรรมศาสตร์,ศูนย์รังสิต,10050222300001E,สถาบันเทคโนโลยีนานาชาติสิรินธร,วศ.บ.สาขาวิชาวิศวกรรมไฟฟ้า วิศวกรรม โยธา วิศวกรรมเครื่องกล วิศวกรรมเคีมวิศวกรรมอุตสาหการ และโลจิสติก์สอัจฉริยะ (หลักสูตรนานาชาต)ิ (SIIT),,,0,130,429,130,53.7498,22.0000
มหาวิทยาลัยธรรมศาสตร์,ศูนย์รังสิต,10050222300501E,สถาบันเทคโนโลยีนานาชาติสิรินธร,วศ.บ.สาขาวิชาวิศวกรรมดิจิทัล และ วิศวกรรมคอมพิวเตอร์(หลักสูตร นานาชาติ) (SIIT),,,0,15,275,17,75.7998,47.4998
มหาวิทยาลัยธรรมศาสตร์,ศูนย์รังสิต,10050222300601E,สถาบันเทคโนโลยีนานาชาติสิรินธร,วศ.บ.สาขาวิชาวิศวกรรมเคีม(หลักสูตร นานาชาติ) (SIIT),,,0,15,93,15,46.3498,29.2498
มหาวิทยาลัยธรรมศาสตร์,ศูนย์รังสิต,10050222300701E,สถาบันเทคโนโลยีนานาชาติสิรินธร,วศ.บ.สาขาวิชาวิศวกรรมเครื่องกล (หลักสูตรนานาชาต)ิ (SIIT),,,0,10,116,10,38.7999,31.3999
มหาวิทยาลัยธรรมศาสตร์,ศูนย์รังสิต,10050222301601E,สถาบันเทคโนโลยีนานาชาติสิรินธร,วศ.บ.สาขาวิชาวิศวกรรมไฟฟ้า (หลักสูตร นานาชาติ) (SIIT),,,0,10,193,10,53.6499,34.2999
มหาวิทยาลัยธรรมศาสตร์,ศูนย์รังสิต,10050222302101E,สถาบันเทคโนโลยีนานาชาติสิรินธร,วศ.บ.สาขาวิชาวิศวกรรมโยธา (หลักสูตร นานาชาติ) (SIIT),,,0,10,132,10,43.2498,31.0998
มหาวิทยาลัยธรรมศาสตร์,ศูนย์รังสิต,10050222303501E,สถาบันเทคโนโลยีนานาชาติสิรินธร,วศ.บ.สาขาวิชาวิศวกรรมอุตสาหการและ ระบบโลจิสติกส์ส์อัจฉริยะ (หลักสูตร นานาชาติ) (SIIT),,,0,15,159,15,47.2500,29.3500
มหาวิทยาลัยธรรมศาสตร์,ศูนย์รังสิต,10050222610801E,สถาบันเทคโนโลยีนานาชาติสิรินธร,วท.บ.สาขาวิชาการวิเคราะห์ธุรกิจและโซ่ อุปทาน (หลักสูตรนานาชาต)ิ (SIIT),,,0,45,388,45,48.2000,34.2000
มหาวิทยาลัยธรรมศาสตร์,ศูนย์รังสิต,10050224220301B,วิทยาลัยสหวิทยาการ,วท.บ.สาขาวิชาวิทยาศาสตร์และนวัตกรรม ข้อมูล (โครงการพิเศษ) (ศึกษาที่ มธ.ศูน์ยรังสิต) (DSI),,,0,20,285,20,53.3766,47.1166
มหาวิทยาลัยธรรมศาสตร์,ศูนย์รังสิต,10050224903601B,วิทยาลัยสหวิทยาการ,ศศ.บ.สาขาวิชาสหวิทยาการ (โครงการ พิเศษ) (ศึกษาที่ มธ.ศูนย์รังสิต),,,0,55,"1,811",56,72.0500,63.5500
มหาวิทยาลัยธรรมศาสตร์,ศูนย์รังสิต,10050229110501E,วิทยาลัยแพทยศาสต์รนานาชาติจุฬาภรณ์,การแพทย์แผนจีนบัณฑิต (หลักสูตร นานาชาติ) (TCM),,,0,5,305,5,50.2300,47.5300
มหาวิทยาลัยธรรมศาสตร์,ศูนย์รังสิต,10050229111501E,วิทยาลัยแพทยศาสต์รนานาชาติจุฬาภรณ์,วท.บ.สาขาวิชาเทคโนโลยีหัวใจและทรวง อก (หลักสูตรนานาชาต)ิ (CVS),,,0,6,283,6,62.2200,51.9700
มหาวิทยาลัยธรรมศาสตร์,ศูนย์รังสิต,10050229113001E,วิทยาลัยแพทยศาสต์รนานาชาติจุฬาภรณ์,ทัศนมาตรศาสตรบัณฑิต (หลักสูตร นานาชาติ) (O.D.),,,0,15,178,15,46.1300,39.1900
มหาวิทยาลัยธรรมศาสตร์,ศูนย์รังสิต,10050230903601B,วิทยาลัยพัฒนศาสตร์ป๋วยอึ๊ง ภากรณ์,ศศ.บ.สาขาวิชานวัตกรรมการพัฒนา มนุษย์และสังคม (โครงการพิเศษ),เกณฑ์คัดเลือกรูปแบบ TGAT+A-Level วิชา คณิตศาสตร์ประยุก์ต1,,0,50,659,50,56.4276,49.2944
มหาวิทยาลัยธรรมศาสตร์,ศูนย์รังสิต,10050230903601B,วิทยาลัยพัฒนศาสตร์ป๋วยอึ๊ง ภากรณ์,ศศ.บ.สาขาวิชานวัตกรรมการพัฒนา มนุษย์และสังคม (โครงการพิเศษ),เกณฑ์คัดเลือกรูปแบบ TGAT+A-Level วิชา คณิตศาสตร์ประยุก์ต2,,0,55,"1,011",55,62.7676,51.4744
มหาวิทยาลัยธรรมศาสตร์,ศูนย์พัทยา,10050310302001B,คณะวิศวกรรมศาสตร์,วศ.บ.สาขาวิชาวิศวกรรมยานยนต์และ ระบบอัตโนมัติ (ศึกษาที่ มธ.ศูนย์พัทยา) (โครงการพิเศษ) (AUTOMOTIVE),,,0,30,156,30,54.9498,32.1164
มหาวิทยาลัยธรรมศาสตร์,ศูนย์ลำปาง,10050401901001A,คณะนิติศาสตร์,นิติศาสตรบัณฑิต (ศึกษาที่ มธ.ศูนย์ลำปาง),เกณฑ์คัดเลือกรูปแบบ TGAT+A-level คณิต1,,0,21,369,21,64.0830,57.7690
มหาวิทยาลัยธรรมศาสตร์,ศูนย์ลำปาง,10050401901001A,คณะนิติศาสตร์,นิติศาสตรบัณฑิต (ศึกษาที่ มธ.ศูนย์ลำปาง),เกณฑ์คัดเลือกรูปแบบ TGAT+A-level จีน,,0,21,107,21,63.9690,53.9025
มหาวิทยาลัยธรรมศาสตร์,ศูนย์ลำปาง,10050401901001A,คณะนิติศาสตร์,นิติศาสตรบัณฑิต (ศึกษาที่ มธ.ศูนย์ลำปาง),เกณฑ์คัดเลือกรูปแบบ TGAT+A-level ญี่ปุ่น,,0,12,56,12,67.5415,56.3665
มหาวิทยาลัยธรรมศาสตร์,ศูนย์ลำปาง,10050401901001A,คณะนิติศาสตร์,นิติศาสตรบัณฑิต (ศึกษาที่ มธ.ศูนย์ลำปาง),เกณฑ์คัดเลือกรูปแบบ TGAT+A-level ฝรั่งเศส,,0,20,56,20,60.2805,48.0610
มหาวิทยาลัยธรรมศาสตร์,ศูนย์ลำปาง,10050401901001A,คณะนิติศาสตร์,นิติศาสตรบัณฑิต (ศึกษาที่ มธ.ศูนย์ลำปาง),เกณฑ์คัดเลือกรูปแบบ TGAT+A-level เยอรมัน,,0,10,45,10,62.9385,51.2830
มหาวิทยาลัยธรรมศาสตร์,ศูนย์ลำปาง,10050401901001A,คณะนิติศาสตร์,นิติศาสตรบัณฑิต (ศึกษาที่ มธ.ศูนย์ลำปาง),เกณฑ์คัดเลือกรูปแบบ TGAT+A-level คณิต2,,0,100,"1,057",100,72.4000,59.9500
มหาวิทยาลัยธรรมศาสตร์,ศูนย์ลำปาง,10050401901001A,คณะนิติศาสตร์,นิติศาสตรบัณฑิต (ศึกษาที่ มธ.ศูนย์ลำปาง),เกณฑ์คัดเลือกรูปแบบ TGAT+A-level เกาหลี,,0,2,20,2,56.8665,54.9000
มหาวิทยาลัยธรรมศาสตร์,ศูนย์ลำปาง,10050405903701A,คณะสังคมสงเคราะห์ศาสตร์,สังคมสงเคราะห์ศาสตรบัณฑิต (ศึกษาที่ มธ.ศูนย์ลำปาง),เกณฑ์คัดเลือกรูปแบบ TGAT+A-Level,,0,70,298,70,56.4008,44.7082
มหาวิทยาลัยธรรมศาสตร์,ศูนย์ลำปาง,10050405903701A,คณะสังคมสงเคราะห์ศาสตร์,สังคมสงเคราะห์ศาสตรบัณฑิต (ศึกษาที่ มธ.ศูนย์ลำปาง),เกณฑ์คัดเลือกรูปแบบ TGAT+วิชาเฉพาะ มธ.,,0,70,201,70,61.2933,52.9550
มหาวิทยาลัยธรรมศาสตร์,ศูนย์ลำปาง,10050409220201A,คณะวิทยาศาสตร์และเทคโนโลยี,วท.บ. สาขาวิชาเทคโนโลยีและนวัตกรรม ดิจิทัล (ศึกษาที่ มธ.ศูนย์ลำปาง),เกณฑ์คัดเลือกรูปแบบ TGAT+A-Level วิชา คณิตศาสตร์ประยุก์ต1,,3024,30,74,3,48.9025,44.4440
มหาวิทยาลัยธรรมศาสตร์,ศูนย์ลำปาง,10050409220201A,คณะวิทยาศาสตร์และเทคโนโลยี,วท.บ. สาขาวิชาเทคโนโลยีและนวัตกรรม ดิจิทัล (ศึกษาที่ มธ.ศูนย์ลำปาง),เกณฑ์คัดเลือกรูปแบบ TGAT+A-Level วิชา คณิตศาสตร์ประยุก์ต2,,3024,30,115,16,50.2080,43.9580
มหาวิทยาลัยธรรมศาสตร์,ศูนย์ลำปาง,10050409220201A,คณะวิทยาศาสตร์และเทคโนโลยี,วท.บ. สาขาวิชาเทคโนโลยีและนวัตกรรม ดิจิทัล (ศึกษาที่ มธ.ศูนย์ลำปาง),เกณฑ์คัดเลือกรูปแบบคะแนน GED,,3024,30,10,6,80.8750,75.5000
มหาวิทยาลัยธรรมศาสตร์,ศูนย์ลำปาง,10050409220201A,คณะวิทยาศาสตร์และเทคโนโลยี,วท.บ. สาขาวิชาเทคโนโลยีและนวัตกรรม ดิจิทัล (ศึกษาที่ มธ.ศูนย์ลำปาง),เกณฑ์คัดเลือกรูปแบบคะแนน V-NET,,3024,30,11,5,71.5000,48.4100
มหาวิทยาลัยธรรมศาสตร์,ศูนย์ลำปาง,10050417112701A,คณะสาธารณสุขศาสตร์,วท.บ.สาขาวิชาอาชีวอนามัยและความ ปลอดภัย (ศึกษาที่ มธ.ศูนย์ลำปาง),,,0,20,263,20,37.5175,30.7600
มหาวิทยาลัยธรรมศาสตร์,ศูนย์ลำปาง,10050417112702A,คณะสาธารณสุขศาสตร์,วท.บ.สาขาวิชาอนามัยสิ่งแวดล้อม (ศึกษา ที่ มธ.ศูนย์ลำปาง),,,0,30,289,30,36.2850,26.9775
มหาวิทยาลัยธรรมศาสตร์,ศูนย์ลำปาง,10050417112703A,คณะสาธารณสุขศาสตร์,วท.บ.สาขาวิชาอนามัยชุมชน (ศึกษาที่ มธ.ศูนย์ลำปาง),,,0,45,221,45,38.1825,27.5725
มหาวิทยาลัยธรรมศาสตร์,ศูนย์ลำปาง,10050424903601A,วิทยาลัยสหวิทยาการ,ศศ.บ.สาขาวิชาสหวิทยาการ (ศึกษาที่ มธ. ศูนย์ลำปาง),รูปแบบที่ 1 A-Level สำหรับผู้ประสงค์เลือกเรียน 1. วิชาเอกจีน-โลกศึกษา 2. วิชาเอกการจัดการการ ท่องเที่ยว 3.วิชาเอกการ จัดการทรัพยากรทางสังคม วัฒนธรรม 4.วิชาเอก ออกแบบหัตถอุตสาหกรรม,,0,95,332,95,60.6250,41.8750
มหาวิทยาลัยธรรมศาสตร์,ศูนย์ลำปาง,10050424903601A,วิทยาลัยสหวิทยาการ,ศศ.บ.สาขาวิชาสหวิทยาการ (ศึกษาที่ มธ. ศูนย์ลำปาง),รูปแบบที่ 2 A-Level+TPAT2 สำหรับผู้ประสงค์เรียน วิชาเอกออกแบบหัตถ อุตสาหกรรม,,3025,15,13,4,45.3496,40.7496
มหาวิทยาลัยธรรมศาสตร์,ศูนย์ลำปาง,10050424903601A,วิทยาลัยสหวิทยาการ,ศศ.บ.สาขาวิชาสหวิทยาการ (ศึกษาที่ มธ. ศูนย์ลำปาง),รูปแบบที่ 3 TPAT21 วิชา ทัศนศิล์ปสำหรับผู้ประสง์คเรียน วิชาเอกออกแบบหัตถ อุตสาหกรรม,,3025,15,30,11,66.0000,46.0000
มหาวิทยาลัยธรรมศาสตร์,ศูนย์ลำปาง,10050424903601B,วิทยาลัยสหวิทยาการ,ศศ.บ.สาขาวิชาปรัชญาการเมืองและเศรษฐศาสตร์(โครงการพิเศษ) (ศึกษาที่ มธ.ศูนย์ลำปาง),,,0,35,177,35,49.9000,37.3250
มหาวิทยาลัยมหิดล,ศาลายา,10060101110201A,คณะแพทยศาสตร์ศิริราช พยาบาล,หลักสูตรวิทยาศาสตรบัณฑิต สาขาวิชา กายอุปกรณ์,,,0,15,361,15,59.3958,53.0338
มหาวิทยาลัยมหิดล,ศาลายา,10060101110801A,คณะแพทยศาสตร์ศิริราช พยาบาล,หลักสูตรการแพทย์แผนไทยประยุกต์บัณฑิต,,,0,35,680,35,65.4569,56.7299
มหาวิทยาลัยมหิดล,ศาลายา,10060101111401A,คณะแพทยศาสตร์ศิริราช พยาบาล,หลักสูตรเทคโนโลยีบัณฑิต สาขาวิชา เทคโนโลยีการศึกษาแพทยศาสตร์,,,0,3,118,3,72.7800,69.6800
มหาวิทยาลัยมหิดล,ศาลายา,10060102111001A,คณะแพทยศาสต์รโรงพยาบาลรามาธิบดี,หลักสูตรวิทยาศาสตรบัณฑิต สาขาวิชา ความผิดปกติของการสื่อความหมาย,,แก้ไขการได้ยิน,0,20,156,20,58.8325,53.2158
มหาวิทยาลัยมหิดล,ศาลายา,10060102111001A,คณะแพทยศาสต์รโรงพยาบาลรามาธิบดี,หลักสูตรวิทยาศาสตรบัณฑิต สาขาวิชา ความผิดปกติของการสื่อความหมาย,,แก้ไขการพูด,0,15,135,15,65.0755,54.1105
มหาวิทยาลัยมหิดล,ศาลายา,10060102111601A,คณะแพทยศาสต์รโรงพยาบาลรามาธิบดี,หลักสูตรฉุกเฉินการแพทยศาสตรบัณฑิต สาขาวิชาฉุกเฉินการแพทย์,,,0,12,987,12,63.5120,57.6703
มหาวิทยาลัยมหิดล,ศาลายา,10060102111701A,คณะแพทยศาสต์รโรงพยาบาลรามาธิบดี,หลักสูตรพยาบาลศาสตรบัณฑิต,,,0,70,"1,127",70,76.9720,58.9345
มหาวิทยาลัยมหิดล,ศาลายา,10060102700701B,คณะแพทยศาสต์รโรงพยาบาลรามาธิบดี,หลักสูตรศึกษาศาสตรบัณฑิต สาขาวิชาหู หนวกศึกษาและการศึกษาของคนหูหนวก,ผู้ที่มีการได้ยิน,,0,5,431,5,92.4000,90.6000
มหาวิทยาลัยมหิดล,ศาลายา,10060103130101A,คณะเภสัชศาสตร์,หลักสูตรเภสัชศาสตรบัณฑิต,,,0,32,548,32,73.2790,66.3832
มหาวิทยาลัยมหิดล,ศาลายา,10060105112101E,คณะวิทยาศาสตร์,หลักสูตรวิทยาศาสตรบัณฑิต สาขาวิชา วิทยาศาสตร์ชีวการแพท์ย(หลักสูตร นานาชาติ),,,0,10,259,10,76.0400,61.8400
มหาวิทยาลัยมหิดล,ศาลายา,10060105210001A,คณะวิทยาศาสตร์,หลักสูตรวิทยาศาสตรบัณฑิต,โครงการส่งเสริมความถนัด ทางวิชาชีพ 6 สาขาวิชา,,0,100,625,100,47.4938,38.6704
มหาวิทยาลัยมหิดล,ศาลายา,10060105210301A,คณะวิทยาศาสตร์,หลักสูตรวิทยาศาสตรบัณฑิต สาขาวิชา คณิตศาสตร์,โครงการส่งเสริมความถนัด ทางวิชาชีพ สาขาวิชา คณิตศาสตร์,,0,25,252,25,43.5400,38.6282
มหาวิทยาลัยมหิดล,ศาลายา,10060105210301E,คณะวิทยาศาสตร์,หลักสูตรวิทยาศาสตรบัณฑิต สาขาวิชา คณิตศาสตร์ประกันภัย (หลักสูตร นานาชาติ),,,0,40,198,40,84.5750,65.1250
มหาวิทยาลัยมหิดล,ศาลายา,10060105210302E,คณะวิทยาศาสตร์,หลักสูตรวิทยาศาสตรบัณฑิต สาขาวิชา คณิตศาสตร์อุตสาหการและวิทยาการ ข้อมูล (หลักสูตรนานาชาต)ิ,,,0,40,144,40,73.3250,48.7000
มหาวิทยาลัยมหิดล,ศาลายา,10060105210401A,คณะวิทยาศาสตร์,หลักสูตรวิทยาศาสตรบัณฑิต สาขาวิชาเคมี,โครงการส่งเสริมความถนัด ทางวิชาชีพ สาขาวิชาเคมี,,0,10,227,10,67.7254,45.6258
มหาวิทยาลัยมหิดล,ศาลายา,10060105210401E,คณะวิทยาศาสตร์,หลักสูตรวิทยาศาสตรบัณฑิต สาขาวิชา นวัตกรรมเคมีและเทคโนโลีย(หลักสูตร นานาชาติ),,,0,30,99,30,61.7600,45.6850
มหาวิทยาลัยมหิดล,ศาลายา,10060105210701A,คณะวิทยาศาสตร์,หลักสูตรวิทยาศาสตรบัณฑิต สาขาวิชา ชีววิทยา,โครงการส่งเสริมความถนัด ทางวิชาชีพ สาขาวิชาชีววิทยา,,0,10,196,10,63.4860,45.9658
มหาวิทยาลัยมหิดล,ศาลายา,10060105210701E,คณะวิทยาศาสตร์,หลักสูตรวิทยาศาสตรบัณฑิต สาขาวิชา ทรัพยากรชีวภาพและชีววิทยาสภาวะ แวดล้อม (หลักสูตรนานาชาต)ิ,,,0,30,111,30,68.0200,52.5700
มหาวิทยาลัยมหิดล,ศาลายา,10060105211201A,คณะวิทยาศาสตร์,หลักสูตรวิทยาศาสตรบัณฑิต สาขาวิชา เทคโนโลยีชีวภาพ,โครงการส่งเสริมความถนัด ทางวิชาชีพ สาขาวิชา เทคโนโลยีชีวภาพ,,0,10,178,10,51.9014,43.5942
มหาวิทยาลัยมหิดล,ศาลายา,10060105212401E,คณะวิทยาศาสตร์,หลักสูตรวิทยาศาสตรบัณฑิต สาขาวิชาชี วนวัตกรรม (หลักสูตรนานาชาต)ิ,,,0,40,253,40,74.3000,58.8250
มหาวิทยาลัยมหิดล,ศาลายา,10060105212501A,คณะวิทยาศาสตร์,หลักสูตรวิทยาศาสตรบัณฑิต สาขาวิชา พฤกษศาสตร์,โครงการส่งเสริมความถนัด ทางวิชาชีพ สาขาวิชา พฤกษศาสตร์,,0,20,177,20,39.1094,36.0404
มหาวิทยาลัยมหิดล,ศาลายา,10060105212701A,คณะวิทยาศาสตร์,หลักสูตรวิทยาศาสตรบัณฑิต สาขาวิชา ฟิสิกส์,โครงการส่งเสริมความถนัด ทางวิชาชีพ สาขาวิชาฟิสิกส์,,0,25,267,25,45.9548,38.6054
มหาวิทยาลัยมหิดล,ศาลายา,10060105212801E,คณะวิทยาศาสตร์,หลักสูตรวิทยาศาสตรบัณฑิต สาขาวิชา วัสดุศาสตร์และวิศวกรรมนาโน (หลักสูตร นานาชาติ),,,0,40,273,40,57.0200,47.3350
มหาวิทยาลัยมหิดล,ศาลายา,10060106111301A,คณะเทคนิคการแพทย์,หลักสูตรวิทยาศาสตรบัณฑิต สาขาวิชา เทคนิคการแพทย์,,,0,49,"1,864",49,80.5560,57.1954
มหาวิทยาลัยมหิดล,ศาลายา,10060106111901A,คณะเทคนิคการแพทย์,หลักสูตรวิทยาศาสตรบัณฑิต สาขาวิชารังีสเทคนิค,,,0,30,"1,982",30,67.5838,58.5302
มหาวิทยาลัยมหิดล,ศาลายา,10060107111803A,คณะสาธารณสุขศาสตร์,หลักสูตรวิทยาศาสตรบัณฑิต สาขาวิชา โภชนวิทยาและการกำหนดอาหาร,,,0,45,480,45,58.0950,44.4400
มหาวิทยาลัยมหิดล,ศาลายา,10060107112701A,คณะสาธารณสุขศาสตร์,หลักสูตรวิทยาศาสตรบัณฑิต สาขาวิชา สาธารณสุขศาสตร์,,,0,20,438,20,60.1775,46.1950
มหาวิทยาลัยมหิดล,ศาลายา,10060107112702A,คณะสาธารณสุขศาสตร์,หลักสูตรวิทยาศาสตรบัณฑิต สาขาวิชาอา ชีวอนามัยและความปลอดภัย,,,0,48,617,48,55.0500,41.9000
มหาวิทยาลัยมหิดล,ศาลายา,10060107112704A,คณะสาธารณสุขศาสตร์,หลักสูตรวิทยาศาสตรบัณฑิต สาขาวิชา อนามัยสิ่งแวดล้อม,,,0,45,257,45,47.4450,39.5400
มหาวิทยาลัยมหิดล,ศาลายา,10060108111701A,คณะพยาบาลศาสตร์,หลักสูตรพยาบาลศาสตรบัณฑิต,,,0,118,"1,122",118,62.9248,53.2091
มหาวิทยาลัยมหิดล,ศาลายา,10060109110101A,คณะกายภาพบำบัด,หลักสูตรวิทยาศาสตรบัณฑิต สาขาวิชา กายภาพบำบัด,,,0,35,323,35,76.5000,64.0291
มหาวิทยาลัยมหิดล,ศาลายา,10060109110901A,คณะกายภาพบำบัด,หลักสูตรวิทยาศาสตรบัณฑิต สาขาวิชา กิจกรรมบำบัด,,,0,15,116,15,68.7054,59.5082
มหาวิทยาลัยมหิดล,ศาลายา,10060110140101A,คณะสัตวแพทยศาสตร์,หลักสูตรสัตวแพทยศาสตรบัณฑิต,,,0,15,"1,363",15,73.9664,68.3998
มหาวิทยาลัยมหิดล,ศาลายา,10060111210102E,คณะสิ่งแวดล้อมและทรัพยากรศาสตร์,หลักสูตรวิทยาศาสตรบัณฑิต สาขาวิชา การจัดการทรัพยากรธรรมชาติและ สิ่งแวดล้อม (หลักสูตรนานาชาต)ิ,,,0,40,34,20,36.5000,24.0375
มหาวิทยาลัยมหิดล,ศาลายา,10060111213101A,คณะสิ่งแวดล้อมและทรัพยากรศาสตร์,หลักสูตรวิทยาศาสตรบัณฑิต สาขาวิชา วิทยาศาสตร์และเทคโนโลยีสิ่งแวดล้อม,,,0,70,440,70,51.8450,37.0550
มหาวิทยาลัยมหิดล,ศาลายา,10060112300501A,คณะวิศวกรรมศาสตร์,หลักสูตรวิศวกรรมศาสตรบัณฑิต สาขาวิชาวิศวกรรมคอมพิวเตอร์,,,0,26,516,26,68.9375,53.5000
มหาวิทยาลัยมหิดล,ศาลายา,10060112300601A,คณะวิศวกรรมศาสตร์,หลักสูตรวิศวกรรมศาสตรบัณฑิต สาขาวิชาวิศวกรรมเคมี,,,0,10,238,10,51.2499,43.9750
มหาวิทยาลัยมหิดล,ศาลายา,10060112300601E,คณะวิศวกรรมศาสตร์,หลักสูตรวิศวกรรมศาสตรบัณฑิต สาขาวิชาวิศวกรรมเคมีและกระบวนการ (หลักสูตรนานาชาต)ิ,,,0,20,85,20,45.4332,25.7500
มหาวิทยาลัยมหิดล,ศาลายา,10060112300701A,คณะวิศวกรรมศาสตร์,หลักสูตรวิศวกรรมศาสตรบัณฑิต สาขาวิชาวิศวกรรมเครื่องกล,,,0,10,251,10,75.8222,44.7499
มหาวิทยาลัยมหิดล,ศาลายา,10060112300901E,คณะวิศวกรรมศาสตร์,หลักสูตรวิศวกรรมศาสตรบัณฑิต สาขาวิชาวิศวกรรมชีวการแพท์ย(หลักสูตรนานาชาต)ิ,,,0,3,115,3,64.6874,60.1624
มหาวิทยาลัยมหิดล,ศาลายา,10060112301601A,คณะวิศวกรรมศาสตร์,หลักสูตรวิศวกรรมศาสตรบัณฑิต สาขาวิชาวิศวกรรมไฟฟ้า,,,0,30,326,30,52.1998,41.8500
มหาวิทยาลัยมหิดล,ศาลายา,10060112302101A,คณะวิศวกรรมศาสตร์,หลักสูตรวิศวกรรมศาสตรบัณฑิต สาขาวิชาวิศวกรรมโยธา,,,0,55,248,55,47.2500,35.5750
มหาวิทยาลัยมหิดล,ศาลายา,10060112303501A,คณะวิศวกรรมศาสตร์,หลักสูตรวิศวกรรมศาสตรบัณฑิต สาขาวิชาวิศวกรรมอุตสาหการ,,,0,28,30,12,50.8375,36.1078
มหาวิทยาลัยมหิดล,ศาลายา,10060112303501E,คณะวิศวกรรมศาสตร์,หลักสูตรวิศวกรรมศาสตรบัณฑิต สาขาวิชาวิศวกรรมอุตสาหการและการ ผลิต (หลักสูตรนานาชาต)ิ,,,0,15,56,17,54.6660,44.6660
มหาวิทยาลัยมหิดล,ศาลายา,10060113901801E,คณะศิลปศาสตร์,หลักสูตรศิลปศาสตรบัณฑิต สาขาวิชา ภาษาจีน (หลักสูตรนานาชาต)ิ,,,0,5,53,5,98.5000,93.2500
มหาวิทยาลัยมหิดล,ศาลายา,10060113902001A,คณะศิลปศาสตร์,หลักสูตรศิลปศาสตรบัณฑิต สาขาวิชา ภาษาไทย,,,0,55,671,55,75.9000,70.3000
มหาวิทยาลัยมหิดล,ศาลายา,10060113902501A,คณะศิลปศาสตร์,หลักสูตรศิลปศาสตรบัณฑิต สาขาวิชา ภาษาอังกฤษ,,,0,45,"1,422",45,84.9000,78.1500
มหาวิทยาลัยมหิดล,ศาลายา,10060114112401A,คณะสังคมศาสตร์และมนุษ์ยศาสตร์,หลักสูตรวิทยาศาสตรบัณฑิต สาขาวิชา เวชระเบียน,,,0,30,500,30,58.5625,50.9595
มหาวิทยาลัยมหิดล,ศาลายา,10060115220101E,คณะเทคโนโลยีสารสนเทศ และการสื่อสาร,หลักสูตรวิทยาศาสตรบัณฑิต สาขาวิชา เทคโนโลยีสารสนเทศและการสื่อสาร (หลักสูตรนานาชาต)ิ,,,3001,50,56,26,67.8124,52.1706
มหาวิทยาลัยมหิดล,ศาลายา,10060115220101E,คณะเทคโนโลยีสารสนเทศ และการสื่อสาร,หลักสูตรวิทยาศาสตรบัณฑิต สาขาวิชา เทคโนโลยีสารสนเทศและการสื่อสาร (หลักสูตรนานาชาต)ิ,กลุ่มคะแนน A_level,,3001,50,33,1,57.0000,57.0000
มหาวิทยาลัยมหิดล,ศาลายา,10060115220101E,คณะเทคโนโลยีสารสนเทศ และการสื่อสาร,หลักสูตรวิทยาศาสตรบัณฑิต สาขาวิชา เทคโนโลยีสารสนเทศและการสื่อสาร (หลักสูตรนานาชาต)ิ,กลุ่มคะแนน GAT/PAT,,3001,50,59,23,66.5135,51.8050
มหาวิทยาลัยมหิดล,ศาลายา,10060115220301A,คณะเทคโนโลยีสารสนเทศ และการสื่อสาร,หลักสูตรวิทยาศาสตรบัณฑิต สาขาวิชา วิทยาการและเทคโนโลยีดิจิทัล,,,3002,30,113,7,78.5165,59.5082
มหาวิทยาลัยมหิดล,ศาลายา,10060115220301A,คณะเทคโนโลยีสารสนเทศ และการสื่อสาร,หลักสูตรวิทยาศาสตรบัณฑิต สาขาวิชา วิทยาการและเทคโนโลยีดิจิทัล,กลุ่มคะแนน A_level,,3002,30,56,1,59.6250,59.6250
มหาวิทยาลัยมหิดล,ศาลายา,10060115220301A,คณะเทคโนโลยีสารสนเทศ และการสื่อสาร,หลักสูตรวิทยาศาสตรบัณฑิต สาขาวิชา วิทยาการและเทคโนโลยีดิจิทัล,กลุ่มคะแนน GAT/PAT,,3002,30,205,22,68.9165,59.1385
มหาวิทยาลัยมหิดล,ศาลายา,10060116901501A,วิทยาลัยศาสนศึกษา,หลักสูตรศิลปศาสตรบัณฑิต สาขาวิชาศา สนศึกษา,,,0,80,613,80,75.2207,65.9624
มหาวิทยาลัยมหิดล,ศาลายา,10060117112001A,วิทยาลัยวิทยาศาสตร์และเทคโนโลยีการกีฬา,หลักสูตรวิทยาศาสตรบัณฑิต สาขาวิชา วิทยาศาสตร์การกีฬา,,,0,30,604,30,67.6028,57.4866
มหาวิทยาลัยมหิดล,ศาลายา,10060117112002A,วิทยาลัยวิทยาศาสตร์และเทคโนโลยีการกีฬา,หลักสูตรศิลปศาสตรบัณฑิต สาขาวิชาการ ออกกำลังกายและการกีฬา,,การออกกำลังกายและการ กีฬา,0,30,587,30,59.2696,52.5098
มหาวิทยาลัยมหิดล,ศาลายา,10060117112002A,วิทยาลัยวิทยาศาสตร์และเทคโนโลยีการกีฬา,หลักสูตรศิลปศาสตรบัณฑิต สาขาวิชาการ ออกกำลังกายและการกีฬา,,ฟุตบอล,0,5,296,5,69.6130,53.5900
มหาวิทยาลัยมหิดล,กาญจนบุรี,10060219210701A,วิทยาเขตกาญจนบุรี,หลักสูตรวิทยาศาสตรบัณฑิต สาขาวิชา ชีววิทยาเชิงอนุรักษ์,,,0,40,237,40,######,90.5000
มหาวิทยาลัยมหิดล,กาญจนบุรี,10060219211001A,วิทยาเขตกาญจนบุรี,หลักสูตรวิทยาศาสตรบัณฑิต สาขาวิชา เทคโนโลยีการอาหาร,,,0,40,101,40,33.9200,20.8300
มหาวิทยาลัยมหิดล,กาญจนบุรี,10060219212301A,วิทยาเขตกาญจนบุรี,หลักสูตรวิทยาศาสตรบัณฑิต สาขาวิชา ธรณีศาสตร์,,,0,30,635,32,99.7500,95.0000
มหาวิทยาลัยมหิดล,กาญจนบุรี,10060219302801A,วิทยาเขตกาญจนบุรี,หลักสูตรวิศวกรรมศาสตรบัณฑิต สาขาวิชาวิศวกรรมสิ่งแวดล้อมและการ จัดการภัยพิบัติ,,,0,30,271,31,######,93.7500
มหาวิทยาลัยมหิดล,กาญจนบุรี,10060219500201A,วิทยาเขตกาญจนบุรี,หลักสูตรวิทยาศาสตรบัณฑิต สาขาวิชา วิทยาศาสตร์การเกษตร,,,0,50,221,50,99.5000,85.2500
มหาวิทยาลัยมหิดล,กาญจนบุรี,10060219610501A,วิทยาเขตกาญจนบุรี,หลักสูตรบัญชีบัณฑิต,,,0,40,600,40,61.7081,54.9415
มหาวิทยาลัยมหิดล,กาญจนบุรี,10060219610801A,วิทยาเขตกาญจนบุรี,หลักสูตรบริหารธุรกิจบัณฑิต,,,0,40,492,40,94.3000,88.1000
มหาวิทยาลัยมหิดล,นครสวรรค์,10060320112701A,วิทยาเขตนครสวรรค์,หลักสูตรสาธารณสุขศาสตรบัณฑิต สาขาวิชาสาธารณสุขชุมชน,,,0,30,230,30,44.2750,33.1750
มหาวิทยาลัยมหิดล,นครสวรรค์,10060320500201A,วิทยาเขตนครสวรรค์,หลักสูตรวิทยาศาสตรบัณฑิต สาขาวิชา เกษตรยั่งยืนเพื่อสุขภาพและการ ประกอบการ,,,0,45,10,7,83.5000,67.0000
มหาวิทยาลัยมหิดล,นครสวรรค์,10060320900301A,วิทยาเขตนครสวรรค์,หลักสูตรศิลปศาสตรบัณฑิต สาขาวิชาการ ประกอบการเชิงนิเวศวัฒนธรรม,,,0,50,128,50,99.0000,77.0000
มหาวิทยาลัยมหิดล,อำนาจเจรญิ,10060421112101A,วิทยาเขตอำนาจเจรญิ,หลักสูตรวิทยาศาสตรบัณฑิต,,,0,40,247,40,57.6278,45.3068
มหาวิทยาลัยมหิดล,อำนาจเจรญิ,10060421112701A,วิทยาเขตอำนาจเจรญิ,หลักสูตรสาธารณสุขศาสตรบัณฑิต,,,0,45,258,45,51.3400,39.1350
มหาวิทยาลัยมหิดล,อำนาจเจรญิ,10060421500201A,วิทยาเขตอำนาจเจรญิ,หลักสูตรวิทยาศาสตรบัณฑิต สาขาวิชา เกษตรศาสตร์,,,0,40,100,36,######,50.7500
มหาวิทยาลัยมหิดล,อำนาจเจรญิ,10060421903503A,วิทยาเขตอำนาจเจรญิ,หลักสูตรศิลปศาสตรบัณฑิต สาขาวิชา นวัตกรรมการจัดการสังคมและสิ่งแวดล้อม,,,0,30,127,30,68.7250,58.8500
มหาวิทยาลัยศิลปากร,วังท่าพระ,10080101800301A,คณะจิตรกรรมประติมากรรม และภาพพิมพ์,หลักสูตรศิลปบัณฑิต สาขาวิชาทัศนศิลป์,โครงการรับตรงทุกกลุ่มวิชาเอก,ทัศนศิลป์,0,45,18,17,71.6750,46.3000
มหาวิทยาลัยศิลปากร,วังท่าพระ,10080101800301A,คณะจิตรกรรมประติมากรรม และภาพพิมพ์,หลักสูตรศิลปบัณฑิต สาขาวิชาทัศนศิลป์,โครงการรับตรงเอกทฤษฎีศิลป์,ทฤษฎีศิลป์,0,6,20,6,61.4875,49.5625
มหาวิทยาลัยศิลปากร,วังท่าพระ,10080102400501A,คณะสถาปัตยกรรมศาสตร์,หลักสูตรสถาปัตยกรรมศาสตรบัณฑิต,,,0,20,100,20,59.0000,49.7000
มหาวิทยาลัยศิลปากร,วังท่าพระ,10080102400601A,คณะสถาปัตยกรรมศาสตร์,หลักสูตรสถาปัตยกรรมศาสตรบัณฑิต สาขาวิชาสถาปัตยกรรมไทย,,,0,16,314,16,65.1458,55.3374
มหาวิทยาลัยศิลปากร,วังท่าพระ,10080103901301A,คณะโบราณคดี,หลักสูตรศิลปศาสตรบัณฑิต สาขาวิชา โบราณคดี,รูปแบบที่ 1,,3001,30,58,2,63.6735,63.2040
มหาวิทยาลัยศิลปากร,วังท่าพระ,10080103901301A,คณะโบราณคดี,หลักสูตรศิลปศาสตรบัณฑิต สาขาวิชา โบราณคดี,รูปแบบที่ 2,,3001,30,325,28,76.4750,62.6500
มหาวิทยาลัยศิลปากร,วังท่าพระ,10080103901401A,คณะโบราณคดี,หลักสูตรศิลปศาสตรบัณฑิต สาขาวิชา ประวัติศาสตร์ท้องถิ่น,,,0,35,409,35,67.4250,54.1940
มหาวิทยาลัยศิลปากร,วังท่าพระ,10080103902001A,คณะโบราณคดี,หลักสูตรศิลปศาสตรบัณฑิต สาขาวิชา ภาษาไทย,,,0,50,355,50,74.3332,68.5554
มหาวิทยาลัยศิลปากร,วังท่าพระ,10080103902401A,คณะโบราณคดี,หลักสูตรศิลปศาสตรบัณฑิต สาขาวิชา ภาษาฝรั่งเศส,,,0,30,94,37,48.0000,32.0000
มหาวิทยาลัยศิลปากร,วังท่าพระ,10080103902501A,คณะโบราณคดี,หลักสูตรศิลปศาสตรบัณฑิต สาขาวิชา ภาษาอังกฤษ,,,0,55,634,59,91.9998,76.5000
มหาวิทยาลัยศิลปากร,วังท่าพระ,10080103903501A,คณะโบราณคดี,หลักสูตรศิลปศาสตรบัณฑิต สาขาวิชา มานุษยวิทยา,,,0,50,783,50,68.6943,59.5000
มหาวิทยาลัยศิลปากร,วังท่าพระ,10080103904101A,คณะโบราณคดี,หลักสูตรศิลปศาสตรบัณฑิต สาขาวิชา ประวัติศาสตร์ศิลปะ,,,0,40,659,40,78.2125,63.1499
มหาวิทยาลัยศิลปากร,สนามจันทร์,10080205900001A,คณะอักษรศาสตร์,หลักสูตรอักษรศาสตรบัณฑิต สาขาวิชา สังคมศาสตร์การพัฒนา,,,0,15,592,16,75.2500,60.0833
มหาวิทยาลัยศิลปากร,สนามจันทร์,10080205901201A,คณะอักษรศาสตร์,หลักสูตรอักษรศาสตรบัณฑิต สาขาวิชา สารสนเทศศาสตร์และบรรณารักษศาสตร์,,,0,13,355,13,65.5833,59.3333
มหาวิทยาลัยศิลปากร,สนามจันทร์,10080205901401A,คณะอักษรศาสตร์,หลักสูตรอักษรศาสตรบัณฑิต สาขาวิชา ประวัติศาสตร์,,,0,20,542,20,72.0833,60.5833
มหาวิทยาลัยศิลปากร,สนามจันทร์,10080205901501A,คณะอักษรศาสตร์,หลักสูตรอักษรศาสตรบัณฑิต สาขาวิชา ปรัชญา,,,0,30,512,30,68.4167,58.7500
มหาวิทยาลัยศิลปากร,สนามจันทร์,10080205902001A,คณะอักษรศาสตร์,หลักสูตรอักษรศาสตรบัณฑิต สาขาวิชา ภาษาไทย,,,0,10,438,10,71.2750,68.5500
มหาวิทยาลัยศิลปากร,สนามจันทร์,10080205902401A,คณะอักษรศาสตร์,หลักสูตรอักษรศาสตรบัณฑิต สาขาวิชา ภาษาตะวันตก,,ภาษาฝรั่งเศส,0,8,31,3,63.9583,56.0417
มหาวิทยาลัยศิลปากร,สนามจันทร์,10080205902401A,คณะอักษรศาสตร์,หลักสูตรอักษรศาสตรบัณฑิต สาขาวิชา ภาษาตะวันตก,,ภาษาเยอรมัน,0,5,32,5,58.6667,46.0833
มหาวิทยาลัยศิลปากร,สนามจันทร์,10080205902402B,คณะอักษรศาสตร์,หลักสูตรอักษรศาสตรบัณฑิต สาขาวิชา ยุโรปศึกษา,โครงการพิเศษยุโรปศึกษา,ภาษาฝรั่งเศส,0,25,362,25,67.3250,58.3970
มหาวิทยาลัยศิลปากร,สนามจันทร์,10080205902402B,คณะอักษรศาสตร์,หลักสูตรอักษรศาสตรบัณฑิต สาขาวิชา ยุโรปศึกษา,โครงการพิเศษยุโรปศึกษา,ภาษาเยอรมัน,0,30,312,30,72.2720,56.3080
มหาวิทยาลัยศิลปากร,สนามจันทร์,10080205902801B,คณะอักษรศาสตร์,หลักสูตรอักษรศาสตรบัณฑิต สาขาวิชา เอเชียศึกษา,โครงการพิเศษเอเชียศึกษา,ภาษาจีน,0,46,997,46,69.0190,59.5135
มหาวิทยาลัยศิลปากร,สนามจันทร์,10080205902801B,คณะอักษรศาสตร์,หลักสูตรอักษรศาสตรบัณฑิต สาขาวิชา เอเชียศึกษา,โครงการพิเศษเอเชียศึกษา,ภาษาญี่ปุ่น,0,40,854,40,77.4385,62.5415
มหาวิทยาลัยศิลปากร,สนามจันทร์,10080205902801B,คณะอักษรศาสตร์,หลักสูตรอักษรศาสตรบัณฑิต สาขาวิชา เอเชียศึกษา,โครงการพิเศษเอเชียศึกษา,ภาษาเกาหลี,0,14,414,14,63.4360,60.0805
มหาวิทยาลัยศิลปากร,สนามจันทร์,10080205902801B,คณะอักษรศาสตร์,หลักสูตรอักษรศาสตรบัณฑิต สาขาวิชา เอเชียศึกษา,โครงการพิเศษเอเชียศึกษา,ภาษาเวียดนาม,0,30,85,30,60.9525,47.7080
มหาวิทยาลัยศิลปากร,สนามจันทร์,10080205903001A,คณะอักษรศาสตร์,หลักสูตรอักษรศาสตรบัณฑิต สาขาวิชา ภูมิศาสตร์,,,0,35,490,35,71.6667,56.7500
มหาวิทยาลัยศิลปากร,สนามจันทร์,10080205904301A,คณะอักษรศาสตร์,หลักสูตรอักษรศาสตรบัณฑิต สาขาวิชา นาฏยสังคีต,,การละคร,0,12,207,12,73.1667,60.0833
มหาวิทยาลัยศิลปากร,สนามจันทร์,10080205904301A,คณะอักษรศาสตร์,หลักสูตรอักษรศาสตรบัณฑิต สาขาวิชา นาฏยสังคีต,,สังคีตศิลป์ไทย,0,9,77,9,57.8333,53.3333
มหาวิทยาลัยศิลปากร,สนามจันทร์,10080205904302A,คณะอักษรศาสตร์,หลักสูตรอักษรศาสตร์(ไม่แยกสาขาวิชา),,,0,400,"3,431",400,72.0681,57.3669
มหาวิทยาลัยศิลปากร,สนามจันทร์,10080206112001A,คณะศึกษาศาสตร์,หลักสูตรวิทยาศาสตรบัณฑิต สาขาวิชา วิทยาศาสตร์การกีฬา,,,0,30,315,30,56.9716,45.4333
มหาวิทยาลัยศิลปากร,สนามจันทร์,10080206112001B,คณะศึกษาศาสตร์,หลักสูตรวิทยาศาสตรบัณฑิต สาขาวิชา วิทยาศาสตร์การกีฬา,,,0,30,133,30,45.3050,38.2283
มหาวิทยาลัยศิลปากร,สนามจันทร์,10080206700201A,คณะศึกษาศาสตร์,หลักสูตรศึกษาศาสตรบัณฑิต สาขาวิชา การประถมศึกษา,,,0,16,455,16,65.6200,57.1910
มหาวิทยาลัยศิลปากร,สนามจันทร์,10080206700601A,คณะศึกษาศาสตร์,หลักสูตรศึกษาศาสตรบัณฑิต สาขาวิชา การศึกษาปฐมวยั,,,0,15,493,15,66.3470,62.8540
มหาวิทยาลัยศิลปากร,สนามจันทร์,10080206700601B,คณะศึกษาศาสตร์,หลักสูตรศึกษาศาสตรบัณฑิต สาขาวิชา การศึกษาปฐมวยั,,,0,15,241,14,63.4095,59.9720
มหาวิทยาลัยศิลปากร,สนามจันทร์,10080206700801A,คณะศึกษาศาสตร์,หลักสูตรศึกษาศาสตรบัณฑิต สาขาวิชา คณิตศาสตร์,,,0,19,152,19,55.1664,48.6500
มหาวิทยาลัยศิลปากร,สนามจันทร์,10080206700801B,คณะศึกษาศาสตร์,หลักสูตรศึกษาศาสตรบัณฑิต สาขาวิชา คณิตศาสตร์,,,0,30,123,30,57.7832,49.7000
มหาวิทยาลัยศิลปากร,สนามจันทร์,10080206702001A,คณะศึกษาศาสตร์,หลักสูตรศึกษาศาสตรบัณฑิต สาขาวิชา ภาษาไทย,,,0,6,266,6,72.6444,66.4694
มหาวิทยาลัยศิลปากร,สนามจันทร์,10080206702002A,คณะศึกษาศาสตร์,หลักสูตรศึกษาศาสตรบัณฑิต สาขาวิชา ภาษาอังกฤษ,,,0,7,556,7,80.2083,78.1249
มหาวิทยาลัยศิลปากร,สนามจันทร์,10080206702002B,คณะศึกษาศาสตร์,หลักสูตรศึกษาศาสตรบัณฑิต สาขาวิชา ภาษาอังกฤษ,,,0,20,285,20,76.0666,70.0499
มหาวิทยาลัยศิลปากร,สนามจันทร์,10080206702003A,คณะศึกษาศาสตร์,หลักสูตรศึกษาศาสตรบัณฑิต สาขาวิชา ภาษาจีน,,,0,20,115,20,75.0832,58.3750
มหาวิทยาลัยศิลปากร,สนามจันทร์,10080206702003B,คณะศึกษาศาสตร์,หลักสูตรศึกษาศาสตรบัณฑิต สาขาวิชา ภาษาจีน,,,0,20,99,20,63.1832,50.9832
มหาวิทยาลัยศิลปากร,สนามจันทร์,10080206702003Q,คณะศึกษาศาสตร์,หลักสูตรศึกษาศาสตรบัณฑิต สาขาวิชา ภาษาจีน,,,0,13,65,13,67.4416,51.6250
มหาวิทยาลัยศิลปากร,สนามจันทร์,10080206702701A,คณะศึกษาศาสตร์,หลักสูตรศึกษาศาสตรบัณฑิต สาขาวิชา สังคมศึกษา,,,0,19,307,19,72.5222,61.3694
มหาวิทยาลัยศิลปากร,สนามจันทร์,10080206703701A,คณะศึกษาศาสตร์,หลักสูตรศึกษาศาสตรบัณฑิต สาขาวิชา วิทยาศาสตร์ศึกษา,,,0,16,233,16,70.4248,62.1996
มหาวิทยาลัยศิลปากร,สนามจันทร์,10080206703701B,คณะศึกษาศาสตร์,หลักสูตรศึกษาศาสตรบัณฑิต สาขาวิชา วิทยาศาสตร์ศึกษา,,,0,26,166,26,65.9081,55.1666
มหาวิทยาลัยศิลปากร,สนามจันทร์,10080206703702A,คณะศึกษาศาสตร์,หลักสูตรศึกษาศาสตรบัณฑิต สาขาวิชา ศิลปศึกษา,,,0,8,18,8,61.9383,46.7999
มหาวิทยาลัยศิลปากร,สนามจันทร์,10080206900701A,คณะศึกษาศาสตร์,หลักสูตรศิลปศาสตรบัณฑิต สาขาวิชา จิตวิทยา,,,0,45,907,45,70.5164,61.4166
มหาวิทยาลัยศิลปากร,สนามจันทร์,10080206900701B,คณะศึกษาศาสตร์,หลักสูตรศิลปศาสตรบัณฑิต สาขาวิชา จิตวิทยา,,,0,55,708,56,79.5000,64.1664
มหาวิทยาลัยศิลปากร,สนามจันทร์,10080206903801A,คณะศึกษาศาสตร์,หลักสูตรศิลปศาสตรบัณฑิต สาขาวิชา เทคโนโลยีการศึกษา,,,0,20,373,20,64.8165,57.6832
มหาวิทยาลัยศิลปากร,สนามจันทร์,10080206903801B,คณะศึกษาศาสตร์,หลักสูตรศิลปศาสตรบัณฑิต สาขาวิชา เทคโนโลยีการศึกษา,,,0,20,238,20,59.5999,53.9916
มหาวิทยาลัยศิลปากร,สนามจันทร์,10080206904201A,คณะศึกษาศาสตร์,หลักสูตรศิลปศาสตรบัณฑิต สาขาวิชา การศึกษาตลอดชีวติ,,,0,50,398,50,63.4664,57.7789
มหาวิทยาลัยศิลปากร,สนามจันทร์,10080207111101A,คณะวิทยาศาสตร์,หลักสูตรวิทยาศาสตรบัณฑิต สาขาวิชา เคมีผลิตภัณฑ์และธุรกิจเครื่องสำอาง,รูปแบบที่ 1 Alevel,,3011,30,94,0,0.0000,0.0000
มหาวิทยาลัยศิลปากร,สนามจันทร์,10080207111101A,คณะวิทยาศาสตร์,หลักสูตรวิทยาศาสตรบัณฑิต สาขาวิชา เคมีผลิตภัณฑ์และธุรกิจเครื่องสำอาง,รูปแบบที่ 2 TgatTpat,,3011,30,432,30,62.5579,53.5415
มหาวิทยาลัยศิลปากร,สนามจันทร์,10080207210301A,คณะวิทยาศาสตร์,หลักสูตรวิทยาศาสตรบัณฑิต สาขาวิชา คณิตศาสตร์,รูปแบบที่ 2 TgatTpat,,0,50,249,50,66.5135,49.6828
มหาวิทยาลัยศิลปากร,สนามจันทร์,10080207210301B,คณะวิทยาศาสตร์,หลักสูตรวิทยาศาสตรบัณฑิต สาขาวิชา คณิตศาสตร์,รูปแบบที่ 2 TgatTpat,,0,10,55,10,52.6968,41.0250
มหาวิทยาลัยศิลปากร,สนามจันทร์,10080207210302A,คณะวิทยาศาสตร์,หลักสูตรวิทยาศาสตรบัณฑิต สาขาวิชา คณิตศาสตร์ประยุกต์,รูปแบบที่ 2 TgatTpat,,0,30,250,30,64.8000,55.5582
มหาวิทยาลัยศิลปากร,สนามจันทร์,10080207210302B,คณะวิทยาศาสตร์,หลักสูตรวิทยาศาสตรบัณฑิต สาขาวิชา คณิตศาสตร์ประยุกต์,รูปแบบที่ 2 TgatTpat,,0,10,62,10,50.4332,41.6500
มหาวิทยาลัยศิลปากร,สนามจันทร์,10080207210401A,คณะวิทยาศาสตร์,หลักสูตรวิทยาศาสตรบัณฑิต สาขาวิชาเคมี,รูปแบบที่ 1 Alevel,,3002,60,19,0,0.0000,0.0000
มหาวิทยาลัยศิลปากร,สนามจันทร์,10080207210401A,คณะวิทยาศาสตร์,หลักสูตรวิทยาศาสตรบัณฑิต สาขาวิชาเคมี,รูปแบบที่ 2 TgatTpat,,3002,60,226,60,54.8245,44.2579
มหาวิทยาลัยศิลปากร,สนามจันทร์,10080207210401B,คณะวิทยาศาสตร์,หลักสูตรวิทยาศาสตรบัณฑิต สาขาวิชาเคมี,รูปแบบที่ 1 Alevel,,3012,15,3,2,44.0700,21.8900
มหาวิทยาลัยศิลปากร,สนามจันทร์,10080207210401B,คณะวิทยาศาสตร์,หลักสูตรวิทยาศาสตรบัณฑิต สาขาวิชาเคมี,รูปแบบที่ 2 TgatTpat,,3012,15,20,6,46.0329,36.7663
มหาวิทยาลัยศิลปากร,สนามจันทร์,10080207210402A,คณะวิทยาศาสตร์,หลักสูตรวิทยาศาสตรบัณฑิต สาขาวิชา เคมีประยุกต์และจุลชีววิทยาอุตสาหกรรม,รูปแบบที่ 1 Alevel,,3010,30,16,0,0.0000,0.0000
มหาวิทยาลัยศิลปากร,สนามจันทร์,10080207210402A,คณะวิทยาศาสตร์,หลักสูตรวิทยาศาสตรบัณฑิต สาขาวิชา เคมีประยุกต์และจุลชีววิทยาอุตสาหกรรม,รูปแบบที่ 2 TgatTpat,,3010,30,153,30,55.3165,44.8076
มหาวิทยาลัยศิลปากร,สนามจันทร์,10080207210501A,คณะวิทยาศาสตร์,หลักสูตรวิทยาศาสตรบัณฑิต สาขาวิชาจุล ชีววิทยา,รูปแบบที่ 1 Alevel,,3007,60,35,0,0.0000,0.0000
มหาวิทยาลัยศิลปากร,สนามจันทร์,10080207210501A,คณะวิทยาศาสตร์,หลักสูตรวิทยาศาสตรบัณฑิต สาขาวิชาจุล ชีววิทยา,รูปแบบที่ 2 TgatTpat,,3007,60,725,60,65.1884,56.8554
มหาวิทยาลัยศิลปากร,สนามจันทร์,10080207210501B,คณะวิทยาศาสตร์,หลักสุตรวิทยาศาสตรบัณฑิต สาขาวิชาจุล ชีววิทยา,รูปแบบที่ 1 Alevel,,3016,30,8,0,0.0000,0.0000
มหาวิทยาลัยศิลปากร,สนามจันทร์,10080207210501B,คณะวิทยาศาสตร์,หลักสุตรวิทยาศาสตรบัณฑิต สาขาวิชาจุล ชีววิทยา,รูปแบบที่ 2 TgatTpat,,3016,30,190,30,61.9944,52.3440
มหาวิทยาลัยศิลปากร,สนามจันทร์,10080207210701A,คณะวิทยาศาสตร์,หลักสูตรวิทยาศาสตรบัณฑิต สาขาวิชา ชีววิทยา,รูปแบบที่ 1 Alevel,,0,100,105,45,44.0750,4.5000
มหาวิทยาลัยศิลปากร,สนามจันทร์,10080207210701B,คณะวิทยาศาสตร์,หลักสูตรวิทยาศาสตรบัณฑิต สาขาวิชา ชีววิทยา,รูปแบบที่ 2 TgatTpat,,0,20,210,20,66.1500,57.7414
มหาวิทยาลัยศิลปากร,สนามจันทร์,10080207212701A,คณะวิทยาศาสตร์,หลักสูตรวิทยาศาสตรบัณฑิต สาขาวิชา ฟิสิกส์,รูปแบบที่ 1 Alevel,,3003,30,15,0,0.0000,0.0000
มหาวิทยาลัยศิลปากร,สนามจันทร์,10080207212701A,คณะวิทยาศาสตร์,หลักสูตรวิทยาศาสตรบัณฑิต สาขาวิชา ฟิสิกส์,รูปแบบที่ 2 TgatTpat,,3003,30,251,30,80.2985,65.7845
มหาวิทยาลัยศิลปากร,สนามจันทร์,10080207212701B,คณะวิทยาศาสตร์,หลักสูตรวิทยาศาสตรบัณฑิต สาขาวิชา ฟิสิกส์,รูปแบบที่ 1 Alevel,,3013,10,5,0,0.0000,0.0000
มหาวิทยาลัยศิลปากร,สนามจันทร์,10080207212701B,คณะวิทยาศาสตร์,หลักสูตรวิทยาศาสตรบัณฑิต สาขาวิชา ฟิสิกส์,รูปแบบที่ 2 TgatTpat,,3013,10,84,10,77.9165,63.3955
มหาวิทยาลัยศิลปากร,สนามจันทร์,10080207213101A,คณะวิทยาศาสตร์,หลักสูตรวิทยาศาสตรบัณฑิต สาขาวิชา วิทยาศาสตร์สิ่งแวดล้อม,รูปแบบที่ 1 Alevel,,3005,60,80,0,0.0000,0.0000
มหาวิทยาลัยศิลปากร,สนามจันทร์,10080207213101A,คณะวิทยาศาสตร์,หลักสูตรวิทยาศาสตรบัณฑิต สาขาวิชา วิทยาศาสตร์สิ่งแวดล้อม,รูปแบบที่ 2 TgatTpat,,3005,60,429,60,60.3956,47.4040
มหาวิทยาลัยศิลปากร,สนามจันทร์,10080207213101B,คณะวิทยาศาสตร์,หลักสูตรวิทยาศาสตรบัณฑิต สาขาวิชา วิทยาศาสตร์สิ่งแวดล้อม,รูปแบบที่ 1 Alevel,,0,15,18,10,30.8800,19.8600
มหาวิทยาลัยศิลปากร,สนามจันทร์,10080207213301A,คณะวิทยาศาสตร์,หลักสูตรวิทยาศาสตรบัณฑิต สาขาวิชา สถิติและวิทยาการวิเคราะห์ข้อมูล,รูปแบบที่ 1 Alevel,,3004,60,53,0,0.0000,0.0000
มหาวิทยาลัยศิลปากร,สนามจันทร์,10080207213301A,คณะวิทยาศาสตร์,หลักสูตรวิทยาศาสตรบัณฑิต สาขาวิชา สถิติและวิทยาการวิเคราะห์ข้อมูล,รูปแบบที่ 2 TgatTpat,,3004,60,411,60,76.9274,57.9912
มหาวิทยาลัยศิลปากร,สนามจันทร์,10080207213301B,คณะวิทยาศาสตร์,หลักสูตรวิทยาศาสตรบัณฑิต สาขาวิชา สถิติและวิทยาการวิเคราะห์ข้อมูล,รูปแบบที่ 1 Alevel,,3014,20,56,2,50.4500,49.4300
มหาวิทยาลัยศิลปากร,สนามจันทร์,10080207213301B,คณะวิทยาศาสตร์,หลักสูตรวิทยาศาสตรบัณฑิต สาขาวิชา สถิติและวิทยาการวิเคราะห์ข้อมูล,รูปแบบที่ 2 TgatTpat,,3014,20,101,18,59.6637,49.6275
มหาวิทยาลัยศิลปากร,สนามจันทร์,10080207220101A,คณะวิทยาศาสตร์,หลักสูตรวิทยาศาสตรบัณฑิต สาขาวิชา เทคโนโลยีสารสนเทศ,รูปแบบที่ 1 Alevel,,3008,40,66,0,0.0000,0.0000
มหาวิทยาลัยศิลปากร,สนามจันทร์,10080207220101A,คณะวิทยาศาสตร์,หลักสูตรวิทยาศาสตรบัณฑิต สาขาวิชา เทคโนโลยีสารสนเทศ,รูปแบบที่ 2 TgatTpat,,3008,40,301,40,60.5413,53.5494
มหาวิทยาลัยศิลปากร,สนามจันทร์,10080207220101B,คณะวิทยาศาสตร์,หลักสูตรวิทยาศาสตรบัณฑิต สาขาวิชา เทคโนโลยีสารสนเทศ,รูปแบบที่ 1 Alevel,,3017,10,20,0,0.0000,0.0000
มหาวิทยาลัยศิลปากร,สนามจันทร์,10080207220101B,คณะวิทยาศาสตร์,หลักสูตรวิทยาศาสตรบัณฑิต สาขาวิชา เทคโนโลยีสารสนเทศ,รูปแบบที่ 2 TgatTpat,,3017,10,61,10,58.8913,50.9580
มหาวิทยาลัยศิลปากร,สนามจันทร์,10080207220201A,คณะวิทยาศาสตร์,หลักสูตรวิทยาศาสตรบัณฑิต สาขาวิชา วิทยาการคอมพิวเตอร์,รูปแบบที่ 1 Alevel,,3006,30,117,0,0.0000,0.0000
มหาวิทยาลัยศิลปากร,สนามจันทร์,10080207220201A,คณะวิทยาศาสตร์,หลักสูตรวิทยาศาสตรบัณฑิต สาขาวิชา วิทยาการคอมพิวเตอร์,รูปแบบที่ 2 TgatTpat,,3006,30,592,30,66.0746,60.7500
มหาวิทยาลัยศิลปากร,สนามจันทร์,10080207220201B,คณะวิทยาศาสตร์,หลักสูตรวิทยาศาสตรบัณฑิต สาขาวิชา วิทยาการคอมพิวเตอร์,รูปแบบที่ 1 Alevel,,3015,20,44,0,0.0000,0.0000
มหาวิทยาลัยศิลปากร,สนามจันทร์,10080207220201B,คณะวิทยาศาสตร์,หลักสูตรวิทยาศาสตรบัณฑิต สาขาวิชา วิทยาการคอมพิวเตอร์,รูปแบบที่ 2 TgatTpat,,3015,20,136,20,59.4081,53.1832
มหาวิทยาลัยศิลปากร,สนามจันทร์,10080207220301A,คณะวิทยาศาสตร์,หลักสูตรวิทยาศาสตรบัณฑิต สาขาวิชา วิทยาการข้อมูล,รูปแบบที่ 1 Alevel,,3009,40,20,0,0.0000,0.0000
มหาวิทยาลัยศิลปากร,สนามจันทร์,10080207220301A,คณะวิทยาศาสตร์,หลักสูตรวิทยาศาสตรบัณฑิต สาขาวิชา วิทยาการข้อมูล,รูปแบบที่ 2 TgatTpat,,3009,40,303,40,73.9000,61.1356
มหาวิทยาลัยศิลปากร,สนามจันทร์,10080207220301B,คณะวิทยาศาสตร์,หลักสูตรวิทยาศาสตรบัณฑิต สาขาวิชา วิทยาการข้อมูล,รูปแบบที่ 1 Alevel,,3018,10,10,0,0.0000,0.0000
มหาวิทยาลัยศิลปากร,สนามจันทร์,10080207220301B,คณะวิทยาศาสตร์,หลักสูตรวิทยาศาสตรบัณฑิต สาขาวิชา วิทยาการข้อมูล,รูปแบบที่ 2 TgatTpat,,3018,10,51,10,67.2719,57.2774
มหาวิทยาลัยศิลปากร,สนามจันทร์,10080207701801A,คณะวิทยาศาสตร์,หลักสูตรศึกษาศาสตรบัณฑิต สาขาวิชา ฟิสิกส์,โครงการความร่วมมือระหวา่ ง คณะวิทยาศาสตร์และคณะ ศึกษาศาสตร์,,0,20,132,20,79.7416,71.2666
มหาวิทยาลัยศิลปากร,สนามจันทร์,10080208110001B,คณะเภสัชศาสตร์,หลักสูตรวิทยาศาสตรบัณฑิต สาขาวิชา สุขภาพดิจิทัล,รูปแบบที่ 1,,3039,70,310,64,69.5722,44.9100
มหาวิทยาลัยศิลปากร,สนามจันทร์,10080208110001B,คณะเภสัชศาสตร์,หลักสูตรวิทยาศาสตรบัณฑิต สาขาวิชา สุขภาพดิจิทัล,รูปแบบที่ 2,,3039,70,310,6,51.2866,45.3200
มหาวิทยาลัยศิลปากร,สนามจันทร์,10080208111101B,คณะเภสัชศาสตร์,หลักสูตรวิทยาศาสตรบัณฑิต สาขาวิชา นวัตกรรมเครื่องสำอางและศิลปะความงาม,รูปแบบที่ 1,,0,10,539,10,67.3350,62.6065
มหาวิทยาลัยศิลปากร,สนามจันทร์,10080208111101B,คณะเภสัชศาสตร์,หลักสูตรวิทยาศาสตรบัณฑิต สาขาวิชา นวัตกรรมเครื่องสำอางและศิลปะความงาม,รูปแบบที่ 2,,0,40,490,40,56.9625,42.8925
มหาวิทยาลัยศิลปากร,สนามจันทร์,10080208130101A,คณะเภสัชศาสตร์,หลักสูตรเภสัชศาสตรบัณฑิต,,,0,30,"1,829",30,66.4479,59.2464
มหาวิทยาลัยศิลปากร,สนามจันทร์,10080208130101B,คณะเภสัชศาสตร์,หลักสูตรเภสัชศาสตรบัณฑิต,,,0,100,"1,621",100,58.8955,52.8267
มหาวิทยาลัยศิลปากร,สนามจันทร์,10080209211001A,คณะวิศวกรรมศาสตร์และเทคโนโลยีอุตสาหกรรม,หลักสูตรวิทยาศาสตรบัณฑิต สาขาวิชา เทคโนโลยีอาหาร,หลักสูตรแกนกลาง,,3020,50,695,50,59.9000,47.6750
มหาวิทยาลัยศิลปากร,สนามจันทร์,10080209211001A,คณะวิศวกรรมศาสตร์และเทคโนโลยีอุตสาหกรรม,หลักสูตรวิทยาศาสตรบัณฑิต สาขาวิชา เทคโนโลยีอาหาร,หลักสูตรอื่นๆ,,3020,50,2,0,0.0000,0.0000
มหาวิทยาลัยศิลปากร,สนามจันทร์,10080209211001B,คณะวิศวกรรมศาสตร์และเทคโนโลยีอุตสาหกรรม,หลักสูตรวิทยาศาสตรบัณฑิต สาขาวิชา เทคโนโลยีอาหาร,หลักสูตรแกนกลาง,,3027,15,71,15,47.5999,36.9249
มหาวิทยาลัยศิลปากร,สนามจันทร์,10080209211001B,คณะวิศวกรรมศาสตร์และเทคโนโลยีอุตสาหกรรม,หลักสูตรวิทยาศาสตรบัณฑิต สาขาวิชา เทคโนโลยีอาหาร,หลักสูตรอื่นๆ,,3027,15,0,0,0.0000,0.0000
มหาวิทยาลัยศิลปากร,สนามจันทร์,10080209211201A,คณะวิศวกรรมศาสตร์และเทคโนโลยีอุตสาหกรรม,หลักสูตรวิทยาศาสตรบัณฑิต สาขาวิชา เทคโนโลยีชีวภาพ,หลักสูตรแกนกลาง,,3019,30,352,30,74.2412,66.5000
มหาวิทยาลัยศิลปากร,สนามจันทร์,10080209211201A,คณะวิศวกรรมศาสตร์และเทคโนโลยีอุตสาหกรรม,หลักสูตรวิทยาศาสตรบัณฑิต สาขาวิชา เทคโนโลยีชีวภาพ,หลักสูตรอื่นๆ,,3019,30,1,0,0.0000,0.0000
มหาวิทยาลัยศิลปากร,สนามจันทร์,10080209211201B,คณะวิศวกรรมศาสตร์และเทคโนโลยีอุตสาหกรรม,หลักสูตรวิทยาศาสตรบัณฑิต สาขาวิชา เทคโนโลยีชีวภาพ,หลักสูตรแกนกลาง,,3026,5,71,5,68.1412,62.6277
มหาวิทยาลัยศิลปากร,สนามจันทร์,10080209211201B,คณะวิศวกรรมศาสตร์และเทคโนโลยีอุตสาหกรรม,หลักสูตรวิทยาศาสตรบัณฑิต สาขาวิชา เทคโนโลยีชีวภาพ,หลักสูตรอื่นๆ,,3026,5,1,0,0.0000,0.0000
มหาวิทยาลัยศิลปากร,สนามจันทร์,10080209300101A,คณะวิศวกรรมศาสตร์และเทคโนโลยีอุตสาหกรรม,หลักสูตรวิศวกรรมศาสตรบัณฑิต สาขาวิชาวิศวกรรมกระบวนการชีวภาพ,หลักสูตรแกนกลาง,,3025,30,248,30,75.7554,65.4885
มหาวิทยาลัยศิลปากร,สนามจันทร์,10080209300101A,คณะวิศวกรรมศาสตร์และเทคโนโลยีอุตสาหกรรม,หลักสูตรวิศวกรรมศาสตรบัณฑิต สาขาวิชาวิศวกรรมกระบวนการชีวภาพ,หลักสูตรอื่นๆ,,3025,30,0,0,0.0000,0.0000
มหาวิทยาลัยศิลปากร,สนามจันทร์,10080209300101B,คณะวิศวกรรมศาสตร์และเทคโนโลยีอุตสาหกรรม,หลักสูตรวิศวกรรมศาสตรบัณฑิต สาขาวิชาวิศวกรรมกระบวนการชีวภาพ,หลักสูตรแกนกลาง,,3031,5,68,5,65.0304,62.3304
มหาวิทยาลัยศิลปากร,สนามจันทร์,10080209300101B,คณะวิศวกรรมศาสตร์และเทคโนโลยีอุตสาหกรรม,หลักสูตรวิศวกรรมศาสตรบัณฑิต สาขาวิชาวิศวกรรมกระบวนการชีวภาพ,หลักสูตรอื่นๆ,,3031,5,1,0,0.0000,0.0000
มหาวิทยาลัยศิลปากร,สนามจันทร์,10080209300601A,คณะวิศวกรรมศาสตร์และเทคโนโลยีอุตสาหกรรม,หลักสูตรวิศวกรรมศาสตรบัณฑิต สาขาวิชาวิศวกรรมเคมี,,,0,30,145,31,51.5000,35.6665
มหาวิทยาลัยศิลปากร,สนามจันทร์,10080209300601B,คณะวิศวกรรมศาสตร์และเทคโนโลยีอุตสาหกรรม,หลักสูตรวิศวกรรมศาสตรบัณฑิต สาขาวิชาวิศวกรรมเคมี,,,0,30,87,30,38.0000,29.1665
มหาวิทยาลัยศิลปากร,สนามจันทร์,10080209300701A,คณะวิศวกรรมศาสตร์และเทคโนโลยีอุตสาหกรรม,หลักสูตรวิศวกรรมศาสตรบัณฑิต สาขาวิชาวิศวกรรมเครื่องกล,หลักสูตรแกนกลาง,,3023,10,478,10,41.7332,36.6832
มหาวิทยาลัยศิลปากร,สนามจันทร์,10080209300701A,คณะวิศวกรรมศาสตร์และเทคโนโลยีอุตสาหกรรม,หลักสูตรวิศวกรรมศาสตรบัณฑิต สาขาวิชาวิศวกรรมเครื่องกล,หลักสูตรอื่นๆ,,3023,10,2,0,0.0000,0.0000
มหาวิทยาลัยศิลปากร,สนามจันทร์,10080209300701B,คณะวิศวกรรมศาสตร์และเทคโนโลยีอุตสาหกรรม,หลักสูตรวิศวกรรมศาสตรบัณฑิต สาขาวิชาวิศวกรรมเครื่องกล,หลักสูตรแกนกลาง,,3029,5,28,5,36.9750,32.2250
มหาวิทยาลัยศิลปากร,สนามจันทร์,10080209300701B,คณะวิศวกรรมศาสตร์และเทคโนโลยีอุตสาหกรรม,หลักสูตรวิศวกรรมศาสตรบัณฑิต สาขาวิชาวิศวกรรมเครื่องกล,หลักสูตรอื่นๆ,,3029,5,1,0,0.0000,0.0000
มหาวิทยาลัยศิลปากร,สนามจันทร์,10080209301801A,คณะวิศวกรรมศาสตร์และเทคโนโลยีอุตสาหกรรม,หลักสูตรวิศวกรรมศาสตรบัณฑิต สาขาวิชาวิศวกรรมไฟฟ้าสื่อสาร,,,0,15,167,15,58.8664,55.3496
มหาวิทยาลัยศิลปากร,สนามจันทร์,10080209301801B,คณะวิศวกรรมศาสตร์และเทคโนโลยีอุตสาหกรรม,หลักสูตรวิศวกรรมศาสตรบัณฑิต สาขาวิชาวิศวกรรมไฟฟ้าสื่อสาร,,,0,10,44,10,54.3997,48.5664
มหาวิทยาลัยศิลปากร,สนามจันทร์,10080209302401A,คณะวิศวกรรมศาสตร์และเทคโนโลยีอุตสาหกรรม,หลักสูตรวิศวกรรมศาสตรบัณฑิต สาขาวิชาวิศวกรรมการจัดการและโลิจสติกส์,,,0,15,269,15,48.7625,43.4707
มหาวิทยาลัยศิลปากร,สนามจันทร์,10080209302501A,คณะวิศวกรรมศาสตร์และเทคโนโลยีอุตสาหกรรม,หลักสูตรวิศวกรรมศาสตรบัณฑิต สาขาวิชาวิศวกรรมวัสดุและนาโนเทคโนโลยี,หลักสูตรแกนกลาง,,3024,30,305,30,76.8000,70.6664
มหาวิทยาลัยศิลปากร,สนามจันทร์,10080209302501A,คณะวิศวกรรมศาสตร์และเทคโนโลยีอุตสาหกรรม,หลักสูตรวิศวกรรมศาสตรบัณฑิต สาขาวิชาวิศวกรรมวัสดุและนาโนเทคโนโลยี,หลักสูตรอื่นๆ,,3024,30,0,0,0.0000,0.0000
มหาวิทยาลัยศิลปากร,สนามจันทร์,10080209302501B,คณะวิศวกรรมศาสตร์และเทคโนโลยีอุตสาหกรรม,หลักสูตรวิศวกรรมศาสตรบัณฑิต สาขาวิชาวิศวกรรมวัสดุและนาโนเทคโนโลยี,หลักสูตรแกนกลาง,,3030,20,207,20,67.1332,63.3000
มหาวิทยาลัยศิลปากร,สนามจันทร์,10080209302501B,คณะวิศวกรรมศาสตร์และเทคโนโลยีอุตสาหกรรม,หลักสูตรวิศวกรรมศาสตรบัณฑิต สาขาวิชาวิศวกรรมวัสดุและนาโนเทคโนโลยี,หลักสูตรอื่นๆ,,3030,20,1,0,0.0000,0.0000
มหาวิทยาลัยศิลปากร,สนามจันทร์,10080209302502A,คณะวิศวกรรมศาสตร์และเทคโนโลยีอุตสาหกรรม,หลักสูตรวิศวกรรมศาสตรบัณฑิต สาขาวิชาปิโตรเคมีและวัสดุพอลิเมอร์,หลักสูตรแกนกลาง,,3021,30,647,30,76.2080,70.8750
มหาวิทยาลัยศิลปากร,สนามจันทร์,10080209302502A,คณะวิศวกรรมศาสตร์และเทคโนโลยีอุตสาหกรรม,หลักสูตรวิศวกรรมศาสตรบัณฑิต สาขาวิชาปิโตรเคมีและวัสดุพอลิเมอร์,หลักสูตรอื่นๆ,,3021,30,0,0,0.0000,0.0000
มหาวิทยาลัยศิลปากร,สนามจันทร์,10080209302502B,คณะวิศวกรรมศาสตร์และเทคโนโลยีอุตสาหกรรม,หลักสูตรวิศวกรรมศาสตรบัณฑิต สาขาวิชาปิโตรเคมีและวัสดุพอลิเมอร์,หลักสูตรแกนกลาง,,3028,15,108,15,70.3750,61.3330
มหาวิทยาลัยศิลปากร,สนามจันทร์,10080209302502B,คณะวิศวกรรมศาสตร์และเทคโนโลยีอุตสาหกรรม,หลักสูตรวิศวกรรมศาสตรบัณฑิต สาขาวิชาปิโตรเคมีและวัสดุพอลิเมอร์,หลักสูตรอื่นๆ,,3028,15,0,0,0.0000,0.0000
มหาวิทยาลัยศิลปากร,สนามจันทร์,10080209303401A,คณะวิศวกรรมศาสตร์และเทคโนโลยีอุตสาหกรรม,หลักสูตรวิศวกรรมศาสตรบัณฑิต สาขาวิชาวิศวกรรมอิเล็กทรอนิกส์และ ระบบคอมพิวเตอร์,,,0,30,170,30,63.4413,54.1413
มหาวิทยาลัยศิลปากร,สนามจันทร์,10080209303401B,คณะวิศวกรรมศาสตร์และเทคโนโลยีอุตสาหกรรม,หลักสูตรวิศวกรรมศาสตรบัณฑิต สาขาวิชาวิศวกรรมอิเล็กทรอนิกส์และ ระบบคอมพิวเตอร์,,,0,15,76,15,57.4663,49.8079
มหาวิทยาลัยศิลปากร,สนามจันทร์,10080209303501A,คณะวิศวกรรมศาสตร์และเทคโนโลยีอุตสาหกรรม,หลักสูตรวิศวกรรมศาสตรบัณฑิต สาขาวิชาวิศวกรรมอุตสาหการ,หลักสูตรแกนกลาง,,3022,10,167,11,38.6332,32.9332
มหาวิทยาลัยศิลปากร,สนามจันทร์,10080209303501A,คณะวิศวกรรมศาสตร์และเทคโนโลยีอุตสาหกรรม,หลักสูตรวิศวกรรมศาสตรบัณฑิต สาขาวิชาวิศวกรรมอุตสาหการ,หลักสูตรอื่นๆ,,3022,10,0,0,0.0000,0.0000
มหาวิทยาลัยศิลปากร,สนามจันทร์,10080209610801A,คณะวิศวกรรมศาสตร์และเทคโนโลยีอุตสาหกรรม,หลักสูตรเทคโนโลยีบัณฑิต สาขาวิชาธุรกิจ วิศวกรรม,,,0,10,255,10,63.4832,51.8998
มหาวิทยาลัยศิลปากร,สนามจันทร์,10080209610801B,คณะวิศวกรรมศาสตร์และเทคโนโลยีอุตสาหกรรม,หลักสูตรเทคโนโลยีบัณฑิต สาขาวิชาธุรกิจ วิศวกรรม,,,0,5,54,5,48.3998,44.5748
มหาวิทยาลัยศิลปากร,สนามจันทร์,10080213213501B,คณะเทคโนโลยีสารสนเทศ และการสื่อสาร,หลักสูตรศิลปศาสตรและวิทยาศาสตร บัณฑิต สาขาวิชาเทคโนโลยีสื่อสรา้ งสรรค์,พื้นฐานวิทยาศาสตร์,,3038,100,59,0,0.0000,0.0000
มหาวิทยาลัยศิลปากร,สนามจันทร์,10080213213501B,คณะเทคโนโลยีสารสนเทศ และการสื่อสาร,หลักสูตรศิลปศาสตรและวิทยาศาสตร บัณฑิต สาขาวิชาเทคโนโลยีสื่อสรา้ งสรรค์,พื้นฐานศิลปศาสตร1์,,3038,100,472,12,64.9375,60.3750
มหาวิทยาลัยศิลปากร,สนามจันทร์,10080213213501B,คณะเทคโนโลยีสารสนเทศ และการสื่อสาร,หลักสูตรศิลปศาสตรและวิทยาศาสตร บัณฑิต สาขาวิชาเทคโนโลยีสื่อสรา้ งสรรค์,พื้นฐานศิลปศาสตร2์ .1,,3038,100,133,6,66.1875,61.0415
มหาวิทยาลัยศิลปากร,สนามจันทร์,10080213213501B,คณะเทคโนโลยีสารสนเทศ และการสื่อสาร,หลักสูตรศิลปศาสตรและวิทยาศาสตร บัณฑิต สาขาวิชาเทคโนโลยีสื่อสรา้ งสรรค์,พื้นฐานศิลปศาสตร2์ .2,,3038,100,545,82,76.8333,60.1458
มหาวิทยาลัยศิลปากร,เพชรบุรี,10080311500401A,คณะสัตวศาสตร์และเทคโนโลยีการเกษตร,หลักสูตรวิทยาศาสตรบัณฑิต สาขาวิชา เทคโนโลยีการผลิตพืช,,,0,100,311,100,93.1542,59.3458
มหาวิทยาลัยศิลปากร,เพชรบุรี,10080311500403A,คณะสัตวศาสตร์และเทคโนโลยีการเกษตร,หลักสูตรวิทยาศาสตรบัณฑิต สาขาวิชา ผู้ประกอบการธุรกิจการเกษตรและอาหาร,,,0,80,447,80,87.3750,68.8000
มหาวิทยาลัยศิลปากร,เพชรบุรี,10080311500404A,คณะสัตวศาสตร์และเทคโนโลยีการเกษตร,หลักสูตรวิทยาศาสตรบัณฑิต สาขาวิชา ส่งเสริมการเกษตร,,,0,50,374,51,######,81.2500
มหาวิทยาลัยศิลปากร,เพชรบุรี,10080311500602A,คณะสัตวศาสตร์และเทคโนโลยีการเกษตร,หลักสูตรวิทยาศาสตรบัณฑิต สาขาวิชา วิทยาศาสตร์การประมง,,,0,50,488,50,88.5275,76.7900
มหาวิทยาลัยศิลปากร,เพชรบุรี,10080311501201A,คณะสัตวศาสตร์และเทคโนโลยีการเกษตร,หลักสูตรวิทยาศาสตรบัณฑิต สาขาวิชา สัตวศาสตร์,,,0,30,554,30,76.9550,63.9500
มหาวิทยาลัยศิลปากร,เพชรบุรี,10080312610201B,คณะวิทยาการจัดการ,หลักสูตรบริหารธุรกิจบัณฑิต สาขาวิชา การจัดการงานนิทรรศการและงานอีเวนต์,โครงการเด็ก ดี อยากเรียน กลุ่มเรียนที่จัดการเรียนการ สอน ณ วิทยาเขตสารสนเทศ เพชรบุรี,,0,100,446,100,70.4160,52.0830
มหาวิทยาลัยศิลปากร,เพชรบุรี,10080312610201B,คณะวิทยาการจัดการ,หลักสูตรบริหารธุรกิจบัณฑิต สาขาวิชา การจัดการงานนิทรรศการและงานอีเวนต์,โครงการเด็ก ดี มีโอกาส กลุ่ม เรียนที่จัดการเรียนการสอน ณ วิทยาเขตสารสนเทศเพชรบุรี,,0,100,579,106,83.7500,62.0000
มหาวิทยาลัยศิลปากร,เพชรบุรี,10080312610202B,คณะวิทยาการจัดการ,หลักสูตรบริหารธุรกิจบัณฑิต สาขาวิชา การจัดการธุรกิจและภาษา,โครงการเด็ก ดี อยากเรียน กลุ่มเรียนที่จัดการเรียนการ สอน ณ วิทยาเขตสารสนเทศ เพชรบุรี,,0,100,139,43,71.6660,28.3330
มหาวิทยาลัยศิลปากร,เพชรบุรี,10080312610202B,คณะวิทยาการจัดการ,หลักสูตรบริหารธุรกิจบัณฑิต สาขาวิชา การจัดการธุรกิจและภาษา,โครงการเด็ก ดี มีโอกาส กลุ่ม เรียนที่จัดการเรียนการสอน ณ วิทยาเขตสารสนเทศเพชรบุรี,,0,100,153,48,81.2500,22.5000
มหาวิทยาลัยศิลปากร,เพชรบุรี,10080312610203B,คณะวิทยาการจัดการ,หลักสูตรบริหารธุรกิจบัณฑิต สาขาวิชา การจัดการนวัตกรรมทางธุรกิจ,โครงการเด็ก ดี อยากเรียน กลุ่มเรียนที่จัดการเรียนการ สอน ณ วิทยาเขตสารสนเทศ เพชรบุรี,,0,100,456,102,76.6660,63.3330
มหาวิทยาลัยศิลปากร,เพชรบุรี,10080312610203B,คณะวิทยาการจัดการ,หลักสูตรบริหารธุรกิจบัณฑิต สาขาวิชา การจัดการนวัตกรรมทางธุรกิจ,โครงการเด็ก ดี มีโอกาส กลุ่ม เรียนที่จัดการเรียนการสอน ณ วิทยาเขตสารสนเทศเพชรบุรี,,0,100,158,48,74.0000,28.0000
มหาวิทยาลัยศิลปากร,เพชรบุรี,10080312610501B,คณะวิทยาการจัดการ,หลักสูตรบัญชีบัณฑิต,โครงการเด็ก ดี อยากเรียน กลุ่มเรียนที่จัดการเรียนการ สอน ณ วิทยาเขตสารสนเทศ เพชรบุรี,,0,120,852,123,73.7495,52.9165
มหาวิทยาลัยศิลปากร,เพชรบุรี,10080312610501B,คณะวิทยาการจัดการ,หลักสูตรบัญชีบัณฑิต,โครงการเด็ก ดี มีโอกาส กลุ่ม เรียนที่จัดการเรียนการสอน ณ วิทยาเขตสารสนเทศเพชรบุรี,,0,120,190,67,66.7500,20.6250
มหาวิทยาลัยศิลปากร,เพชรบุรี,10080312611001B,คณะวิทยาการจัดการ,หลักสูตรบริหารธุรกิจบัณฑิต สาขาวิชา การจัดการโลจิสติกส์ระหวา่ งประเทศ,โครงการเด็ก ดี อยากเรียน กลุ่มเรียนที่จัดการเรียนการ สอน ณ วิทยาเขตสารสนเทศ เพชรบุรี,,0,90,408,91,77.4996,41.6664
มหาวิทยาลัยศิลปากร,เพชรบุรี,10080312611001B,คณะวิทยาการจัดการ,หลักสูตรบริหารธุรกิจบัณฑิต สาขาวิชา การจัดการโลจิสติกส์ระหวา่ งประเทศ,โครงการเด็ก ดี มีโอกาส กลุ่ม เรียนที่จัดการเรียนการสอน ณ วิทยาเขตสารสนเทศเพชรบุรี,,0,90,197,72,65.0000,17.2000
มหาวิทยาลัยศิลปากร,เพชรบุรี,10080312620101B,คณะวิทยาการจัดการ,หลักสูตรศิลปศาสตรบัณฑิต สาขาวิชาการ จัดการการท่องเที่ยว,โครงการเด็ก ดี อยากเรียน กลุ่มเรียนที่จัดการเรียนการ สอน ณ วิทยาเขตสารสนเทศ เพชรบุรี,,0,100,173,58,63.7500,22.0830
มหาวิทยาลัยศิลปากร,เพชรบุรี,10080312620101B,คณะวิทยาการจัดการ,หลักสูตรศิลปศาสตรบัณฑิต สาขาวิชาการ จัดการการท่องเที่ยว,โครงการเด็ก ดี มีโอกาส กลุ่ม เรียนที่จัดการเรียนการสอน ณ วิทยาเขตสารสนเทศเพชรบุรี,,0,100,198,80,72.0000,34.0000
มหาวิทยาลัยศิลปากร,เพชรบุรี,10080312620102B,คณะวิทยาการจัดการ,หลักสูตรบริหารธุรกิจบัณฑิต สาขาวิชา การจัดการโรงแรม,โครงการเด็ก ดี อยากเรียน กลุ่มเรียนที่จัดการเรียนการ สอน ณ วิทยาเขตสารสนเทศ เพชรบุรี,,0,120,157,41,63.1940,30.0000
มหาวิทยาลัยศิลปากร,เพชรบุรี,10080312620102B,คณะวิทยาการจัดการ,หลักสูตรบริหารธุรกิจบัณฑิต สาขาวิชา การจัดการโรงแรม,โครงการเด็ก ดี มีโอกาส กลุ่ม เรียนที่จัดการเรียนการสอน ณ วิทยาเขตสารสนเทศเพชรบุรี,,0,100,152,44,83.7500,35.0000
มหาวิทยาลัยศิลปากร,เพชรบุรี,10080312903101B,คณะวิทยาการจัดการ,หลักสูตรรัฐประศาสนศาสตรบัณฑิต สาขาวิชารัฐประศาสนศาสตร์,โครงการเด็ก ดี อยากเรียน กลุ่มเรียนที่จัดการเรียนการ สอน ณ วิทยาเขตสารสนเทศ เพชรบุรี,,0,100,212,81,65.6940,27.9160
มหาวิทยาลัยศิลปากร,เพชรบุรี,10080312903101B,คณะวิทยาการจัดการ,หลักสูตรรัฐประศาสนศาสตรบัณฑิต สาขาวิชารัฐประศาสนศาสตร์,โครงการเด็ก ดี มีโอกาส กลุ่ม เรียนที่จัดการเรียนการสอน ณ วิทยาเขตสารสนเทศเพชรบุรี,,0,100,235,100,75.0000,36.2500
มหาวิทยาลัยศิลปากร,เพชรบุรี,10080312903501A,คณะวิทยาการจัดการ,หลักสูตรศิลปศาสตรบัณฑิต สาขาวิชาการ จัดการชุมชน,โครงการเด็ก ดี อยากเรียน กลุ่มเรียนที่จัดการเรียนการ สอน ณ วิทยาเขตสารสนเทศ เพชรบุรี,,0,80,107,36,56.5270,26.6660
มหาวิทยาลัยศิลปากร,เพชรบุรี,10080312903501A,คณะวิทยาการจัดการ,หลักสูตรศิลปศาสตรบัณฑิต สาขาวิชาการ จัดการชุมชน,โครงการเด็ก ดี มีโอกาส กลุ่ม เรียนที่จัดการเรียนการสอน ณ วิทยาเขตสารสนเทศเพชรบุรี,,0,80,72,20,60.2000,36.0000
มหาวิทยาลัยศิลปากร,เพชรบุรี,10080313220101B,คณะเทคโนโลยีสารสนเทศ และการสื่อสาร,หลักสูตรวิทยาศาสตรบัณฑิต สาขาวิชา เทคโนโลยีดิจิทัลเพื่อการออกแบบ,พื้นฐานวิทยาศาสตร์,การออกแบบอินเทอร์แอค ทีฟแอปพลิเคชัน,3034,40,2,0,0.0000,0.0000
มหาวิทยาลัยศิลปากร,เพชรบุรี,10080313220101B,คณะเทคโนโลยีสารสนเทศ และการสื่อสาร,หลักสูตรวิทยาศาสตรบัณฑิต สาขาวิชา เทคโนโลยีดิจิทัลเพื่อการออกแบบ,พื้นฐานศิลปศาสตร์,การออกแบบอินเทอร์แอค ทีฟแอปพลิเคชัน,3034,40,12,5,48.5733,40.6216
มหาวิทยาลัยศิลปากร,เพชรบุรี,10080313220101B,คณะเทคโนโลยีสารสนเทศ และการสื่อสาร,หลักสูตรวิทยาศาสตรบัณฑิต สาขาวิชา เทคโนโลยีดิจิทัลเพื่อการออกแบบ,พื้นฐานวิทยาศาสตร์,การออกแบบแอนิเมชัน,3035,25,11,0,0.0000,0.0000
มหาวิทยาลัยศิลปากร,เพชรบุรี,10080313220101B,คณะเทคโนโลยีสารสนเทศ และการสื่อสาร,หลักสูตรวิทยาศาสตรบัณฑิต สาขาวิชา เทคโนโลยีดิจิทัลเพื่อการออกแบบ,พื้นฐานศิลปศาสตร์,การออกแบบแอนิเมชัน,3035,25,97,25,69.2783,51.0433
มหาวิทยาลัยศิลปากร,เพชรบุรี,10080313220101B,คณะเทคโนโลยีสารสนเทศ และการสื่อสาร,หลักสูตรวิทยาศาสตรบัณฑิต สาขาวิชา เทคโนโลยีดิจิทัลเพื่อการออกแบบ,พื้นฐานวิทยาศาสตร์,การออกแบบเกม,3036,25,11,2,53.5116,53.1499
มหาวิทยาลัยศิลปากร,เพชรบุรี,10080313220101B,คณะเทคโนโลยีสารสนเทศ และการสื่อสาร,หลักสูตรวิทยาศาสตรบัณฑิต สาขาวิชา เทคโนโลยีดิจิทัลเพื่อการออกแบบ,พื้นฐานศิลปศาสตร์,การออกแบบเกม,3036,25,49,23,61.9166,42.9383
มหาวิทยาลัยศิลปากร,เพชรบุรี,10080313220102B,คณะเทคโนโลยีสารสนเทศ และการสื่อสาร,หลักสูตรวิทยาศาสตรบัณฑิต สาขาวิชา เทคโนโลยีดิจิทัลเพื่อธุรกิจ,รูปแบบที่ 1,,3032,40,11,0,0.0000,0.0000
มหาวิทยาลัยศิลปากร,เพชรบุรี,10080313220102B,คณะเทคโนโลยีสารสนเทศ และการสื่อสาร,หลักสูตรวิทยาศาสตรบัณฑิต สาขาวิชา เทคโนโลยีดิจิทัลเพื่อธุรกิจ,รูปแบบที่ 2,,3032,40,5,0,0.0000,0.0000
มหาวิทยาลัยศิลปากร,เพชรบุรี,10080313220102B,คณะเทคโนโลยีสารสนเทศ และการสื่อสาร,หลักสูตรวิทยาศาสตรบัณฑิต สาขาวิชา เทคโนโลยีดิจิทัลเพื่อธุรกิจ,รูปแบบที่ 3,,3032,40,8,0,0.0000,0.0000
มหาวิทยาลัยศิลปากร,เพชรบุรี,10080313220102B,คณะเทคโนโลยีสารสนเทศ และการสื่อสาร,หลักสูตรวิทยาศาสตรบัณฑิต สาขาวิชา เทคโนโลยีดิจิทัลเพื่อธุรกิจ,รูปแบบที่ 4,,3032,40,53,0,0.0000,0.0000
มหาวิทยาลัยศิลปากร,เพชรบุรี,10080313220102B,คณะเทคโนโลยีสารสนเทศ และการสื่อสาร,หลักสูตรวิทยาศาสตรบัณฑิต สาขาวิชา เทคโนโลยีดิจิทัลเพื่อธุรกิจ,รูปแบบที่ 5,,3032,40,4,0,0.0000,0.0000
มหาวิทยาลัยศิลปากร,เพชรบุรี,10080313220102B,คณะเทคโนโลยีสารสนเทศ และการสื่อสาร,หลักสูตรวิทยาศาสตรบัณฑิต สาขาวิชา เทคโนโลยีดิจิทัลเพื่อธุรกิจ,รูปแบบที่ 6,,3032,40,31,0,0.0000,0.0000
มหาวิทยาลัยศิลปากร,เพชรบุรี,10080313220102B,คณะเทคโนโลยีสารสนเทศ และการสื่อสาร,หลักสูตรวิทยาศาสตรบัณฑิต สาขาวิชา เทคโนโลยีดิจิทัลเพื่อธุรกิจ,รูปแบบที่ 7,,3032,40,295,40,69.0243,54.7742
มหาวิทยาลัยศิลปากร,เมืองทองธานี,10080413901101B,คณะเทคโนโลยีสารสนเทศ และการสื่อสาร,หลักสูตรนิเทศศาสตรบัณฑิต สาขาวิชา นิเทศศาสตร์,พื้นฐานวิทยาศาสตร์,,3033,110,755,57,74.7708,62.3125
มหาวิทยาลัยศิลปากร,เมืองทองธานี,10080413901101B,คณะเทคโนโลยีสารสนเทศ และการสื่อสาร,หลักสูตรนิเทศศาสตรบัณฑิต สาขาวิชา นิเทศศาสตร์,พื้นฐานศิลปศาสตร1์,,3033,110,"1,932",41,69.5208,62.1665
มหาวิทยาลัยศิลปากร,เมืองทองธานี,10080413901101B,คณะเทคโนโลยีสารสนเทศ และการสื่อสาร,หลักสูตรนิเทศศาสตรบัณฑิต สาขาวิชา นิเทศศาสตร์,พื้นฐานศิลปศาสตร2์,,3033,110,436,12,77.0000,63.0625
มหาวิทยาลัยศิลปากร,บางรกั,10080512610202B,คณะวิทยาการจัดการ,หลักสูตรบริหารธุรกิจบัณฑิต สาขาวิชา การจัดการธุรกิจและภาษา,โครงการเด็ก ดี อยากเรียน กลุ่มเรียนที่จัดการเรียนการ สอน ณ พื้นที่การศึกษาบางรักกรุงเทพมหานคร,,0,60,577,65,86.6660,68.3330
มหาวิทยาลัยศิลปากร,บางรกั,10080512610202B,คณะวิทยาการจัดการ,หลักสูตรบริหารธุรกิจบัณฑิต สาขาวิชา การจัดการธุรกิจและภาษา,โครงการเด็ก ดี มีโอกาส กลุ่ม เรียนที่จัดการเรียนการสอน ณ พื้นที่การศึกษาบางรักกรุงเทพมหานคร,,0,60,649,63,92.0000,67.5000
มหาวิทยาลัยศิลปากร,บางรกั,10080512610203B,คณะวิทยาการจัดการ,หลักสูตรบริหารธุรกิจบัณฑิต สาขาวิชา การจัดการนวัตกรรมทางธุรกิจ,โครงการเด็ก ดี อยากเรียน กลุ่มเรียนที่จัดการเรียนการ สอน ณ พื้นที่การศึกษาบางรักกรุงเทพมหานคร,,0,90,"2,197",91,83.3330,76.2500
มหาวิทยาลัยศิลปากร,บางรกั,10080512610203B,คณะวิทยาการจัดการ,หลักสูตรบริหารธุรกิจบัณฑิต สาขาวิชา การจัดการนวัตกรรมทางธุรกิจ,โครงการเด็ก ดี มีโอกาส กลุ่ม เรียนที่จัดการเรียนการสอน ณ พื้นที่การศึกษาบางรักกรุงเทพมหานคร,,0,20,837,32,81.2500,72.0000
มหาวิทยาลัยศิลปากร,บางรกั,10080512610601B,คณะวิทยาการจัดการ,หลักสูตรบริหารธุรกิจบัณฑิต สาขาวิชา การตลาด,โครงการเด็ก ดี อยากเรียน กลุ่มเรียนที่จัดการเรียนการ สอน ณ พื้นที่การศึกษาบางรักกรุงเทพมหานคร,,0,90,"1,740",90,79.8328,65.9996
มหาวิทยาลัยศิลปากร,บางรกั,10080512610601B,คณะวิทยาการจัดการ,หลักสูตรบริหารธุรกิจบัณฑิต สาขาวิชา การตลาด,โครงการเด็ก ดี มีโอกาส กลุ่ม เรียนที่จัดการเรียนการสอน ณ พื้นที่การศึกษาบางรักกรุงเทพมหานคร,,0,20,"1,427",20,64.2500,55.9000
มหาวิทยาลัยศรีนครินทรวิโรฒ,ประสานมิตร,10090101702001A,คณะมนุษยศาสตร์,หลักสูตรการศึกษาบัณฑิต สาขาวิชา ภาษาไทย (กศ.บ.),Admission,,0,14,151,14,76.8500,72.4097
มหาวิทยาลัยศรีนครินทรวิโรฒ,ประสานมิตร,10090101702002A,คณะมนุษยศาสตร์,หลักสูตรการศึกษาบัณฑิต สาขาวิชา ภาษาอังกฤษ (กศ.บ.),Admission,,3008,12,99,12,83.4832,73.1249
มหาวิทยาลัยศรีนครินทรวิโรฒ,ประสานมิตร,10090101702002A,คณะมนุษยศาสตร์,หลักสูตรการศึกษาบัณฑิต สาขาวิชา ภาษาอังกฤษ (กศ.บ.),Admission,,3008,12,0,0,0.0000,0.0000
มหาวิทยาลัยศรีนครินทรวิโรฒ,ประสานมิตร,10090101900701A,คณะมนุษยศาสตร์,หลักสูตรวิทยาศาสตรบัณฑิต สาขาวิชา จิตวิทยา,Admission,,0,60,964,60,78.1330,66.6690
มหาวิทยาลัยศรีนครินทรวิโรฒ,ประสานมิตร,10090101900701B,คณะมนุษยศาสตร์,หลักสูตรวิทยาศาสตรบัณฑิต สาขาวิชา จิตวิทยา (โครงการพิเศษ),Admission,,0,29,373,29,70.0000,62.1610
มหาวิทยาลัยศรีนครินทรวิโรฒ,ประสานมิตร,10090101901201A,คณะมนุษยศาสตร์,หลักสูตรศิลปศาสตรบัณฑิต สาขาวิชา สารสนเทศศึกษา,Admission,,3001,47,265,43,65.9332,50.6500
มหาวิทยาลัยศรีนครินทรวิโรฒ,ประสานมิตร,10090101901201A,คณะมนุษยศาสตร์,หลักสูตรศิลปศาสตรบัณฑิต สาขาวิชา สารสนเทศศึกษา,Admission,,3001,47,16,4,55.3054,51.5166
มหาวิทยาลัยศรีนครินทรวิโรฒ,ประสานมิตร,10090101901201B,คณะมนุษยศาสตร์,หลักสูตรศิลปศาสตรบัณฑิต สาขาวิชา สารสนเทศศึกษา (โครงการพิเศษ),Admission,,3002,46,302,46,52.3054,46.0500
มหาวิทยาลัยศรีนครินทรวิโรฒ,ประสานมิตร,10090101901201B,คณะมนุษยศาสตร์,หลักสูตรศิลปศาสตรบัณฑิต สาขาวิชา สารสนเทศศึกษา (โครงการพิเศษ),Admission,,3002,46,12,0,0.0000,0.0000
มหาวิทยาลัยศรีนครินทรวิโรฒ,ประสานมิตร,10090101901501A,คณะมนุษยศาสตร์,หลักสูตรศิลปศาสตรบัณฑิต สาขาวิชา ปรัชญาและศาสนา,Admission,,0,55,668,55,62.5998,56.2332
มหาวิทยาลัยศรีนครินทรวิโรฒ,ประสานมิตร,10090101902001A,คณะมนุษยศาสตร์,หลักสูตรศิลปศาสตรบัณฑิต สาขาวิชา ภาษาไทย,Admission,,0,58,"1,335",58,72.8082,65.2472
มหาวิทยาลัยศรีนครินทรวิโรฒ,ประสานมิตร,10090101902501E,คณะมนุษยศาสตร์,หลักสูตรศิลปศาสตรบัณฑิต สาขาวิชา ภาษาเพื่ออาชีพ (หลักสูตรนานาชาต)ิ,Admission,,0,164,"1,002",166,83.6805,60.0000
มหาวิทยาลัยศรีนครินทรวิโรฒ,ประสานมิตร,10090101902502E,คณะมนุษยศาสตร์,หลักสูตรศิลปศาสตรบัณฑิต สาขาวิชา ภาษาเพื่อการสื่อสาร (หลักสูตรนานาชาต)ิ,Admission-สาขาวิชาภาษา เพื่อการสื่อสาร วิชาเอก ภาษาอังกฤษ - ภาษาฝรั่งเศส (หลักสูตรนานาชาต)ิ,วิชาเอกภาษาอังกฤษ - ภาษาฝรั่งเศส (หลักสูตร นานาชาติ),3003,60,178,60,73.6805,56.5970
มหาวิทยาลัยศรีนครินทรวิโรฒ,ประสานมิตร,10090101902502E,คณะมนุษยศาสตร์,หลักสูตรศิลปศาสตรบัณฑิต สาขาวิชา ภาษาเพื่อการสื่อสาร (หลักสูตรนานาชาต)ิ,Admission-สาขาวิชาภาษา เพื่อการสื่อสาร วิชาเอก ภาษาอังกฤษ - ภาษาฝรั่งเศส (หลักสูตรนานาชาต)ิ,วิชาเอกภาษาอังกฤษ - ภาษาฝรั่งเศส (หลักสูตร นานาชาติ),3003,60,0,0,0.0000,0.0000
มหาวิทยาลัยศรีนครินทรวิโรฒ,ประสานมิตร,10090101902502E,คณะมนุษยศาสตร์,หลักสูตรศิลปศาสตรบัณฑิต สาขาวิชา ภาษาเพื่อการสื่อสาร (หลักสูตรนานาชาต)ิ,Admission-สาขาวิชาภาษา เพื่อการสื่อสาร วิชาเอก ภาษาอังกฤษ - ภาษาเยอรมัน (หลักสูตรนานาชาต)ิ,วิชาเอกภาษาอังกฤษ - ภาษาเยอรมัน (หลักสูตร นานาชาติ),3004,31,115,31,84.8610,54.1665
มหาวิทยาลัยศรีนครินทรวิโรฒ,ประสานมิตร,10090101902502E,คณะมนุษยศาสตร์,หลักสูตรศิลปศาสตรบัณฑิต สาขาวิชา ภาษาเพื่อการสื่อสาร (หลักสูตรนานาชาต)ิ,Admission-สาขาวิชาภาษา เพื่อการสื่อสาร วิชาเอก ภาษาอังกฤษ - ภาษาเยอรมัน (หลักสูตรนานาชาต)ิ,วิชาเอกภาษาอังกฤษ - ภาษาเยอรมัน (หลักสูตร นานาชาติ),3004,31,0,0,0.0000,0.0000
มหาวิทยาลัยศรีนครินทรวิโรฒ,ประสานมิตร,10090101902502E,คณะมนุษยศาสตร์,หลักสูตรศิลปศาสตรบัณฑิต สาขาวิชา ภาษาเพื่อการสื่อสาร (หลักสูตรนานาชาต)ิ,Admission-สาขาวิชาภาษา เพื่อการสื่อสาร วิชาเอก ภาษาอังกฤษ - ภาษาจีน (หลักสูตรนานาชาต)ิ,วิชาเอกภาษาอังกฤษ - ภาษาจีน (หลักสูตรนานาชาต)ิ,3005,23,224,23,81.3885,66.1110
มหาวิทยาลัยศรีนครินทรวิโรฒ,ประสานมิตร,10090101902502E,คณะมนุษยศาสตร์,หลักสูตรศิลปศาสตรบัณฑิต สาขาวิชา ภาษาเพื่อการสื่อสาร (หลักสูตรนานาชาต)ิ,Admission-สาขาวิชาภาษา เพื่อการสื่อสาร วิชาเอก ภาษาอังกฤษ - ภาษาจีน (หลักสูตรนานาชาต)ิ,วิชาเอกภาษาอังกฤษ - ภาษาจีน (หลักสูตรนานาชาต)ิ,3005,23,0,0,0.0000,0.0000
มหาวิทยาลัยศรีนครินทรวิโรฒ,ประสานมิตร,10090101902503A,คณะมนุษยศาสตร์,หลักสูตรศิลปศาสตรบัณฑิต สาขาวิชา ภาษาอังกฤษ,Admission,,3006,77,964,77,84.0581,72.0083
มหาวิทยาลัยศรีนครินทรวิโรฒ,ประสานมิตร,10090101902503A,คณะมนุษยศาสตร์,หลักสูตรศิลปศาสตรบัณฑิต สาขาวิชา ภาษาอังกฤษ,Admission,,3006,77,13,0,0.0000,0.0000
มหาวิทยาลัยศรีนครินทรวิโรฒ,ประสานมิตร,10090101902503B,คณะมนุษยศาสตร์,หลักสูตรศิลปศาสตรบัณฑิต สาขาวิชา ภาษาอังกฤษ (โครงการพิเศษ),Admission,,3007,29,470,29,73.0165,67.4832
มหาวิทยาลัยศรีนครินทรวิโรฒ,ประสานมิตร,10090101902503B,คณะมนุษยศาสตร์,หลักสูตรศิลปศาสตรบัณฑิต สาขาวิชา ภาษาอังกฤษ (โครงการพิเศษ),Admission,,3007,29,8,0,0.0000,0.0000
มหาวิทยาลัยศรีนครินทรวิโรฒ,ประสานมิตร,10090101902601A,คณะมนุษยศาสตร์,หลักสูตรศิลปศาสตรบัณฑิต สาขาภาษา และวัฒนธรรมอาเซียน,Admission,,0,36,581,36,66.1832,60.6250
มหาวิทยาลัยศรีนครินทรวิโรฒ,ประสานมิตร,10090101902601B,คณะมนุษยศาสตร์,หลักสูตรศิลปศาสตรบัณฑิต สาขาภาษา และวัฒนธรรมอาเซียน (โครงการพิเศษ),Admission,,0,40,356,40,63.9124,54.4415
มหาวิทยาลัยศรีนครินทรวิโรฒ,ประสานมิตร,10090101902801A,คณะมนุษยศาสตร์,หลักสูตรศิลปศาสตรบัณฑิต สาขาวิชา ภาษาตะวันออก,Admission-สาขาวิชาภาษา ตะวันออก วิชาเอกภาษาจีน,วิชาเอกภาษาจีน,0,52,517,52,74.5013,64.7470
มหาวิทยาลัยศรีนครินทรวิโรฒ,ประสานมิตร,10090101902801A,คณะมนุษยศาสตร์,หลักสูตรศิลปศาสตรบัณฑิต สาขาวิชา ภาษาตะวันออก,Admission-สาขาวิชาภาษา ตะวันออก วิชาเอกภาษาญี่ปุ่น,วิชาเอกภาษาญี่ปุ่น,0,52,541,52,81.6208,66.9915
มหาวิทยาลัยศรีนครินทรวิโรฒ,ประสานมิตร,10090101902801A,คณะมนุษยศาสตร์,หลักสูตรศิลปศาสตรบัณฑิต สาขาวิชา ภาษาตะวันออก,Admission-สาขาวิชาภาษา ตะวันออก วิชาเอกภาษา เกาหลี,วิชาเอกภาษาเกาหลี,0,52,319,52,77.2776,54.7500
มหาวิทยาลัยศรีนครินทรวิโรฒ,ประสานมิตร,10090101903301A,คณะมนุษยศาสตร์,หลักสูตรศิลปศาสตรบัณฑิต สาขาวิชา วรรณกรรมสำหรับเด็ก,Admission,,0,17,63,17,67.8298,55.2882
มหาวิทยาลัยศรีนครินทรวิโรฒ,ประสานมิตร,10090102210301A,คณะวิทยาศาสตร์,หลักสูตรวิทยาศาสตรบัณฑิต สาขาวิชา คณิตศาสตร์,Admission,,3009,35,604,35,60.0326,51.5496
มหาวิทยาลัยศรีนครินทรวิโรฒ,ประสานมิตร,10090102210301A,คณะวิทยาศาสตร์,หลักสูตรวิทยาศาสตรบัณฑิต สาขาวิชา คณิตศาสตร์,Admission,,3009,35,1,0,0.0000,0.0000
มหาวิทยาลัยศรีนครินทรวิโรฒ,ประสานมิตร,10090102210401A,คณะวิทยาศาสตร์,หลักสูตรวิทยาศาสตรบัณฑิต สาขาวิชาเคมี,Admission,,0,63,475,63,59.6943,49.6175
มหาวิทยาลัยศรีนครินทรวิโรฒ,ประสานมิตร,10090102210501A,คณะวิทยาศาสตร์,หลักสูตรวิทยาศาสตรบัณฑิต สาขาวิชาจุล ชีววิทยา,Admission,,3010,46,761,46,63.5774,52.4998
มหาวิทยาลัยศรีนครินทรวิโรฒ,ประสานมิตร,10090102210501A,คณะวิทยาศาสตร์,หลักสูตรวิทยาศาสตรบัณฑิต สาขาวิชาจุล ชีววิทยา,Admission,,3010,46,5,0,0.0000,0.0000
มหาวิทยาลัยศรีนครินทรวิโรฒ,ประสานมิตร,10090102210701A,คณะวิทยาศาสตร์,หลักสูตรวิทยาศาสตรบัณฑิต สาขาวิชา ชีววิทยา,Admission,,0,18,682,18,62.3083,53.7416
มหาวิทยาลัยศรีนครินทรวิโรฒ,ประสานมิตร,10090102212701A,คณะวิทยาศาสตร์,หลักสูตรวิทยาศาสตรบัณฑิต สาขาวิชา ฟิสิกส์,Admission,,0,52,270,52,54.4333,45.0327
มหาวิทยาลัยศรีนครินทรวิโรฒ,ประสานมิตร,10090102212801A,คณะวิทยาศาสตร์,หลักสูตรวิทยาศาสตรบัณฑิต สาขาวิชา วัสดุศาสตร์,Admission,,3012,34,154,32,57.3605,45.9300
มหาวิทยาลัยศรีนครินทรวิโรฒ,ประสานมิตร,10090102212801A,คณะวิทยาศาสตร์,หลักสูตรวิทยาศาสตรบัณฑิต สาขาวิชา วัสดุศาสตร์,Admission,,3012,34,6,2,52.2080,50.4995
มหาวิทยาลัยศรีนครินทรวิโรฒ,ประสานมิตร,10090102213301A,คณะวิทยาศาสตร์,หลักสูตรวิทยาศาสตรบัณฑิต สาขาวิชาสถิติ,Admission,,0,21,166,21,65.3772,58.5548
มหาวิทยาลัยศรีนครินทรวิโรฒ,ประสานมิตร,10090102220201A,คณะวิทยาศาสตร์,หลักสูตรวิทยาศาสตรบัณฑิต สาขาวิชา วิทยาการคอมพิวเตอร์,Admission,,3011,20,605,19,81.2325,67.4913
มหาวิทยาลัยศรีนครินทรวิโรฒ,ประสานมิตร,10090102220201A,คณะวิทยาศาสตร์,หลักสูตรวิทยาศาสตรบัณฑิต สาขาวิชา วิทยาการคอมพิวเตอร์,Admission,,3011,20,66,1,67.9078,67.9078
มหาวิทยาลัยศรีนครินทรวิโรฒ,ประสานมิตร,10090102700801A,คณะวิทยาศาสตร์,หลักสูตรการศึกษาบัณฑิต สาขาวิชา คณิตศาสต์ร(กศ.บ.),Admission,,0,26,228,26,73.7054,68.4250
มหาวิทยาลัยศรีนครินทรวิโรฒ,ประสานมิตร,10090102701001A,คณะวิทยาศาสตร์,หลักสูตรการศึกษาบัณฑิต สาขาวิชาเคีม(กศ.บ.),Admission,,3013,18,77,18,64.5722,49.8055
มหาวิทยาลัยศรีนครินทรวิโรฒ,ประสานมิตร,10090102701001A,คณะวิทยาศาสตร์,หลักสูตรการศึกษาบัณฑิต สาขาวิชาเคีม(กศ.บ.),Admission,,3013,18,0,0,0.0000,0.0000
มหาวิทยาลัยศรีนครินทรวิโรฒ,ประสานมิตร,10090102701301A,คณะวิทยาศาสตร์,หลักสูตรการศึกษาบัณฑิต สาขาวิชา ชีววิทยา (กศ.บ.),Admission,,3014,16,106,16,72.1822,55.4494
มหาวิทยาลัยศรีนครินทรวิโรฒ,ประสานมิตร,10090102701301A,คณะวิทยาศาสตร์,หลักสูตรการศึกษาบัณฑิต สาขาวิชา ชีววิทยา (กศ.บ.),Admission,,3014,16,1,0,0.0000,0.0000
มหาวิทยาลัยศรีนครินทรวิโรฒ,ประสานมิตร,10090102701801A,คณะวิทยาศาสตร์,หลักสูตรการศึกษาบัณฑิต สาขาวิชาฟิสิก์ส(กศ.บ.),Admission,,3015,21,30,13,52.5332,43.1291
มหาวิทยาลัยศรีนครินทรวิโรฒ,ประสานมิตร,10090102701801A,คณะวิทยาศาสตร์,หลักสูตรการศึกษาบัณฑิต สาขาวิชาฟิสิก์ส(กศ.บ.),Admission,,3015,21,0,0,0.0000,0.0000
มหาวิทยาลัยศรีนครินทรวิโรฒ,ประสานมิตร,10090102703801A,คณะวิทยาศาสตร์,หลักสูตรการศึกษาบัณฑิต สาขาวิชา วิทยาศาสตร์ทั่วไป (กศ.บ.),Admission,,0,30,33,21,63.6054,41.8222
มหาวิทยาลัยศรีนครินทรวิโรฒ,ประสานมิตร,10090103702701A,คณะสังคมศาสตร์,หลักสูตรการศึกษาบัณฑิต สาขาวิชาสังคม ศึกษา (กศ.บ.),Admission,,0,60,448,60,74.9222,61.2944
มหาวิทยาลัยศรีนครินทรวิโรฒ,ประสานมิตร,10090103901001A,คณะสังคมศาสตร์,หลักสูตรนิติศาสตรบัณฑิต,Admission,,0,35,605,35,74.6525,67.4220
มหาวิทยาลัยศรีนครินทรวิโรฒ,ประสานมิตร,10090103901001B,คณะสังคมศาสตร์,หลักสูตรนิติศาสตรบัณฑิต (โครงการพิเศษ),Admission,,0,31,231,31,67.3385,60.2610
มหาวิทยาลัยศรีนครินทรวิโรฒ,ประสานมิตร,10090103901401A,คณะสังคมศาสตร์,หลักสูตรศิลปศาสตรบัณฑิต สาขาวิชา ประวัติศาสตร์,Admission,,0,47,"1,033",47,74.7220,62.7770
มหาวิทยาลัยศรีนครินทรวิโรฒ,ประสานมิตร,10090103901401B,คณะสังคมศาสตร์,หลักสูตรศิลปศาสตรบัณฑิต สาขาวิชา ประวัติศาสตร์(โครงการพิเศษ),Admission,,0,25,755,26,62.9160,59.0270
มหาวิทยาลัยศรีนครินทรวิโรฒ,ประสานมิตร,10090103903001A,คณะสังคมศาสตร์,หลักสูตรวิทยาศาสตรบัณฑิต สาขาวิชา ภูมิศาสตร์และภูมิสารสนเทศ,Admission,,3016,80,75,42,50.6049,27.4000
มหาวิทยาลัยศรีนครินทรวิโรฒ,ประสานมิตร,10090103903001A,คณะสังคมศาสตร์,หลักสูตรวิทยาศาสตรบัณฑิต สาขาวิชา ภูมิศาสตร์และภูมิสารสนเทศ,Admission,,3016,80,0,0,0.0000,0.0000
มหาวิทยาลัยศรีนครินทรวิโรฒ,ประสานมิตร,10090103903001B,คณะสังคมศาสตร์,หลักสูตรวิทยาศาสตรบัณฑิต สาขาวิชา ภูมิศาสตร์และภูมิสารสนเทศ (โครงการ พิเศษ),Admission,,0,40,48,30,50.1675,24.5125
มหาวิทยาลัยศรีนครินทรวิโรฒ,ประสานมิตร,10090103903201A,คณะสังคมศาสตร์,หลักสูตรรัฐศาสตรบัณฑิต,Admission-หลักสูตร รัฐศาสตรบัณฑิต วิชาเอก การเมืองการปกครอง,วิชาเอกการเมืองการปกครอง,0,59,"1,145",59,68.8416,62.0416
มหาวิทยาลัยศรีนครินทรวิโรฒ,ประสานมิตร,10090103903201A,คณะสังคมศาสตร์,หลักสูตรรัฐศาสตรบัณฑิต,Admission-หลักสูตร รัฐศาสตรบัณฑิต วิชาเอกรัฐประศาสนศาสตร์,วิชาเอกรัฐประศาสนศาสตร์,0,57,819,57,66.6250,59.6415
มหาวิทยาลัยศรีนครินทรวิโรฒ,ประสานมิตร,10090103903201A,คณะสังคมศาสตร์,หลักสูตรรัฐศาสตรบัณฑิต,Admission-หลักสูตร รัฐศาสตรบัณฑิต วิชาเอก ความสัมพันธ์ระหวา่ งประเทศ,วิชาเอกความสัมพัน์ธระหวา่ งประเทศ,0,63,"1,348",63,76.3998,65.3083
มหาวิทยาลัยศรีนครินทรวิโรฒ,ประสานมิตร,10090103903201B,คณะสังคมศาสตร์,หลักสูตรรัฐศาสตรบัณฑิต,Admission-หลักสูตร รัฐศาสตรบัณฑิต วิชาเอก ความสัมพันธ์ระหวา่ งประเทศ (โครงการพิเศษ),วิชาเอกความสัมพัน์ธระหวา่ งประเทศ (โครงการ พิเศษ),0,97,767,97,64.6831,57.4415
มหาวิทยาลัยศรีนครินทรวิโรฒ,ประสานมิตร,10090103903201B,คณะสังคมศาสตร์,หลักสูตรรัฐศาสตรบัณฑิต,Admission-หลักสูตร รัฐศาสตรบัณฑิต วิชาเอก การเมืองการปกครอง (โครงการพิเศษ),วิชาเอกการเมืองการปกครอง (โครงการพิเศษ),0,60,651,60,59.5583,55.3164
มหาวิทยาลัยศรีนครินทรวิโรฒ,ประสานมิตร,10090103903501A,คณะสังคมศาสตร์,หลักสูตรศิลปศาสตรบัณฑิต สาขาวิชา สังคมวิทยาเพื่อการพัฒนา,Admission-สาขาวิชาสังคม วิทยาเพื่อการพัฒนา วิชาเอก การพัฒนาชุมชนเมือง,วิชาเอกการพัฒนาชุมชนเมือง,0,75,724,75,68.5412,57.8830
มหาวิทยาลัยศรีนครินทรวิโรฒ,ประสานมิตร,10090103903501A,คณะสังคมศาสตร์,หลักสูตรศิลปศาสตรบัณฑิต สาขาวิชา สังคมวิทยาเพื่อการพัฒนา,Admission-สาขาวิชาสังคม วิทยาเพื่อการพัฒนา วิชาเอก การวิจัยสังคมวิทยาเพื่อการ พัฒนา,วิชาเอกการวิจัยสังคมวิทยา เพื่อการพัฒนา,0,68,566,68,66.9078,57.1582
มหาวิทยาลัยศรีนครินทรวิโรฒ,ประสานมิตร,10090103903501B,คณะสังคมศาสตร์,หลักสูตรศิลปศาสตรบัณฑิต สาขาวิชา สังคมวิทยาเพื่อการพัฒนา,Admission-สาขาวิชาสังคม วิทยาเพื่อการพัฒนา วิชาเอก การพัฒนาชุมชนเมือง (โครงการพิเศษ),วิชาเอกการพัฒนาชุมชน เมือง (โครงการพิเศษ),0,36,295,36,60.5166,54.2166
มหาวิทยาลัยศรีนครินทรวิโรฒ,ประสานมิตร,10090103903501B,คณะสังคมศาสตร์,หลักสูตรศิลปศาสตรบัณฑิต สาขาวิชา สังคมวิทยาเพื่อการพัฒนา,Admission-สาขาวิชาสังคม วิทยาเพื่อการพัฒนา วิชาเอก การวิจัยสังคมวิทยาเพื่อการ พัฒนา (โครงการพิเศษ),วิชาเอกการวิจัยสังคมวิทยา เพื่อการพัฒนา (โครงการ พิเศษ),0,40,359,40,61.0248,53.9996
มหาวิทยาลัยศรีนครินทรวิโรฒ,ประสานมิตร,10090105703501A,คณะศึกษาศาสตร์,หลักสูตรการศึกษาบัณฑิต สาขาวิชา อุตสาหกรรมศึกษา - ไฟฟ้า (กศ.บ.),Admission,,0,25,135,25,73.5624,63.4747
มหาวิทยาลัยศรีนครินทรวิโรฒ,ประสานมิตร,10090105703502A,คณะศึกษาศาสตร์,หลักสูตรการศึกษาบัณฑิต,Admission-หลักสูตร การศึกษาบัณฑิต วิชาเอก การศึกษาตลอดชีวิต(กศ.บ.),วิชาเอกการศึกษาตลอดชีวิต(กศ.บ.),0,17,330,17,74.0996,68.7497
มหาวิทยาลัยศรีนครินทรวิโรฒ,ประสานมิตร,10090105703502A,คณะศึกษาศาสตร์,หลักสูตรการศึกษาบัณฑิต,Admission-หลักสูตร การศึกษาบัณฑิต วิชาเอก การศึกษาปฐมวัย(กศ.บ.),วิชาเอกการศึกษาปฐมวัย(กศ.บ.),0,30,774,30,76.6625,69.0997
มหาวิทยาลัยศรีนครินทรวิโรฒ,ประสานมิตร,10090105703502A,คณะศึกษาศาสตร์,หลักสูตรการศึกษาบัณฑิต,Admission-หลักสูตร การศึกษาบัณฑิต วิชาเอก จิตวิทยาและการแนะแนว (กศ.บ.),วิชาเอกจิตวิทยาและการ แนะแนว (กศ.บ.),0,11,581,11,77.5498,72.1372
มหาวิทยาลัยศรีนครินทรวิโรฒ,ประสานมิตร,10090105703502A,คณะศึกษาศาสตร์,หลักสูตรการศึกษาบัณฑิต,Admission-หลักสูตร การศึกษาบัณฑิต วิชาเอก เทคโนโลยีการศึกษาและ คอมพิวเตอร์(กศ.บ.),วิชาเอกเทคโนโลยีการศึกษา และคอมพิวเตอร์(กศ.บ.),0,12,241,12,73.6249,68.6875
มหาวิทยาลัยศรีนครินทรวิโรฒ,ประสานมิตร,10090105703502A,คณะศึกษาศาสตร์,หลักสูตรการศึกษาบัณฑิต,Admission-หลักสูตร การศึกษาบัณฑิต วิชาเอกการ สอนภาษาไทยและการสอน ภาษาอังกฤษ (กศ.บ.),วิชาเอกการสอนภาษาไทย และการสอนภาษาอังกฤษ (กศ.บ.),0,5,505,5,79.7026,75.9054
มหาวิทยาลัยศรีนครินทรวิโรฒ,ประสานมิตร,10090105703502A,คณะศึกษาศาสตร์,หลักสูตรการศึกษาบัณฑิต,Admission-หลักสูตร การศึกษาบัณฑิต วิชาเอกการ สอนภาษาอังกฤษและการ สอนสังคมศึกษา (กศ.บ.),วิชาเอกการสอน ภาษาอังกฤษและการสอน สังคมศึกษา (กศ.บ.),0,15,447,15,74.6360,70.6110
มหาวิทยาลัยศรีนครินทรวิโรฒ,ประสานมิตร,10090105703502A,คณะศึกษาศาสตร์,หลักสูตรการศึกษาบัณฑิต,Admission-หลักสูตร การศึกษาบัณฑิต วิชาเอกการ สอนสังคมศึกษาและการสอน ภาษาไทย (กศ.บ.),วิชาเอกการสอนสังคมศึกษา และการสอนภาษาไทย (กศ.บ.),0,10,587,10,72.8832,67.5444
มหาวิทยาลัยศรีนครินทรวิโรฒ,ประสานมิตร,10090105703502A,คณะศึกษาศาสตร์,หลักสูตรการศึกษาบัณฑิต,Admission-หลักสูตร การศึกษาบัณฑิต วิชาเอกการ สอนวิทยาศาสตร์และการ สอนคณิตศาสตร์(กศ.บ.),วิชาเอกการสอน วิทยาศาสตร์และการสอน คณิตศาสตร์(กศ.บ.),0,11,155,11,64.6304,59.6094
มหาวิทยาลัยศรีนครินทรวิโรฒ,ประสานมิตร,10090110800101A,คณะศิลปกรรมศาสตร์,หลักสูตรศิลปกรรมศาสตรบัณฑิต สาขาวิชาออกแบบทัศนศิลป์,Admission-สาขาวิชา ออกแบบทัศนศิล์ปวิชาเอก การออกแบบเครื่องประดับ,วิชาเอกการออกแบบ เครื่องประดับ,0,10,225,10,64.9331,58.0328
มหาวิทยาลัยศรีนครินทรวิโรฒ,ประสานมิตร,10090110800101A,คณะศิลปกรรมศาสตร์,หลักสูตรศิลปกรรมศาสตรบัณฑิต สาขาวิชาออกแบบทัศนศิลป์,Admission-สาขาวิชา ออกแบบทัศนศิล์ปวิชาเอก การออกแบบภายใน,วิชาเอกการออกแบบภายใน,0,5,356,5,73.3582,67.0666
มหาวิทยาลัยศรีนครินทรวิโรฒ,ประสานมิตร,10090110800301A,คณะศิลปกรรมศาสตร์,หลักสูตรศิลปกรรมศาสตรบัณฑิต สาขาวิชาทัศนศิลป์,Admission,,0,10,236,10,64.6665,58.6081
มหาวิทยาลัยศรีนครินทรวิโรฒ,ประสานมิตร,10090110904001C,คณะศิลปกรรมศาสตร์,หลักสูตรศิลปศาสตรบัณฑิต สาขาวิชา นวัตกรรมการจัดการศิลปวัฒนธรรม (หลักสูตร 2 ภาษา),Admission,,0,45,594,45,69.0414,57.4914
มหาวิทยาลัยศรีนครินทรวิโรฒ,ประสานมิตร,10090130900101C,วิทยาลัยนวัตกรรมสื่อสารสังคม,หลักสูตรศิลปศาสตรบัณฑิต สาขาวิชา นวัตกรรมการสื่อสาร,Admission-สาขาวิชา นวัตกรรมการสื่อสาร วิชาเอก การสื่อสารเพื่อการท่องเที่ยว (หลักสูตร 2 ภาษา),วิชาเอกการสื่อสารเพื่อการ ท่องเที่ยว (หลักสูตร 2 ภาษา),0,10,680,10,77.1305,72.6385
มหาวิทยาลัยศรีนครินทรวิโรฒ,ประสานมิตร,10090130900101C,วิทยาลัยนวัตกรรมสื่อสารสังคม,หลักสูตรศิลปศาสตรบัณฑิต สาขาวิชา นวัตกรรมการสื่อสาร,Admission-สาขาวิชา นวัตกรรมการสื่อสาร วิชาเอก การสื่อสารเพื่อสุขภาพ (หลักสูตร 2 ภาษา),วิชาเอกการสื่อสารเพื่อ สุขภาพ (หลักสูตร 2 ภาษา),0,40,402,40,72.1580,64.5110
มหาวิทยาลัยศรีนครินทรวิโรฒ,ประสานมิตร,10090130900101C,วิทยาลัยนวัตกรรมสื่อสารสังคม,หลักสูตรศิลปศาสตรบัณฑิต สาขาวิชา นวัตกรรมการสื่อสาร,Admission-สาขาวิชา นวัตกรรมการสื่อสาร วิชาเอก การสื่อสารเพื่อการจัดการ นวัตกรรม (หลักสูตร 2 ภาษา),วิชาเอกการสื่อสารเพื่อการ จัดการนวัตกรรม (หลักสูตร 2 ภาษา),0,10,324,10,82.2135,73.4305
มหาวิทยาลัยศรีนครินทรวิโรฒ,ประสานมิตร,10090130900101C,วิทยาลัยนวัตกรรมสื่อสารสังคม,หลักสูตรศิลปศาสตรบัณฑิต สาขาวิชา นวัตกรรมการสื่อสาร,Admission-สาขาวิชา นวัตกรรมการสื่อสาร วิชาเอก การสื่อสารเพื่อเศรษฐศาสต์ร(หลักสูตร 2 ภาษา),วิชาเอกการสื่อสารเพื่อ เศรษฐศาสตร์(หลักสูตร 2 ภาษา),0,30,381,30,71.9415,66.5555
มหาวิทยาลัยศรีนครินทรวิโรฒ,ประสานมิตร,10090130900801C,วิทยาลัยนวัตกรรมสื่อสารสังคม,หลักสูตรศิลปศาสตรบัณฑิต สาขาวิชา นวัตกรรมสื่อสารสังคม,Admission-สาขาวิชา นวัตกรรมสื่อสารสังคม วิชาเอกการออกแบบสื่อ ปฏิสัมพันธ์และมัลติมีเดีย (หลักสูตร 2 ภาษา),วิชาเอกการออกแบบสื่อ ปฏิสัมพันธ์และมัลติมีเดีย (หลักสูตร 2 ภาษา),0,3,388,3,77.9940,75.1135
มหาวิทยาลัยศรีนครินทรวิโรฒ,ประสานมิตร,10090130900801C,วิทยาลัยนวัตกรรมสื่อสารสังคม,หลักสูตรศิลปศาสตรบัณฑิต สาขาวิชา นวัตกรรมสื่อสารสังคม,Admission-สาขาวิชา นวัตกรรมสื่อสารสังคม วิชาเอกการจัดการธุรกิจไซ เบอร์(หลักสูตร 2 ภาษา),วิชาเอกการจัดการธุรกิจไซ เบอร์(หลักสูตร 2 ภาษา),0,22,458,22,76.2690,70.1610
มหาวิทยาลัยศรีนครินทรวิโรฒ,ประสานมิตร,10090130900801C,วิทยาลัยนวัตกรรมสื่อสารสังคม,หลักสูตรศิลปศาสตรบัณฑิต สาขาวิชา นวัตกรรมสื่อสารสังคม,Admission-สาขาวิชา นวัตกรรมสื่อสารสังคม วิชาเอกนวัตกรรมคอมพิวเตอ์รเพื่อการสื่อสาร (หลักสูตร 2 ภาษา),วิชาเอกนวัตกรรม คอมพิวเตอร์เพื่อการสื่อสาร (หลักสูตร 2 ภาษา),0,30,357,30,81.0885,67.2415
มหาวิทยาลัยศรีนครินทรวิโรฒ,ประสานมิตร,10090130901601C,วิทยาลัยนวัตกรรมสื่อสารสังคม,หลักสูตรศิลปศาสตรบัณฑิต สาขาวิชา ภาพยนตร์และสื่อดิจิทัล,Admission-สาขาวิชา ภาพยนตร์และสื่อดิจิทัล วิชาเอกการแสดงและกำกับ การแสดงภาพยนต์ร(หลักสูตร 2 ภาษา),วิชาเอกการแสดงและกำกับ การแสดงภาพยนต์ร(หลักสูตร 2 ภาษา),0,5,853,5,84.5805,81.1385
มหาวิทยาลัยศรีนครินทรวิโรฒ,ประสานมิตร,10090130901601C,วิทยาลัยนวัตกรรมสื่อสารสังคม,หลักสูตรศิลปศาสตรบัณฑิต สาขาวิชา ภาพยนตร์และสื่อดิจิทัล,Admission-สาขาวิชา ภาพยนตร์และสื่อดิจิทัล วิชาเอกการออกแบบเพื่องาน ภาพยนตร์และสื่อดิจิทัล (หลักสูตร 2 ภาษา),วิชาเอกการออกแบบเพื่อ งานภาพยนตร์และสื่อดิจิทัล (หลักสูตร 2 ภาษา),0,5,594,5,79.3555,76.0665
มหาวิทยาลัยศรีนครินทรวิโรฒ,ประสานมิตร,10090130901601C,วิทยาลัยนวัตกรรมสื่อสารสังคม,หลักสูตรศิลปศาสตรบัณฑิต สาขาวิชา ภาพยนตร์และสื่อดิจิทัล,Admission-สาขาวิชา ภาพยนตร์และสื่อดิจิทัล วิชาเอกการการจัดการ ภาพยนตร์และสื่อดิจิทัล (หลักสูตร 2 ภาษา),วิชาเอกการการจัดการ ภาพยนตร์และสื่อดิจิทัล (หลักสูตร 2 ภาษา),0,38,787,38,79.7440,72.1885
มหาวิทยาลัยศรีนครินทรวิโรฒ,ประสานมิตร,10090149611101A,คณะเศรษฐศาสตร์,หลักสูตรเศรษฐศาสตรบัณฑิต,Admission,,3023,124,634,123,65.7498,55.1832
มหาวิทยาลัยศรีนครินทรวิโรฒ,ประสานมิตร,10090149611101A,คณะเศรษฐศาสตร์,หลักสูตรเศรษฐศาสตรบัณฑิต,Admission,,3023,124,2,1,61.7996,61.7996
มหาวิทยาลัยศรีนครินทรวิโรฒ,ประสานมิตร,10090149611101B,คณะเศรษฐศาสตร์,หลักสูตรเศรษฐศาสตรบัณฑิต (โครงการ พิเศษ),Admission,,3024,120,282,120,58.4662,46.6500
มหาวิทยาลัยศรีนครินทรวิโรฒ,ประสานมิตร,10090149611101B,คณะเศรษฐศาสตร์,หลักสูตรเศรษฐศาสตรบัณฑิต (โครงการ พิเศษ),Admission,,3024,120,0,0,0.0000,0.0000
มหาวิทยาลัยศรีนครินทรวิโรฒ,ประสานมิตร,10090149611101E,คณะเศรษฐศาสตร์,หลักสูตรเศรษฐศาสตรบัณฑิต (หลักสูตร นานาชาติ),Admission,,0,80,312,80,62.7496,49.8000
มหาวิทยาลัยศรีนครินทรวิโรฒ,ประสานมิตร,10090166620101A,คณะวัฒนธรรมสิ่งแวดล้อม และการท่องเที่ยวเชิงนิเวศ,หลักสูตรศิลปศาสตรบัณฑิต สาขาวิชา นวัตกรรมการจัดการการท่องเที่ยวเพื่อ การพัฒนา,Admission,,0,32,858,32,70.0498,62.4165
มหาวิทยาลัยศรีนครินทรวิโรฒ,ประสานมิตร,10090168610501A,คณะบริหารธุรกิจเพื่อสังคม,หลักสูตรบัญชีบัณฑิต,Admission,,3028,45,"1,277",45,74.0915,63.6000
มหาวิทยาลัยศรีนครินทรวิโรฒ,ประสานมิตร,10090168610501A,คณะบริหารธุรกิจเพื่อสังคม,หลักสูตรบัญชีบัณฑิต,Admission,,3028,45,29,0,0.0000,0.0000
มหาวิทยาลัยศรีนครินทรวิโรฒ,ประสานมิตร,10090168610501B,คณะบริหารธุรกิจเพื่อสังคม,หลักสูตรบัญชีบัณฑิต (โครงการพิเศษ),Admission,,3029,44,527,44,63.4083,59.9165
มหาวิทยาลัยศรีนครินทรวิโรฒ,ประสานมิตร,10090168610501B,คณะบริหารธุรกิจเพื่อสังคม,หลักสูตรบัญชีบัณฑิต (โครงการพิเศษ),Admission,,3029,44,7,0,0.0000,0.0000
มหาวิทยาลัยศรีนครินทรวิโรฒ,ประสานมิตร,10090168610801A,คณะบริหารธุรกิจเพื่อสังคม,หลักสูตรบริหารธุรกิจบัณฑิต,Admission-หลักสูตร บริหารธุรกิจบัณฑิต วิชาเอก การตลาด,วิชาเอกการตลาด,0,35,"1,403",35,76.5110,68.1305
มหาวิทยาลัยศรีนครินทรวิโรฒ,ประสานมิตร,10090168610801A,คณะบริหารธุรกิจเพื่อสังคม,หลักสูตรบริหารธุรกิจบัณฑิต,Admission-หลักสูตร บริหารธุรกิจบัณฑิต วิชาเอก การเงิน,วิชาเอกการเงิน,0,60,"1,237",60,75.9440,68.2635
มหาวิทยาลัยศรีนครินทรวิโรฒ,ประสานมิตร,10090168610801A,คณะบริหารธุรกิจเพื่อสังคม,หลักสูตรบริหารธุรกิจบัณฑิต,Admission-หลักสูตร บริหารธุรกิจบัณฑิต วิชาเอก ธุรกิจระหวา่ งประเทศ,วิชาเอกธุรกิจระหวา่ งประเทศ,0,46,441,46,67.9081,58.3000
มหาวิทยาลัยศรีนครินทรวิโรฒ,ประสานมิตร,10090168610801B,คณะบริหารธุรกิจเพื่อสังคม,หลักสูตรบริหารธุรกิจบัณฑิต,Admission-หลักสูตร บริหารธุรกิจบัณฑิต วิชาเอก การตลาด (โครงการพิเศษ),วิชาเอกการตลาด (โครงการ พิเศษ),0,13,485,13,67.8500,64.2190
มหาวิทยาลัยศรีนครินทรวิโรฒ,ประสานมิตร,10090168610801B,คณะบริหารธุรกิจเพื่อสังคม,หลักสูตรบริหารธุรกิจบัณฑิต,Admission-หลักสูตร บริหารธุรกิจบัณฑิต วิชาเอก การเงิน (โครงการพิเศษ),วิชาเอกการเงิน (โครงการ พิเศษ),0,35,377,35,71.9610,64.9750
มหาวิทยาลัยศรีนครินทรวิโรฒ,ประสานมิตร,10090168610801B,คณะบริหารธุรกิจเพื่อสังคม,หลักสูตรบริหารธุรกิจบัณฑิต,Admission-หลักสูตร บริหารธุรกิจบัณฑิต วิชาเอก ธุรกิจระหวา่ งประเทศ (โครงการพิเศษ),วิชาเอกธุรกิจระหวา่ ง ประเทศ (โครงการพิเศษ),0,41,252,41,58.2499,51.6499
มหาวิทยาลัยศรีนครินทรวิโรฒ,ประสานมิตร,10090168610802A,คณะบริหารธุรกิจเพื่อสังคม,หลักสูตรบริหารธุรกิจบัณฑิต สาขาวิชา ธุรกิจเพื่อสังคม,Admission,,0,66,781,66,69.5500,62.3635
มหาวิทยาลัยศรีนครินทรวิโรฒ,ประสานมิตร,10090168610802B,คณะบริหารธุรกิจเพื่อสังคม,หลักสูตรบริหารธุรกิจบัณฑิต สาขาวิชา ธุรกิจเพื่อสังคม (โครงการพิเศษ),Admission,,0,31,499,31,67.8970,59.2775
มหาวิทยาลัยศรีนครินทรวิโรฒ,ประสานมิตร,10090168610802G,คณะบริหารธุรกิจเพื่อสังคม,หลักสูตรบริหารธุรกิจบัณฑิต สาขาวิชา การจัดการธุรกิจโลก (หลักสูตรนานาชาต)ิ (โครงการพิเศษ),Admission,,0,25,273,25,80.8330,59.5830
มหาวิทยาลัยศรีนครินทรวิโรฒ,ประสานมิตร,10090168620102A,คณะบริหารธุรกิจเพื่อสังคม,หลักสูตรบริหารธุรกิจบัณฑิต สาขาวิชา การท่องเที่ยวและการโรงแรม,Admission,,0,30,328,30,62.8748,54.5333
มหาวิทยาลัยศรีนครินทรวิโรฒ,ประสานมิตร,10090168620102B,คณะบริหารธุรกิจเพื่อสังคม,หลักสูตรบริหารธุรกิจบัณฑิต สาขาวิชา การท่องเที่ยวและการโรงแรม (โครงการ พิเศษ),Admission,,0,20,245,20,56.6831,50.5915
มหาวิทยาลัยศรีนครินทรวิโรฒ,ประสานมิตร,10090169213401C,วิทยาลัยอุตสาหกรรม สรา้ งสรรค์,หลักสูตรวิทยาศาสตรบัณฑิต สาขาวิชาอัญมณีและเครื่องประดับ (หลักสูตร 2 ภาษา),Admission,,3025,58,52,37,70.0690,38.5415
มหาวิทยาลัยศรีนครินทรวิโรฒ,ประสานมิตร,10090169213401C,วิทยาลัยอุตสาหกรรม สรา้ งสรรค์,หลักสูตรวิทยาศาสตรบัณฑิต สาขาวิชาอัญมณีและเครื่องประดับ (หลักสูตร 2 ภาษา),Admission,,3025,58,0,0,0.0000,0.0000
มหาวิทยาลัยศรีนครินทรวิโรฒ,ประสานมิตร,10090169800103C,วิทยาลัยอุตสาหกรรม สรา้ งสรรค์,หลักสูตรศิลปศาสตรบัณฑิต สาขาวิชา ผลิตภัณฑ์สรา้ งสรร์ค(หลักสูตร 2 ภาษา),Admission,,0,41,88,41,64.4665,43.6415
มหาวิทยาลัยศรีนครินทรวิโรฒ,ประสานมิตร,10090170620101E,วิทยาลัยนานาชาติเพื่อศึกษา ความยั่งยืน,หลักสูตรศิลปศาสตรบัณฑิต สาขาวิชาการ จัดการภาคบริการและการท่องเที่ยวอย่าง ยั่งยืน (หลักสูตรนานาชาต)ิ,Admission,,0,102,576,112,90.0000,58.7500
มหาวิทยาลัยศรีนครินทรวิโรฒ,ประสานมิตร,10090170902504E,วิทยาลัยนานาชาติเพื่อศึกษา ความยั่งยืน,หลักสูตรศิลปศาสตรบัณฑิต สาขาวิชา ภาษาและการสื่อสารระหวา่ งวัฒนธรรม (หลักสูตรนานาชาต)ิ,Admission,,0,68,306,69,93.7500,72.5000
มหาวิทยาลัยศรีนครินทรวิโรฒ,องครักษ์,10090204112001A,คณะพลศึกษา,หลักสูตรวิทยาศาสตรบัณฑิต สาขาวิชา วิทยาศาสตร์การกีฬาและการออกกำลังกาย,Admission,,3017,25,141,25,62.4414,43.3258
มหาวิทยาลัยศรีนครินทรวิโรฒ,องครักษ์,10090204112001A,คณะพลศึกษา,หลักสูตรวิทยาศาสตรบัณฑิต สาขาวิชา วิทยาศาสตร์การกีฬาและการออกกำลังกาย,Admission,,3017,25,1,0,0.0000,0.0000
มหาวิทยาลัยศรีนครินทรวิโรฒ,องครักษ์,10090204112701A,คณะพลศึกษา,หลักสูตรวิทยาศาสตรบัณฑิต สาขาวิชา สาธารณสุขศาสตร์,Admission-สาขาวิชา สาธารณสุขศาสตร์- อนามัย สิ่งแวดล้อม,สาขาวิชาสาธารณสุขศาสต์ร- อนามัยสิ่งแวดล้อม,3018,35,213,35,34.6632,29.2322
มหาวิทยาลัยศรีนครินทรวิโรฒ,องครักษ์,10090204112701A,คณะพลศึกษา,หลักสูตรวิทยาศาสตรบัณฑิต สาขาวิชา สาธารณสุขศาสตร์,Admission-สาขาวิชา สาธารณสุขศาสตร์- อนามัย สิ่งแวดล้อม,สาขาวิชาสาธารณสุขศาสต์ร- อนามัยสิ่งแวดล้อม,3018,35,0,0,0.0000,0.0000
มหาวิทยาลัยศรีนครินทรวิโรฒ,องครักษ์,10090204112701A,คณะพลศึกษา,หลักสูตรวิทยาศาสตรบัณฑิต สาขาวิชา สาธารณสุขศาสตร์,Admission-สาขาวิชา สาธารณสุขศาสตร์- สาธารณสุขชุมชน,สาขาวิชาสาธารณสุขศาสต์ร- สาธารณสุขชุมชน,3019,35,407,35,41.0944,32.1876
มหาวิทยาลัยศรีนครินทรวิโรฒ,องครักษ์,10090204112701A,คณะพลศึกษา,หลักสูตรวิทยาศาสตรบัณฑิต สาขาวิชา สาธารณสุขศาสตร์,Admission-สาขาวิชา สาธารณสุขศาสตร์- สาธารณสุขชุมชน,สาขาวิชาสาธารณสุขศาสต์ร- สาธารณสุขชุมชน,3019,35,0,0,0.0000,0.0000
มหาวิทยาลัยศรีนครินทรวิโรฒ,องครักษ์,10090204112701A,คณะพลศึกษา,หลักสูตรวิทยาศาสตรบัณฑิต สาขาวิชา สาธารณสุขศาสตร์,Admission-สาขาวิชา สาธารณสุขศาสตร์- อาชีวอ นามัยและความปลอดภัย,สาขาวิชาสาธารณสุขศาสต์ร- อาชีวอนามัยและความ ปลอดภัย,3020,35,336,35,38.7566,32.7910
มหาวิทยาลัยศรีนครินทรวิโรฒ,องครักษ์,10090204112701A,คณะพลศึกษา,หลักสูตรวิทยาศาสตรบัณฑิต สาขาวิชา สาธารณสุขศาสตร์,Admission-สาขาวิชา สาธารณสุขศาสตร์- อาชีวอ นามัยและความปลอดภัย,สาขาวิชาสาธารณสุขศาสต์ร- อาชีวอนามัยและความ ปลอดภัย,3020,35,0,0,0.0000,0.0000
มหาวิทยาลัยศรีนครินทรวิโรฒ,องครักษ์,10090204702801A,คณะพลศึกษา,หลักสูตรศิลปศาสตรบัณฑิต สาขาวิชา ผู้นำนันทนาการ,Admission,,0,50,363,50,60.4998,47.6248
มหาวิทยาลัยศรีนครินทรวิโรฒ,องครักษ์,10090204702803A,คณะพลศึกษา,หลักสูตรการศึกษาบัณฑิต สาขาวิชาสุข ศึกษา (กศ.บ.),Admission,,0,9,210,9,64.6248,58.8749
มหาวิทยาลัยศรีนครินทรวิโรฒ,องครักษ์,10090206111701A,คณะพยาบาลศาสตร์,หลักสูตรพยาบาลศาสตรบัณฑิต,Admission,,0,80,675,80,59.3698,50.0031
มหาวิทยาลัยศรีนครินทรวิโรฒ,องครักษ์,10090209300501A,คณะวิศวกรรมศาสตร์,หลักสูตรวิศวกรรมศาสตรบัณฑิต สาขาวิชาวิศวกรรมคอมพิวเตอร์,Admission,,0,15,231,15,53.9943,43.3830
มหาวิทยาลัยศรีนครินทรวิโรฒ,องครักษ์,10090209300601A,คณะวิศวกรรมศาสตร์,หลักสูตรวิศวกรรมศาสตรบัณฑิต สาขาวิชาวิศวกรรมเคมี,Admission,,0,19,172,19,47.0332,40.1888
มหาวิทยาลัยศรีนครินทรวิโรฒ,องครักษ์,10090209300701A,คณะวิศวกรรมศาสตร์,หลักสูตรวิศวกรรมศาสตรบัณฑิต สาขาวิชาวิศวกรรมเครื่องกล,Admission,,0,17,267,17,44.2498,39.1164
มหาวิทยาลัยศรีนครินทรวิโรฒ,องครักษ์,10090209300901A,คณะวิศวกรรมศาสตร์,หลักสูตรวิศวกรรมศาสตรบัณฑิต สาขาวิชาวิศวกรรมชีวการแพทย์,Admission,,3022,37,150,37,62.6110,40.0553
มหาวิทยาลัยศรีนครินทรวิโรฒ,องครักษ์,10090209300901A,คณะวิศวกรรมศาสตร์,หลักสูตรวิศวกรรมศาสตรบัณฑิต สาขาวิชาวิศวกรรมชีวการแพทย์,Admission,,3022,37,0,0,0.0000,0.0000
มหาวิทยาลัยศรีนครินทรวิโรฒ,องครักษ์,10090209301001P,คณะวิศวกรรมศาสตร์,หลักสูตรวิศวกรรมศาสตรบัณฑิต สาขาวิชาวิศวกรรมด้านความปลอดภัยไซ เบอร์(หลักสูตรนานาชาต)ิ,Admission,,0,14,1,1,41.5830,41.5830
มหาวิทยาลัยศรีนครินทรวิโรฒ,องครักษ์,10090209301601A,คณะวิศวกรรมศาสตร์,หลักสูตรวิศวกรรมศาสตรบัณฑิต สาขาวิชาวิศวกรรมไฟฟ้า,Admission-สาขาวิชา วิศวกรรมไฟฟ้า วิชาเอก วิศวกรรมไฟฟ้ากำลัง,วิชาเอกวิศวกรรมไฟฟ้ากำลัง,0,5,294,5,43.8664,43.0166
มหาวิทยาลัยศรีนครินทรวิโรฒ,องครักษ์,10090209301601A,คณะวิศวกรรมศาสตร์,หลักสูตรวิศวกรรมศาสตรบัณฑิต สาขาวิชาวิศวกรรมไฟฟ้า,Admission-สาขาวิชา วิศวกรรมไฟฟ้า วิชาเอก วิศวกรรมโทรคมนาคมและเทคโนโลยีสารสนเทศ,วิชาเอกวิศวกรรม โทรคมนาคมและเทคโนโลียสารสนเทศ,0,26,285,26,49.6165,37.7554
มหาวิทยาลัยศรีนครินทรวิโรฒ,องครักษ์,10090209302101A,คณะวิศวกรรมศาสตร์,หลักสูตรวิศวกรรมศาสตรบัณฑิต สาขาวิชาวิศวกรรมโยธา,Admission,,0,31,297,32,45.1943,38.1499
มหาวิทยาลัยศรีนครินทรวิโรฒ,องครักษ์,10090209302401C,คณะวิศวกรรมศาสตร์,หลักสูตรวิศวกรรมศาสตรบัณฑิต สาขาวิชาวิศวกรรมโลจิสติก์ส(หลักสูตร 2 ภาษา),Admission,,0,43,86,34,39.2164,25.1444
มหาวิทยาลัยศรีนครินทรวิโรฒ,องครักษ์,10090209302801A,คณะวิศวกรรมศาสตร์,หลักสูตรวิศวกรรมศาสตรบัณฑิต สาขาวิชาวิศวกรรมสิ่งแวดล้อม,Admission,,0,23,112,23,40.9332,33.5721
มหาวิทยาลัยศรีนครินทรวิโรฒ,องครักษ์,10090209303501A,คณะวิศวกรรมศาสตร์,หลักสูตรวิศวกรรมศาสตรบัณฑิต สาขาวิชาวิศวกรรมอุตสาหการ,Admission,,3021,21,139,21,42.1608,36.0720
มหาวิทยาลัยศรีนครินทรวิโรฒ,องครักษ์,10090209303501A,คณะวิศวกรรมศาสตร์,หลักสูตรวิศวกรรมศาสตรบัณฑิต สาขาวิชาวิศวกรรมอุตสาหการ,Admission,,3021,21,0,0,0.0000,0.0000
มหาวิทยาลัยศรีนครินทรวิโรฒ,องครักษ์,10090212130101A,คณะเภสัชศาสตร์,หลักสูตรเภสัชศาสตรบัณฑิต,Admission-หลักสูตร เภสัชศาสตรบัณฑิต วิชาเอก เภสัชกรรมอุตสาหการ,วิชาเอกเภสัชกรรมอุตสาหการ,0,33,826,33,61.5184,57.1612
มหาวิทยาลัยศรีนครินทรวิโรฒ,องครักษ์,10090212130101A,คณะเภสัชศาสตร์,หลักสูตรเภสัชศาสตรบัณฑิต,Admission-หลักสูตร เภสัชศาสตรบัณฑิต วิชาเอก การบริบาลทางเภสัชกรรม,วิชาเอกการบริบาลทางเภสัช กรรม,0,11,996,11,64.1924,60.9426
มหาวิทยาลัยศรีนครินทรวิโรฒ,องครักษ์,10090247500401A,วิทยาลัยโพธิวิชชาลัย,หลักสูตรวิทยาศาสตรบัณฑิต สาขาวิชา นวัตกรรมเกษตรและการจัดการลุ่ม้นา อย่างยั่งยืน,Admission-สาขาวิชา นวัตกรรมเกษตรและการ จัดการลุ่ม้นาอย่างยั่งยืน วิชาเอกนวัตกรรมเกษตร,วิชาเอกนวัตกรรมเกษตร,0,55,142,55,59.7220,36.6660
มหาวิทยาลัยศรีนครินทรวิโรฒ,องครักษ์,10090247904201A,วิทยาลัยโพธิวิชชาลัย,หลักสูตรศิลปศาสตรบัณฑิต สาขาวิชาการ จัดการภูมิสังคมและวัฒนธรรม,Admission-สาขาวิชาการ จัดการภูมิสังคมและ วัฒนธรรม วิชาเอกการ จัดการภูมิสังคม,วิชาเอกการจัดการภูมิสังคม,0,56,345,57,58.0500,46.3000
มหาวิทยาลัยศรีนครินทรวิโรฒ,องครักษ์,10090247904201A,วิทยาลัยโพธิวิชชาลัย,หลักสูตรศิลปศาสตรบัณฑิต สาขาวิชาการ จัดการภูมิสังคมและวัฒนธรรม,Admission-สาขาวิชาการ จัดการภูมิสังคมและ วัฒนธรรม วิชาเอกการ จัดการภูมิวัฒนธรรม,วิชาเอกการจัดการภูมิ วัฒนธรรม,0,56,232,56,54.1000,42.0500
มหาวิทยาลัยศรีนครินทรวิโรฒ,องครักษ์,10090266211901A,คณะวัฒนธรรมสิ่งแวดล้อม และการท่องเที่ยวเชิงนิเวศ,หลักสูตรวิทยาศาสตรบัณฑิต สาขาวิชา เทคโนโลยีสิ่งแวดล้อมและทรัพยากร,Admission,,0,53,89,38,55.1494,32.3828
มหาวิทยาลัยศรีนครินทรวิโรฒ,องครักษ์,10090267110101A,คณะกายภาพบำบัด,หลักสูตรวิทยาศาสตรบัณฑิต สาขาวิชา กายภาพบำบัด,Admission,,0,44,"1,173",44,61.9526,57.9802
มหาวิทยาลัยศรีนครินทรวิโรฒ,องครักษ์,10090267110901A,คณะกายภาพบำบัด,หลักสูตรวิทยาศาสตรบัณฑิต สาขาวิชา กิจกรรมบำบัด,Admission,,0,13,306,13,61.6581,59.4065
มหาวิทยาลัยศรีนครินทรวิโรฒ,องครักษ์,10090267112501A,คณะกายภาพบำบัด,หลักสูตรวิทยาศาสตรบัณฑิต สาขาวิชา การส่งเสริมสุขภาพ,Admission,,0,50,509,50,64.5570,58.6194
มหาวิทยาลัยศรีนครินทรวิโรฒ,องครักษ์,10090271111801A,คณะเทคโนโลยีและนวัตกรรม ผลิตภัณฑ์การเกษตร,หลักสูตรวิทยาศาสตรบัณฑิต สาขาวิชา นวัตกรรมอาหารและธุรกิจ,Admission,,0,37,"1,307",37,68.8276,56.2638
มหาวิทยาลัยศรีนครินทรวิโรฒ,องครักษ์,10090271211001A,คณะเทคโนโลยีและนวัตกรรม ผลิตภัณฑ์การเกษตร,หลักสูตรวิทยาศาสตรบัณฑิต สาขาวิชา วิทยาศาสตร์การอาหารและโภชนาการ,Admission,,3026,55,358,53,59.5550,47.4660
มหาวิทยาลัยศรีนครินทรวิโรฒ,องครักษ์,10090271211001A,คณะเทคโนโลยีและนวัตกรรม ผลิตภัณฑ์การเกษตร,หลักสูตรวิทยาศาสตรบัณฑิต สาขาวิชา วิทยาศาสตร์การอาหารและโภชนาการ,Admission,,3026,55,6,1,49.8108,49.8108
มหาวิทยาลัยศรีนครินทรวิโรฒ,องครักษ์,10090271211001A,คณะเทคโนโลยีและนวัตกรรม ผลิตภัณฑ์การเกษตร,หลักสูตรวิทยาศาสตรบัณฑิต สาขาวิชา วิทยาศาสตร์การอาหารและโภชนาการ,Admission,,3026,55,86,1,50.6220,50.6220
มหาวิทยาลัยศรีนครินทรวิโรฒ,องครักษ์,10090271211001A,คณะเทคโนโลยีและนวัตกรรม ผลิตภัณฑ์การเกษตร,หลักสูตรวิทยาศาสตรบัณฑิต สาขาวิชา วิทยาศาสตร์การอาหารและโภชนาการ,Admission,,3026,55,1,0,0.0000,0.0000
มหาวิทยาลัยศรีนครินทรวิโรฒ,องครักษ์,10090271211201A,คณะเทคโนโลยีและนวัตกรรม ผลิตภัณฑ์การเกษตร,หลักสูตรวิทยาศาสตรบัณฑิต สาขาวิชา เทคโนโลยีชีวภาพและผลิตภัณฑ์การเกษตร,Admission,,0,55,393,55,67.2220,49.0270
มหาวิทยาลัยศรีนครินทรวิโรฒ,องครักษ์,10090271213601A,คณะเทคโนโลยีและนวัตกรรม ผลิตภัณฑ์การเกษตร,หลักสูตรวิทยาศาสตรบัณฑิต สาขาวิชา เทคโนโลยีวัสดุพอลิเมอร์,Admission,,0,65,209,65,60.2770,43.4720
มหาวิทยาลัยสงขลานครินทร์,หาดใหญ่,10100101300001A,คณะวิศวกรรมศาสตร์,วศ.บ. วิศวกรรมศาสตร์,โครงการคัดเลือกบุคคลเข้าศึกษาระดับปริญญาตรีรอบที่ 3 Admission สามัญ,,3011,100,"1,060",96,72.0706,60.4498
มหาวิทยาลัยสงขลานครินทร์,หาดใหญ่,10100101300001A,คณะวิศวกรรมศาสตร์,วศ.บ. วิศวกรรมศาสตร์,โครงการคัดเลือกบุคคลเข้าศึกษาระดับปริญญาตรีรอบที่ 3 Admission ปวช.,,3011,100,35,4,66.5750,60.5582
มหาวิทยาลัยสงขลานครินทร์,หาดใหญ่,10100101300301A,คณะวิศวกรรมศาสตร์,วศ.บ. วิศวกรรมการผลิต,โครงการคัดเลือกบุคคลเข้าศึกษาระดับปริญญาตรีรอบที่ 3 Admission,,0,20,233,20,60.2995,56.7953
มหาวิทยาลัยสงขลานครินทร์,หาดใหญ่,10100101300501A,คณะวิศวกรรมศาสตร์,วศ.บ. วิศวกรรมคอมพิวเตอร์,โครงการคัดเลือกบุคคลเข้าศึกษาระดับปริญญาตรีรอบที่ 3 Admission,,0,10,340,10,76.2083,68.3122
มหาวิทยาลัยสงขลานครินทร์,หาดใหญ่,10100101300502A,คณะวิศวกรรมศาสตร์,วศ.บ. วิศวกรรมปัญญาประดิษฐ์,โครงการคัดเลือกบุคคลเข้าศึกษาระดับปริญญาตรีรอบที่ 3 Admission,,0,10,168,10,69.1078,63.5331
มหาวิทยาลัยสงขลานครินทร์,หาดใหญ่,10100101300601A,คณะวิศวกรรมศาสตร์,วศ.บ. วิศวกรรมเคมี,โครงการคัดเลือกบุคคลเข้าศึกษาระดับปริญญาตรีรอบที่ 3 Admission,,0,10,326,10,70.7749,63.8417
มหาวิทยาลัยสงขลานครินทร์,หาดใหญ่,10100101300701A,คณะวิศวกรรมศาสตร์,วศ.บ. วิศวกรรมเครื่องกล,โครงการคัดเลือกบุคคลเข้าศึกษาระดับปริญญาตรีรอบที่ 3 Admission,,0,10,396,10,68.3666,63.2333
มหาวิทยาลัยสงขลานครินทร์,หาดใหญ่,10100101301901A,คณะวิศวกรรมศาสตร์,วศ.บ. วิศวกรรมเมคาทรอนิกส์,โครงการคัดเลือกบุคคลเข้าศึกษาระดับปริญญาตรีรอบที่ 3 Admission,,0,5,201,5,64.7414,63.1125
มหาวิทยาลัยสงขลานครินทร์,หาดใหญ่,10100101302501E,คณะวิศวกรรมศาสตร์,วศ.บ. วิศวกรรมยาง (หลักสูตรนานาชาต)ิ,โครงการคัดเลือกบุคคลเข้าศึกษาระดับปริญญาตรีรอบที่ 3 Admission,,0,10,15,5,56.4913,41.9870
มหาวิทยาลัยสงขลานครินทร์,หาดใหญ่,10100101302801A,คณะวิศวกรรมศาสตร์,วศ.บ. วิศวกรรมสิ่งแวดล้อม,โครงการคัดเลือกบุคคลเข้าศึกษาระดับปริญญาตรีรอบที่ 3 Admission,,0,35,73,35,59.5083,46.9458
มหาวิทยาลัยสงขลานครินทร์,หาดใหญ่,10100101303001A,คณะวิศวกรรมศาสตร์,วศ.บ. วิศวกรรมเหมืองแร่และวัสดุ,โครงการคัดเลือกบุคคลเข้าศึกษาระดับปริญญาตรีรอบที่ 3 Admission,,0,10,123,10,61.8872,57.1620
มหาวิทยาลัยสงขลานครินทร์,หาดใหญ่,10100101303401A,คณะวิศวกรรมศาสตร์,วศ.บ. วิศวกรรมเซมิคอนดักเตอร์,โครงการการคัดเลือกบุคคล เข้าศึกษาระดับปริญญาตีรรอบที่ 3 Admission,,0,20,210,20,65.4873,59.6370
มหาวิทยาลัยสงขลานครินทร์,หาดใหญ่,10100101303501A,คณะวิศวกรรมศาสตร์,วศ.บ. วิศวกรรมอุตสาหการ,โครงการคัดเลือกบุคคลเข้าศึกษาระดับปริญญาตรีรอบที่ 3 Admission,,0,20,297,20,66.5995,59.1792
มหาวิทยาลัยสงขลานครินทร์,หาดใหญ่,10100101303601E,คณะวิศวกรรมศาสตร์,วศ.บ. วิศวกรรมและการจัดการนวัตกรรม (หลักสูตรนานาชาต)ิ,โครงการคัดเลือกบุคคลเข้าศึกษาระดับปริญญาตรีรอบที่ 3 Admission,,0,10,21,6,53.8578,39.2872
มหาวิทยาลัยสงขลานครินทร์,หาดใหญ่,10100102210001A,คณะวิทยาศาสตร์,วท.บ. วิทยาศาสตร์,โครงการคัดเลือกบุคคลเข้าศึกษาระดับปริญญาตรีรอบที่ 3 Admission,,0,300,"1,135",300,61.2910,43.5830
มหาวิทยาลัยสงขลานครินทร์,หาดใหญ่,10100103110101A,คณะแพทยศาสตร์,วท.บ.กายภาพบำบัด,โครงการคัดเลือกบุคคลเข้าศึกษาระดับปริญญาตรีรอบที่ 3 Admission,,0,44,"1,248",44,63.5720,57.0888
มหาวิทยาลัยสงขลานครินทร์,หาดใหญ่,10100103111601A,คณะแพทยศาสตร์,วท.บ.ปฏิบัติการฉุกเฉินการแพทย์,โครงการคัดเลือกบุคคลเข้าศึกษาระดับปริญญาตรีรอบที่ 3 Admission,,0,10,797,10,60.7608,57.4108
มหาวิทยาลัยสงขลานครินทร์,หาดใหญ่,10100103111901A,คณะแพทยศาสตร์,วท.บ.รังสีเทคนิค,โครงการคัดเลือกบุคคลเข้าศึกษาระดับปริญญาตรีรอบที่ 3 Admission,,0,30,"1,627",30,58.0180,53.9611
มหาวิทยาลัยสงขลานครินทร์,หาดใหญ่,10100104111701A,คณะพยาบาลศาสตร์,พย.บ. พยาบาลศาสตรบัณฑิต,โครงการคัดเลือกบุคคลเข้าศึกษาระดับปริญญาตรีรอบที่ 3 Admission,,0,75,928,75,50.5900,39.1300
มหาวิทยาลัยสงขลานครินทร์,หาดใหญ่,10100105610201E,คณะวิทยาการจัดการ,บธ.บ.การจัดการและความเป็น ผู้ประกอบการ (หลักสูตรนานาชาต)ิ,โครงการการคัดเลือกบุคคล เข้าศึกษาระดับปริญญาตีรรอบที่ 3 Admission,,0,30,132,30,81.3190,45.9720
มหาวิทยาลัยสงขลานครินทร์,หาดใหญ่,10100105610501A,คณะวิทยาการจัดการ,บช.บ. บัญชีบัณฑิต,โครงการการคัดเลือกบุคคล เข้าศึกษาระดับปริญญาตีรรอบที่ 3 Admission พื้นฐาน วิทย์,,0,14,478,14,58.7220,53.5000
มหาวิทยาลัยสงขลานครินทร์,หาดใหญ่,10100105610501A,คณะวิทยาการจัดการ,บช.บ. บัญชีบัณฑิต,โครงการการคัดเลือกบุคคล เข้าศึกษาระดับปริญญาตีรรอบที่ 3 Admission พื้นฐาน ศิลป์,,0,14,369,14,73.1757,66.7683
มหาวิทยาลัยสงขลานครินทร์,หาดใหญ่,10100105610801A,คณะวิทยาการจัดการ,บธ.บ. บริหารธุรกิจบัณฑิต,โครงการการคัดเลือกบุคคล เข้าศึกษาระดับปริญญาตีรรอบที่ 3 Admission พื้นฐาน วิทย์,การเงินและการลงทุน,0,7,220,7,53.1757,46.5833
มหาวิทยาลัยสงขลานครินทร์,หาดใหญ่,10100105610801A,คณะวิทยาการจัดการ,บธ.บ. บริหารธุรกิจบัณฑิต,โครงการการคัดเลือกบุคคล เข้าศึกษาระดับปริญญาตีรรอบที่ 3 Admission พื้นฐาน ศิลป์,การเงินและการลงทุน,0,7,230,7,63.8703,60.1757
มหาวิทยาลัยสงขลานครินทร์,หาดใหญ่,10100105610801A,คณะวิทยาการจัดการ,บธ.บ. บริหารธุรกิจบัณฑิต,โครงการการคัดเลือกบุคคล เข้าศึกษาระดับปริญญาตีรรอบที่ 3 Admission พื้นฐาน วิทย์,การตลาดและการสื่อสาร,0,7,232,7,54.6943,44.3887
มหาวิทยาลัยสงขลานครินทร์,หาดใหญ่,10100105610801A,คณะวิทยาการจัดการ,บธ.บ. บริหารธุรกิจบัณฑิต,โครงการการคัดเลือกบุคคล เข้าศึกษาระดับปริญญาตีรรอบที่ 3 Admission พื้นฐาน ศิลป์,การตลาดและการสื่อสาร,0,7,235,7,58.3053,54.5647
มหาวิทยาลัยสงขลานครินทร์,หาดใหญ่,10100105610801A,คณะวิทยาการจัดการ,บธ.บ. บริหารธุรกิจบัณฑิต,โครงการการคัดเลือกบุคคล เข้าศึกษาระดับปริญญาตีรรอบที่ 3 Admission พื้นฐาน วิทย์,การจัดการทรัพยากรมนุษย์,0,7,204,7,49.2500,42.2500
มหาวิทยาลัยสงขลานครินทร์,หาดใหญ่,10100105610801A,คณะวิทยาการจัดการ,บธ.บ. บริหารธุรกิจบัณฑิต,โครงการการคัดเลือกบุคคล เข้าศึกษาระดับปริญญาตีรรอบที่ 3 Admission พื้นฐาน ศิลป์,การจัดการทรัพยากรมนุษย์,0,7,242,7,59.1017,49.9720
มหาวิทยาลัยสงขลานครินทร์,หาดใหญ่,10100105610801A,คณะวิทยาการจัดการ,บธ.บ. บริหารธุรกิจบัณฑิต,โครงการการคัดเลือกบุคคล เข้าศึกษาระดับปริญญาตีรรอบที่ 3 Admission พื้นฐาน วิทย์,การจัดการโลจิสติกส์และโซ่ อุปทาน,0,7,199,7,59.0460,48.0370
มหาวิทยาลัยสงขลานครินทร์,หาดใหญ่,10100105610801A,คณะวิทยาการจัดการ,บธ.บ. บริหารธุรกิจบัณฑิต,โครงการการคัดเลือกบุคคล เข้าศึกษาระดับปริญญาตีรรอบที่ 3 Admission พื้นฐาน ศิลป์,การจัดการโลจิสติกส์และโซ่ อุปทาน,0,7,216,7,59.8240,57.3703
มหาวิทยาลัยสงขลานครินทร์,หาดใหญ่,10100105610801A,คณะวิทยาการจัดการ,บธ.บ. บริหารธุรกิจบัณฑิต,โครงการการคัดเลือกบุคคล เข้าศึกษาระดับปริญญาตีรรอบที่ 3 Admission พื้นฐาน วิทย์,ระบบสารสนเทศทางธุรกิจ,0,7,123,7,54.9443,42.0833
มหาวิทยาลัยสงขลานครินทร์,หาดใหญ่,10100105610801A,คณะวิทยาการจัดการ,บธ.บ. บริหารธุรกิจบัณฑิต,โครงการการคัดเลือกบุคคล เข้าศึกษาระดับปริญญาตีรรอบที่ 3 Admission พื้นฐาน ศิลป์,ระบบสารสนเทศทางธุรกิจ,0,7,125,7,56.5370,51.8147
มหาวิทยาลัยสงขลานครินทร์,หาดใหญ่,10100105610801A,คณะวิทยาการจัดการ,บธ.บ. บริหารธุรกิจบัณฑิต,โครงการการคัดเลือกบุคคล เข้าศึกษาระดับปริญญาตีรรอบที่ 3 Admission พื้นฐาน วิทย์,การจัดการไมซ์,0,7,196,7,45.9073,41.7590
มหาวิทยาลัยสงขลานครินทร์,หาดใหญ่,10100105610801A,คณะวิทยาการจัดการ,บธ.บ. บริหารธุรกิจบัณฑิต,โครงการการคัดเลือกบุคคล เข้าศึกษาระดับปริญญาตีรรอบที่ 3 Admission พื้นฐาน ศิลป์,การจัดการไมซ์,0,7,207,7,60.4257,52.3147
มหาวิทยาลัยสงขลานครินทร์,หาดใหญ่,10100105903101A,คณะวิทยาการจัดการ,รป.บ. รัฐประศาสนศาสตรบัณฑิต,โครงการการคัดเลือกบุคคล เข้าศึกษาระดับปริญญาตีรรอบที่ 3 Admission,,0,30,671,30,59.7915,53.8263
มหาวิทยาลัยสงขลานครินทร์,หาดใหญ่,10100106212901A,คณะทรัพยากรธรรมชาติ,วท.บ. (วาริชศาสตร์),โครงการคัดเลือกบุคคลเข้าศึกษาระดับปริญญาตรีรอบที่ 3 Admission,,0,40,174,41,41.5943,25.4500
มหาวิทยาลัยสงขลานครินทร์,หาดใหญ่,10100106500201A,คณะทรัพยากรธรรมชาติ,วท.บ. (เกษตรศาสตร)์,โครงการคัดเลือกบุคคลเข้าศึกษาระดับปริญญาตรีรอบที่ 3 Admission,,0,100,145,56,41.2638,20.5045
มหาวิทยาลัยสงขลานครินทร์,หาดใหญ่,10100106501201A,คณะทรัพยากรธรรมชาติ,วท.บ. (สัตวศาสตร)์,โครงการคัดเลือกบุคคลเข้าศึกษาระดับปริญญาตรีรอบที่ 3 Admission,,0,40,193,40,37.6657,26.8638
มหาวิทยาลัยสงขลานครินทร์,หาดใหญ่,10100107130201A,คณะเภสัชศาสตร์,ภ.บ. เภสัชกรรมอุตสาหการ,โครงการคัดเลือกบุคคลเข้าศึกษาระดับปริญญาตรีรอบที่ 3 Admission,,0,65,541,65,61.7932,54.2322
มหาวิทยาลัยสงขลานครินทร์,หาดใหญ่,10100107130301A,คณะเภสัชศาสตร์,ภ.บ. การบริบาลทางเภสัชกรรม,โครงการคัดเลือกบุคคลเข้าศึกษาระดับปริญญาตรีรอบที่ 3 Admission,,0,30,386,30,65.7710,57.0376
มหาวิทยาลัยสงขลานครินทร์,หาดใหญ่,10100109211001A,คณะอุตสาหกรรมเกษตร,วท.บ. วิทยาศาสตร์และเทคโนโลยีอาหาร,โครงการคัดเลือกบุคคลเข้าศึกษาระดับปริญญาตรีรอบที่ 3 Admission,,0,50,220,50,49.4368,34.4340
มหาวิทยาลัยสงขลานครินทร์,หาดใหญ่,10100109211002E,คณะอุตสาหกรรมเกษตร,วท.บ. การกำหนดอาหารและโภชนาการ เพื่อสุขภาพ (หลักสูตรนานาชาต)ิ,โครงการคัดเลือกบุคคลเข้าศึกษาระดับปริญญาตรีรอบที่ 3 Admission,,0,35,35,9,40.2076,32.5416
มหาวิทยาลัยสงขลานครินทร์,หาดใหญ่,10100109212201A,คณะอุตสาหกรรมเกษตร,วท.บ. เทคโนโลยีและการจัดการ อุตสาหกรรมอาหาร,โครงการคัดเลือกบุคคลเข้าศึกษาระดับปริญญาตรีรอบที่ 3 Admission,,0,30,82,30,58.3190,39.6245
มหาวิทยาลัยสงขลานครินทร์,หาดใหญ่,10100109212801A,คณะอุตสาหกรรมเกษตร,วท.บ. เทคโนโลยีบรรจุภัณฑ์และวัสดุ,โครงการคัดเลือกบุคคลเข้าศึกษาระดับปริญญาตรีรอบที่ 3 Admission,,0,30,108,30,50.0690,37.1805
มหาวิทยาลัยสงขลานครินทร์,หาดใหญ่,10100110620201A,คณะศิลปศาสตร์,ศศ.บ. การจัดการอุตสาหกรรมการบิน และการบริการ,โครงการคัดเลือกบุคคลเข้าศึกษาระดับปริญญาตรีรอบที่ 3 Admission,,0,20,157,20,69.5415,56.1943
มหาวิทยาลัยสงขลานครินทร์,หาดใหญ่,10100110901801A,คณะศิลปศาสตร์,ศศ.บ. ภาษาจีน,โครงการคัดเลือกบุคคลเข้าศึกษาระดับปริญญาตรีรอบที่ 3 Admission,,0,4,83,4,60.9165,59.5208
มหาวิทยาลัยสงขลานครินทร์,หาดใหญ่,10100110901802H,คณะศิลปศาสตร์,ศศ.บ. ภาษาจีน,โครงการคัดเลือกบุคคลเข้าศึกษาระดับปริญญาตรีรอบที่ 3 Admission,,0,14,63,14,64.7290,52.1110
มหาวิทยาลัยสงขลานครินทร์,หาดใหญ่,10100110902001A,คณะศิลปศาสตร์,ศศ.บ. ภาษาไทยประยุกต์,โครงการคัดเลือกบุคคลเข้าศึกษาระดับปริญญาตรีรอบที่ 3 Admission,,0,45,183,45,61.4653,49.4653
มหาวิทยาลัยสงขลานครินทร์,หาดใหญ่,10100110902501A,คณะศิลปศาสตร์,ศศ.บ. ภาษาอังกฤษ,โครงการคัดเลือกบุคคลเข้าศึกษาระดับปริญญาตรีรอบที่ 3 Admission,,0,30,449,30,75.0833,62.3125
มหาวิทยาลัยสงขลานครินทร์,หาดใหญ่,10100110903601A,คณะศิลปศาสตร์,ศศ.บ. ชุมชนศึกษาเพื่อการพัฒนาที่ยั่งยืน,โครงการคัดเลือกบุคคลเข้าศึกษาระดับปริญญาตรีรอบที่ 3 Admission,,0,20,264,20,62.4305,49.6458
มหาวิทยาลัยสงขลานครินทร์,หาดใหญ่,10100111901001A,คณะนิติศาสตร์,น.บ. นิติศาสตรบัณฑิต (ภาคปกติ),โครงการคัดเลือกบุคคลเข้าศึกษาระดับปริญญาตรีรอบที่ 3 Admission พื้นฐานวิท์ย/ ศิลป์-คำนวณ,,0,25,508,25,61.0166,53.5110
มหาวิทยาลัยสงขลานครินทร์,หาดใหญ่,10100111901001A,คณะนิติศาสตร์,น.บ. นิติศาสตรบัณฑิต (ภาคปกติ),โครงการคัดเลือกบุคคลเข้าศึกษาระดับปริญญาตรีรอบที่ 3 Admission พื้นฐานศิลป์,,0,25,813,25,70.2985,60.9305
มหาวิทยาลัยสงขลานครินทร์,หาดใหญ่,10100111901002B,คณะนิติศาสตร์,น.บ. นิติศาสตรบัณฑิต (ภาคสมทบ),โครงการคัดเลือกบุคคลเข้าศึกษาระดับปริญญาตรีรอบที่ 3 Admission พื้นฐานวิท์ย/ ศิลป์-คำนวณ,,0,50,224,50,52.0222,40.1054
มหาวิทยาลัยสงขลานครินทร์,หาดใหญ่,10100111901002B,คณะนิติศาสตร์,น.บ. นิติศาสตรบัณฑิต (ภาคสมทบ),โครงการคัดเลือกบุคคลเข้าศึกษาระดับปริญญาตรีรอบที่ 3 Admission พื้นฐานศิลป์,,0,50,355,50,61.4443,49.8750
มหาวิทยาลัยสงขลานครินทร์,หาดใหญ่,10100112611101A,คณะเศรษฐศาสตร์,ศ.บ. เศรษฐศาสตร์,โครงการคัดเลือกบุคคลเข้าศึกษาระดับปริญญาตรีรอบที่ 3 Admission,,0,35,237,35,63.3750,48.7500
มหาวิทยาลัยสงขลานครินทร์,หาดใหญ่,10100112611102A,คณะเศรษฐศาสตร์,ศ.บ. เศรษฐศาสตร์ธุรกิจเกษตร,โครงการคัดเลือกบุคคลเข้าศึกษาระดับปริญญาตรีรอบที่ 3 Admission,,0,40,83,42,44.7500,22.3750
มหาวิทยาลัยสงขลานครินทร์,หาดใหญ่,10100113110701A,คณะการแพทย์แผนไทย,พท.บ. การแพทย์แผนไทยบัณฑิต,โครงการคัดเลือกบุคคลเข้าศึกษาระดับปริญญาตรีรอบที่ 3 Admission,,0,50,312,50,54.3974,39.3200
มหาวิทยาลัยสงขลานครินทร์,หาดใหญ่,10100114111301A,คณะเทคนิคการแพทย์,วท.บ. เทคนิคการแพทย์,โครงการคัดเลือกบุคคลเข้าศึกษาระดับปริญญาตรีรอบที่ 3 Admission,,0,35,649,35,62.4526,54.1582
มหาวิทยาลัยสงขลานครินทร์,หาดใหญ่,10100115211601E,วิทยาลัยนานาชาติ วิทยาเขต หาดใหญ่,วท.บ.สื่อสรา้ งสรรค์และเทคโนโลยีดิจิทัล (หลักสูตรนานาชาต)ิ,โครงการคัดเลือกบุคคลเข้าศึกษาระดับปริญญาตรีรอบที่ 3 Admission,,0,20,71,20,81.0000,40.8610
มหาวิทยาลัยสงขลานครินทร์,หาดใหญ่,10100116140101A,คณะสัตวแพทยศาสตร์,สพ.บ. สัตวแพทยศาสตรบัณฑิต,โครงการคัดเลือกบุคคลเข้าศึกษาระดับปริญญาตรีรอบที่ 3 Admission,,0,3,265,3,64.3133,62.9950
มหาวิทยาลัยสงขลานครินทร์,ปัตตานี,10100218113101A,คณะศึกษาศาสตร์,วท.บ.จิตวิทยาคลินิก,โครงการคัดเลือกบุคคลเข้าศึกษาระดับปริญญาตรีรอบที่ 3 Admission รูปแบบ 1,,0,9,13,8,45.1857,27.3904
มหาวิทยาลัยสงขลานครินทร์,ปัตตานี,10100218113101A,คณะศึกษาศาสตร์,วท.บ.จิตวิทยาคลินิก,โครงการคัดเลือกบุคคลเข้าศึกษาระดับปริญญาตรีรอบที่ 3 Admission รูปแบบ 2,,0,8,56,8,59.9710,54.2910
มหาวิทยาลัยสงขลานครินทร์,ปัตตานี,10100218700401A,คณะศึกษาศาสตร์,ศษ.บ. เทคโนโลยีสารสนเทศและการ ประเมินทางการศึกษา,โครงการคัดเลือกบุคคลเข้าศึกษาระดับปริญญาตรีรอบที่ 3 Admission รูปแบบ 1,,0,11,52,11,45.2276,41.8722
มหาวิทยาลัยสงขลานครินทร์,ปัตตานี,10100218700401A,คณะศึกษาศาสตร์,ศษ.บ. เทคโนโลยีสารสนเทศและการ ประเมินทางการศึกษา,โครงการคัดเลือกบุคคลเข้าศึกษาระดับปริญญาตรีรอบที่ 3 Admission รูปแบบ 2,,0,10,40,10,47.5276,42.3222
มหาวิทยาลัยสงขลานครินทร์,ปัตตานี,10100218701501A,คณะศึกษาศาสตร์,ศษ.บ. สาขาวิชาเทคโนโลยีดิจิทัลและ สื่อสารการศึกษา,โครงการคัดเลือกบุคคลเข้าศึกษาระดับปริญญาตรีรอบที่ 3 Admission รูปแบบ 1,,0,8,47,8,49.0054,40.7444
มหาวิทยาลัยสงขลานครินทร์,ปัตตานี,10100218701501A,คณะศึกษาศาสตร์,ศษ.บ. สาขาวิชาเทคโนโลยีดิจิทัลและ สื่อสารการศึกษา,โครงการคัดเลือกบุคคลเข้าศึกษาระดับปริญญาตรีรอบที่ 3 Admission รูปแบบ 2,,0,8,193,8,56.8958,52.3403
มหาวิทยาลัยสงขลานครินทร์,ปัตตานี,10100218702001A,คณะศึกษาศาสตร์,ศษ.บ. สาขาวิชาการสอนภาษา,โครงการคัดเลือกบุคคลเข้าศึกษาระดับปริญญาตรีรอบที่ 3 Admission รูปแบบ 1,ภาษาไทย,0,5,154,5,54.5776,52.5388
มหาวิทยาลัยสงขลานครินทร์,ปัตตานี,10100218702001A,คณะศึกษาศาสตร์,ศษ.บ. สาขาวิชาการสอนภาษา,โครงการคัดเลือกบุคคลเข้าศึกษาระดับปริญญาตรีรอบที่ 3 Admission รูปแบบ 2,ภาษาไทย,0,6,169,6,60.8554,55.6554
มหาวิทยาลัยสงขลานครินทร์,ปัตตานี,10100218702001A,คณะศึกษาศาสตร์,ศษ.บ. สาขาวิชาการสอนภาษา,โครงการคัดเลือกบุคคลเข้าศึกษาระดับปริญญาตรีรอบที่ 3 Admission รูปแบบ 1,ภาษาอังกฤษ,0,7,61,7,59.3554,55.2166
มหาวิทยาลัยสงขลานครินทร์,ปัตตานี,10100218702001A,คณะศึกษาศาสตร์,ศษ.บ. สาขาวิชาการสอนภาษา,โครงการคัดเลือกบุคคลเข้าศึกษาระดับปริญญาตรีรอบที่ 3 Admission รูปแบบ 2,ภาษาอังกฤษ,0,7,78,7,72.0888,61.1276
มหาวิทยาลัยสงขลานครินทร์,ปัตตานี,10100218703701A,คณะศึกษาศาสตร์,ศษ.บ. ศึกษาศาสตรบัณฑิต,โครงการคัดเลือกบุคคลเข้าศึกษาระดับปริญญาตรีรอบที่ 3 Admission รูปแบบ 1,การประถมศึกษา,0,5,148,5,56.7317,49.3539
มหาวิทยาลัยสงขลานครินทร์,ปัตตานี,10100218703701A,คณะศึกษาศาสตร์,ศษ.บ. ศึกษาศาสตรบัณฑิต,โครงการคัดเลือกบุคคลเข้าศึกษาระดับปริญญาตรีรอบที่ 3 Admission รูปแบบ 2,การประถมศึกษา,0,6,278,6,56.0693,54.4813
มหาวิทยาลัยสงขลานครินทร์,ปัตตานี,10100218703701A,คณะศึกษาศาสตร์,ศษ.บ. ศึกษาศาสตรบัณฑิต,โครงการคัดเลือกบุคคลเข้าศึกษาระดับปริญญาตรีรอบที่ 3 Admission รูปแบบ 1,จิตวิทยาการศึกษาและการ แนะแนว,0,8,66,8,48.9451,43.6071
มหาวิทยาลัยสงขลานครินทร์,ปัตตานี,10100218703701A,คณะศึกษาศาสตร์,ศษ.บ. ศึกษาศาสตรบัณฑิต,โครงการคัดเลือกบุคคลเข้าศึกษาระดับปริญญาตรีรอบที่ 3 Admission รูปแบบ 1,ศิลปศึกษา,0,4,38,4,45.6110,42.7832
มหาวิทยาลัยสงขลานครินทร์,ปัตตานี,10100218703701A,คณะศึกษาศาสตร์,ศษ.บ. ศึกษาศาสตรบัณฑิต,โครงการคัดเลือกบุคคลเข้าศึกษาระดับปริญญาตรีรอบที่ 3 Admission รูปแบบ 2,ศิลปศึกษา,0,5,68,5,57.4720,51.0833
มหาวิทยาลัยสงขลานครินทร์,ปัตตานี,10100218703701A,คณะศึกษาศาสตร์,ศษ.บ. ศึกษาศาสตรบัณฑิต,โครงการคัดเลือกบุคคลเข้าศึกษาระดับปริญญาตรีรอบที่ 3 Admission รูปแบบ 1,พลศึกษา,0,2,47,2,44.5230,44.2453
มหาวิทยาลัยสงขลานครินทร์,ปัตตานี,10100218703701A,คณะศึกษาศาสตร์,ศษ.บ. ศึกษาศาสตรบัณฑิต,โครงการคัดเลือกบุคคลเข้าศึกษาระดับปริญญาตรีรอบที่ 3 Admission รูปแบบ 2,พลศึกษา,0,1,129,1,58.3403,58.3403
มหาวิทยาลัยสงขลานครินทร์,ปัตตานี,10100218703701A,คณะศึกษาศาสตร์,ศษ.บ. ศึกษาศาสตรบัณฑิต,โครงการคัดเลือกบุคคลเข้าศึกษาระดับปริญญาตรีรอบที่ 3 Admission,สุขศึกษา,0,11,85,11,45.4444,39.6451
มหาวิทยาลัยสงขลานครินทร์,ปัตตานี,10100218703702A,คณะศึกษาศาสตร์,ศษ.บ. สาขาวิชาการจัดการเรียนรู้ วิทยาศาสตร์-คณิตศาสตร์,โครงการคัดเลือกบุคคลเข้าศึกษาระดับปริญญาตรีรอบที่ 3 Admission,คณิตศาสตร์,0,11,143,11,63.1666,54.7276
มหาวิทยาลัยสงขลานครินทร์,ปัตตานี,10100218703702A,คณะศึกษาศาสตร์,ศษ.บ. สาขาวิชาการจัดการเรียนรู้ วิทยาศาสตร์-คณิตศาสตร์,โครงการคัดเลือกบุคคลเข้าศึกษาระดับปริญญาตรีรอบที่ 3 Admission,เคมี,0,15,47,15,42.3000,36.6650
มหาวิทยาลัยสงขลานครินทร์,ปัตตานี,10100218703702A,คณะศึกษาศาสตร์,ศษ.บ. สาขาวิชาการจัดการเรียนรู้ วิทยาศาสตร์-คณิตศาสตร์,โครงการคัดเลือกบุคคลเข้าศึกษาระดับปริญญาตรีรอบที่ 3 Admission,ชีววิทยา,0,11,100,11,48.6602,44.5000
มหาวิทยาลัยสงขลานครินทร์,ปัตตานี,10100218703702A,คณะศึกษาศาสตร์,ศษ.บ. สาขาวิชาการจัดการเรียนรู้ วิทยาศาสตร์-คณิตศาสตร์,โครงการคัดเลือกบุคคลเข้าศึกษาระดับปริญญาตรีรอบที่ 3 Admission,ฟิสิกส์,0,18,43,18,46.0214,35.6134
มหาวิทยาลัยสงขลานครินทร์,ปัตตานี,10100218703702A,คณะศึกษาศาสตร์,ศษ.บ. สาขาวิชาการจัดการเรียนรู้ วิทยาศาสตร์-คณิตศาสตร์,โครงการคัดเลือกบุคคลเข้าศึกษาระดับปริญญาตรีรอบที่ 3 Admission,วิทยาศาสตร์ทั่วไป,0,8,66,8,42.6531,40.3333
มหาวิทยาลัยสงขลานครินทร์,ปัตตานี,10100218703703A,คณะศึกษาศาสตร์,ศษ.บ. ศึกษาศาสตรบัณฑิต,โครงการคัดเลือกบุคคลเข้าศึกษาระดับปริญญาตรีรอบที่ 3 Admission รูปแบบ 1,การศึกษาปฐมวยั,0,4,217,4,52.5000,51.5000
มหาวิทยาลัยสงขลานครินทร์,ปัตตานี,10100218703703A,คณะศึกษาศาสตร์,ศษ.บ. ศึกษาศาสตรบัณฑิต,โครงการคัดเลือกบุคคลเข้าศึกษาระดับปริญญาตรีรอบที่ 3 Admission รูปแบบ 2,การศึกษาปฐมวยั,0,5,711,5,69.0485,60.3193
มหาวิทยาลัยสงขลานครินทร์,ปัตตานี,10100218703703A,คณะศึกษาศาสตร์,ศษ.บ. ศึกษาศาสตรบัณฑิต,โครงการคัดเลือกบุคคลเข้าศึกษาระดับปริญญาตรีรอบที่ 3 Admission รูปแบบ 1,สังคมศึกษา,0,3,236,3,58.3276,57.6332
มหาวิทยาลัยสงขลานครินทร์,ปัตตานี,10100218703703A,คณะศึกษาศาสตร์,ศษ.บ. ศึกษาศาสตรบัณฑิต,โครงการคัดเลือกบุคคลเข้าศึกษาระดับปริญญาตรีรอบที่ 3 Admission รูปแบบ 2,สังคมศึกษา,0,4,45,4,49.8420,46.0983
มหาวิทยาลัยสงขลานครินทร์,ปัตตานี,10100219210301A,คณะวิทยาศาสตร์และเทคโนโลยี,วท.บ. คณิตศาสตร์และวิทยาการ คอมพิวเตอร์,โครงการคัดเลือกบุคคลเข้าศึกษาระดับปริญญาตรีรอบที่ 3 Admission,,0,50,116,50,56.4025,28.4165
มหาวิทยาลัยสงขลานครินทร์,ปัตตานี,10100219210601A,คณะวิทยาศาสตร์และเทคโนโลยี,วท.บ. เคม-ีชีววิทยา,โครงการคัดเลือกบุคคลเข้าศึกษาระดับปริญญาตรีรอบที่ 3 Admission,,0,40,13,6,36.8708,29.4928
มหาวิทยาลัยสงขลานครินทร์,ปัตตานี,10100219211001A,คณะวิทยาศาสตร์และเทคโนโลยี,วท.บ. วิทยาศาสตร์การอาหารและ โภชนาการ,โครงการคัดเลือกบุคคลเข้าศึกษาระดับปริญญาตรีรอบที่ 3 Admission,,0,40,103,40,48.6940,28.6665
มหาวิทยาลัยสงขลานครินทร์,ปัตตานี,10100219211002A,คณะวิทยาศาสตร์และเทคโนโลยี,วท.บ. โภชนาศาสตร์และการกำหนดอาหาร,โครงการคัดเลือกบุคคลเข้าศึกษาระดับปริญญาตรีรอบที่ 3 Admission,,0,30,149,30,55.3470,40.8470
มหาวิทยาลัยสงขลานครินทร์,ปัตตานี,10100219212701A,คณะวิทยาศาสตร์และเทคโนโลยี,วท.บ. ฟิสิกส์,โครงการคัดเลือกบุคคลเข้าศึกษาระดับปริญญาตรีรอบที่ 3 Admission,,0,60,50,15,47.7355,30.3750
มหาวิทยาลัยสงขลานครินทร์,ปัตตานี,10100219213501A,คณะวิทยาศาสตร์และเทคโนโลยี,วท.บ. เทคโนโลยียาง,โครงการคัดเลือกบุคคลเข้าศึกษาระดับปริญญาตรีรอบที่ 3 Admission,,0,50,17,4,42.2220,31.0970
มหาวิทยาลัยสงขลานครินทร์,ปัตตานี,10100219500401A,คณะวิทยาศาสตร์และเทคโนโลยี,วท.บ. เทคโนโลยีการเกษตร,โครงการคัดเลือกบุคคลเข้าศึกษาระดับปริญญาตรีรอบที่ 3 Admission,เทคโนโลยีการผลิตพืช,0,30,18,9,57.7080,19.4855
มหาวิทยาลัยสงขลานครินทร์,ปัตตานี,10100219500401A,คณะวิทยาศาสตร์และเทคโนโลยี,วท.บ. เทคโนโลยีการเกษตร,โครงการคัดเลือกบุคคลเข้าศึกษาระดับปริญญาตรีรอบที่ 3 Admission,เทคโนโลยีการผลิตสัตว์,0,30,8,3,40.0965,31.7495
มหาวิทยาลัยสงขลานครินทร์,ปัตตานี,10100219500601A,คณะวิทยาศาสตร์และเทคโนโลยี,วท.บ. เทคโนโลยีและนวัตกรรมประมง,โครงการคัดเลือกบุคคลเข้าศึกษาระดับปริญญาตรีรอบที่ 3 Admission,,0,30,12,3,39.3745,29.9025
มหาวิทยาลัยสงขลานครินทร์,ปัตตานี,10100220610801A,คณะมนุษยศาสตร์และสังคมศาสตร์,บธ.บ. บริหารธุรกิจบัณฑิต,โครงการคัดเลือกบุคคลเข้าศึกษาระดับปริญญาตรีรอบที่ 3 Admission,การจัดการทรัพยากรมนุษย์,0,15,195,15,56.5485,39.4720
มหาวิทยาลัยสงขลานครินทร์,ปัตตานี,10100220610801A,คณะมนุษยศาสตร์และสังคมศาสตร์,บธ.บ. บริหารธุรกิจบัณฑิต,โครงการคัดเลือกบุคคลเข้าศึกษาระดับปริญญาตรีรอบที่ 3 Admission,การเป็นผู้ประกอบการ,0,5,216,5,53.8888,46.5763
มหาวิทยาลัยสงขลานครินทร์,ปัตตานี,10100220611101A,คณะมนุษยศาสตร์และสังคมศาสตร์,ศ.บ. เศรษฐศาสตร์การประกอบการ,โครงการคัดเลือกบุคคลเข้าศึกษาระดับปริญญาตรีรอบที่ 3 Admission,,0,40,117,40,45.2638,30.7708
มหาวิทยาลัยสงขลานครินทร์,ปัตตานี,10100220901201A,คณะมนุษยศาสตร์และสังคมศาสตร์,ศศ.บ. การจัดการสารสนเทศ,โครงการคัดเลือกบุคคลเข้าศึกษาระดับปริญญาตรีรอบที่ 3 Admission,,0,40,67,23,46.4095,22.7083
มหาวิทยาลัยสงขลานครินทร์,ปัตตานี,10100220901401A,คณะมนุษยศาสตร์และสังคมศาสตร์,ศศ.บ. ประวัติศาสตร์,โครงการคัดเลือกบุคคลเข้าศึกษาระดับปริญญาตรีรอบที่ 3 Admission,,0,50,110,50,60.9513,28.9860
มหาวิทยาลัยสงขลานครินทร์,ปัตตานี,10100220901501A,คณะมนุษยศาสตร์และสังคมศาสตร์,ศศ.บ. ศิลปะการคิดเพื่อการพัฒนามนุษย์,โครงการคัดเลือกบุคคลเข้าศึกษาระดับปริญญาตรีรอบที่ 3 Admission,,0,50,19,4,51.4930,31.9095
มหาวิทยาลัยสงขลานครินทร์,ปัตตานี,10100220901701A,คณะมนุษยศาสตร์และสังคมศาสตร์,ศศ.บ. ภาษาเกาหลี,โครงการคัดเลือกบุคคลเข้าศึกษาระดับปริญญาตรีรอบที่ 3 Admission,,0,40,39,17,56.6388,26.0208
มหาวิทยาลัยสงขลานครินทร์,ปัตตานี,10100220901801A,คณะมนุษยศาสตร์และสังคมศาสตร์,ศศ.บ. ภาษาจีน,โครงการคัดเลือกบุคคลเข้าศึกษาระดับปริญญาตรีรอบที่ 3 Admission,,0,10,75,10,51.4653,41.3470
มหาวิทยาลัยสงขลานครินทร์,ปัตตานี,10100220901901A,คณะมนุษยศาสตร์และสังคมศาสตร์,ศศ.บ. ภาษาญี่ปุ่น,โครงการคัดเลือกบุคคลเข้าศึกษาระดับปริญญาตรีรอบที่ 3 Admission,,0,40,48,20,55.9305,29.0485
มหาวิทยาลัยสงขลานครินทร์,ปัตตานี,10100220902001A,คณะมนุษยศาสตร์และสังคมศาสตร์,ศศ.บ. ภาษาและวรรณคดีไทย,โครงการคัดเลือกบุคคลเข้าศึกษาระดับปริญญาตรีรอบที่ 3 Admission,,0,20,192,20,54.8888,40.9165
มหาวิทยาลัยสงขลานครินทร์,ปัตตานี,10100220902301A,คณะมนุษยศาสตร์และสังคมศาสตร์,ศศ.บ. ภาษามลายูและมลายูศึกษา,โครงการคัดเลือกบุคคลเข้าศึกษาระดับปริญญาตรีรอบที่ 3 Admission,,0,25,114,25,51.7013,32.9095
มหาวิทยาลัยสงขลานครินทร์,ปัตตานี,10100220902401A,คณะมนุษยศาสตร์และสังคมศาสตร์,ศศ.บ. ภาษายุโรปเพื่อการสื่อสารสากล,โครงการคัดเลือกบุคคลเข้าศึกษาระดับปริญญาตรีรอบที่ 3 Admission,ภาษาฝรั่งเศส,0,20,12,5,42.6388,27.6665
มหาวิทยาลัยสงขลานครินทร์,ปัตตานี,10100220902401A,คณะมนุษยศาสตร์และสังคมศาสตร์,ศศ.บ. ภาษายุโรปเพื่อการสื่อสารสากล,โครงการคัดเลือกบุคคลเข้าศึกษาระดับปริญญาตรีรอบที่ 3 Admission,ภาษาเยอรมัน,0,20,7,3,47.2290,42.4720
มหาวิทยาลัยสงขลานครินทร์,ปัตตานี,10100220902501A,คณะมนุษยศาสตร์และสังคมศาสตร์,ศศ.บ. ภาษาอังกฤษ,โครงการคัดเลือกบุคคลเข้าศึกษาระดับปริญญาตรีรอบที่ 3 Admission,,0,20,237,20,67.9790,54.0138
มหาวิทยาลัยสงขลานครินทร์,ปัตตานี,10100220902701A,คณะมนุษยศาสตร์และสังคมศาสตร์,ศศ.บ. ภาษาอาหรับเพื่อธุรกิจ,โครงการคัดเลือกบุคคลเข้าศึกษาระดับปริญญาตรีรอบที่ 3 Admission,,0,30,35,15,43.3125,25.2360
มหาวิทยาลัยสงขลานครินทร์,ปัตตานี,10100220903001A,คณะมนุษยศาสตร์และสังคมศาสตร์,วท.บ. ภูมิศาสตร์,โครงการคัดเลือกบุคคลเข้าศึกษาระดับปริญญาตรีรอบที่ 3 Admission,,0,40,22,9,33.3055,23.4823
มหาวิทยาลัยสงขลานครินทร์,ปัตตานี,10100220903501A,คณะมนุษยศาสตร์และสังคมศาสตร์,ศศ.บ. สังคมวิทยาและมานุษยวิทยา,โครงการคัดเลือกบุคคลเข้าศึกษาระดับปริญญาตรีรอบที่ 3 Admission,,0,40,125,40,44.6735,31.2778
มหาวิทยาลัยสงขลานครินทร์,ปัตตานี,10100220903601A,คณะมนุษยศาสตร์และสังคมศาสตร์,ศศ.บ. พัฒนาสังคม,โครงการคัดเลือกบุคคลเข้าศึกษาระดับปริญญาตรีรอบที่ 3 Admission,,0,10,164,10,46.8680,37.7568
มหาวิทยาลัยสงขลานครินทร์,ปัตตานี,10100220903701A,คณะมนุษยศาสตร์และสังคมศาสตร์,สส.บ. สังคมสงเคราะห์ศาสตรบัณฑิต,โครงการคัดเลือกบุคคลเข้าศึกษาระดับปริญญาตรีรอบที่ 3 Admission,,0,25,181,25,56.4860,39.7985
มหาวิทยาลัยสงขลานครินทร์,ปัตตานี,10100221610801A,คณะวิทยาการอิสลาม,บธ.บ. นวัตกรรมธุรกิจอิสลาม,โครงการคัดเลือกบุคคลเข้าศึกษาระดับปริญญาตรีรอบที่ 3 Admission,,0,15,39,15,47.1470,15.9500
มหาวิทยาลัยสงขลานครินทร์,ปัตตานี,10100221703701A,คณะวิทยาการอิสลาม,ศษ.บ. การสอนอิสลามศึกษา,โครงการคัดเลือกบุคคลเข้าศึกษาระดับปริญญาตรีรอบที่ 3 Admission,,0,10,183,10,67.3885,58.3610
มหาวิทยาลัยสงขลานครินทร์,ปัตตานี,10100221902901A,คณะวิทยาการอิสลาม,ศศ.บ. อิสลามศึกษาและกฎหมายอิสลาม,โครงการคัดเลือกบุคคลเข้าศึกษาระดับปริญญาตรีรอบที่ 3 Admission,,0,15,97,15,49.8610,40.8330
มหาวิทยาลัยสงขลานครินทร์,ปัตตานี,10100221902902E,คณะวิทยาการอิสลาม,ศศ.บ. อิสลามศึกษา (หลักสูตรนานาชาต)ิ,โครงการคัดเลือกบุคคลเข้าศึกษาระดับปริญญาตรีรอบที่ 3 Admission,,0,10,34,10,47.5000,31.4580
มหาวิทยาลัยสงขลานครินทร์,ปัตตานี,10100222800501A,คณะศิลปกรรมศาสตร์,ศป.บ.ศิลปกรรมศาสตรบัณฑิต,โครงการคัดเลือกบุคคลเข้าศึกษาระดับปริญญาตรีรอบที่ 3 Admission,ทัศนศิลป์,0,10,0,0,0.0000,0.0000
มหาวิทยาลัยสงขลานครินทร์,ปัตตานี,10100222800501A,คณะศิลปกรรมศาสตร์,ศป.บ.ศิลปกรรมศาสตรบัณฑิต,โครงการคัดเลือกบุคคลเข้าศึกษาระดับปริญญาตรีรอบที่ 3 Admission,ออกแบบประยุกต์ศิลป์,0,10,0,0,0.0000,0.0000
มหาวิทยาลัยสงขลานครินทร์,ปัตตานี,10100222800501A,คณะศิลปกรรมศาสตร์,ศป.บ.ศิลปกรรมศาสตรบัณฑิต,โครงการคัดเลือกบุคคลเข้าศึกษาระดับปริญญาตรีรอบที่ 3 Admission,ออกแบบแฟชั่น,0,10,2,0,0.0000,0.0000
มหาวิทยาลัยสงขลานครินทร์,ปัตตานี,10100223220101A,คณะวิทยาการสื่อสาร,วท.บ. (คอมพิวเตอร์และวิทยาการ สารสนเทศเพื่อการจัดการ),โครงการคัดเลือกบุคคลเข้าศึกษาระดับปริญญาตรีรอบที่ 3 Admissionพื้นฐานวิทย์,,3261,30,36,16,42.0832,26.2554
มหาวิทยาลัยสงขลานครินทร์,ปัตตานี,10100223220101A,คณะวิทยาการสื่อสาร,วท.บ. (คอมพิวเตอร์และวิทยาการ สารสนเทศเพื่อการจัดการ),โครงการคัดเลือกบุคคลเข้าศึกษาระดับปริญญาตรีรอบที่ 3 Admissionพื้นฐานศิลป์,,3261,30,15,6,32.8000,26.7888
มหาวิทยาลัยสงขลานครินทร์,ปัตตานี,10100223220101A,คณะวิทยาการสื่อสาร,วท.บ. (คอมพิวเตอร์และวิทยาการ สารสนเทศเพื่อการจัดการ),โครงการคัดเลือกบุคคลเข้าศึกษาระดับปริญญาตรีรอบที่ 3 Admissionปวช.,,3261,30,0,0,0.0000,0.0000
มหาวิทยาลัยสงขลานครินทร์,ปัตตานี,10100223900801A,คณะวิทยาการสื่อสาร,ศศ.บ.นวัตกรรมการออกแบบสื่อ,โครงการคัดเลือกบุคคลเข้าศึกษาระดับปริญญาตรีรอบที่ 3 Admission,,0,15,78,15,47.1943,37.1528
มหาวิทยาลัยสงขลานครินทร์,ปัตตานี,10100223901101A,คณะวิทยาการสื่อสาร,นศ.บ. นิเทศศาสตรบัณฑิต,โครงการคัดเลือกบุคคลเข้าศึกษาระดับปริญญาตรีรอบที่ 3 Admission,,0,30,107,30,62.5763,33.0485
มหาวิทยาลัยสงขลานครินทร์,ปัตตานี,10100224903201A,คณะรัฐศาสตร์,ร.บ. รัฐศาสตรบัณฑิต,โครงการคัดเลือกบุคคลเข้าศึกษาระดับปริญญาตรีรอบที่ 3 Admission,การปกครอง,0,40,338,40,62.5138,41.9720
มหาวิทยาลัยสงขลานครินทร์,ปัตตานี,10100224903201A,คณะรัฐศาสตร์,ร.บ. รัฐศาสตรบัณฑิต,โครงการคัดเลือกบุคคลเข้าศึกษาระดับปริญญาตรีรอบที่ 3 Admission,การปกครองท้องถิ่น,0,40,333,40,45.6388,39.5555
มหาวิทยาลัยสงขลานครินทร์,ปัตตานี,10100224903201A,คณะรัฐศาสตร์,ร.บ. รัฐศาสตรบัณฑิต,โครงการคัดเลือกบุคคลเข้าศึกษาระดับปริญญาตรีรอบที่ 3 Admission,ความสัมพันธ์ระหวา่ งประเทศ,0,40,218,40,58.4235,45.4305
มหาวิทยาลัยสงขลานครินทร์,ปัตตานี,10100224903201A,คณะรัฐศาสตร์,ร.บ. รัฐศาสตรบัณฑิต,โครงการคัดเลือกบุคคลเข้าศึกษาระดับปริญญาตรีรอบที่ 3 Admission,นโยบายสาธารณะ,0,55,133,55,44.0068,33.0625
มหาวิทยาลัยสงขลานครินทร์,ปัตตานี,10100225111701A,คณะพยาบาลศาสตร์วิทยา เขตปัตตานี,พย.บ. พยาบาลศาสตรบัณฑิต,โครงการคัดเลือกบุคคลเข้าศึกษาระดับปริญญาตรีรอบที่ 3 Admission,,0,9,"1,217",9,44.9166,43.1069
มหาวิทยาลัยสงขลานครินทร์,ภูเก็ต,10100326610801E,คณะการบริการและการ ท่องเที่ยว,บธ.บ. การจัดการนวัตกรรมทางธุรกิจ (หลักสูตรนานาชาต)ิ,โครงการคัดเลือกบุคคลเข้าศึกษาระดับปริญญาตรีรอบที่ 3 Admission,,0,40,49,16,79.0275,30.0000
มหาวิทยาลัยสงขลานครินทร์,ภูเก็ต,10100326620101E,คณะการบริการและการ ท่องเที่ยว,บธ.บ. การจัดการโรงแรมนานาชาติ อิเวน์ตและภัตตาคาร (หลักสูตรนานาชาต)ิ,โครงการคัดเลือกบุคคลเข้าศึกษาระดับปริญญาตรีรอบที่ 3 Admission,,0,40,60,21,65.2775,29.7915
มหาวิทยาลัยสงขลานครินทร์,ภูเก็ต,10100326620102E,คณะการบริการและการ ท่องเที่ยว,บธ.บ. การจัดการธุรกิจการท่องเที่ยวและ การบิน (หลักสูตรนานาชาต)ิ,โครงการคัดเลือกบุคคลเข้าศึกษาระดับปริญญาตรีรอบที่ 3 Admission,,0,40,84,24,59.0970,26.9440
มหาวิทยาลัยสงขลานครินทร์,ภูเก็ต,10100327610801E,คณะวิเทศศึกษา,บธ.บ. ธุรกิจระหวา่ งประเทศ (หลักสูตร นานาชาติ),โครงการคัดเลือกบุคคลเข้าศึกษาระดับปริญญาตรีรอบที่ 3 Admission,,0,40,40,12,55.9720,26.5970
มหาวิทยาลัยสงขลานครินทร์,ภูเก็ต,10100327903901E,คณะวิเทศศึกษา,ศศ.บ.ภาษาและวัฒนธรรม (หลักสูตร นานาชาติ),โครงการคัดเลือกบุคคลเข้าศึกษาระดับปริญญาตรีรอบที่ 3 Admission,ภาษาและวัฒนธรรมจีน,0,20,26,13,62.9165,31.8750
มหาวิทยาลัยสงขลานครินทร์,ภูเก็ต,10100327903901E,คณะวิเทศศึกษา,ศศ.บ.ภาษาและวัฒนธรรม (หลักสูตร นานาชาติ),โครงการคัดเลือกบุคคลเข้าศึกษาระดับปริญญาตรีรอบที่ 3 Admission,ภาษาและวัฒนธรรมเกาหลี,0,20,11,4,50.9720,28.5415
มหาวิทยาลัยสงขลานครินทร์,ภูเก็ต,10100327903901E,คณะวิเทศศึกษา,ศศ.บ.ภาษาและวัฒนธรรม (หลักสูตร นานาชาติ),โครงการคัดเลือกบุคคลเข้าศึกษาระดับปริญญาตรีรอบที่ 3 Admission,ภาษาและวัฒนธรรมไทย,0,10,2,1,39.3750,39.3750
มหาวิทยาลัยสงขลานครินทร์,ภูเก็ต,10100327903901E,คณะวิเทศศึกษา,ศศ.บ.ภาษาและวัฒนธรรม (หลักสูตร นานาชาติ),โครงการคัดเลือกบุคคลเข้าศึกษาระดับปริญญาตรีรอบที่ 3 Admission,ภาษาและวัฒนธรรมยุโรป,0,20,18,7,71.7360,54.2360
มหาวิทยาลัยสงขลานครินทร์,ภูเก็ต,10100328211901A,คณะเทคโนโลยีและสิ่งแวดล้อม,วท.บ. ภูมิสารสนเทศ,โครงการคัดเลือกบุคคลเข้าศึกษาระดับปริญญาตรีรอบที่ 3 Admission รูปแบบที่ 1,,0,30,8,0,0.0000,0.0000
มหาวิทยาลัยสงขลานครินทร์,ภูเก็ต,10100328211901A,คณะเทคโนโลยีและสิ่งแวดล้อม,วท.บ. ภูมิสารสนเทศ,โครงการคัดเลือกบุคคลเข้าศึกษาระดับปริญญาตรีรอบที่ 3 Admission รูปแบบที่ 2,,0,30,3,1,37.1517,37.1517
มหาวิทยาลัยสงขลานครินทร์,ภูเก็ต,10100328213001A,คณะเทคโนโลยีและสิ่งแวดล้อม,วท.บ. วิทยาศาสตร์ทางทะเลและการ จัดการชายฝั่ง,โครงการคัดเลือกบุคคลเข้าศึกษาระดับปริญญาตรีรอบที่ 3 Admission รูปแบบที่ 1,,0,30,34,5,34.5458,26.9485
มหาวิทยาลัยสงขลานครินทร์,ภูเก็ต,10100328213001A,คณะเทคโนโลยีและสิ่งแวดล้อม,วท.บ. วิทยาศาสตร์ทางทะเลและการ จัดการชายฝั่ง,โครงการคัดเลือกบุคคลเข้าศึกษาระดับปริญญาตรีรอบที่ 3 Admission รูปแบบที่ 2,,0,30,26,10,42.4090,27.2240
มหาวิทยาลัยสงขลานครินทร์,ภูเก็ต,10100328213101A,คณะเทคโนโลยีและสิ่งแวดล้อม,วท.บ. เทคโนโลยีและการจัดการ สิ่งแวดล้อม,โครงการคัดเลือกบุคคลเข้าศึกษาระดับปริญญาตรีรอบที่ 3 Admission รูปแบบที่ 1,,0,30,5,0,0.0000,0.0000
มหาวิทยาลัยสงขลานครินทร์,ภูเก็ต,10100328213101A,คณะเทคโนโลยีและสิ่งแวดล้อม,วท.บ. เทคโนโลยีและการจัดการ สิ่งแวดล้อม,โครงการคัดเลือกบุคคลเข้าศึกษาระดับปริญญาตรีรอบที่ 3 Admission รูปแบบที่ 2,,0,30,8,1,40.5850,40.5850
มหาวิทยาลัยสงขลานครินทร์,ภูเก็ต,10100329210801E,วิทยาลัยการคอมพิวเตอร์,วท.บ. ธุรกิจดิจิทัล (หลักสูตรนานาชาต)ิ,โครงการคัดเลือกบุคคลเข้าศึกษาระดับปริญญาตรีรอบที่ 3 Admission,,0,60,26,9,63.1940,35.9720
มหาวิทยาลัยสงขลานครินทร์,ภูเก็ต,10100329220101A,วิทยาลัยการคอมพิวเตอร์,วท.บ. การคอมพิวเตอร์,โครงการคัดเลือกบุคคลเข้าศึกษาระดับปริญญาตรีรอบที่ 3 Admission รูปแบบที่ 1,,0,30,42,17,46.5555,20.2080
มหาวิทยาลัยสงขลานครินทร์,ภูเก็ต,10100329220101A,วิทยาลัยการคอมพิวเตอร์,วท.บ. การคอมพิวเตอร์,โครงการคัดเลือกบุคคลเข้าศึกษาระดับปริญญาตรีรอบที่ 3 Admission รูปแบบที่ 2,,0,30,20,5,44.3610,37.8190
มหาวิทยาลัยสงขลานครินทร์,ภูเก็ต,10100329300501E,วิทยาลัยการคอมพิวเตอร์,วศ.บ. วิศวกรรมดิจิทัล (หลักสูตรนานาชาต)ิ,โครงการคัดเลือกบุคคลเข้าศึกษาระดับปริญญาตรีรอบที่ 3 Admission รูปแบบที่ 1,,0,60,23,5,59.0550,39.8745
มหาวิทยาลัยสงขลานครินทร์,ภูเก็ต,10100329300501E,วิทยาลัยการคอมพิวเตอร์,วศ.บ. วิศวกรรมดิจิทัล (หลักสูตรนานาชาต)ิ,โครงการคัดเลือกบุคคลเข้าศึกษาระดับปริญญาตรีรอบที่ 3 Admission รูปแบบที่ 2,,0,60,10,2,31.0000,30.2775
มหาวิทยาลัยสงขลานครินทร์,ภูเก็ต,10100329303701A,วิทยาลัยการคอมพิวเตอร์,วศ.บ. วิศวกรรมปัญญาประดิษฐ์และระบบ อัจฉริยะ,โครงการคัดเลือกบุคคลเข้าศึกษาระดับปริญญาตรีรอบที่ 3 Admission รูปแบบที่ 1,,0,20,62,11,60.5970,40.6805
มหาวิทยาลัยสงขลานครินทร์,ภูเก็ต,10100329303701A,วิทยาลัยการคอมพิวเตอร์,วศ.บ. วิศวกรรมปัญญาประดิษฐ์และระบบ อัจฉริยะ,โครงการคัดเลือกบุคคลเข้าศึกษาระดับปริญญาตรีรอบที่ 3 Admission รูปแบบที่ 2,,0,20,15,4,36.0135,15.2915
มหาวิทยาลัยสงขลานครินทร์,สุราษฎร์ธานี,10100430210401A,คณะวิทยาศาสตร์และเทคโนโลยีอุตสาหกรรม,วท.บ. เคมีเพื่ออุตสาหกรรม,โครงการคัดเลือกบุคคลเข้าศึกษาระดับปริญญาตรีรอบที่ 3 Admission,,0,15,18,3,48.4025,32.9440
มหาวิทยาลัยสงขลานครินทร์,สุราษฎร์ธานี,10100430212801A,คณะวิทยาศาสตร์และเทคโนโลยีอุตสาหกรรม,วท.บ. เทคโนโลยีการจัดการอุตสาหกรรม วัสดุ,โครงการคัดเลือกบุคคลเข้าศึกษาระดับปริญญาตรีรอบที่ 3 Admission,เทคโนโลยีการจัดการ อุตสาหกรรมยาง,0,15,1,0,0.0000,0.0000
มหาวิทยาลัยสงขลานครินทร์,สุราษฎร์ธานี,10100430212801A,คณะวิทยาศาสตร์และเทคโนโลยีอุตสาหกรรม,วท.บ. เทคโนโลยีการจัดการอุตสาหกรรม วัสดุ,โครงการคัดเลือกบุคคลเข้าศึกษาระดับปริญญาตรีรอบที่ 3 Admission,เทคโนโลยีการจัดการ อุตสาหกรรมไม้,0,15,2,0,0.0000,0.0000
มหาวิทยาลัยสงขลานครินทร์,สุราษฎร์ธานี,10100430213101A,คณะวิทยาศาสตร์และเทคโนโลยีอุตสาหกรรม,วท.บ. สิ่งแวดล้อมเพื่อความยั่งยืน,โครงการคัดเลือกบุคคลเข้าศึกษาระดับปริญญาตรีรอบที่ 3 Admission,,0,15,9,3,51.3885,32.1665
มหาวิทยาลัยสงขลานครินทร์,สุราษฎร์ธานี,10100430213102A,คณะวิทยาศาสตร์และเทคโนโลยีอุตสาหกรรม,วท.บ. อาชีวอนามัยและความปลอดภัย,โครงการคัดเลือกบุคคลเข้าศึกษาระดับปริญญาตรีรอบที่ 3 Admission,,0,30,112,30,31.9750,22.7000
มหาวิทยาลัยสงขลานครินทร์,สุราษฎร์ธานี,10100430220101A,คณะวิทยาศาสตร์และเทคโนโลยีอุตสาหกรรม,วท.บ. เทคโนโลยีสารสนเทศ,โครงการคัดเลือกบุคคลเข้าศึกษาระดับปริญญาตรีรอบที่ 3 Admission,,0,21,23,6,56.3745,36.7635
มหาวิทยาลัยสงขลานครินทร์,สุราษฎร์ธานี,10100430303501A,คณะวิทยาศาสตร์และเทคโนโลยีอุตสาหกรรม,วศ.บ. การจัดการงานวิศวกรรม,โครงการคัดเลือกบุคคลเข้าศึกษาระดับปริญญาตรีรอบที่ 3 Admission,,0,15,17,3,44.0830,36.9715
มหาวิทยาลัยสงขลานครินทร์,สุราษฎร์ธานี,10100430610801A,คณะวิทยาศาสตร์และเทคโนโลยีอุตสาหกรรม,ทล.บ. การจัดการนวัตกรรมการค้าสมัยใหม่,โครงการคัดเลือกบุคคลเข้าศึกษาระดับปริญญาตรีรอบที่ 3 Admission รูปแบบที่ 1,,0,30,21,8,43.7500,0.0000
มหาวิทยาลัยสงขลานครินทร์,สุราษฎร์ธานี,10100430610801A,คณะวิทยาศาสตร์และเทคโนโลยีอุตสาหกรรม,ทล.บ. การจัดการนวัตกรรมการค้าสมัยใหม่,โครงการคัดเลือกบุคคลเข้าศึกษาระดับปริญญาตรีรอบที่ 3 Admission รูปแบบที่ 2,,0,30,56,19,97.7500,63.0000
มหาวิทยาลัยสงขลานครินทร์,สุราษฎร์ธานี,10100431610501A,คณะศิลปศาสตร์และ วิทยาการจัดการ,บช.บ. บัญชีบัณฑิต,โครงการคัดเลือกบุคคลเข้าศึกษาระดับปริญญาตรีรอบที่ 3 Admission,,0,30,171,30,67.6380,41.2500
มหาวิทยาลัยสงขลานครินทร์,สุราษฎร์ธานี,10100431610801A,คณะศิลปศาสตร์และ วิทยาการจัดการ,บธ.บ. การจัดการธุรกิจ,โครงการคัดเลือกบุคคลเข้าศึกษาระดับปริญญาตรีรอบที่ 3 Admission,,0,30,99,24,74.1940,41.5970
มหาวิทยาลัยสงขลานครินทร์,สุราษฎร์ธานี,10100431611101A,คณะศิลปศาสตร์และ วิทยาการจัดการ,ศ.บ. เศรษฐศาสตร์ธุรกิจ,โครงการคัดเลือกบุคคลเข้าศึกษาระดับปริญญาตรีรอบที่ 3 Admission,,0,50,77,17,67.4025,50.9440
มหาวิทยาลัยสงขลานครินทร์,สุราษฎร์ธานี,10100431620101A,คณะศิลปศาสตร์และ วิทยาการจัดการ,บธ.บ. การจัดการธุรกิจการท่องเที่ยว,โครงการคัดเลือกบุคคลเข้าศึกษาระดับปริญญาตรีรอบที่ 3 Admission,,0,25,106,25,60.2770,36.5270
มหาวิทยาลัยสงขลานครินทร์,สุราษฎร์ธานี,10100431901801I,คณะศิลปศาสตร์และ วิทยาการจัดการ,ศศ.บ. ภาษาจีนเพื่อการสื่อสารทางธุรกิจ (นานาชาติ),โครงการคัดเลือกบุคคลเข้าศึกษาระดับปริญญาตรีรอบที่ 3 Admission,,0,18,46,17,71.5275,49.1525
มหาวิทยาลัยสงขลานครินทร์,สุราษฎร์ธานี,10100431902501A,คณะศิลปศาสตร์และ วิทยาการจัดการ,ศศ.บ. ภาษาอังกฤษเพื่อการสื่อสารทาง ธุรกิจ,โครงการคัดเลือกบุคคลเข้าศึกษาระดับปริญญาตรีรอบที่ 3 Admission,,0,39,127,39,63.7500,40.5550
มหาวิทยาลัยสงขลานครินทร์,สุราษฎร์ธานี,10100431903101A,คณะศิลปศาสตร์และ วิทยาการจัดการ,รป.บ. การจัดการรัฐกิจ,โครงการคัดเลือกบุคคลเข้าศึกษาระดับปริญญาตรีรอบที่ 3 Admission,,0,36,72,25,47.1250,25.3190
มหาวิทยาลัยสงขลานครินทร์,สุราษฎร์ธานี,10100433211001A,คณะนวัตกรรมการเกษตร ประมง และอาหาร,วท.บ. เทคโนโลยีอาหาร,โครงการคัดเลือกบุคคลเข้าศึกษาระดับปริญญาตรีรอบที่ 3 Admission รูปแบบที่ 1,,0,30,17,3,45.6940,38.7500
มหาวิทยาลัยสงขลานครินทร์,สุราษฎร์ธานี,10100433211001A,คณะนวัตกรรมการเกษตร ประมง และอาหาร,วท.บ. เทคโนโลยีอาหาร,โครงการคัดเลือกบุคคลเข้าศึกษาระดับปริญญาตรีรอบที่ 3 Admission รูปแบบที่ 2,,0,30,53,10,92.2500,61.7500
มหาวิทยาลัยสงขลานครินทร์,สุราษฎร์ธานี,10100433500401A,คณะนวัตกรรมการเกษตร ประมง และอาหาร,วท.บ. วิทยาศาสตร์และเทคโนโลยีการเกษตร,โครงการคัดเลือกบุคคลเข้าศึกษาระดับปริญญาตรีรอบที่ 3 Admission รูปแบบที่ 1,เทคโนโลยีการผลิตพืช,0,30,8,3,56.1110,42.7770
มหาวิทยาลัยสงขลานครินทร์,สุราษฎร์ธานี,10100433500401A,คณะนวัตกรรมการเกษตร ประมง และอาหาร,วท.บ. วิทยาศาสตร์และเทคโนโลยีการเกษตร,โครงการคัดเลือกบุคคลเข้าศึกษาระดับปริญญาตรีรอบที่ 3 Admission รูปแบบที่ 2,เทคโนโลยีการผลิตพืช,0,30,34,7,94.5000,51.0000
มหาวิทยาลัยสงขลานครินทร์,สุราษฎร์ธานี,10100433500401A,คณะนวัตกรรมการเกษตร ประมง และอาหาร,วท.บ. วิทยาศาสตร์และเทคโนโลยีการเกษตร,โครงการคัดเลือกบุคคลเข้าศึกษาระดับปริญญาตรีรอบที่ 3 Admission รูปแบบที่ 1,เทคโนโลยีการผลิตสัตว์,0,30,7,3,45.0000,39.7220
มหาวิทยาลัยสงขลานครินทร์,สุราษฎร์ธานี,10100433500401A,คณะนวัตกรรมการเกษตร ประมง และอาหาร,วท.บ. วิทยาศาสตร์และเทคโนโลยีการเกษตร,โครงการคัดเลือกบุคคลเข้าศึกษาระดับปริญญาตรีรอบที่ 3 Admission รูปแบบที่ 2,เทคโนโลยีการผลิตสัตว์,0,30,27,4,79.7500,61.2500
มหาวิทยาลัยสงขลานครินทร์,สุราษฎร์ธานี,10100433500401A,คณะนวัตกรรมการเกษตร ประมง และอาหาร,วท.บ. วิทยาศาสตร์และเทคโนโลยีการเกษตร,โครงการคัดเลือกบุคคลเข้าศึกษาระดับปริญญาตรีรอบที่ 3 Admission รูปแบบที่ 1,เทคโนโลยีจุลินทรีย์,0,30,5,0,0.0000,0.0000
มหาวิทยาลัยสงขลานครินทร์,สุราษฎร์ธานี,10100433500401A,คณะนวัตกรรมการเกษตร ประมง และอาหาร,วท.บ. วิทยาศาสตร์และเทคโนโลยีการเกษตร,โครงการคัดเลือกบุคคลเข้าศึกษาระดับปริญญาตรีรอบที่ 3 Admission รูปแบบที่ 2,เทคโนโลยีจุลินทรีย์,0,30,19,3,66.5000,65.5000
มหาวิทยาลัยสงขลานครินทร์,สุราษฎร์ธานี,10100433500601A,คณะนวัตกรรมการเกษตร ประมง และอาหาร,วท.บ. ทรัพยากรประมง,โครงการคัดเลือกบุคคลเข้าศึกษาระดับปริญญาตรีรอบที่ 3 Admission รูปแบบที่ 1,,0,30,11,1,28.4720,28.4720
มหาวิทยาลัยสงขลานครินทร์,สุราษฎร์ธานี,10100433500601A,คณะนวัตกรรมการเกษตร ประมง และอาหาร,วท.บ. ทรัพยากรประมง,โครงการคัดเลือกบุคคลเข้าศึกษาระดับปริญญาตรีรอบที่ 3 Admission รูปแบบที่ 2,,0,30,49,16,97.2500,54.0000
มหาวิทยาลัยสงขลานครินทร์,ตรงั,10100534610501A,คณะพาณิชยศาสตร์และการ จัดการ,บช.บ. บัญชีบัณฑิต,โครงการคัดเลือกบุคคลเข้าศึกษาระดับปริญญาตรีรอบที่ 3 Admission,,0,100,354,100,82.5000,42.2220
มหาวิทยาลัยสงขลานครินทร์,ตรงั,10100534610601A,คณะพาณิชยศาสตร์และการ จัดการ,บธ.บ. การตลาด,โครงการคัดเลือกบุคคลเข้าศึกษาระดับปริญญาตรีรอบที่ 3 Admission,,0,50,87,25,54.3050,31.5270
มหาวิทยาลัยสงขลานครินทร์,ตรงั,10100534610701A,คณะพาณิชยศาสตร์และการ จัดการ,บธ.บ. เทคโนโลยีสารสนเทศทางธุรกิจ (ธุรกิจดิจิทัล),โครงการคัดเลือกบุคคลเข้าศึกษาระดับปริญญาตรีรอบที่ 3 Admission,,0,50,48,7,58.3330,29.1660
มหาวิทยาลัยสงขลานครินทร์,ตรงั,10100534610801A,คณะพาณิชยศาสตร์และการ จัดการ,บธ.บ. การเงิน ประกันภัยและการจัดการ ความเสี่ยง,โครงการคัดเลือกบุคคลเข้าศึกษาระดับปริญญาตรีรอบที่ 3 Admission,,0,50,27,4,51.5270,33.3330
มหาวิทยาลัยสงขลานครินทร์,ตรงั,10100534610901A,คณะพาณิชยศาสตร์และการ จัดการ,บธ.บ. เทคโนโลยีสารสนเทศทางธุรกิจ (การจัดการสารสนเทศและเทคโนโลียดิจิทัล),โครงการคัดเลือกบุคคลเข้าศึกษาระดับปริญญาตรีรอบที่ 3 Admission,,0,50,33,8,50.9720,27.6380
มหาวิทยาลัยสงขลานครินทร์,ตรงั,10100534620101A,คณะพาณิชยศาสตร์และการ จัดการ,บธ.บ. การจัดการการท่องเที่ยว,โครงการคัดเลือกบุคคลเข้าศึกษาระดับปริญญาตรีรอบที่ 3 Admission,,0,50,45,15,51.6665,22.2915
มหาวิทยาลัยสงขลานครินทร์,ตรงั,10100534902501H,คณะพาณิชยศาสตร์และการ จัดการ,ศศ.บ. ภาษาอังกฤษธุรกิจ,โครงการคัดเลือกบุคคลเข้าศึกษาระดับปริญญาตรีรอบที่ 3 Admission,,0,30,36,9,73.5415,36.3885
มหาวิทยาลัยสงขลานครินทร์,ตรงั,10100534903101A,คณะพาณิชยศาสตร์และการ จัดการ,รป.บ. การจัดการรัฐกิจ,โครงการคัดเลือกบุคคลเข้าศึกษาระดับปริญญาตรีรอบที่ 3 Admission,,0,50,106,34,59.1660,26.5270
มหาวิทยาลัยสงขลานครินทร์,ตรงั,10100535400501A,คณะสถาปัตยกรรมศาสตร์,สถ.บ. สถาปัตยกรรม,โครงการคัดเลือกบุคคลเข้าศึกษาระดับปริญญาตรีรอบที่ 3 Admission,,0,30,112,30,62.0690,45.0000
มหาวิทยาลัยแม่โจ้,วิทยาเขตเชียงใหม่,10130101500203A,คณะผลิตกรรมการเกษตร,การส่งเสริมและสื่อสารเกษตร,Admission,,3105,5,114,5,64.7249,59.9996
มหาวิทยาลัยแม่โจ้,วิทยาเขตเชียงใหม่,10130101500205A,คณะผลิตกรรมการเกษตร,เกษตรศาสตร์(พืชไร่อารักขาพืช ปฐีพศาสตร์เกษตรเคีมวิทยาการสมุนไพร ทรัพยากรป่าไม้และการจัดการ เกษตร อินทรีย์),Admission,,3108,100,187,66,72.1582,27.7500
มหาวิทยาลัยแม่โจ้,วิทยาเขตเชียงใหม่,10130101500801A,คณะผลิตกรรมการเกษตร,พืชสวน,Admission,,3107,50,144,50,72.1081,26.7500
มหาวิทยาลัยแม่โจ้,วิทยาเขตเชียงใหม่,10130103211002A,คณะวิศวกรรมและอุตสาหกรรมเกษตร,วิทยาศาสตร์และเทคโนโลยีการอาหาร,Admission,,3302,55,48,18,44.2583,15.8125
มหาวิทยาลัยแม่โจ้,วิทยาเขตเชียงใหม่,10130103212201A,คณะวิศวกรรมและอุตสาหกรรมเกษตร,เทคโนโลยีหลังการเก็บเกี่ยว,Admission,,3303,50,94,37,63.5583,26.1250
มหาวิทยาลัยแม่โจ้,วิทยาเขตเชียงใหม่,10130103213601A,คณะวิศวกรรมและอุตสาหกรรมเกษตร,เทคโนโลยียางและพอลิเมอร์,Admission,,3305,50,71,28,57.9498,26.8750
มหาวิทยาลัยแม่โจ้,วิทยาเขตเชียงใหม่,10130103300401A,คณะวิศวกรรมและอุตสาหกรรมเกษตร,วิศวกรรมเกษตร,Admission,,3301,35,140,35,60.4166,35.3750
มหาวิทยาลัยแม่โจ้,วิทยาเขตเชียงใหม่,10130103303301A,คณะวิศวกรรมและอุตสาหกรรมเกษตร,วิศวกรรมอาหาร,Admission,,3304,30,188,30,58.0083,48.5250
มหาวิทยาลัยแม่โจ้,วิทยาเขตเชียงใหม่,10130104210301A,คณะวิทยาศาสตร์,คณิตศาสตร์,Admission,,3404,15,354,15,99.2500,92.2500
มหาวิทยาลัยแม่โจ้,วิทยาเขตเชียงใหม่,10130104210401A,คณะวิทยาศาสตร์,นวัตกรรมเคมีอุตสาหกรรม,Admission,,3407,20,258,20,82.5664,69.7944
มหาวิทยาลัยแม่โจ้,วิทยาเขตเชียงใหม่,10130104210402A,คณะวิทยาศาสตร์,เคมี,Admission,,3403,10,116,10,63.3575,56.0475
มหาวิทยาลัยแม่โจ้,วิทยาเขตเชียงใหม่,10130104211201A,คณะวิทยาศาสตร์,เทคโนโลยีชีวภาพ,Admission,,3402,20,231,20,64.0416,56.4750
มหาวิทยาลัยแม่โจ้,วิทยาเขตเชียงใหม่,10130104212701A,คณะวิทยาศาสตร์,ฟิสิกส์ประยุกต์,Admission,,3408,20,105,20,99.2500,78.2500
มหาวิทยาลัยแม่โจ้,วิทยาเขตเชียงใหม่,10130104212802A,คณะวิทยาศาสตร์,นวัตกรรมวัสดุ,Admission,,3405,30,220,30,85.9222,69.4110
มหาวิทยาลัยแม่โจ้,วิทยาเขตเชียงใหม่,10130104213301A,คณะวิทยาศาสตร์,สถิติและการจัดการสารสนเทศ,Admission แบบที่ 1,,3409,10,64,3,64.6528,57.6943
มหาวิทยาลัยแม่โจ้,วิทยาเขตเชียงใหม่,10130104213301A,คณะวิทยาศาสตร์,สถิติและการจัดการสารสนเทศ,Admission แบบที่ 2,,3409,10,98,7,74.9165,57.9790
มหาวิทยาลัยแม่โจ้,วิทยาเขตเชียงใหม่,10130104213501A,คณะวิทยาศาสตร์,วิทยาการการหาภาวะที่เหมาะสมทาง อุตสาหกรรม,Admission,,3410,45,27,17,57.5804,26.6250
มหาวิทยาลัยแม่โจ้,วิทยาเขตเชียงใหม่,10130104220101A,คณะวิทยาศาสตร์,เทคโนโลยีสารสนเทศ,Admission,,3406,10,295,10,76.7915,72.0135
มหาวิทยาลัยแม่โจ้,วิทยาเขตเชียงใหม่,10130104220201A,คณะวิทยาศาสตร์,วิทยาการคอมพิวเตอร์,Admission,,3401,5,179,5,72.0275,65.4885
มหาวิทยาลัยแม่โจ้,วิทยาเขตเชียงใหม่,10130105903101A,วิทยาลัยบริหารศาสตร์,รัฐประศาสนศาสตร์,Admission,,3502,25,356,25,77.6665,71.1249
มหาวิทยาลัยแม่โจ้,วิทยาเขตเชียงใหม่,10130105903201A,วิทยาลัยบริหารศาสตร์,รัฐศาสตร์,Admission,,3501,20,292,20,72.9500,64.5416
มหาวิทยาลัยแม่โจ้,วิทยาเขตเชียงใหม่,10130106610102A,คณะบริหารธุรกิจ,บริหารธุรกิจ (วิชาเอกการบริหารการเงิน และการลงทุน),Admission,,3608,10,378,10,73.6749,70.2749
มหาวิทยาลัยแม่โจ้,วิทยาเขตเชียงใหม่,10130106610201A,คณะบริหารธุรกิจ,บริหารธุรกิจ (วิชาเอกการจัดการ),Admission,,3603,10,201,10,66.7500,55.2500
มหาวิทยาลัยแม่โจ้,วิทยาเขตเชียงใหม่,10130106610501A,คณะบริหารธุรกิจ,บัญชีบัณฑิต,Admission,,3604,5,"2,084",6,######,99.2500
มหาวิทยาลัยแม่โจ้,วิทยาเขตเชียงใหม่,10130106610602A,คณะบริหารธุรกิจ,นวัตกรรมธุรกิจค้าปลีกสมัยใหม่,Admission,,3606,5,578,5,77.9305,74.0415
มหาวิทยาลัยแม่โจ้,วิทยาเขตเชียงใหม่,10130106610603A,คณะบริหารธุรกิจ,บริหารธุรกิจ (วิชาเอกนวัตกรรมการตลาด และการตลาดดิจิทัล),Admission,,3607,5,257,5,70.1875,64.8125
มหาวิทยาลัยแม่โจ้,วิทยาเขตเชียงใหม่,10130106610901A,คณะบริหารธุรกิจ,นวัตกรรมธุรกิจดิจิทัล,Admission,,3609,5,66,5,62.4375,51.0625
มหาวิทยาลัยแม่โจ้,วิทยาเขตเชียงใหม่,10130109620102A,คณะพัฒนาการท่องเที่ยว,พัฒนาการท่องเที่ยว,Admission,,3901,20,444,20,77.0275,71.0555
มหาวิทยาลัยแม่โจ้,วิทยาเขตเชียงใหม่,10130109620104A,คณะพัฒนาการท่องเที่ยว,การจัดการธุรกิจท่องเที่ยวและบริการ,Admission,,3903,5,313,5,79.6040,74.6250
มหาวิทยาลัยแม่โจ้,วิทยาเขตเชียงใหม่,10130110500602A,คณะเทคโนโลยีการประมง และทรัพยากรทาง้นา,การประมงและนวัตกรรมการผลิตสัตว์น้ า,Admission,,3101,25,127,25,72.8750,52.0833
มหาวิทยาลัยแม่โจ้,วิทยาเขตเชียงใหม่,10130112611101A,คณะเศรษฐศาสตร์,เศรษฐศาสตร์ระหวา่ งประเทศ,Admission,,3126,40,276,40,78.5555,65.1250
มหาวิทยาลัยแม่โจ้,วิทยาเขตเชียงใหม่,10130112611103A,คณะเศรษฐศาสตร์,เศรษฐศาสตร์เกษตรและสิ่งแวดล้อม,Admission,,3122,20,184,20,69.8250,59.8500
มหาวิทยาลัยแม่โจ้,วิทยาเขตเชียงใหม่,10130112611105A,คณะเศรษฐศาสตร์,เศรษฐศาสตร์,Admission,,3124,10,398,10,77.8470,72.4165
มหาวิทยาลัยแม่โจ้,วิทยาเขตเชียงใหม่,10130112611106A,คณะเศรษฐศาสตร์,เศรษฐศาสตร์ดิจิทัลและการสหกรณ์,Admission,,3125,5,133,5,72.3055,68.7080
มหาวิทยาลัยแม่โจ้,วิทยาเขตเชียงใหม่,10130114900001A,คณะศิลปศาสตร์,นวัตกรรมสังคม,Admission,,3144,50,143,50,57.1582,41.5083
มหาวิทยาลัยแม่โจ้,วิทยาเขตเชียงใหม่,10130114901101A,คณะศิลปศาสตร์,นิเทศศาสตร์บูรณาการ,Admission,,3141,90,254,90,61.4999,43.8499
มหาวิทยาลัยแม่โจ้,วิทยาเขตเชียงใหม่,10130114902501A,คณะศิลปศาสตร์,ภาษาอังกฤษ,Admission,,3142,100,232,60,88.6082,58.4914
มหาวิทยาลัยแม่โจ้,วิทยาเขตเชียงใหม่,10130115301502A,วิทยาลัยพลังงานทดแทน,วิศวกรรมพลังงาน (วิชาเอกวิศวกรรม พลังงานทดแทน),Admission,,3153,20,216,20,70.5999,64.0831
มหาวิทยาลัยแม่โจ้,วิทยาเขตเชียงใหม่,10130115301503A,วิทยาลัยพลังงานทดแทน,วิศวกรรมพลังงาน (วิชาเอกวิศวกรรม นวัตกรรมการจัดการพลังงาน),Admission,,3152,20,99,20,72.9830,53.3665
มหาวิทยาลัยแม่โจ้,วิทยาเขตเชียงใหม่,10130118900802A,คณะสารสนเทศและการสื่อสาร,การสื่อสารดิจิทัล (วิชาเอกสื่อสารดิจิทัล และมัลติมีเดีย),Admission,,3181,40,584,34,80.1940,71.4305
มหาวิทยาลัยแม่โจ้,วิทยาเขตเชียงใหม่,10130118900803A,คณะสารสนเทศและการสื่อสาร,การสื่อสารดิจิทัล (วิชาเอกเทคโนโลยีสื่อ เพื่อเศรษฐกิจสรา้ งสรรค์),Admission,,3181,40,227,6,75.9860,71.8470
มหาวิทยาลัยแม่โจ้,วิทยาเขตเชียงใหม่,10130119400301A,คณะสถาปัตยกรรมศาสต์รและการออกแบบสิ่งแวดล้อม,ภูมิสถาปัตยกรรม,Admission,,3192,15,120,15,67.3333,60.3166
มหาวิทยาลัยแม่โจ้,วิทยาเขตเชียงใหม่,10130119400401A,คณะสถาปัตยกรรมศาสต์รและการออกแบบสิ่งแวดล้อม,เทคโนโลยีภูมิทัศน์,Admission,,3193,20,108,20,62.5415,53.3750
มหาวิทยาลัยแม่โจ้,วิทยาเขตเชียงใหม่,10130119400501A,คณะสถาปัตยกรรมศาสต์รและการออกแบบสิ่งแวดล้อม,สถาปัตยกรรม,Admission,,3191,10,134,10,70.1082,64.6416
มหาวิทยาลัยแม่โจ้,วิทยาเขตเชียงใหม่,10130122501202A,คณะสัตวศาสตร์และเทคโนโลยี,สัตวศาสตร์,Admission,,3221,5,285,5,74.2247,73.3746
มหาวิทยาลัยแม่โจ้,วิทยาเขตเชียงใหม่,10130131140101A,คณะสัตวแพทยศาสตร์,เทคนิคการสัตวแพทย์และการพยาบาลสัตว์,Admission,,3904,5,"1,458",5,81.3331,77.7248
มหาวิทยาลัยแม่โจ้,วิทยาเขตแพร่,10130208500201A,มหาวิทยาลัยแม่โจ้-แพร่เฉลิมพระเกียรติ,เทคโนโลยีการผลิตพืช,Admission,,3807,100,28,6,72.5000,0.0000
มหาวิทยาลัยแม่โจ้,วิทยาเขตแพร่,10130208501001A,มหาวิทยาลัยแม่โจ้-แพร่เฉลิมพระเกียรติ,เกษตรป่าไม้,Admission,,3805,100,156,55,99.5000,51.0000
มหาวิทยาลัยแม่โจ้,วิทยาเขตแพร่,10130208501002A,มหาวิทยาลัยแม่โจ้-แพร่เฉลิมพระเกียรติ,เทคโนโลยีอุตสาหกรรมป่าไม้,Admission,,3806,100,96,24,97.2500,0.0000
มหาวิทยาลัยแม่โจ้,วิทยาเขตแพร่,10130208501003A,มหาวิทยาลัยแม่โจ้-แพร่เฉลิมพระเกียรติ,การป่าไม้,Admission,,3816,100,286,100,99.2500,67.5000
มหาวิทยาลัยแม่โจ้,วิทยาเขตแพร่,10130208501201A,มหาวิทยาลัยแม่โจ้-แพร่เฉลิมพระเกียรติ,เทคโนโลยีการผลิตสัตว์,Admission,,3808,100,95,31,98.2500,57.5000
มหาวิทยาลัยแม่โจ้,วิทยาเขตแพร่,10130208610502A,มหาวิทยาลัยแม่โจ้-แพร่เฉลิมพระเกียรติ,การบัญชี,Admission,,3801,100,123,39,96.0000,0.0000
มหาวิทยาลัยแม่โจ้,วิทยาเขตแพร่,10130208610604A,มหาวิทยาลัยแม่โจ้-แพร่เฉลิมพระเกียรติ,การตลาดดิจิทัล,Admission,,3815,100,56,16,90.5000,42.0000
มหาวิทยาลัยแม่โจ้,วิทยาเขตแพร่,10130208620102A,มหาวิทยาลัยแม่โจ้-แพร่เฉลิมพระเกียรติ,พัฒนาการท่องเที่ยว,Admission,,3811,100,57,21,95.5000,0.0000
มหาวิทยาลัยแม่โจ้,วิทยาเขตแพร่,10130208903201A,มหาวิทยาลัยแม่โจ้-แพร่เฉลิมพระเกียรติ,รัฐศาสตร์,Admission,,3802,100,136,52,93.5000,45.5000
มหาวิทยาลัยแม่โจ้,วิทยาเขตแพร่,10130208903602A,มหาวิทยาลัยแม่โจ้-แพร่เฉลิมพระเกียรติ,นวัตกรรมการจัดการชุมชน,Admission,,3804,100,21,2,68.7500,60.2500
มหาวิทยาลัยแม่โจ้,วิทยาเขตชุมพร,10130307500202A,มหาวิทยาลัยแม่โจ้-ชุมพร,พืชศาสตร์,Admission,,3704,100,19,3,94.0000,67.0000
มหาวิทยาลัยแม่โจ้,วิทยาเขตชุมพร,10130307500602A,มหาวิทยาลัยแม่โจ้-ชุมพร,นวัตกรรมการเพาะเลี้ยงสัตว์น้ าชายฝั่ง,Admission,,3703,100,50,11,84.5000,0.0000
มหาวิทยาลัยแม่โจ้,วิทยาเขตชุมพร,10130307610302A,มหาวิทยาลัยแม่โจ้-ชุมพร,บริหารธุรกิจและการเป็นผู้ประกอบการ,Admission,,3702,100,19,7,85.7500,44.5000
มหาวิทยาลัยแม่โจ้,วิทยาเขตชุมพร,10130307620106A,มหาวิทยาลัยแม่โจ้-ชุมพร,การท่องเที่ยวและบริการ,Admission,,3701,100,46,10,87.2500,0.0000
มหาวิทยาลัยแม่โจ้,วิทยาเขตชุมพร,10130307903201A,มหาวิทยาลัยแม่โจ้-ชุมพร,รัฐศาสตร์,Admission,,3802,100,60,18,95.7500,35.2500
มหาวิทยาลัยเทคโนโลยีพระจอมเกล้าธนบุรี,บางมด,10140107300312A,คณะวิศวกรรมศาสตร์,หลักสูตรวิศวกรรมศาสตรบัณฑิต สาขาวิชาวิศวกรรมการผลิตอัจฉริยะและ เครื่องมือขั้นสูง ปริญญาตรี4 ปี,รอบที่ 3 แอดมิชชั่น (Admission) ปีการศึกษา 2568,วิศวกรรมการผลิตอัจฉริยะ และเครื่องมือขั้นสูง - วศ.บ. 4 ปี,0,35,128,35,39.3554,30.9332
มหาวิทยาลัยเทคโนโลยีพระจอมเกล้าธนบุรี,บางมด,10140107300502E,คณะวิศวกรรมศาสตร์,วิศวกรรมศาสตรบัณฑิต สาขาวิชา วิศวกรรมคอมพิวเตอร์ปริญญาตรี4 ปี (หลักสูตรนานาชาต)ิ,รอบที่ 3 แอดมิชชั่น (Admission) ปีการศึกษา 2568,วิศวกรรมคอมพิวเตอ์ร(หลักสูตรนานาชาต)ิ - วศ.บ. 4 ปี,0,9,110,9,53.1276,43.0998
มหาวิทยาลัยเทคโนโลยีพระจอมเกล้าธนบุรี,บางมด,10140107300507A,คณะวิศวกรรมศาสตร์,วิศวกรรมศาสตรบัณฑิต สาขาวิชา วิศวกรรมคอมพิวเตอร์ปริญญาตรี4 ปี,รอบที่ 3 แอดมิชชั่น (Admission) ปีการศึกษา 2568,วิศวกรรมคอมพิวเตอร์- วศ.บ. 4 ปี,0,5,329,5,59.8276,56.9276
มหาวิทยาลัยเทคโนโลยีพระจอมเกล้าธนบุรี,บางมด,10140107300601A,คณะวิศวกรรมศาสตร์,วิศวกรรมศาสตรบัณฑิต สาขาวิชา วิศวกรรมเคีมปริญญาตรี4 ปี (แผนการ เรียน : ไทย),รอบที่ 3 แอดมิชชั่น (Admission) ปีการศึกษา 2568,วิศวกรรมเคีม(แผนการเรียน : ไทย) - วศ.บ. 4 ปี,0,22,333,22,62.7610,43.6386
มหาวิทยาลัยเทคโนโลยีพระจอมเกล้าธนบุรี,บางมด,10140107300603E,คณะวิศวกรรมศาสตร์,วิศวกรรมศาสตรบัณฑิต สาขาวิชา วิศวกรรมเคีมปริญญาตรี4 ปี (แผนการ เรียน : นานาชาติ),รอบที่ 3 แอดมิชชั่น (Admission) ปีการศึกษา 2568,วิศวกรรมเคีม(แผนการเรียน : นานาชาติ) - วศ.บ. 4 ปี,0,25,42,18,41.4998,24.6332
มหาวิทยาลัยเทคโนโลยีพระจอมเกล้าธนบุรี,บางมด,10140107300702A,คณะวิศวกรรมศาสตร์,วิศวกรรมศาสตรบัณฑิต สาขาวิชา วิศวกรรมเครื่องกล ปริญญาตรี4 ปี,รอบที่ 3 แอดมิชชั่น (Admission) ปีการศึกษา 2568,วิศวกรรมเครื่องกล - วศ.บ. 4 ปี,0,33,455,33,60.4832,46.3332
มหาวิทยาลัยเทคโนโลยีพระจอมเกล้าธนบุรี,บางมด,10140107300718A,คณะวิศวกรรมศาสตร์,หลักสูตรวิศวกรรมศาสตรบัณฑิต สาขาวิชาวิศวกรรมยานยน์ตปริญญาตรี4 ปี,รอบที่ 3 แอดมิชชั่น (Admission) ปีการศึกษา 2568,วิศวกรรมยานยน์ต- วศ.บ. 4 ปี,0,46,315,46,50.0386,36.3664
มหาวิทยาลัยเทคโนโลยีพระจอมเกล้าธนบุรี,บางมด,10140107301603A,คณะวิศวกรรมศาสตร์,วิศวกรรมศาสตรบัณฑิต สาขาวิชา วิศวกรรมไฟฟ้า ปริญญาตรี4 ปี,รอบที่ 3 แอดมิชชั่น (Admission) ปีการศึกษา 2568,วิศวกรรมไฟฟ้า - วศ.บ. 4 ปี,0,27,362,27,58.0388,48.4332
มหาวิทยาลัยเทคโนโลยีพระจอมเกล้าธนบุรี,บางมด,10140107301613A,คณะวิศวกรรมศาสตร์,วิศวกรรมศาสตรบัณฑิต สาขาวิชา วิศวกรรมไฟฟ้า (ระบบไฟฟ้า อิเล็กทรอนิกส์กำลัง และพลังงาน) ปริญญาตรี4 ปี,รอบที่ 3 แอดมิชชั่น (Admission) ปีการศึกษา 2568,วิศวกรรมไฟฟ้า (ระบบไฟฟ้า อิเล็กทรอนิกส์กำลัง และ พลังงาน) - วศ.บ. 4 ปี,0,9,220,9,53.9110,42.8054
มหาวิทยาลัยเทคโนโลยีพระจอมเกล้าธนบุรี,บางมด,10140107302101E,คณะวิศวกรรมศาสตร์,วิศวกรรมศาสตรบัณฑิต สาขาวิชา วิศวกรรมโยธา ปริญญาตรี4 ปี (หลักสูตร นานาชาติ),รอบที่ 3 แอดมิชชั่น (Admission) ปีการศึกษา 2568,วิศวกรรมโยธา (หลักสูตร นานาชาติ) - วศ.บ. 4 ปี,0,45,108,45,50.1332,28.7666
มหาวิทยาลัยเทคโนโลยีพระจอมเกล้าธนบุรี,บางมด,10140107302104A,คณะวิศวกรรมศาสตร์,วิศวกรรมศาสตรบัณฑิต สาขาวิชา วิศวกรรมโยธา ปริญญาตรี4 ปี,รอบที่ 3 แอดมิชชั่น (Admission) ปีการศึกษา 2568,วิศวกรรมโยธา - วศ.บ. 4 ปี,0,10,293,10,59.1610,46.8832
มหาวิทยาลัยเทคโนโลยีพระจอมเกล้าธนบุรี,บางมด,10140107302304E,คณะวิศวกรรมศาสตร์,วิศวกรรมศาสตรบัณฑิต สาขาวิชา วิศวกรรมอัตโนมัติ ปริญญาตรี4 ปี (หลักสูตรนานาชาต)ิ,รอบที่ 3 แอดมิชชั่น (Admission) ปีการศึกษา 2568,วิศวกรรมอัตโนมัติ (หลักสูตรนานาชาต)ิ - วศ.บ. 4 ปี,0,22,18,2,32.5166,22.3220
มหาวิทยาลัยเทคโนโลยีพระจอมเกล้าธนบุรี,บางมด,10140107302308A,คณะวิศวกรรมศาสตร์,วิศวกรรมศาสตรบัณฑิต สาขาวิชา วิศวกรรมระบบควบคุมและเครื่องมือวัดปริญญาตรี4 ปี,รอบที่ 3 แอดมิชชั่น (Admission) ปีการศึกษา 2568,วิศวกรรมระบบควบคุมและ เครื่องมือวัด- วศ.บ. 4 ปี,0,24,224,24,42.4666,35.7054
มหาวิทยาลัยเทคโนโลยีพระจอมเกล้าธนบุรี,บางมด,10140107302511A,คณะวิศวกรรมศาสตร์,วิศวกรรมศาสตรบัณฑิต สาขาวิชา วิศวกรรมวัสุดปริญญาตรี4 ปี,รอบที่ 3 แอดมิชชั่น (Admission) ปีการศึกษา 2568,วิศวกรรมวัสุด- วศ.บ. 4 ปี,0,34,583,34,41.4166,34.9220
มหาวิทยาลัยเทคโนโลยีพระจอมเกล้าธนบุรี,บางมด,10140107302519A,คณะวิศวกรรมศาสตร์,หลักสูตรวิศวกรรมศาสตรบัณฑิต สาขาวิชาวิศวกรรมการผลิตชิ้นส่วนยาน ยนต์และอากาศยานสมัยให่มปริญญาตีร4 ปี,รอบที่ 3 แอดมิชชั่น (Admission) ปีการศึกษา 2568,วิศวกรรมการผลิตชิ้นส่วน ยานยนต์และอากาศยาน สมัยให่ม- วศ.บ. 4 ปี,0,25,279,25,38.8166,33.1942
มหาวิทยาลัยเทคโนโลยีพระจอมเกล้าธนบุรี,บางมด,10140107302805E,คณะวิศวกรรมศาสตร์,วิศวกรรมศาสตรบัณฑิต สาขาวิชา วิศวกรรมสิ่งแวดล้อม ปริญญาตรี4 ปี (หลักสูตรนานาชาต)ิ,รอบที่ 3 แอดมิชชั่น (Admission) ปีการศึกษา 2568,วิศวกรรมสิ่งแวดล้อม (หลักสูตรนานาชาต)ิ - วศ.บ. 4 ปี,0,22,16,7,39.0500,26.0388
มหาวิทยาลัยเทคโนโลยีพระจอมเกล้าธนบุรี,บางมด,10140107302809A,คณะวิศวกรรมศาสตร์,วิศวกรรมศาสตรบัณฑิต สาขาวิชา วิศวกรรมสิ่งแวดล้อม ปริญญาตรี4 ปี,รอบที่ 3 แอดมิชชั่น (Admission) ปีการศึกษา 2568,วิศวกรรมสิ่งแวดล้อม - วศ.บ. 4 ปี,0,15,144,15,47.7332,35.0444
มหาวิทยาลัยเทคโนโลยีพระจอมเกล้าธนบุรี,บางมด,10140107303406E,คณะวิศวกรรมศาสตร์,หลักสูตรวิศวกรรมศาสตรบัณฑิต สาขาวิชาวิศวกรรมอิเล็กทรอนิกส์และ สารสนเทศสื่อสาร (หลักสูตรนานาชาต)ิ ปริญญาตรี4 ปี (หลักสูตรนานาชาต)ิ,รอบที่ 3 แอดมิชชั่น (Admission) ปีการศึกษา 2568,วิศวกรรมอิเล็กทรอนิกส์และ สารสนเทศสื่อสาร (หลักสูตร นานาชาติ),0,30,10,2,35.8942,29.5164
มหาวิทยาลัยเทคโนโลยีพระจอมเกล้าธนบุรี,บางมด,10140107303410A,คณะวิศวกรรมศาสตร์,วิศวกรรมศาสตรบัณฑิต สาขาวิชา วิศวกรรมไฟฟ้าสื่อสารและอิเล็กทรอนิก์สปริญญาตรี4 ปี,รอบที่ 3 แอดมิชชั่น (Admission) ปีการศึกษา 2568,วิศวกรรมไฟฟ้าสื่อสารและ อิเล็กทรอนิก์ส- วศ.บ. 4 ปี,0,15,356,15,46.0110,39.9110
มหาวิทยาลัยเทคโนโลยีพระจอมเกล้าธนบุรี,บางมด,10140107303505A,คณะวิศวกรรมศาสตร์,วิศวกรรมศาสตรบัณฑิต สาขาวิชา วิศวกรรมอุตสาหการ ปริญญาตรี4 ปี,รอบที่ 3 แอดมิชชั่น (Admission) ปีการศึกษา 2568,วิศวกรรมอุตสาหการ - วศ.บ. 4 ปี,0,26,390,26,55.9388,40.1944
มหาวิทยาลัยเทคโนโลยีพระจอมเกล้าธนบุรี,บางมด,10140107303506A,คณะวิศวกรรมศาสตร์,วิศวกรรมศาสตรบัณฑิต สาขาวิชา วิศวกรรมเมคคาทรอนิก์สปริญญาตรี4 ปี,รอบที่ 3 แอดมิชชั่น (Admission) ปีการศึกษา 2568,วิศวกรรมเมคคาทรอนิก์ส- วศ.บ. 4 ปี,0,7,99,7,53.5720,43.0498
มหาวิทยาลัยเทคโนโลยีพระจอมเกล้าธนบุรี,บางมด,10140108210913A,คณะครุศาสตร์อุตสาหกรรม และเทคโนโลยี,หลักสูตรวิทยาศาสตรบัณฑิต สาขาวิชา เทคโนโลยีบรรจุภัณฑ์และการพิม์พปริญญาตรี4 ปี,รอบที่ 3 แอดมิชชั่น (Admission) ปีการศึกษา 2568,เทคโนโลยีบรรจุภัณฑ์และ การพิม์พ- วท.บ. 4 ปี,0,30,77,30,75.9762,53.4484
มหาวิทยาลัยเทคโนโลยีพระจอมเกล้าธนบุรี,บางมด,10140108211608A,คณะครุศาสตร์อุตสาหกรรม และเทคโนโลยี,วิทยาศาสตรบัณฑิต สาขาวิชาวิทยาการ คอมพิวเตอร์ประยุกต์-มัลติมีเดีย ปริญญา ตรี4 ปี,รอบที่ 3 แอดมิชชั่น (Admission) ปีการศึกษา 2568,วิทยาการคอมพิวเตอ์รประยุก์ต- มัลติมีเดีย - วท.บ. 4 ปี,0,10,360,10,81.6664,70.9720
มหาวิทยาลัยเทคโนโลยีพระจอมเกล้าธนบุรี,บางมด,10140108212109A,คณะครุศาสตร์อุตสาหกรรม และเทคโนโลยี,เทคโนโลยีบัณฑิต สาขาวิชาเทคโนโลียอุตสาหกรรม-เทคโนโลยีอุตสาหการ ปริญญาตรี4 ปี,รอบที่ 3 แอดมิชชั่น (Admission) ปีการศึกษา 2568,เทคโนโลยีอุตสาหกรรม (ทล.บ.อุตสาหการ),0,5,108,5,76.6887,71.0830
มหาวิทยาลัยเทคโนโลยีพระจอมเกล้าธนบุรี,บางมด,10140108212110A,คณะครุศาสตร์อุตสาหกรรม และเทคโนโลยี,เทคโนโลยีบัณฑิต สาขาวิชาเทคโนโลียอุตสาหกรรม-เทคโนโลยีไฟฟ้า ปริญญาตีร4 ปี,รอบที่ 3 แอดมิชชั่น (Admission) ปีการศึกษา 2568,เทคโนโลยีอุตสาหกรรม (ทล.บ.ไฟฟ้า),0,10,8,3,66.0914,53.6913
มหาวิทยาลัยเทคโนโลยีพระจอมเกล้าธนบุรี,บางมด,10140108212111A,คณะครุศาสตร์อุตสาหกรรม และเทคโนโลยี,เทคโนโลยีบัณฑิต สาขาวิชาเทคโนโลียอุตสาหกรรม-เทคโนโลยีเครื่องกล ปริญญาตรี4 ปี,รอบที่ 3 แอดมิชชั่น (Admission) ปีการศึกษา 2568,เทคโนโลยีอุตสาหกรรม (ทล.บ.เครื่องกล),0,1,53,1,80.5108,80.5108
มหาวิทยาลัยเทคโนโลยีพระจอมเกล้าธนบุรี,บางมด,10140108212112A,คณะครุศาสตร์อุตสาหกรรม และเทคโนโลยี,หลักสูตรเทคโนโลยีบัณฑิต สาขาวิชา เทคโนโลยีอุตสาหกรรม-เทคโนโลยีโยธา ปริญญาตรี4 ปี,รอบที่ 3 แอดมิชชั่น (Admission) ปีการศึกษา 2568,เทคโนโลยีอุตสาหกรรม (ทล.บ.โยธา),0,15,537,15,80.4610,74.1000
มหาวิทยาลัยเทคโนโลยีพระจอมเกล้าธนบุรี,บางมด,10140108701101A,คณะครุศาสตร์อุตสาหกรรม และเทคโนโลยี,ครุศาสตร์อุตสาหกรรมบัณฑิต สาขาวิชา วิศวกรรมเครื่องกล ปริญญาตรี5 ปี,รอบที่ 3 แอดมิชชั่น (Admission) ปีการศึกษา 2568,วิศวกรรมเครื่องกล - ค.อ.บ. 5 ปี,0,35,70,31,65.0082,51.2250
มหาวิทยาลัยเทคโนโลยีพระจอมเกล้าธนบุรี,บางมด,10140108701507A,คณะครุศาสตร์อุตสาหกรรม และเทคโนโลยี,เทคโนโลยีบัณฑิต สาขาวิชาเทคโนโลียการศึกษาและสื่อสารมวลชน ปริญญาตรี4 ปี,รอบที่ 3 แอดมิชชั่น (Admission) ปีการศึกษา 2568,เทคโนโลยีการศึกษาและ สื่อสารมวลชน - ทล.บ. 4 ปี,0,5,759,4,99.7500,99.5000
มหาวิทยาลัยเทคโนโลยีพระจอมเกล้าธนบุรี,บางมด,10140108701902A,คณะครุศาสตร์อุตสาหกรรม และเทคโนโลยี,ครุศาสตร์อุตสาหกรรมบัณฑิต สาขาวิชา วิศวกรรมไฟฟ้า ปริญญาตรี5 ปี,รอบที่ 3 แอดมิชชั่น (Admission) ปีการศึกษา 2568,วิศวกรรมไฟฟ้า - วิชาโท วิศวกรรมอิเล็กทรอนิก์สอัจฉริยะ (ค.อ.บ. 5 ปี),0,15,56,15,70.9750,59.6916
มหาวิทยาลัยเทคโนโลยีพระจอมเกล้าธนบุรี,บางมด,10140108701903A,คณะครุศาสตร์อุตสาหกรรม และเทคโนโลยี,ครุศาสตร์อุตสาหกรรมบัณฑิต สาขาวิชา วิศวกรรมไฟฟ้า ปริญญาตรี5 ปี,รอบที่ 3 แอดมิชชั่น (Admission) ปีการศึกษา 2568,วิศวกรรมไฟฟ้า - วิชาโท วิศวกรรมไฟฟ้ากำลัง (ค.อ.บ. 5 ปี),0,1,10,1,69.2914,69.2914
มหาวิทยาลัยเทคโนโลยีพระจอมเกล้าธนบุรี,บางมด,10140108701904A,คณะครุศาสตร์อุตสาหกรรม และเทคโนโลยี,ครุศาสตร์อุตสาหกรรมบัณฑิต สาขาวิชา วิศวกรรมไฟฟ้า ปริญญาตรี5 ปี,รอบที่ 3 แอดมิชชั่น (Admission) ปีการศึกษา 2568,วิศวกรรมไฟฟ้า - วิชาโท วิศวกรรมคอมพิวเตอร์(ค. อ.บ. 5 ปี),0,1,48,1,68.3250,68.3250
มหาวิทยาลัยเทคโนโลยีพระจอมเกล้าธนบุรี,บางมด,10140108702105A,คณะครุศาสตร์อุตสาหกรรม และเทคโนโลยี,ครุศาสตร์อุตสาหกรรมบัณฑิต สาขาวิชา วิศวกรรมโยธา ปริญญาตรี5 ปี,รอบที่ 3 แอดมิชชั่น (Admission) ปีการศึกษา 2568,วิศวกรรมโยธา - ค.อ.บ. 5 ปี,0,35,98,35,69.6500,58.9165
มหาวิทยาลัยเทคโนโลยีพระจอมเกล้าธนบุรี,บางมด,10140108703406A,คณะครุศาสตร์อุตสาหกรรม และเทคโนโลยี,ครุศาสตร์อุตสาหกรรมบัณฑิต สาขาวิชา วิศวกรรมอุตสาหการ ปริญญาตรี5 ปี,รอบที่ 3 แอดมิชชั่น (Admission) ปีการศึกษา 2568,วิศวกรรมอุตสาหการ - ค. อ.บ. 5 ปี,0,14,21,6,67.9749,52.0248
มหาวิทยาลัยเทคโนโลยีพระจอมเกล้าธนบุรี,บางมด,10140109210301A,คณะวิทยาศาสตร์,วิทยาศาสตรบัณฑิต สาขาวิชาคณิตศาสต์รปริญญาตรี4 ปี,รอบที่ 3 แอดมิชชั่น (Admission) ปีการศึกษา 2568,คณิตศาสตร์- วท.บ. 4 ปี,0,30,84,27,62.8582,34.1249
มหาวิทยาลัยเทคโนโลยีพระจอมเกล้าธนบุรี,บางมด,10140109210403A,คณะวิทยาศาสตร์,วิทยาศาสตรบัณฑิต สาขาวิชาเคีมปริญญาตรี4 ปี,รอบที่ 3 แอดมิชชั่น (Admission) ปีการศึกษา 2568,เคีม- วท.บ. 4 ปี,0,100,458,100,75.5830,60.1164
มหาวิทยาลัยเทคโนโลยีพระจอมเกล้าธนบุรี,บางมด,10140109210504A,คณะวิทยาศาสตร์,วิทยาศาสตรบัณฑิต สาขาวิชาจุลชีววิทยา ปริญญาตรี4 ปี,รอบที่ 3 แอดมิชชั่น (Admission) ปีการศึกษา 2568,จุลชีววิทยา - วท.บ. 4 ปี,0,45,270,45,76.7415,68.1916
มหาวิทยาลัยเทคโนโลยีพระจอมเกล้าธนบุรี,บางมด,10140109211005A,คณะวิทยาศาสตร์,วิทยาศาสตรบัณฑิต สาขาวิชา วิทยาศาสตร์และเทคโนโลยีการอาหาร ปริญญาตรี4 ปี,รอบที่ 3 แอดมิชชั่น (Admission) ปีการศึกษา 2568,วิทยาศาสตร์และเทคโนโลียการอาหาร - วท.บ. 4 ปี,0,25,194,25,81.4832,69.6916
มหาวิทยาลัยเทคโนโลยีพระจอมเกล้าธนบุรี,บางมด,10140109212706A,คณะวิทยาศาสตร์,หลักสูตรวิทยาศาสตรบัณฑิต สาขาวิชา ฟิสิก์สปริญญาตรี4 ปี,รอบที่ 3 แอดมิชชั่น (Admission) ปีการศึกษา 2568,ฟิสิก์ส- วิชาเอกฟิสิก์สอุตสาหกรรม - วท.บ. 4 ปี,0,30,198,30,98.2500,90.8000
มหาวิทยาลัยเทคโนโลยีพระจอมเกล้าธนบุรี,บางมด,10140109212707A,คณะวิทยาศาสตร์,หลักสูตรวิทยาศาสตรบัณฑิต สาขาวิชา ฟิสิก์สปริญญาตรี4 ปี,รอบที่ 3 แอดมิชชั่น (Admission) ปีการศึกษา 2568,ฟิสิก์ส- วิชาเอกฟิสิกส์วัสุดและเครื่องมือทางการแพท์ย- วท.บ. 4 ปี,0,40,479,40,######,96.9000
มหาวิทยาลัยเทคโนโลยีพระจอมเกล้าธนบุรี,บางมด,10140109212708A,คณะวิทยาศาสตร์,หลักสูตรวิทยาศาสตรบัณฑิต สาขาวิชา ฟิสิก์สปริญญาตรี4 ปี,รอบที่ 3 แอดมิชชั่น (Admission) ปีการศึกษา 2568,ฟิสิก์ส- วิชาเอกฟิสิกส์เชิง ทฤษฎีและการวิเคราะห์ ข้อมูล - วท.บ. 4 ปี,0,30,102,30,97.1500,86.7000
มหาวิทยาลัยเทคโนโลยีพระจอมเกล้าธนบุรี,บางมด,10140109213309A,คณะวิทยาศาสตร์,หลักสูตรวิทยาศาสตรบัณฑิต สาขาวิชา สถิติและวิทยาการข้อมูล ปริญญาตรี4 ปี,รอบที่ 3 แอดมิชชั่น (Admission) ปีการศึกษา 2568,สถิติและวิทยาการข้อมูล - วท.บ. 4 ปี,0,20,314,20,51.9443,46.1137
มหาวิทยาลัยเทคโนโลยีพระจอมเกล้าธนบุรี,บางมด,10140109220202A,คณะวิทยาศาสตร์,วิทยาศาสตรบัณฑิต สาขาวิชาวิทยาการ คอมพิวเตอร์ประยุก์ตปริญญาตรี4 ปี,รอบที่ 3 แอดมิชชั่น (Admission) ปีการศึกษา 2568,วิทยาการคอมพิวเตอ์รประยุก์ต- วท.บ. 4 ปี,0,10,63,10,59.6575,43.9408
มหาวิทยาลัยเทคโนโลยีพระจอมเกล้าธนบุรี,บางมด,10140113210802A,คณะเทคโนโลยีสารสนเทศ,หลักสูตรศิลปศาสตรบัณฑิต สาขาวิชา นวัตกรรมบริการดิจิทัล ปริญญาตรี4 ปี,รอบที่ 3 แอดมิชชั่น (Admission) ปีการศึกษา 2568,นวัตกรรมบริการดิจิทัล - ศศ.บ. 4 ปี,0,5,118,5,78.6999,70.4333
มหาวิทยาลัยเทคโนโลยีพระจอมเกล้าธนบุรี,บางมด,10140113220101A,คณะเทคโนโลยีสารสนเทศ,วิทยาศาสตรบัณฑิต สาขาวิชาเทคโนโลียสารสนเทศ ปริญญาตรี4 ปี,รอบที่ 3 แอดมิชชั่น (Admission) ปีการศึกษา 2568,เทคโนโลยีสารสนเทศ - วท.บ. 4 ปี,0,17,192,17,61.8666,50.0458
มหาวิทยาลัยเทคโนโลยีพระจอมเกล้าธนบุรี,บางมด,10140113220201E,คณะเทคโนโลยีสารสนเทศ,หลักสูตรวิทยาศาสตรบัณฑิต สาขาวิชา วิทยาการคอมพิวเตอร์(หลักสูตร ภาษาอังกฤษ) ปริญญาตรี4 ปี (หลักสูตร ภาษาอังกฤษ),รอบที่ 3 แอดมิชชั่น (Admission) ปีการศึกษา 2568,วิทยาการคอมพิวเตอ์ร(หลักสูตรภาษาอังกฤษ) - วท.บ. 4 ปี,0,20,196,20,74.8790,66.1915
มหาวิทยาลัยเทคโนโลยีพระจอมเกล้าธนบุรี,บางมด,10140134302901A,สถาบันวิทยาการหุ่นยน์ตภาคสนาม,หลักสูตรวิศวกรรมศาสตรบัณฑิต สาขาวิชาวิศวกรรมหุ่นยนต์และระบบ อัตโนมัติ ปริญญาตรี4 ปี,รอบที่ 3 แอดมิชชั่น (Admission) ปีการศึกษา 2568,วิศวกรรมหุ่นยนต์และระบบ อัตโนมัติ,0,10,60,10,75.0690,61.0693
มหาวิทยาลัยเทคโนโลยีพระจอมเกล้าธนบุรี,บางมด,10140136210801E,วิทยาลัยสหวิทยาการ,หลักสูตรวิทยาศาสตรบัณฑิต สาขาวิชา การออกแบบดิจิทัล (หลักสูตรนานาชาต)ิ ปริญญาตรี4 ปี (หลักสูตรนานาชาต)ิ,รอบที่ 3 แอดมิชชั่น (Admission) ปีการศึกษา 2568,การออกแบบดิจิทัล (หลักสูตรนานาชาต)ิ - สาขา วิชาเอกแอนิเมชั่นและวิชวล เอฟเฟก์ต-วท.บ. 4 ปี,0,2,6,2,21.0000,21.0000
มหาวิทยาลัยเทคโนโลยีพระจอมเกล้าธนบุรี,บางมด,10140136210802E,วิทยาลัยสหวิทยาการ,หลักสูตรวิทยาศาสตรบัณฑิต สาขาวิชา การออกแบบดิจิทัล (หลักสูตรนานาชาต)ิ ปริญญาตรี4 ปี (หลักสูตรนานาชาต)ิ,รอบที่ 3 แอดมิชชั่น (Admission) ปีการศึกษา 2568,การออกแบบดิจิทัล (หลักสูตรนานาชาต)ิ - สาขา วิชาเอกการออกแบบและ การสรา้ งเกม -วท.บ. 4 ปี,0,2,8,2,24.0000,21.0000
มหาวิทยาลัยเทคโนโลยีพระจอมเกล้าธนบุรี,บางมด,10140136303701A,วิทยาลัยสหวิทยาการ,หลักสูตรวิศวกรรมศาสตรบัณฑิต สาขาวิชาวิศวกรรมระบบอัจฉริยะ ปริญญาตรี4 ปี (พื้นที่การศึกษาราชบุรี),รอบที่ 3 แอดมิชชั่น (Admission) ปีการศึกษา 2568,วิศวกรรมระบบอัจฉริยะ - วศ.บ 4 ปี (พื้นที่การศึกษา ราชบุร)ี,0,60,94,47,77.8916,33.9109
มหาวิทยาลัยเทคโนโลยีพระจอมเกล้าธนบุรี,บางขุนเทียน,10140212111407A,คณะสถาปัตยกรรมศาสต์รและการออกแบบ,หลักสูตรเทคโนโลยีบัณฑิต สาขาวิชามีเดีย ทางการแพทย์และวิทยาศาสตร์ปริญญา ตรี4 ปี,รอบที่ 3 แอดมิชชั่น (Admission) ปีการศึกษา 2568,มีเดียทางการแพทย์และวิทยาศาสตร์- ทล.บ. 4 ปี,0,1,41,1,77.8220,77.8220
มหาวิทยาลัยเทคโนโลยีพระจอมเกล้าธนบุรี,บางขุนเทียน,10140212211614A,คณะสถาปัตยกรรมศาสต์รและการออกแบบ,หลักสูตรวิทยาศาสตรบัณฑิต สาขาวิชา เทคโนโลยีมีเดีย ปริญญาตรี4 ปี,รอบที่ 3 แอดมิชชั่น (Admission) ปีการศึกษา 2568,เทคโนโลยีมีเดีย- วท.บ. 4 ปี,0,30,135,30,81.4554,69.5248
มหาวิทยาลัยเทคโนโลยีพระจอมเกล้าธนบุรี,บางขุนเทียน,10140212220502A,คณะสถาปัตยกรรมศาสต์รและการออกแบบ,หลักสูตรศิลปบัณฑิต สาขาวิชามีเดียอาต์สปริญญาตรี4 ปี,รอบที่ 3 แอดมิชชั่น (Admission) ปีการศึกษา 2568,มีเดียอาตส-์กลุ่มเอก แอนิเมชัน- ศล.บ. 4 ปี,0,5,156,5,78.0220,68.6888
มหาวิทยาลัยเทคโนโลยีพระจอมเกล้าธนบุรี,บางขุนเทียน,10140212400304E,คณะสถาปัตยกรรมศาสต์รและการออกแบบ,หลักสูตรภูมิสถาปัตยกรรมศาสตรบัณฑิต สาขาวิชาภูมิสถาปัตยกรรม (หลักสูตร นานาชาติ) ปริญญาตรี5 ปี,รอบที่ 3 แอดมิชชั่น (Admission) ปีการศึกษา 2568,ภูมิสถาปัตยกรรม (หลักสูตร นานาชาติ) - ภ.สถ.บ. 5 ปี,0,20,12,0,0.0000,0.0000
มหาวิทยาลัยเทคโนโลยีพระจอมเกล้าธนบุรี,บางขุนเทียน,10140212400501E,คณะสถาปัตยกรรมศาสต์รและการออกแบบ,สถาปัตยกรรมศาสตรบัณฑิต สาขาวิชา สถาปัตยกรรม (หลักสูตรนานาชาต)ิ ปริญญาตรี5 ปี,รอบที่ 3 แอดมิชชั่น (Admission) ปีการศึกษา 2568,สถาปัตยกรรม (หลักสูตร นานาชาติ) - สถ.บ. 5 ปี,0,10,50,10,70.6498,51.7583
มหาวิทยาลัยเทคโนโลยีพระจอมเกล้าธนบุรี,บางขุนเทียน,10140212400702E,คณะสถาปัตยกรรมศาสต์รและการออกแบบ,สถาปัตยกรรมศาสตรบัณฑิต สาขาวิชา สถาปัตยกรรมภายใน (หลักสูตรนานาชาต)ิ ปริญญาตรี5 ปี,รอบที่ 3 แอดมิชชั่น (Admission) ปีการศึกษา 2568,สถาปัตยกรรมภายใน (หลักสูตรนานาชาต)ิ - สถ.บ. 5 ปี,0,15,27,6,66.8999,50.9416
มหาวิทยาลัยเทคโนโลยีพระจอมเกล้าธนบุรี,บางขุนเทียน,10140212800101A,คณะสถาปัตยกรรมศาสต์รและการออกแบบ,หลักสูตรศิลปบัณฑิต สาขาวิชามีเดียอาต์สปริญญาตรี4 ปี,รอบที่ 3 แอดมิชชั่น (Admission) ปีการศึกษา 2568,มีเดียอาตส-์กลุ่มเอกการ ออกแบบกราฟิก- ศล.บ. 4 ปี,0,10,109,10,72.7608,63.7108
มหาวิทยาลัยเทคโนโลยีพระจอมเกล้าธนบุรี,บางขุนเทียน,10140212800103A,คณะสถาปัตยกรรมศาสต์รและการออกแบบ,หลักสูตรศิลปบัณฑิต สาขาวิชามีเดียอาต์สปริญญาตรี4 ปี,รอบที่ 3 แอดมิชชั่น (Admission) ปีการศึกษา 2568,มีเดียอาตส-์กลุ่มเอก ภาพยนตร์และ ภาพเคลื่อนไหว- ศล.บ. 4 ปี,0,5,70,5,65.5496,63.4944
มหาวิทยาลัยเทคโนโลยีพระจอมเกล้าธนบุรี,บางขุนเทียน,10140212800103E,คณะสถาปัตยกรรมศาสต์รและการออกแบบ,ศิลปบัณฑิต สาขาวิชาออกแบบนิเทศศิล์ป(หลักสูตรนานาชาต)ิ ปริญญาตรี4 ปี นานาชาติ,รอบที่ 3 แอดมิชชั่น (Admission) ปีการศึกษา 2568,ออกแบบนิเทศศิล์ป(หลักสูตรนานาชาต)ิ - ศล.บ. 4 ปี,0,15,13,3,56.6414,53.3412
มหาวิทยาลัยเทคโนโลยีพระจอมเกล้าธนบุรี,บางขุนเทียน,10140212800105E,คณะสถาปัตยกรรมศาสต์รและการออกแบบ,หลักสูตรศิลปกรรมศาสตรบัณฑิต สาขาวิชานวัตกรรมการออกแบบ (หลักสูตรนานาชาต)ิ ปริญญาตรี4 ปี (หลักสูตรนานาชาต)ิ,รอบที่ 3 แอดมิชชั่น (Admission) ปีการศึกษา 2568,นวัตกรรมการออกแบบ (หลักสูตรนานาชาต)ิ - ศป.บ. 4 ปี,0,20,4,0,0.0000,0.0000
มหาวิทยาลัยเทคโนโลยีพระจอมเกล้าธนบุรี,บางขุนเทียน,10140212800106E,คณะสถาปัตยกรรมศาสต์รและการออกแบบ,หลักสูตรวิทยาศาสตรบัณฑิต สาขาวิชา การบูรณาการการออกแบบด้วยพหุปัญญา (หลักสูตรนานาชาต)ิ ปริญญาตรี4 ปี (หลักสูตรนานาชาต)ิ,รอบที่ 3 แอดมิชชั่น (Admission) ปีการศึกษา 2568,การบูรณาการการออกแบบ ด้วยพหุปัญญา (หลักสูตร นานาชาติ) - วท.บ. 4 ปี,0,20,2,1,86.9999,86.9999
มหาวิทยาลัยเทคโนโลยีพระจอมเกล้าพระนครเหนือ,กรุงเทพฯ,10150101300301A,คณะวิศวกรรมศาสตร์,วศ.บ.วิศวกรรมการผลิต,การคัดเลือกผ่านระบบกลาง Admissions,,0,40,660,40,39.3165,34.5000
มหาวิทยาลัยเทคโนโลยีพระจอมเกล้าพระนครเหนือ,กรุงเทพฯ,10150101300501A,คณะวิศวกรรมศาสตร์,วศ.บ.วิศวกรรมคอมพิวเตอร์,การคัดเลือกผ่านระบบกลาง Admissions,,0111,5,170,5,54.7333,51.0833
มหาวิทยาลัยเทคโนโลยีพระจอมเกล้าพระนครเหนือ,กรุงเทพฯ,10150101300501A,คณะวิศวกรรมศาสตร์,วศ.บ.วิศวกรรมคอมพิวเตอร์,การคัดเลือกผ่านระบบกลาง Admissions (สำหรับวุฒิ อาชีวศึกษา),,0111,5,24,0,0.0000,0.0000
มหาวิทยาลัยเทคโนโลยีพระจอมเกล้าพระนครเหนือ,กรุงเทพฯ,10150101300601A,คณะวิศวกรรมศาสตร์,วศ.บ.วิศวกรรมเคมี,การคัดเลือกผ่านระบบกลาง Admissions,,0103,30,534,30,67.8190,61.8610
มหาวิทยาลัยเทคโนโลยีพระจอมเกล้าพระนครเหนือ,กรุงเทพฯ,10150101300601A,คณะวิศวกรรมศาสตร์,วศ.บ.วิศวกรรมเคมี,การคัดเลือกผ่านระบบกลาง Admissions (ใช้คะแนน A-Level),,0103,30,16,0,0.0000,0.0000
มหาวิทยาลัยเทคโนโลยีพระจอมเกล้าพระนครเหนือ,กรุงเทพฯ,10150101300701A,คณะวิศวกรรมศาสตร์,วศ.บ.วิศวกรรมเครื่องกล,การคัดเลือกผ่านระบบกลาง Admissions,,0,35,656,35,60.5458,46.0041
มหาวิทยาลัยเทคโนโลยีพระจอมเกล้าพระนครเหนือ,กรุงเทพฯ,10150101300701E,คณะวิศวกรรมศาสตร์,วศ.บ.วิศวกรรมเครื่องกลเพื่อการออกแบบ และนวัตกรรม (หลักสูตรนานาชาต)ิ,การคัดเลือกผ่านระบบกลาง Admissions,,0,30,16,7,41.3250,26.8833
มหาวิทยาลัยเทคโนโลยีพระจอมเกล้าพระนครเหนือ,กรุงเทพฯ,10150101300702A,คณะวิศวกรรมศาสตร์,วศ.บ.วิศวกรรมขนถ่ายวัสดุ,การคัดเลือกผ่านระบบกลาง Admissions,,0,15,48,15,43.1832,33.5610
มหาวิทยาลัยเทคโนโลยีพระจอมเกล้าพระนครเหนือ,กรุงเทพฯ,10150101301501A,คณะวิศวกรรมศาสตร์,วศ.บ.วิศวกรรมไฟฟ้าอุตสาหกรรมและ พลังงาน,การคัดเลือกผ่านระบบกลาง Admissions,,0118,10,202,10,60.7762,49.0722
มหาวิทยาลัยเทคโนโลยีพระจอมเกล้าพระนครเหนือ,กรุงเทพฯ,10150101301501A,คณะวิศวกรรมศาสตร์,วศ.บ.วิศวกรรมไฟฟ้าอุตสาหกรรมและ พลังงาน,การคัดเลือกผ่านระบบกลาง Admissions (สำหรับวุฒิ อาชีวศึกษา),,0118,10,11,0,0.0000,0.0000
มหาวิทยาลัยเทคโนโลยีพระจอมเกล้าพระนครเหนือ,กรุงเทพฯ,10150101301501B,คณะวิศวกรรมศาสตร์,วศ.บ.วิศวกรรมไฟฟ้าอุตสาหกรรมและ พลังงาน,การคัดเลือกผ่านระบบกลาง Admissions,,0128,15,102,15,48.8471,45.7899
มหาวิทยาลัยเทคโนโลยีพระจอมเกล้าพระนครเหนือ,กรุงเทพฯ,10150101301501B,คณะวิศวกรรมศาสตร์,วศ.บ.วิศวกรรมไฟฟ้าอุตสาหกรรมและ พลังงาน,การคัดเลือกผ่านระบบกลาง Admissions (สำหรับวุฒิ อาชีวศึกษา),,0128,15,4,0,0.0000,0.0000
มหาวิทยาลัยเทคโนโลยีพระจอมเกล้าพระนครเหนือ,กรุงเทพฯ,10150101301601A,คณะวิศวกรรมศาสตร์,วศ.บ.วิศวกรรมไฟฟ้า,การคัดเลือกผ่านระบบกลาง Admissions,วิศวกรรมไฟฟ้ากำลัง/ วิศวกรรมควบคุมอัตโนมัติ,0108,10,159,10,51.2500,42.5000
มหาวิทยาลัยเทคโนโลยีพระจอมเกล้าพระนครเหนือ,กรุงเทพฯ,10150101301601A,คณะวิศวกรรมศาสตร์,วศ.บ.วิศวกรรมไฟฟ้า,การคัดเลือกผ่านระบบกลาง Admissions (สำหรับวุฒิ อาชีวศึกษา),วิศวกรรมไฟฟ้ากำลัง/ วิศวกรรมควบคุมอัตโนมัติ,0108,10,38,0,0.0000,0.0000
มหาวิทยาลัยเทคโนโลยีพระจอมเกล้าพระนครเหนือ,กรุงเทพฯ,10150101301601A,คณะวิศวกรรมศาสตร์,วศ.บ.วิศวกรรมไฟฟ้า,การคัดเลือกผ่านระบบกลาง Admissions,วิศวกรรมโทรคมนาคม,0109,5,30,4,48.4000,38.1165
มหาวิทยาลัยเทคโนโลยีพระจอมเกล้าพระนครเหนือ,กรุงเทพฯ,10150101301601A,คณะวิศวกรรมศาสตร์,วศ.บ.วิศวกรรมไฟฟ้า,การคัดเลือกผ่านระบบกลาง Admissions (สำหรับวุฒิ อาชีวศึกษา),วิศวกรรมโทรคมนาคม,0109,5,14,1,40.2665,40.2665
มหาวิทยาลัยเทคโนโลยีพระจอมเกล้าพระนครเหนือ,กรุงเทพฯ,10150101301601D,คณะวิศวกรรมศาสตร์,วิศวกรรมไฟฟ้าและระบบอัจฉริยะ (หลักสูตรภาษาอังกฤษ),การคัดเลือกผ่านระบบกลาง Admissions,,0110,10,29,9,39.7500,30.7500
มหาวิทยาลัยเทคโนโลยีพระจอมเกล้าพระนครเหนือ,กรุงเทพฯ,10150101301601D,คณะวิศวกรรมศาสตร์,วิศวกรรมไฟฟ้าและระบบอัจฉริยะ (หลักสูตรภาษาอังกฤษ),การคัดเลือกผ่านระบบกลาง Admissions (สำหรับวุฒิ อาชีวศึกษา),,0110,10,4,1,32.3165,32.3165
มหาวิทยาลัยเทคโนโลยีพระจอมเกล้าพระนครเหนือ,กรุงเทพฯ,10150101302101B,คณะวิศวกรรมศาสตร์,วศ.บ.วิศวกรรมโยธา,การคัดเลือกผ่านระบบกลาง Admissions,,0112,40,209,39,49.4791,36.6957
มหาวิทยาลัยเทคโนโลยีพระจอมเกล้าพระนครเหนือ,กรุงเทพฯ,10150101302101B,คณะวิศวกรรมศาสตร์,วศ.บ.วิศวกรรมโยธา,การคัดเลือกผ่านระบบกลาง Admissions (สำหรับวุฒิ อาชีวศึกษา),,0112,40,7,1,36.9791,36.9791
มหาวิทยาลัยเทคโนโลยีพระจอมเกล้าพระนครเหนือ,กรุงเทพฯ,10150101302401A,คณะวิศวกรรมศาสตร์,วศ.บ.วิศวกรรมโลจิสติกส์,การคัดเลือกผ่านระบบกลาง Admissions,,0,15,126,15,41.1608,35.9164
มหาวิทยาลัยเทคโนโลยีพระจอมเกล้าพระนครเหนือ,กรุงเทพฯ,10150101302401B,คณะวิศวกรรมศาสตร์,วศ.บ.วิศวกรรมโลจิสติกส์,การคัดเลือกผ่านระบบกลาง Admissions,,0,15,50,15,37.6610,32.0831
มหาวิทยาลัยเทคโนโลยีพระจอมเกล้าพระนครเหนือ,กรุงเทพฯ,10150101302501A,คณะวิศวกรรมศาสตร์,วศ.บ.วิศวกรรมวัสดุ,การคัดเลือกผ่านระบบกลาง Admissions,,0,30,289,30,49.9373,42.1456
มหาวิทยาลัยเทคโนโลยีพระจอมเกล้าพระนครเหนือ,กรุงเทพฯ,10150101302502E,คณะวิศวกรรมศาสตร์,วศ.บ.วิศวกรรมวัสดุและการออกแบบ (หลักสูตรนานาชาต)ิ,การคัดเลือกผ่านระบบกลาง Admissions,,0,30,3,1,40.9804,40.9804
มหาวิทยาลัยเทคโนโลยีพระจอมเกล้าพระนครเหนือ,กรุงเทพฯ,10150101302901D,คณะวิศวกรรมศาสตร์,วศ.บ.วิศวกรรมหุ่นยนต์และระบบอัตโนมัติ (หลักสูตรภาษาอังกฤษ),การคัดเลือกผ่านระบบกลาง Admissions,,0,30,102,30,49.3250,29.0916
มหาวิทยาลัยเทคโนโลยีพระจอมเกล้าพระนครเหนือ,กรุงเทพฯ,10150101303201A,คณะวิศวกรรมศาสตร์,วศ.บ.วิศวกรรมการบินและอวกาศ,การคัดเลือกผ่านระบบกลาง Admissions,,0,35,467,35,47.8081,42.5082
มหาวิทยาลัยเทคโนโลยีพระจอมเกล้าพระนครเหนือ,กรุงเทพฯ,10150101303201E,คณะวิศวกรรมศาสตร์,วศ.บ.วิศวกรรมการบินและอวกาศ (หลักสูตรนานาชาต)ิ,การคัดเลือกผ่านระบบกลาง Admissions,,0,30,94,30,41.1833,30.0706
มหาวิทยาลัยเทคโนโลยีพระจอมเกล้าพระนครเหนือ,กรุงเทพฯ,10150101303501A,คณะวิศวกรรมศาสตร์,วศ.บ.วิศวกรรมอุตสาหการ,การคัดเลือกผ่านระบบกลาง Admissions,,0,20,471,20,50.3414,46.1998
มหาวิทยาลัยเทคโนโลยีพระจอมเกล้าพระนครเหนือ,กรุงเทพฯ,10150102302101A,คณะครุศาสตร์อุตสาหกรรม,วศ.บ.วิศวกรรมโยธาและการศึกษา (หลักสูตร 5 ปี),การคัดเลือกผ่านระบบกลาง Admissions,,0209,5,43,5,67.8125,58.9998
มหาวิทยาลัยเทคโนโลยีพระจอมเกล้าพระนครเหนือ,กรุงเทพฯ,10150102302101A,คณะครุศาสตร์อุตสาหกรรม,วศ.บ.วิศวกรรมโยธาและการศึกษา (หลักสูตร 5 ปี),การคัดเลือกผ่านระบบกลาง Admissions (สำหรับวุฒิ อาชีวศึกษา),,0209,5,7,0,0.0000,0.0000
มหาวิทยาลัยเทคโนโลยีพระจอมเกล้าพระนครเหนือ,กรุงเทพฯ,10150102700101A,คณะครุศาสตร์อุตสาหกรรม,ค.อ.บ.วิศวกรรมแมคคาทรอนิกส์และ หุ่นยนต์,การคัดเลือกผ่านระบบกลาง Admissions,,0203,5,6,3,45.3832,38.6832
มหาวิทยาลัยเทคโนโลยีพระจอมเกล้าพระนครเหนือ,กรุงเทพฯ,10150102700101A,คณะครุศาสตร์อุตสาหกรรม,ค.อ.บ.วิศวกรรมแมคคาทรอนิกส์และ หุ่นยนต์,การคัดเลือกผ่านระบบกลาง Admissions (สำหรับวุฒิ อาชีวศึกษา),,0203,5,1,1,37.8833,37.8833
มหาวิทยาลัยเทคโนโลยีพระจอมเกล้าพระนครเหนือ,กรุงเทพฯ,10150102700901A,คณะครุศาสตร์อุตสาหกรรม,ค.อ.บ.เทคโนโลยีคอมพิวเตอร์,การคัดเลือกผ่านระบบกลาง Admissions,,0,4,52,4,67.0205,61.2083
มหาวิทยาลัยเทคโนโลยีพระจอมเกล้าพระนครเหนือ,กรุงเทพฯ,10150102701101A,คณะครุศาสตร์อุตสาหกรรม,ค.อ.บ.วิศวกรรมเครื่องกล (หลักสูตร 5 ปี),การคัดเลือกผ่านระบบกลาง Admissions,,0201,5,24,5,55.5205,54.0000
มหาวิทยาลัยเทคโนโลยีพระจอมเกล้าพระนครเหนือ,กรุงเทพฯ,10150102701101A,คณะครุศาสตร์อุตสาหกรรม,ค.อ.บ.วิศวกรรมเครื่องกล (หลักสูตร 5 ปี),การคัดเลือกผ่านระบบกลาง Admissions (สำหรับวุฒิ อาชีวศึกษา),,0201,5,3,0,0.0000,0.0000
มหาวิทยาลัยเทคโนโลยีพระจอมเกล้าพระนครเหนือ,กรุงเทพฯ,10150102701102A,คณะครุศาสตร์อุตสาหกรรม,ค.อ.บ.วิศวกรรมการผลิตและอุตสาหการ,การคัดเลือกผ่านระบบกลาง Admissions,,0202,5,38,3,51.4790,50.9583
มหาวิทยาลัยเทคโนโลยีพระจอมเกล้าพระนครเหนือ,กรุงเทพฯ,10150102701102A,คณะครุศาสตร์อุตสาหกรรม,ค.อ.บ.วิศวกรรมการผลิตและอุตสาหการ,การคัดเลือกผ่านระบบกลาง Admissions (สำหรับวุฒิ อาชีวศึกษา),,0202,5,4,2,50.7915,49.6040
มหาวิทยาลัยเทคโนโลยีพระจอมเกล้าพระนครเหนือ,กรุงเทพฯ,10150103213501A,วิทยาลัยเทคโนโลียอุตสาหกรรม,วท.บ.การจัดการเทคโนโลยีการผลิตและ สารสนเทศ,การคัดเลือกผ่านระบบกลาง Admissions,,0,5,54,5,39.2354,36.0813
มหาวิทยาลัยเทคโนโลยีพระจอมเกล้าพระนครเหนือ,กรุงเทพฯ,10150103213501B,วิทยาลัยเทคโนโลียอุตสาหกรรม,วท.บ.การจัดการเทคโนโลยีการผลิตและ สารสนเทศ,การคัดเลือกผ่านระบบกลาง Admissions,,0,10,14,10,37.5859,30.1376
มหาวิทยาลัยเทคโนโลยีพระจอมเกล้าพระนครเหนือ,กรุงเทพฯ,10150103300702A,วิทยาลัยเทคโนโลียอุตสาหกรรม,วศ.บ.เทคโนโลยีวิศวกรรมการเชื่อม,การคัดเลือกผ่านระบบกลาง Admissions,,0,5,24,5,35.6660,34.9358
มหาวิทยาลัยเทคโนโลยีพระจอมเกล้าพระนครเหนือ,กรุงเทพฯ,10150103300703A,วิทยาลัยเทคโนโลียอุตสาหกรรม,วศ.บ.เทคโนโลยีวิศวกรรมการออกแบบ และผลิตเครื่องจักรกล,การคัดเลือกผ่านระบบกลาง Admissions,สรา้ งเครื่องจักรกล,0,5,32,5,42.3055,40.3650
มหาวิทยาลัยเทคโนโลยีพระจอมเกล้าพระนครเหนือ,กรุงเทพฯ,10150103300703B,วิทยาลัยเทคโนโลียอุตสาหกรรม,วศ.บ.เทคโนโลยีวิศวกรรมการออกแบบ และผลิตเครื่องจักรกล,การคัดเลือกผ่านระบบกลาง Admissions,สรา้ งเครื่องจักรกล,0,5,12,5,37.6360,32.4498
มหาวิทยาลัยเทคโนโลยีพระจอมเกล้าพระนครเหนือ,กรุงเทพฯ,10150103302501A,วิทยาลัยเทคโนโลียอุตสาหกรรม,วศ.บ.เทคโนโลยีวิศวกรรมพอลิเมอร์และอุตสาหกรรมยาง,การคัดเลือกผ่านระบบกลาง Admissions,,0,5,39,5,38.3665,35.7235
มหาวิทยาลัยเทคโนโลยีพระจอมเกล้าพระนครเหนือ,กรุงเทพฯ,10150103303401A,วิทยาลัยเทคโนโลียอุตสาหกรรม,วศ.บ.เทคโนโลยีวิศวกรรมอิเล็กทรอนิกส์,การคัดเลือกผ่านระบบกลาง Admissions,โทรคมนาคม,0,5,38,5,39.7385,37.0373
มหาวิทยาลัยเทคโนโลยีพระจอมเกล้าพระนครเหนือ,กรุงเทพฯ,10150103303401A,วิทยาลัยเทคโนโลียอุตสาหกรรม,วศ.บ.เทคโนโลยีวิศวกรรมอิเล็กทรอนิกส์,การคัดเลือกผ่านระบบกลาง Admissions,คอมพิวเตอร์,0,5,111,5,46.6220,42.1678
มหาวิทยาลัยเทคโนโลยีพระจอมเกล้าพระนครเหนือ,กรุงเทพฯ,10150103303401A,วิทยาลัยเทคโนโลียอุตสาหกรรม,วศ.บ.เทคโนโลยีวิศวกรรมอิเล็กทรอนิกส์,การคัดเลือกผ่านระบบกลาง Admissions,เครื่องมือวัดและควบคุม,0,5,62,5,40.0693,37.7803
มหาวิทยาลัยเทคโนโลยีพระจอมเกล้าพระนครเหนือ,กรุงเทพฯ,10150103303401A,วิทยาลัยเทคโนโลียอุตสาหกรรม,วศ.บ.เทคโนโลยีวิศวกรรมอิเล็กทรอนิกส์,การคัดเลือกผ่านระบบกลาง Admissions,การกระจายเสียงวิทยุและ โทรทัศน์,0,5,32,5,35.0010,33.4358
มหาวิทยาลัยเทคโนโลยีพระจอมเกล้าพระนครเหนือ,กรุงเทพฯ,10150103303401B,วิทยาลัยเทคโนโลียอุตสาหกรรม,วศ.บ.เทคโนโลยีวิศวกรรมอิเล็กทรอนิกส์,การคัดเลือกผ่านระบบกลาง Admissions,คอมพิวเตอร์,0,5,21,5,39.2888,35.9595
มหาวิทยาลัยเทคโนโลยีพระจอมเกล้าพระนครเหนือ,กรุงเทพฯ,10150103303402A,วิทยาลัยเทคโนโลียอุตสาหกรรม,วศ.บ.ระบบสมองกลฝังตัวและการ ออกแบบอิเล็กทรอนิกส์,การคัดเลือกผ่านระบบกลาง Admissions,,0,20,41,20,40.4290,28.3775
มหาวิทยาลัยเทคโนโลยีพระจอมเกล้าพระนครเหนือ,กรุงเทพฯ,10150103303501A,วิทยาลัยเทคโนโลียอุตสาหกรรม,วศ.บ.เทคโนโลยีวิศวกรรมอุตสาหการ,การคัดเลือกผ่านระบบกลาง Admissions,การออกแบบผลิตภัณฑ์และ การผลิต,0,10,50,10,38.7783,33.6015
มหาวิทยาลัยเทคโนโลยีพระจอมเกล้าพระนครเหนือ,กรุงเทพฯ,10150103303501A,วิทยาลัยเทคโนโลียอุตสาหกรรม,วศ.บ.เทคโนโลยีวิศวกรรมอุตสาหการ,การคัดเลือกผ่านระบบกลาง Admissions,การจัดการกระบวนการผลิต,0,10,59,10,42.6163,36.7002
มหาวิทยาลัยเทคโนโลยีพระจอมเกล้าพระนครเหนือ,กรุงเทพฯ,10150104111101A,คณะวิทยาศาสตร์ประยุกต์,วท.บ.วิทยาศาสตร์สุขภาพและความงาม,การคัดเลือกผ่านระบบกลาง Admissions,,0,35,672,35,62.6940,54.8745
มหาวิทยาลัยเทคโนโลยีพระจอมเกล้าพระนครเหนือ,กรุงเทพฯ,10150104111101B,คณะวิทยาศาสตร์ประยุกต์,วท.บ.วิทยาศาสตร์สุขภาพและความงาม,การคัดเลือกผ่านระบบกลาง Admissions,,0,5,249,5,53.3885,51.9305
มหาวิทยาลัยเทคโนโลยีพระจอมเกล้าพระนครเหนือ,กรุงเทพฯ,10150104210301A,คณะวิทยาศาสตร์ประยุกต์,วท.บ.คณิตศาสตร์ประยุกต์,การคัดเลือกผ่านระบบกลาง Admissions,,0,50,424,50,60.1660,45.0830
มหาวิทยาลัยเทคโนโลยีพระจอมเกล้าพระนครเหนือ,กรุงเทพฯ,10150104210301B,คณะวิทยาศาสตร์ประยุกต์,วท.บ.คณิตศาสตร์ประยุกต์,การคัดเลือกผ่านระบบกลาง Admissions,,0,30,26,8,52.1250,30.3470
มหาวิทยาลัยเทคโนโลยีพระจอมเกล้าพระนครเหนือ,กรุงเทพฯ,10150104210302A,คณะวิทยาศาสตร์ประยุกต์,วท.บ.คณิตศาสตร์เชิงวิทยาการ คอมพิวเตอร์,การคัดเลือกผ่านระบบกลาง Admissions,,0,50,352,50,70.8465,53.3050
มหาวิทยาลัยเทคโนโลยีพระจอมเกล้าพระนครเหนือ,กรุงเทพฯ,10150104210302B,คณะวิทยาศาสตร์ประยุกต์,วท.บ.คณิตศาสตร์เชิงวิทยาการ คอมพิวเตอร์,การคัดเลือกผ่านระบบกลาง Admissions,,0,30,140,30,58.9580,48.5830
มหาวิทยาลัยเทคโนโลยีพระจอมเกล้าพระนครเหนือ,กรุงเทพฯ,10150104210401A,คณะวิทยาศาสตร์ประยุกต์,วท.บ.เคมีอุตสาหกรรม,การคัดเลือกผ่านระบบกลาง Admissions,,0,35,552,35,63.0550,51.9440
มหาวิทยาลัยเทคโนโลยีพระจอมเกล้าพระนครเหนือ,กรุงเทพฯ,10150104210401B,คณะวิทยาศาสตร์ประยุกต์,วท.บ.เคมีอุตสาหกรรม,การคัดเลือกผ่านระบบกลาง Admissions,,0,5,92,5,55.3885,49.0830
มหาวิทยาลัยเทคโนโลยีพระจอมเกล้าพระนครเหนือ,กรุงเทพฯ,10150104211001A,คณะวิทยาศาสตร์ประยุกต์,วท.บ.วิทยาศาสตร์และเทคโนโลยีทาง อาหาร,การคัดเลือกผ่านระบบกลาง Admissions,,0,50,630,50,58.8745,48.4028
มหาวิทยาลัยเทคโนโลยีพระจอมเกล้าพระนครเหนือ,กรุงเทพฯ,10150104211001B,คณะวิทยาศาสตร์ประยุกต์,วท.บ.วิทยาศาสตร์และเทคโนโลยีทาง อาหาร,การคัดเลือกผ่านระบบกลาง Admissions,,0,15,113,15,47.3675,42.4090
มหาวิทยาลัยเทคโนโลยีพระจอมเกล้าพระนครเหนือ,กรุงเทพฯ,10150104211201A,คณะวิทยาศาสตร์ประยุกต์,วท.บ.เทคโนโลยีชีวภาพ,การคัดเลือกผ่านระบบกลาง Admissions,,0,40,467,41,56.1105,48.5000
มหาวิทยาลัยเทคโนโลยีพระจอมเกล้าพระนครเหนือ,กรุงเทพฯ,10150104211201B,คณะวิทยาศาสตร์ประยุกต์,วท.บ.เทคโนโลยีชีวภาพ,การคัดเลือกผ่านระบบกลาง Admissions,,0,40,72,34,48.9995,31.6385
มหาวิทยาลัยเทคโนโลยีพระจอมเกล้าพระนครเหนือ,กรุงเทพฯ,10150104211901A,คณะวิทยาศาสตร์ประยุกต์,วท.บ.วิทยาศาสตร์เทคโนโลยีสิ่งแวดล้อม,การคัดเลือกผ่านระบบกลาง Admissions,,0,40,409,40,56.2444,45.0888
มหาวิทยาลัยเทคโนโลยีพระจอมเกล้าพระนครเหนือ,กรุงเทพฯ,10150104211901B,คณะวิทยาศาสตร์ประยุกต์,วท.บ.วิทยาศาสตร์เทคโนโลยีสิ่งแวดล้อม,การคัดเลือกผ่านระบบกลาง Admissions,,0,40,33,15,46.1442,27.1548
มหาวิทยาลัยเทคโนโลยีพระจอมเกล้าพระนครเหนือ,กรุงเทพฯ,10150104212701A,คณะวิทยาศาสตร์ประยุกต์,วท.บ.ฟิสิกส์อุตสาหกรรมและอุปกร์ณการแพทย์,การคัดเลือกผ่านระบบกลาง Admissions,แขนงวิชาฟิสิกส์ประยุกต์,0,10,332,10,61.1525,54.3470
มหาวิทยาลัยเทคโนโลยีพระจอมเกล้าพระนครเหนือ,กรุงเทพฯ,10150104212701A,คณะวิทยาศาสตร์ประยุกต์,วท.บ.ฟิสิกส์อุตสาหกรรมและอุปกร์ณการแพทย์,การคัดเลือกผ่านระบบกลาง Admissions,แขนงวิชาฟิสิก์สอุตสาหกรรมและเทคโนโลียแผ่นวงจรพิมพ์,0,15,127,15,54.6110,49.3470
มหาวิทยาลัยเทคโนโลยีพระจอมเกล้าพระนครเหนือ,กรุงเทพฯ,10150104212701A,คณะวิทยาศาสตร์ประยุกต์,วท.บ.ฟิสิกส์อุตสาหกรรมและอุปกร์ณการแพทย์,การคัดเลือกผ่านระบบกลาง Admissions,แขนงวิชาอุปกรณ์การแพทย์,0,25,495,25,67.5550,55.7495
มหาวิทยาลัยเทคโนโลยีพระจอมเกล้าพระนครเหนือ,กรุงเทพฯ,10150104212701B,คณะวิทยาศาสตร์ประยุกต์,วท.บ.ฟิสิกส์อุตสาหกรรมและอุปกร์ณการแพทย์,การคัดเลือกผ่านระบบกลาง Admissions,แขนงวิชาฟิสิกส์ประยุกต์,0,10,92,10,57.6385,48.3885
มหาวิทยาลัยเทคโนโลยีพระจอมเกล้าพระนครเหนือ,กรุงเทพฯ,10150104212702B,คณะวิทยาศาสตร์ประยุกต์,วท.บ.ฟิสิกส์อุตสาหกรรมและอุปกร์ณการแพทย์,การคัดเลือกผ่านระบบกลาง Admissions,แขนงวิชาฟิสิก์สอุตสาหกรรมและเทคโนโลียแผ่นวงจรพิมพ์,0,10,38,10,56.3885,42.7355
มหาวิทยาลัยเทคโนโลยีพระจอมเกล้าพระนครเหนือ,กรุงเทพฯ,10150104212703B,คณะวิทยาศาสตร์ประยุกต์,วท.บ.ฟิสิกส์อุตสาหกรรมและอุปกร์ณการแพทย์,การคัดเลือกผ่านระบบกลาง Admissions,แขนงวิชาอุปกรณ์การแพทย์,0,10,234,10,55.7355,52.5550
มหาวิทยาลัยเทคโนโลยีพระจอมเกล้าพระนครเหนือ,กรุงเทพฯ,10150104212704A,คณะวิทยาศาสตร์ประยุกต์,วท.บ.ฟิสิกส์วิศวกรรม,การคัดเลือกผ่านระบบกลาง Admissions,วัสดุวิศวกรรม,0,10,113,10,55.6805,46.9440
มหาวิทยาลัยเทคโนโลยีพระจอมเกล้าพระนครเหนือ,กรุงเทพฯ,10150104212704A,คณะวิทยาศาสตร์ประยุกต์,วท.บ.ฟิสิกส์วิศวกรรม,การคัดเลือกผ่านระบบกลาง Admissions,วิศวกรรมโฟโตนิกส์,0,10,54,10,50.1525,44.4440
มหาวิทยาลัยเทคโนโลยีพระจอมเกล้าพระนครเหนือ,กรุงเทพฯ,10150104213301A,คณะวิทยาศาสตร์ประยุกต์,วท.บ.สถิติประยุกต์สำหรับวิทยาการ วิเคราะห์ธุรกิจและอุตสาหกรรม,การคัดเลือกผ่านระบบกลาง Admissions,,0,80,477,80,58.4300,44.7500
มหาวิทยาลัยเทคโนโลยีพระจอมเกล้าพระนครเหนือ,กรุงเทพฯ,10150104213301B,คณะวิทยาศาสตร์ประยุกต์,วท.บ.สถิติประยุกต์สำหรับวิทยาการ วิเคราะห์ธุรกิจและอุตสาหกรรม,การคัดเลือกผ่านระบบกลาง Admissions,,0,30,34,12,51.5410,36.3885
มหาวิทยาลัยเทคโนโลยีพระจอมเกล้าพระนครเหนือ,กรุงเทพฯ,10150104213302A,คณะวิทยาศาสตร์ประยุกต์,วท.บ.สถิติธุรกิจและวิทยาการประกันภัย,การคัดเลือกผ่านระบบกลาง Admissions,,0,80,295,80,62.7355,41.9720
มหาวิทยาลัยเทคโนโลยีพระจอมเกล้าพระนครเหนือ,กรุงเทพฯ,10150104213302B,คณะวิทยาศาสตร์ประยุกต์,วท.บ.สถิติธุรกิจและวิทยาการประกันภัย,การคัดเลือกผ่านระบบกลาง Admissions,,0,30,27,7,43.4720,37.9860
มหาวิทยาลัยเทคโนโลยีพระจอมเกล้าพระนครเหนือ,กรุงเทพฯ,10150104220201A,คณะวิทยาศาสตร์ประยุกต์,วท.บ.วิทยาการคอมพิวเตอร์,การคัดเลือกผ่านระบบกลาง Admissions,,0,40,842,40,69.7552,62.9772
มหาวิทยาลัยเทคโนโลยีพระจอมเกล้าพระนครเหนือ,กรุงเทพฯ,10150104220201B,คณะวิทยาศาสตร์ประยุกต์,วท.บ.วิทยาการคอมพิวเตอร์,การคัดเลือกผ่านระบบกลาง Admissions,,0,40,404,40,65.9444,57.1998
มหาวิทยาลัยเทคโนโลยีพระจอมเกล้าพระนครเหนือ,กรุงเทพฯ,10150104220201C,คณะวิทยาศาสตร์ประยุกต์,วท.บ.วิทยาการคอมพิวเตอร์(หลักสูตร สองภาษา),การคัดเลือกผ่านระบบกลาง Admissions,,0,40,225,40,62.2888,52.9548
มหาวิทยาลัยเทคโนโลยีพระจอมเกล้าพระนครเหนือ,กรุงเทพฯ,10150104220303A,คณะวิทยาศาสตร์ประยุกต์,วท.บ.วิทยาศาสตร์ข้อมูลและการวิเคราะห์ เชิงสถิติ,การคัดเลือกผ่านระบบกลาง Admissions,,0,80,450,80,62.3330,50.5270
มหาวิทยาลัยเทคโนโลยีพระจอมเกล้าพระนครเหนือ,กรุงเทพฯ,10150104300901A,คณะวิทยาศาสตร์ประยุกต์,วศ.บ.วิศวกรรมชีวการแพทย์,การคัดเลือกผ่านระบบกลาง Admissions,,0,25,642,25,69.8190,63.0275
มหาวิทยาลัยเทคโนโลยีพระจอมเกล้าพระนครเหนือ,กรุงเทพฯ,10150104300901B,คณะวิทยาศาสตร์ประยุกต์,วศ.บ.วิศวกรรมชีวการแพทย์,การคัดเลือกผ่านระบบกลาง Admissions,,0,15,312,15,64.8190,59.0830
มหาวิทยาลัยเทคโนโลยีพระจอมเกล้าพระนครเหนือ,กรุงเทพฯ,10150104303401A,คณะวิทยาศาสตร์ประยุกต์,วศ.บ. วิศวกรรมไมโครอิเล็กทรอนิกส์และ เซมิคอนดักเตอร์,การคัดเลือกผ่านระบบกลาง Admissions,,0,30,368,30,69.5275,56.9855
มหาวิทยาลัยเทคโนโลยีพระจอมเกล้าพระนครเหนือ,กรุงเทพฯ,10150104501102A,คณะวิทยาศาสตร์ประยุกต์,วท.บ.เทคโนโลยีอุตสาหกรรมเกษตรและนวัตกรรม,การคัดเลือกผ่านระบบกลาง Admissions,,0,40,137,40,48.4025,39.2080
มหาวิทยาลัยเทคโนโลยีพระจอมเกล้าพระนครเหนือ,กรุงเทพฯ,10150104501102B,คณะวิทยาศาสตร์ประยุกต์,วท.บ.เทคโนโลยีอุตสาหกรรมเกษตรและนวัตกรรม,การคัดเลือกผ่านระบบกลาง Admissions,,0,40,7,5,41.4025,28.9720
มหาวิทยาลัยเทคโนโลยีพระจอมเกล้าพระนครเหนือ,กรุงเทพฯ,10150107220101E,คณะเทคโนโลยีสารสนเทศ และนวัตกรรมดิจิทัล,วท.บ.วิทยาการสารสนเทศเพื่อเศรษฐกิจ ดิจิทัล (หลักสูตรนานาชาต)ิ,การคัดเลือกผ่านระบบกลาง Admissions,,0,5,11,5,66.1374,26.1083
มหาวิทยาลัยเทคโนโลยีพระจอมเกล้าพระนครเหนือ,กรุงเทพฯ,10150109302001E,บัณฑิตวิทยาลัย วิศวกรรมศาสตร์นานาชาติสิรินธร ไทย-เยอรมัน,วศ.บ.วิศวกรรมยานยนต์ไฟฟ้าและระบบ อัตโนมัติ (หลักสูตรนานาชาต)ิ,การคัดเลือกผ่านระบบกลาง Admissions,,0902,25,0,0,0.0000,0.0000
มหาวิทยาลัยเทคโนโลยีพระจอมเกล้าพระนครเหนือ,กรุงเทพฯ,10150109302001E,บัณฑิตวิทยาลัย วิศวกรรมศาสตร์นานาชาติสิรินธร ไทย-เยอรมัน,วศ.บ.วิศวกรรมยานยนต์ไฟฟ้าและระบบ อัตโนมัติ (หลักสูตรนานาชาต)ิ,การคัดเลือกผ่านระบบกลาง Admissions (ใช้คะแนน A-Level),,0902,25,0,0,0.0000,0.0000
มหาวิทยาลัยเทคโนโลยีพระจอมเกล้าพระนครเหนือ,กรุงเทพฯ,10150109302001E,บัณฑิตวิทยาลัย วิศวกรรมศาสตร์นานาชาติสิรินธร ไทย-เยอรมัน,วศ.บ.วิศวกรรมยานยนต์ไฟฟ้าและระบบ อัตโนมัติ (หลักสูตรนานาชาต)ิ,การคัดเลือกผ่านระบบกลาง Admissions (สำหรับวุฒิ อาชีวศึกษา),,0902,25,0,0,0.0000,0.0000
มหาวิทยาลัยเทคโนโลยีพระจอมเกล้าพระนครเหนือ,กรุงเทพฯ,10150109302001E,บัณฑิตวิทยาลัย วิศวกรรมศาสตร์นานาชาติสิรินธร ไทย-เยอรมัน,วศ.บ.วิศวกรรมยานยนต์ไฟฟ้าและระบบ อัตโนมัติ (หลักสูตรนานาชาต)ิ,การคัดเลือกผ่านระบบกลาง Admissions (สำหรับวุฒิ อาชีวศึกษา) (ใช้คะแนน A-Level),,0902,25,0,0,0.0000,0.0000
มหาวิทยาลัยเทคโนโลยีพระจอมเกล้าพระนครเหนือ,กรุงเทพฯ,10150109303401E,บัณฑิตวิทยาลัย วิศวกรรมศาสตร์นานาชาติสิรินธร ไทย-เยอรมัน,วศ.บ.วิศวกรรมการออกแบบไมโคร อิเล็กทรอนิกส์และเซมิคอนดักเตอ์ร(หลักสูตรนานาชาต)ิ,การคัดเลือกผ่านระบบกลาง Admissions,,0901,20,0,0,0.0000,0.0000
มหาวิทยาลัยเทคโนโลยีพระจอมเกล้าพระนครเหนือ,กรุงเทพฯ,10150109303401E,บัณฑิตวิทยาลัย วิศวกรรมศาสตร์นานาชาติสิรินธร ไทย-เยอรมัน,วศ.บ.วิศวกรรมการออกแบบไมโคร อิเล็กทรอนิกส์และเซมิคอนดักเตอ์ร(หลักสูตรนานาชาต)ิ,การคัดเลือกผ่านระบบกลาง Admissions (ใช้คะแนน A-Level),,0901,20,0,0,0.0000,0.0000
มหาวิทยาลัยเทคโนโลยีพระจอมเกล้าพระนครเหนือ,กรุงเทพฯ,10150109303401E,บัณฑิตวิทยาลัย วิศวกรรมศาสตร์นานาชาติสิรินธร ไทย-เยอรมัน,วศ.บ.วิศวกรรมการออกแบบไมโคร อิเล็กทรอนิกส์และเซมิคอนดักเตอ์ร(หลักสูตรนานาชาต)ิ,การคัดเลือกผ่านระบบกลาง Admissions (สำหรับวุฒิ อาชีวศึกษา),,0901,20,0,0,0.0000,0.0000
มหาวิทยาลัยเทคโนโลยีพระจอมเกล้าพระนครเหนือ,กรุงเทพฯ,10150109303401E,บัณฑิตวิทยาลัย วิศวกรรมศาสตร์นานาชาติสิรินธร ไทย-เยอรมัน,วศ.บ.วิศวกรรมการออกแบบไมโคร อิเล็กทรอนิกส์และเซมิคอนดักเตอ์ร(หลักสูตรนานาชาต)ิ,การคัดเลือกผ่านระบบกลาง Admissions (สำหรับวุฒิ อาชีวศึกษา) (ใช้คะแนน A-Level),,0901,20,0,0,0.0000,0.0000
มหาวิทยาลัยเทคโนโลยีพระจอมเกล้าพระนครเหนือ,กรุงเทพฯ,10150111400501A,คณะสถาปัตยกรรมและการ ออกแบบ,สถ.บ.สถาปัตยกรรม (หลักสูตร 5 ปี),การคัดเลือกผ่านระบบกลาง Admissions,,0,18,398,18,60.4028,53.2985
มหาวิทยาลัยเทคโนโลยีพระจอมเกล้าพระนครเหนือ,กรุงเทพฯ,10150111800102A,คณะสถาปัตยกรรมและการ ออกแบบ,ศ.บ.ศิลปประยุกต์และออกแบบผลิตภัณฑ์,การคัดเลือกผ่านระบบกลาง Admissions,แขนงวิชาศิลปประยุกต์และ ออกแบบผลิตภัณฑ์,0,15,197,15,63.3414,55.8164
มหาวิทยาลัยเทคโนโลยีพระจอมเกล้าพระนครเหนือ,กรุงเทพฯ,10150111800102A,คณะสถาปัตยกรรมและการ ออกแบบ,ศ.บ.ศิลปประยุกต์และออกแบบผลิตภัณฑ์,การคัดเลือกผ่านระบบกลาง Admissions,แขนงวิชานวัตกรรมกราฟิก ดีไซน์,0,10,176,10,63.7414,58.0914
มหาวิทยาลัยเทคโนโลยีพระจอมเกล้าพระนครเหนือ,กรุงเทพฯ,10150111800103A,คณะสถาปัตยกรรมและการ ออกแบบ,ศ.บ.ออกแบบผลิตภัณฑ์นวัตกรรมเซรามิกส์,การคัดเลือกผ่านระบบกลาง Admissions,,0,35,199,35,63.1040,51.3125
มหาวิทยาลัยเทคโนโลยีพระจอมเกล้าพระนครเหนือ,กรุงเทพฯ,10150111800104A,คณะสถาปัตยกรรมและการ ออกแบบ,บธ.บ.การจัดการงานออกแบบภายในและพัฒนาธุรกิจ,การคัดเลือกผ่านระบบกลาง Admissions,,0,30,130,31,66.5416,48.2581
มหาวิทยาลัยเทคโนโลยีพระจอมเกล้าพระนครเหนือ,กรุงเทพฯ,10150115610801E,วิทยาลัยนานาชาติ,บธ.บ.การค้าระหวา่ งประเทศและธุรกิจโล จิสติก์ส(หลักสูตรนานาชาต)ิ,การคัดเลือกผ่านระบบกลาง Admissions,,0,70,346,70,75.6664,54.5414
มหาวิทยาลัยเทคโนโลยีพระจอมเกล้าพระนครเหนือ,กรุงเทพฯ,10150115610801E,วิทยาลัยนานาชาติ,บธ.บ.การค้าระหวา่ งประเทศและธุรกิจโล จิสติก์ส(หลักสูตรนานาชาต)ิ,การคัดเลือกผ่านระบบกลาง Admissions (ใช้คะแนน A-Level),,0,10,116,10,52.4000,40.9500
มหาวิทยาลัยเทคโนโลยีพระจอมเกล้าพระนครเหนือ,กรุงเทพฯ,10150116610801A,คณะพัฒนาธุรกิจและอุตสาหกรรม,บธ.บ.การบริหารอุตสาหกรรมการผลิต และบริการ,การคัดเลือกผ่านระบบกลาง Admissions,,0,20,644,20,58.2220,49.1164
มหาวิทยาลัยเทคโนโลยีพระจอมเกล้าพระนครเหนือ,กรุงเทพฯ,10150116610802A,คณะพัฒนาธุรกิจและอุตสาหกรรม,บธ.บ.การพัฒนาธุรกิจอุตสาหกรรมและทรัพยากรมนุษย์,การคัดเลือกผ่านระบบกลาง Admissions,,0,20,513,20,55.5108,49.2164
มหาวิทยาลัยเทคโนโลยีพระจอมเกล้าพระนครเหนือ,ปราจีนบุรี,10150201302301A,คณะวิศวกรรมศาสตร์,วศ.บ.วิศวกรรมเครื่องมือวัดและอัตโนมัติ,การคัดเลือกผ่านระบบกลาง Admissions,,0119,5,14,3,35.1024,29.3859
มหาวิทยาลัยเทคโนโลยีพระจอมเกล้าพระนครเหนือ,ปราจีนบุรี,10150201302301A,คณะวิศวกรรมศาสตร์,วศ.บ.วิศวกรรมเครื่องมือวัดและอัตโนมัติ,การคัดเลือกผ่านระบบกลาง Admissions (สำหรับวุฒิ อาชีวศึกษา),,0119,5,0,0,0.0000,0.0000
มหาวิทยาลัยเทคโนโลยีพระจอมเกล้าพระนครเหนือ,ปราจีนบุรี,10150205211001A,คณะอุตสาหกรรมเกษตรดิจิทัล,วท.บ.เทคโนโลยีอาหารและการจัดการห่วง โซ่อุปทาน,การคัดเลือกผ่านระบบกลาง Admissions,,0,60,2,1,14.9500,14.9500
มหาวิทยาลัยเทคโนโลยีพระจอมเกล้าพระนครเหนือ,ปราจีนบุรี,10150205211002A,คณะอุตสาหกรรมเกษตรดิจิทัล,วท.บ.วิทยาศาสตร์การอาหารและ โภชนาการ,การคัดเลือกผ่านระบบกลาง Admissions,,0,60,28,11,30.9500,20.0000
มหาวิทยาลัยเทคโนโลยีพระจอมเกล้าพระนครเหนือ,ปราจีนบุรี,10150205212401A,คณะอุตสาหกรรมเกษตรดิจิทัล,วท.บ.นวัตกรรมและเทคโนโลยีการพัฒนา ผลิตภัณฑ์,การคัดเลือกผ่านระบบกลาง Admissions,,0,60,6,0,0.0000,0.0000
มหาวิทยาลัยเทคโนโลยีพระจอมเกล้าพระนครเหนือ,ปราจีนบุรี,10150206211102A,คณะเทคโนโลยีและการ จัดการอุตสาหกรรม,อส.บ.เทคโนโลยีเครื่องกลและ กระบวนการผลิต,การคัดเลือกผ่านระบบกลาง Admissions,,0606,40,19,2,47.2500,36.3748
มหาวิทยาลัยเทคโนโลยีพระจอมเกล้าพระนครเหนือ,ปราจีนบุรี,10150206211102A,คณะเทคโนโลยีและการ จัดการอุตสาหกรรม,อส.บ.เทคโนโลยีเครื่องกลและ กระบวนการผลิต,การคัดเลือกผ่านระบบกลาง Admissions (สำหรับวุฒิ อาชีวศึกษา),,0606,40,2,2,45.8748,43.2496
มหาวิทยาลัยเทคโนโลยีพระจอมเกล้าพระนครเหนือ,ปราจีนบุรี,10150206211701A,คณะเทคโนโลยีและการ จัดการอุตสาหกรรม,วท.บ.คอมพิวเตอร์ช่วยออกแบบและ บริหารงานก่อสรา้ ง,การคัดเลือกผ่านระบบกลาง Admissions,,0,40,109,40,59.4999,35.4998
มหาวิทยาลัยเทคโนโลยีพระจอมเกล้าพระนครเหนือ,ปราจีนบุรี,10150206220101A,คณะเทคโนโลยีและการ จัดการอุตสาหกรรม,วท.บ.เทคโนโลยีสารสนเทศ,การคัดเลือกผ่านระบบกลาง Admissions,,0,40,70,28,60.6358,28.3609
มหาวิทยาลัยเทคโนโลยีพระจอมเกล้าพระนครเหนือ,ปราจีนบุรี,10150206300401A,คณะเทคโนโลยีและการ จัดการอุตสาหกรรม,วศ.บ.วิศวกรรมเกษตรและอาหาร,การคัดเลือกผ่านระบบกลาง Admissions,,0603,40,22,3,52.6250,44.1250
มหาวิทยาลัยเทคโนโลยีพระจอมเกล้าพระนครเหนือ,ปราจีนบุรี,10150206300401A,คณะเทคโนโลยีและการ จัดการอุตสาหกรรม,วศ.บ.วิศวกรรมเกษตรและอาหาร,การคัดเลือกผ่านระบบกลาง Admissions (สำหรับวุฒิ อาชีวศึกษา),,0603,40,3,0,0.0000,0.0000
มหาวิทยาลัยเทคโนโลยีพระจอมเกล้าพระนครเหนือ,ปราจีนบุรี,10150206302601A,คณะเทคโนโลยีและการ จัดการอุตสาหกรรม,วศ.บ.วิศวกรรมสารสนเทศและเครือข่าย,การคัดเลือกผ่านระบบกลาง Admissions,,0,40,78,25,60.6249,35.6249
มหาวิทยาลัยเทคโนโลยีพระจอมเกล้าพระนครเหนือ,ปราจีนบุรี,10150206303501A,คณะเทคโนโลยีและการ จัดการอุตสาหกรรม,วศ.บ.วิศวกรรมอุตสาหการและการจัดการ,การคัดเลือกผ่านระบบกลาง Admissions,,0602,30,60,22,57.9998,22.6250
มหาวิทยาลัยเทคโนโลยีพระจอมเกล้าพระนครเหนือ,ปราจีนบุรี,10150206303501A,คณะเทคโนโลยีและการ จัดการอุตสาหกรรม,วศ.บ.วิศวกรรมอุตสาหการและการจัดการ,การคัดเลือกผ่านระบบกลาง Admissions (สำหรับวุฒิ อาชีวศึกษา),,0602,30,4,2,55.8749,54.9998
มหาวิทยาลัยเทคโนโลยีพระจอมเกล้าพระนครเหนือ,ปราจีนบุรี,10150217610801A,คณะบริหารธุรกิจและอุตสาหกรรมบริการ,บธ.บ.บริหารธุรกิจอุตสาหกรรมและการค้า,การคัดเลือกผ่านระบบกลาง Admissions,,0,120,203,66,57.5000,26.9440
มหาวิทยาลัยเทคโนโลยีพระจอมเกล้าพระนครเหนือ,ปราจีนบุรี,10150217610801A,คณะบริหารธุรกิจและอุตสาหกรรมบริการ,บธ.บ.บริหารธุรกิจอุตสาหกรรมและการค้า,การคัดเลือกผ่านระบบกลาง Admissions (ใช้คะแนน A-Level),,0,120,71,22,69.6250,21.6250
มหาวิทยาลัยเทคโนโลยีพระจอมเกล้าพระนครเหนือ,ปราจีนบุรี,10150217620101A,คณะบริหารธุรกิจและอุตสาหกรรมบริการ,บธ.บ.การจัดการอุตสาหกรรมท่องเที่ยว และโรงแรม,การคัดเลือกผ่านระบบกลาง Admissions,,0,120,166,54,61.3880,29.1660
มหาวิทยาลัยเทคโนโลยีพระจอมเกล้าพระนครเหนือ,ปราจีนบุรี,10150217620101A,คณะบริหารธุรกิจและอุตสาหกรรมบริการ,บธ.บ.การจัดการอุตสาหกรรมท่องเที่ยว และโรงแรม,การคัดเลือกผ่านระบบกลาง Admissions (ใช้คะแนน A-Level),,0,120,51,11,59.0000,30.2500
มหาวิทยาลัยเทคโนโลยีพระจอมเกล้าพระนครเหนือ,ระยอง,10150312300601A,คณะวิศวกรรมศาสตร์และเทคโนโลยี,วศ.บ.เทคโนโลยีวิศวกรรมกระบวนเคมี,การคัดเลือกผ่านระบบกลาง Admissions,,0,15,16,8,41.7915,30.4746
มหาวิทยาลัยเทคโนโลยีพระจอมเกล้าพระนครเหนือ,ระยอง,10150312300701A,คณะวิศวกรรมศาสตร์และเทคโนโลยี,วศ.บ.เทคโนโลยีวิศวกรรมเครื่องกลและ ยานยนต์,การคัดเลือกผ่านระบบกลาง Admissions,วิศวกรรมเครื่องกล,0,20,54,20,41.7554,23.4498
มหาวิทยาลัยเทคโนโลยีพระจอมเกล้าพระนครเหนือ,ระยอง,10150312301701A,คณะวิศวกรรมศาสตร์และเทคโนโลยี,วศ.บ.เทคโนโลยีวิศวกรรมไฟฟ้าและ อัตโนมัติ,การคัดเลือกผ่านระบบกลาง Admissions,วิศวกรรมไฟฟ้ากำลัง,0,10,120,10,49.7664,41.6750
มหาวิทยาลัยเทคโนโลยีพระจอมเกล้าพระนครเหนือ,ระยอง,10150312302001A,คณะวิศวกรรมศาสตร์และเทคโนโลยี,วศ.บ.เทคโนโลยีวิศวกรรมเครื่องกลและ ยานยนต์,การคัดเลือกผ่านระบบกลาง Admissions,วิศวกรรมยานยนต์,0,20,29,12,35.3886,26.0000
มหาวิทยาลัยเทคโนโลยีพระจอมเกล้าพระนครเหนือ,ระยอง,10150312302302A,คณะวิศวกรรมศาสตร์และเทคโนโลยี,วศ.บ.เทคโนโลยีวิศวกรรมไฟฟ้าและ อัตโนมัติ,การคัดเลือกผ่านระบบกลาง Admissions,วิศวกรรมการวัดคุมและ อัตโนมัติ,0,10,60,10,42.0832,37.9750
มหาวิทยาลัยเทคโนโลยีพระจอมเกล้าพระนครเหนือ,ระยอง,10150312302401A,คณะวิศวกรรมศาสตร์และเทคโนโลยี,วศ.บ.เทคโนโลยีวิศวกรรมอุตสาหการ และโลจิสติกส์,การคัดเลือกผ่านระบบกลาง Admissions,,0,10,29,10,46.5164,31.4750
มหาวิทยาลัยเทคโนโลยีพระจอมเกล้าพระนครเหนือ,ระยอง,10150312302501A,คณะวิศวกรรมศาสตร์และเทคโนโลยี,วศ.บ.เทคโนโลยีวิศวกรรมวัสดุและ กระบวนการผลิต,การคัดเลือกผ่านระบบกลาง Admissions,,1206,30,118,27,60.8412,35.4661
มหาวิทยาลัยเทคโนโลยีพระจอมเกล้าพระนครเหนือ,ระยอง,10150312302501A,คณะวิศวกรรมศาสตร์และเทคโนโลยี,วศ.บ.เทคโนโลยีวิศวกรรมวัสดุและ กระบวนการผลิต,การคัดเลือกผ่านระบบกลาง Admissions (สำหรับวุฒิ อาชีวศึกษา),,1206,30,6,3,47.7744,38.7000
มหาวิทยาลัยเทคโนโลยีพระจอมเกล้าพระนครเหนือ,ระยอง,10150313210401A,คณะวิทยาศาสตร์พลังงาน และสิ่งแวดล้อม,วท.บ.กระบวนการอุตสาหกรรมเคมีและ สิ่งแวดล้อม,การคัดเลือกผ่านระบบกลาง Admissions,,0,20,21,4,42.6660,38.0000
มหาวิทยาลัยเทคโนโลยีพระจอมเกล้าพระนครเหนือ,ระยอง,10150313211402A,คณะวิทยาศาสตร์พลังงาน และสิ่งแวดล้อม,วท.บ.เทคโนโลยีพลังงานและการจัดการ ธุรกิจอุตสาหกรรมในยุคดิจิทัล,การคัดเลือกผ่านระบบกลาง Admissions,แขนงวิชาเทคโนโลยีการจัด การพลังงานอุตสาหกรรม,0,20,22,3,48.6660,26.6660
มหาวิทยาลัยเทคโนโลยีพระจอมเกล้าพระนครเหนือ,ระยอง,10150313211402A,คณะวิทยาศาสตร์พลังงาน และสิ่งแวดล้อม,วท.บ.เทคโนโลยีพลังงานและการจัดการ ธุรกิจอุตสาหกรรมในยุคดิจิทัล,การคัดเลือกผ่านระบบกลาง Admissions,แขนงวิชาเทคโนโลียนวัตกรรมพลังงานไฟฟ้า,0,20,15,5,44.6660,21.3330
มหาวิทยาลัยเทคโนโลยีพระจอมเกล้าพระนครเหนือ,ระยอง,10150313220301A,คณะวิทยาศาสตร์พลังงาน และสิ่งแวดล้อม,วท.บ.วิทยาการข้อมูลและการคำนวณเชิง ธุรกิจและอุตสาหกรรม,การคัดเลือกผ่านระบบกลาง Admissions,,0,20,12,2,26.6660,23.3330
มหาวิทยาลัยเทคโนโลยีพระจอมเกล้าพระนครเหนือ,ระยอง,10150313220302A,คณะวิทยาศาสตร์พลังงาน และสิ่งแวดล้อม,วท.บ.เทคโนโลยีดิจิทัลและธุรกิจอัจฉริยะ,การคัดเลือกผ่านระบบกลาง Admissions,,0,20,10,3,44.6660,33.3330
มหาวิทยาลัยเทคโนโลยีพระจอมเกล้าพระนครเหนือ,ระยอง,10150314610501A,คณะบริหารธุรกิจ,บธ.บ.การบัญชี,การคัดเลือกผ่านระบบกลาง Admissions,,0,120,637,120,76.3880,52.3610
มหาวิทยาลัยเทคโนโลยีพระจอมเกล้าพระนครเหนือ,ระยอง,10150314610601A,คณะบริหารธุรกิจ,บธ.บ.การตลาดดิจิทัล,การคัดเลือกผ่านระบบกลาง Admissions,,0,120,401,121,67.3610,40.8330
มหาวิทยาลัยเทคโนโลยีพระจอมเกล้าพระนครเหนือ,ระยอง,10150314610701A,คณะบริหารธุรกิจ,บธ.บ.คอมพิวเตอร์ธุรกิจ,การคัดเลือกผ่านระบบกลาง Admissions,,0,60,257,60,63.3330,40.1380
มหาวิทยาลัยเทคโนโลยีพระจอมเกล้าพระนครเหนือ,ระยอง,10150314611001A,คณะบริหารธุรกิจ,บธ.บ.บริหารธุรกิจอุตสาหกรรมและโลิจสติกส์,การคัดเลือกผ่านระบบกลาง Admissions,,0,200,702,201,65.2770,44.5830
สถาบันเทคโนโลยีพระจอมเกล้าเจ้าคุณทหารลาดกระบัง,ลาดกระบัง,10160101300201G,คณะวิศวกรรมศาสตร์,วศ.บ. วิศวกรรมการเงิน (หลักสูตร นานาชาติ),,,0,5,76,5,68.7350,61.4179
สถาบันเทคโนโลยีพระจอมเกล้าเจ้าคุณทหารลาดกระบัง,ลาดกระบัง,10160101300301A,คณะวิศวกรรมศาสตร์,วศ.บ. วิศวกรรมการผลิตเชิงบูรณาการ,,,0,3,106,3,57.1137,56.7221
สถาบันเทคโนโลยีพระจอมเกล้าเจ้าคุณทหารลาดกระบัง,ลาดกระบัง,10160101300401A,คณะวิศวกรรมศาสตร์,วศ.บ. วิศวกรรมเกษตรอัจฉริยะ,,,0,10,161,10,59.5479,55.2117
สถาบันเทคโนโลยีพระจอมเกล้าเจ้าคุณทหารลาดกระบัง,ลาดกระบัง,10160101300501A,คณะวิศวกรรมศาสตร์,วศ.บ. วิศวกรรมคอมพิวเตอร์,,,0,20,"1,343",20,73.1090,67.1088
สถาบันเทคโนโลยีพระจอมเกล้าเจ้าคุณทหารลาดกระบัง,ลาดกระบัง,10160101300503E,คณะวิศวกรรมศาสตร์,วศ.บ. วิศวกรรมคอมพิวเตอร์(หลักสูตร นานาชาติ),,,0,5,80,5,65.4555,61.6037
สถาบันเทคโนโลยีพระจอมเกล้าเจ้าคุณทหารลาดกระบัง,ลาดกระบัง,10160101300504A,คณะวิศวกรรมศาสตร์,วศ.บ. วิศวกรรมคอมพิวเตอร์และความ ปลอดภัยไซเบอร์,,,0,5,730,5,70.4917,66.1607
สถาบันเทคโนโลยีพระจอมเกล้าเจ้าคุณทหารลาดกระบัง,ลาดกระบัง,10160101300601A,คณะวิศวกรรมศาสตร์,วศ.บ. วิศวกรรมเคมี,,,0,10,419,10,67.4531,61.6854
สถาบันเทคโนโลยีพระจอมเกล้าเจ้าคุณทหารลาดกระบัง,ลาดกระบัง,10160101300701A,คณะวิศวกรรมศาสตร์,วศ.บ. วิศวกรรมเครื่องกล,,,0,5,642,5,67.1759,66.2602
สถาบันเทคโนโลยีพระจอมเกล้าเจ้าคุณทหารลาดกระบัง,ลาดกระบัง,10160101300702A,คณะวิศวกรรมศาสตร์,วศ.บ. วิศวกรรมขนส่งทางราง,,,0,10,210,10,65.6171,58.0953
สถาบันเทคโนโลยีพระจอมเกล้าเจ้าคุณทหารลาดกระบัง,ลาดกระบัง,10160101300703E,คณะวิศวกรรมศาสตร์,วศ.บ. วิศวกรรมเครื่องกล (หลักสูตร นานาชาติ),,,0,5,26,5,59.5105,50.7008
สถาบันเทคโนโลยีพระจอมเกล้าเจ้าคุณทหารลาดกระบัง,ลาดกระบัง,10160101300901E,คณะวิศวกรรมศาสตร์,วศ.บ. วิศวกรรมชีวการแพท์ย(หลักสูตร นานาชาติ),,,0,5,160,5,65.0562,62.2521
สถาบันเทคโนโลยีพระจอมเกล้าเจ้าคุณทหารลาดกระบัง,ลาดกระบัง,10160101301001E,คณะวิศวกรรมศาสตร์,วศ.บ. วิศวกรรมซอฟต์แวร์(หลักสูตร นานาชาติ),,,0,5,79,5,61.5754,57.3751
สถาบันเทคโนโลยีพระจอมเกล้าเจ้าคุณทหารลาดกระบัง,ลาดกระบัง,10160101301501E,คณะวิศวกรรมศาสตร์,วศ.บ. วิศวกรรมพลังงาน (หลักสูตร นานาชาติ),,,0,5,10,5,55.8934,45.5099
สถาบันเทคโนโลยีพระจอมเกล้าเจ้าคุณทหารลาดกระบัง,ลาดกระบัง,10160101301601A,คณะวิศวกรรมศาสตร์,วศ.บ. วิศวกรรมไฟฟ้า,,,0,30,"1,131",30,71.7400,66.0582
สถาบันเทคโนโลยีพระจอมเกล้าเจ้าคุณทหารลาดกระบัง,ลาดกระบัง,10160101301603E,คณะวิศวกรรมศาสตร์,วศ.บ. วิศวกรรมไฟฟ้า (หลักสูตรนานาชาต)ิ,,,0,5,43,5,63.1860,58.0462
สถาบันเทคโนโลยีพระจอมเกล้าเจ้าคุณทหารลาดกระบัง,ลาดกระบัง,10160101301801A,คณะวิศวกรรมศาสตร์,วศ.บ. วิศวกรรมไฟฟ้าสื่อสารและเครือข่าย,,,0,10,202,10,76.5326,60.8892
สถาบันเทคโนโลยีพระจอมเกล้าเจ้าคุณทหารลาดกระบัง,ลาดกระบัง,10160101301901E,คณะวิศวกรรมศาสตร์,วศ.บ. วิศวกรรมแมคคาทรอนิก์ส(หลักสูตรนานาชาต)ิ,,,0,5,14,5,51.7221,45.6865
สถาบันเทคโนโลยีพระจอมเกล้าเจ้าคุณทหารลาดกระบัง,ลาดกระบัง,10160101302101A,คณะวิศวกรรมศาสตร์,วศ.บ. วิศวกรรมโยธา,,,0,15,"1,182",15,67.2542,62.6994
สถาบันเทคโนโลยีพระจอมเกล้าเจ้าคุณทหารลาดกระบัง,ลาดกระบัง,10160101302102E,คณะวิศวกรรมศาสตร์,วศ.บ. วิศวกรรมโยธา (หลักสูตรนานาชาต)ิ,,,0,5,42,5,57.0265,54.2559
สถาบันเทคโนโลยีพระจอมเกล้าเจ้าคุณทหารลาดกระบัง,ลาดกระบัง,10160101302301A,คณะวิศวกรรมศาสตร์,วศ.บ. วิศวกรรมเมคคาทรอนิกส์และ ระบบวัดคุม,,,0,10,227,10,65.9355,59.8871
สถาบันเทคโนโลยีพระจอมเกล้าเจ้าคุณทหารลาดกระบัง,ลาดกระบัง,10160101302302A,คณะวิศวกรรมศาสตร์,วศ.บ. วิศวกรรมออโตเมชัน,,,0,5,91,5,67.4281,60.3994
สถาบันเทคโนโลยีพระจอมเกล้าเจ้าคุณทหารลาดกระบัง,ลาดกระบัง,10160101302601A,คณะวิศวกรรมศาสตร์,วศ.บ. วิศวกรรมระบบไอโอทีและ สารสนเทศ,,,0,5,106,5,65.9857,63.8754
สถาบันเทคโนโลยีพระจอมเกล้าเจ้าคุณทหารลาดกระบัง,ลาดกระบัง,10160101302602A,คณะวิศวกรรมศาสตร์,วศ.บ. วิศวกรรมอวกาศและภูมิสารสนเทศ,,,0,5,96,5,61.2630,58.3238
สถาบันเทคโนโลยีพระจอมเกล้าเจ้าคุณทหารลาดกระบัง,ลาดกระบัง,10160101302901E,คณะวิศวกรรมศาสตร์,วศ.บ. วิศวกรรมหุ่นยนต์และ ปัญญาประดิษ์ฐ(หลักสูตรนานาชาต)ิ,,,0,5,64,5,61.6984,60.0635
สถาบันเทคโนโลยีพระจอมเกล้าเจ้าคุณทหารลาดกระบัง,ลาดกระบัง,10160101303301A,คณะวิศวกรรมศาสตร์,วศ.บ. วิศวกรรมอาหาร,,,0,25,271,25,62.5573,54.8392
สถาบันเทคโนโลยีพระจอมเกล้าเจ้าคุณทหารลาดกระบัง,ลาดกระบัง,10160101303401A,คณะวิศวกรรมศาสตร์,วศ.บ. วิศวกรรมอิเล็กทรอนิกส์,,,0,10,307,10,62.7819,60.6011
สถาบันเทคโนโลยีพระจอมเกล้าเจ้าคุณทหารลาดกระบัง,ลาดกระบัง,10160101303402A,คณะวิศวกรรมศาสตร์,วศ.บ. วิศวกรรมเซมิคอนดักเตอร์,,,0,5,408,5,63.8531,61.2801
สถาบันเทคโนโลยีพระจอมเกล้าเจ้าคุณทหารลาดกระบัง,ลาดกระบัง,10160101303501A,คณะวิศวกรรมศาสตร์,วศ.บ. วิศวกรรมอุตสาหการ,,,0,20,664,20,65.6728,60.7165
สถาบันเทคโนโลยีพระจอมเกล้าเจ้าคุณทหารลาดกระบัง,ลาดกระบัง,10160101303502E,คณะวิศวกรรมศาสตร์,วศ.บ. วิศวกรรมอุตสาหการและการ จัดการโลจิสติก์ส(หลักสูตรนานาชาต)ิ,,,0,5,60,5,59.7012,57.3206
สถาบันเทคโนโลยีพระจอมเกล้าเจ้าคุณทหารลาดกระบัง,ลาดกระบัง,10160101303701I,คณะวิศวกรรมศาสตร์,วศ.บ. วิศวกรรมปัญญาประดิษฐ์และการ เป็นผู้ประกอบการ (หลักสูตรนานาชาต)ิ (หลักสูตรร่วม สจล. และ ม.กรุงเทพ),,,0,10,27,10,56.9346,48.6420
สถาบันเทคโนโลยีพระจอมเกล้าเจ้าคุณทหารลาดกระบัง,ลาดกระบัง,10160102400201A,คณะสถาปัตยกรรม ศิลปะ และการออกแบบ,สถ.บ. ศิลปอุตสาหกรรม,,,0,10,229,10,72.1038,62.6018
สถาบันเทคโนโลยีพระจอมเกล้าเจ้าคุณทหารลาดกระบัง,ลาดกระบัง,10160102400301A,คณะสถาปัตยกรรม ศิลปะ และการออกแบบ,ภูมิสถาปัตยกรรมศาสตรบัณฑิต,,,0,15,28,15,60.0921,53.4399
สถาบันเทคโนโลยีพระจอมเกล้าเจ้าคุณทหารลาดกระบัง,ลาดกระบัง,10160102400501A,คณะสถาปัตยกรรม ศิลปะ และการออกแบบ,สถ.บ. สถาปัตยกรรมหลัก,,,0,10,82,10,67.3564,61.4117
สถาบันเทคโนโลยีพระจอมเกล้าเจ้าคุณทหารลาดกระบัง,ลาดกระบัง,10160102400502E,คณะสถาปัตยกรรม ศิลปะ และการออกแบบ,วท.บ. สถาปัตยกรรม (หลักสูตรนานาชาต)ิ,,,0,35,123,35,68.2616,49.8953
สถาบันเทคโนโลยีพระจอมเกล้าเจ้าคุณทหารลาดกระบัง,ลาดกระบัง,10160102400502G,คณะสถาปัตยกรรม ศิลปะ และการออกแบบ,วศ.บ. วิศวกรรมโยธา วท.บ. สถาปัตยกรรม (หลักสูตรนานาชาต)ิ หลักสูตรสองปริญญา,,,0,15,15,7,54.4408,42.6691
สถาบันเทคโนโลยีพระจอมเกล้าเจ้าคุณทหารลาดกระบัง,ลาดกระบัง,10160102400701A,คณะสถาปัตยกรรม ศิลปะ และการออกแบบ,สถ.บ. สถาปัตยกรรมภายใน,,,0,10,482,10,64.1729,59.1784
สถาบันเทคโนโลยีพระจอมเกล้าเจ้าคุณทหารลาดกระบัง,ลาดกระบัง,10160102800101A,คณะสถาปัตยกรรม ศิลปะ และการออกแบบ,ศป.บ. การออกแบบประสบการณ์สาหรับสื่อบูรณาการ,,,0,15,130,15,63.0000,57.3230
สถาบันเทคโนโลยีพระจอมเกล้าเจ้าคุณทหารลาดกระบัง,ลาดกระบัง,10160102800104E,คณะสถาปัตยกรรม ศิลปะ และการออกแบบ,อบ.บ ปัญญาออกแบบเพื่อเศรษฐกิจ สรา้ งสรร์ค(หลักสูตรนานาชาต)ิ,,,0,25,3,2,49.7988,41.2789
สถาบันเทคโนโลยีพระจอมเกล้าเจ้าคุณทหารลาดกระบัง,ลาดกระบัง,10160102800302E,คณะสถาปัตยกรรม ศิลปะ และการออกแบบ,ศล.บ. ศิลปะสรา้ งสรรค์และภัณฑารัก์ษศึกษา (หลักสูตรนานาชาต)ิ,,,0,15,36,15,63.9510,48.4905
สถาบันเทคโนโลยีพระจอมเกล้าเจ้าคุณทหารลาดกระบัง,ลาดกระบัง,10160103700901A,คณะครุศาสตร์อุตสาหกรรม และเทคโนโลยี,ค.อ.บ. เทคโนโลยีคอมพิวเตอร์,,,0,8,136,8,60.7186,57.6954
สถาบันเทคโนโลยีพระจอมเกล้าเจ้าคุณทหารลาดกระบัง,ลาดกระบัง,10160103701401A,คณะครุศาสตร์อุตสาหกรรม และเทคโนโลยี,ค.อ.บ. ครุศาสตร์เกษตร,,,0,13,75,13,54.2514,47.7796
สถาบันเทคโนโลยีพระจอมเกล้าเจ้าคุณทหารลาดกระบัง,ลาดกระบัง,10160103702601A,คณะครุศาสตร์อุตสาหกรรม และเทคโนโลยี,ค.อ.บ. สถาปัตยกรรม (หลักสูตร 5 ปี),,,0,5,41,5,60.9172,58.1386
สถาบันเทคโนโลยีพระจอมเกล้าเจ้าคุณทหารลาดกระบัง,ลาดกระบัง,10160103702602A,คณะครุศาสตร์อุตสาหกรรม และเทคโนโลยี,ค.อ.บ. การออกแบบสภาพแวดล้อมภายใน (หลักสูตร 5 ปี),,,0,5,39,5,57.8548,56.9814
สถาบันเทคโนโลยีพระจอมเกล้าเจ้าคุณทหารลาดกระบัง,ลาดกระบัง,10160103702603A,คณะครุศาสตร์อุตสาหกรรม และเทคโนโลยี,ค.อ.บ. นวัตกรรมและเทคโนโลยีการ ออกแบบ,,,0,15,23,15,58.9074,42.2298
สถาบันเทคโนโลยีพระจอมเกล้าเจ้าคุณทหารลาดกระบัง,ลาดกระบัง,10160103703001A,คณะครุศาสตร์อุตสาหกรรม และเทคโนโลยี,ค.อ.บ. อิเล็กทรอนิกส์และโทรคมนาคม,,,0,30,128,30,57.5400,48.4340
สถาบันเทคโนโลยีพระจอมเกล้าเจ้าคุณทหารลาดกระบัง,ลาดกระบัง,10160103703801A,คณะครุศาสตร์อุตสาหกรรม และเทคโนโลยี,ค.อ.บ. วิทยาการจัดการเรียนรู้,,,0,20,59,20,57.7682,49.1574
สถาบันเทคโนโลยีพระจอมเกล้าเจ้าคุณทหารลาดกระบัง,ลาดกระบัง,10160104112901A,คณะเทคโนโลยีการเกษตร,วท.บ. การพยาบาลสัตว์และการจัดการ ธุรกิจสัตว์เลี้ยง,นักเรียนสายวิทย์,,1086,40,429,30,58.1336,52.1081
สถาบันเทคโนโลยีพระจอมเกล้าเจ้าคุณทหารลาดกระบัง,ลาดกระบัง,10160104112901A,คณะเทคโนโลยีการเกษตร,วท.บ. การพยาบาลสัตว์และการจัดการ ธุรกิจสัตว์เลี้ยง,นักเรียนสายศิลป์,,1086,40,123,10,57.1827,52.1112
สถาบันเทคโนโลยีพระจอมเกล้าเจ้าคุณทหารลาดกระบัง,ลาดกระบัง,10160104500202A,คณะเทคโนโลยีการเกษตร,วท.บ. เทคโนโลยีการผลิตพืช,,,0,45,95,45,55.5250,41.7906
สถาบันเทคโนโลยีพระจอมเกล้าเจ้าคุณทหารลาดกระบัง,ลาดกระบัง,10160104500203A,คณะเทคโนโลยีการเกษตร,วท.บ. การจัดการสมาร์ตฟารม์,นักเรียนสายวิทย์,,1084,40,143,32,53.8316,46.7084
สถาบันเทคโนโลยีพระจอมเกล้าเจ้าคุณทหารลาดกระบัง,ลาดกระบัง,10160104500203A,คณะเทคโนโลยีการเกษตร,วท.บ. การจัดการสมาร์ตฟารม์,นักเรียนสายศิลป์,,1084,40,43,8,54.3814,47.4060
สถาบันเทคโนโลยีพระจอมเกล้าเจ้าคุณทหารลาดกระบัง,ลาดกระบัง,10160104500204A,คณะเทคโนโลยีการเกษตร,วท.บ. การออกแบบและการจัดการภูมิ ทัศน์เพื่อสิ่งแวดล้อม,,,0,30,200,30,54.6414,49.0408
สถาบันเทคโนโลยีพระจอมเกล้าเจ้าคุณทหารลาดกระบัง,ลาดกระบัง,10160104500205F,คณะเทคโนโลยีการเกษตร,วท.บ. การจัดการสมาร์ตฟาร์มวศ.บ. วิศวกรรมเกษตรอัจฉริยะ (หลักสูตรสอง ปริญญา),,,0,40,56,34,54.9974,42.1006
สถาบันเทคโนโลยีพระจอมเกล้าเจ้าคุณทหารลาดกระบัง,ลาดกระบัง,10160104500401A,คณะเทคโนโลยีการเกษตร,วท.บ. เศรษฐศาสตร์และธุรกิจเพื่อ พัฒนาการเกษตร,,,0,25,271,25,55.4338,50.3742
สถาบันเทคโนโลยีพระจอมเกล้าเจ้าคุณทหารลาดกระบัง,ลาดกระบัง,10160104500402A,คณะเทคโนโลยีการเกษตร,วท.บ. นิเทศศาสตร์เกษตร,นักเรียนสายวิทย์,,1085,20,162,5,58.0910,54.7825
สถาบันเทคโนโลยีพระจอมเกล้าเจ้าคุณทหารลาดกระบัง,ลาดกระบัง,10160104500402A,คณะเทคโนโลยีการเกษตร,วท.บ. นิเทศศาสตร์เกษตร,นักเรียนสายศิลป์,,1085,20,305,15,60.7345,54.5768
สถาบันเทคโนโลยีพระจอมเกล้าเจ้าคุณทหารลาดกระบัง,ลาดกระบัง,10160104500402F,คณะเทคโนโลยีการเกษตร,วท.บ. เศรษฐศาสตร์และธุรกิจเพื่อ พัฒนาการเกษตร ศ.บ. เศรษฐศาสต์รธุรกิจและการจัดการ (หลักสูตรสอง ปริญญา),,,0,25,73,25,54.1580,46.9130
สถาบันเทคโนโลยีพระจอมเกล้าเจ้าคุณทหารลาดกระบัง,ลาดกระบัง,10160104500601A,คณะเทคโนโลยีการเกษตร,วท.บ. นวัตกรรมการผลิตสัตว์น้ าและการ จัดการทรัพยากรประมง,,,0,45,164,45,53.9323,46.6971
สถาบันเทคโนโลยีพระจอมเกล้าเจ้าคุณทหารลาดกระบัง,ลาดกระบัง,10160104500801A,คณะเทคโนโลยีการเกษตร,วท.บ. นวัตกรรมพืชสวน,,,0,60,51,27,53.9500,40.0480
สถาบันเทคโนโลยีพระจอมเกล้าเจ้าคุณทหารลาดกระบัง,ลาดกระบัง,10160104501201A,คณะเทคโนโลยีการเกษตร,วท.บ. เทคโนโลยีการผลิตสัตว์และวิทยาศาสตร์เนื้อสัตว์,,,0,60,175,60,58.4904,51.1282
สถาบันเทคโนโลยีพระจอมเกล้าเจ้าคุณทหารลาดกระบัง,ลาดกระบัง,10160105210301A,คณะวิทยาศาสตร์,วท.บ. คณิตศาสตร์ประยุกต์,นักเรียนสายที่เกี่ยวกับ คอมพิวเตอร์ใช้คะแนน TGAT และ A-Level (รับร่วมกัน),,1117,80,33,6,59.3980,53.5810
สถาบันเทคโนโลยีพระจอมเกล้าเจ้าคุณทหารลาดกระบัง,ลาดกระบัง,10160105210301A,คณะวิทยาศาสตร์,วท.บ. คณิตศาสตร์ประยุกต์,นักเรียนสายวิทยาศาสตร์- คณิตศาสตร์ใช้คะแนน TGAT และ A-Level (รับร่วมกัน),,1117,80,488,50,59.6226,52.4587
สถาบันเทคโนโลยีพระจอมเกล้าเจ้าคุณทหารลาดกระบัง,ลาดกระบัง,10160105210301A,คณะวิทยาศาสตร์,วท.บ. คณิตศาสตร์ประยุกต์,นักเรียนสายศิลป์-คำนวณ ใช้ คะแนน TGAT และ A-Level (รับร่วมกัน),,1117,80,183,22,57.2496,52.4693
สถาบันเทคโนโลยีพระจอมเกล้าเจ้าคุณทหารลาดกระบัง,ลาดกระบัง,10160105210301A,คณะวิทยาศาสตร์,วท.บ. คณิตศาสตร์ประยุกต์,วุฒิGED ใช้คะแนน TGAT และ A-Level (รับร่วมกัน),,1117,80,7,2,54.3424,53.4010
สถาบันเทคโนโลยีพระจอมเกล้าเจ้าคุณทหารลาดกระบัง,ลาดกระบัง,10160105210401A,คณะวิทยาศาสตร์,วท.บ. เคมีอุตสาหกรรม,นักเรียนสายวิทยาศาสตร์- คณิตศาสตร์ใช้คะแนน TGAT และ A-Level (รับร่วมกัน),,1118,80,529,77,59.1783,51.2816
สถาบันเทคโนโลยีพระจอมเกล้าเจ้าคุณทหารลาดกระบัง,ลาดกระบัง,10160105210401A,คณะวิทยาศาสตร์,วท.บ. เคมีอุตสาหกรรม,วุฒิGED ใช้คะแนน TGAT และ A-Level (รับร่วมกัน),,1118,80,8,3,53.0899,51.3896
สถาบันเทคโนโลยีพระจอมเกล้าเจ้าคุณทหารลาดกระบัง,ลาดกระบัง,10160105210501A,คณะวิทยาศาสตร์,วท.บ. จุลชีววิทยาอุตสาหกรรม,นักเรียนสายวิทยาศาสตร์- คณิตศาสตร์ใช้คะแนน TGAT และ A-Level (รับร่วมกัน),,1121,80,405,24,58.8134,53.7973
สถาบันเทคโนโลยีพระจอมเกล้าเจ้าคุณทหารลาดกระบัง,ลาดกระบัง,10160105210501A,คณะวิทยาศาสตร์,วท.บ. จุลชีววิทยาอุตสาหกรรม,นักเรียนสายวิทยาศาสตร์- คณิตศาสตร์ใช้คะแนน TGAT และ TPAT3 (รับร่วมกัน),,1121,80,358,56,63.5188,53.7296
สถาบันเทคโนโลยีพระจอมเกล้าเจ้าคุณทหารลาดกระบัง,ลาดกระบัง,10160105210501A,คณะวิทยาศาสตร์,วท.บ. จุลชีววิทยาอุตสาหกรรม,วุฒิGED ใช้คะแนน TGAT และ TPAT3 (รับร่วมกัน),,1121,80,3,0,0.0000,0.0000
สถาบันเทคโนโลยีพระจอมเกล้าเจ้าคุณทหารลาดกระบัง,ลาดกระบัง,10160105210801E,คณะวิทยาศาสตร์,วท.บ. เทคโนโลยีดิจิทัลและนวัตกรรมเชิง บูรณาการ (หลักสูตรนานาชาต)ิ,นักเรียนสายที่เกี่ยวกับ คอมพิวเตอร์ใช้คะแนน TGAT และ A-Level (รับร่วมกัน),,1124,45,14,4,63.6950,51.4283
สถาบันเทคโนโลยีพระจอมเกล้าเจ้าคุณทหารลาดกระบัง,ลาดกระบัง,10160105210801E,คณะวิทยาศาสตร์,วท.บ. เทคโนโลยีดิจิทัลและนวัตกรรมเชิง บูรณาการ (หลักสูตรนานาชาต)ิ,นักเรียนสายวิทยาศาสตร์- คณิตศาสตร์ใช้คะแนน TGAT และ A-Level (รับร่วมกัน),,1124,45,81,22,60.5019,49.2445
สถาบันเทคโนโลยีพระจอมเกล้าเจ้าคุณทหารลาดกระบัง,ลาดกระบัง,10160105210801E,คณะวิทยาศาสตร์,วท.บ. เทคโนโลยีดิจิทัลและนวัตกรรมเชิง บูรณาการ (หลักสูตรนานาชาต)ิ,นักเรียนสายศิลป์-คำนวณ ใช้ คะแนน TGAT และ A-Level (รับร่วมกัน),,1124,45,43,13,58.0549,49.3430
สถาบันเทคโนโลยีพระจอมเกล้าเจ้าคุณทหารลาดกระบัง,ลาดกระบัง,10160105210801E,คณะวิทยาศาสตร์,วท.บ. เทคโนโลยีดิจิทัลและนวัตกรรมเชิง บูรณาการ (หลักสูตรนานาชาต)ิ,นักเรียนสายศิลป์-ภาษา ใช้ คะแนน TGAT และ A-Level (รับร่วมกัน),,1124,45,38,3,53.7646,49.4427
สถาบันเทคโนโลยีพระจอมเกล้าเจ้าคุณทหารลาดกระบัง,ลาดกระบัง,10160105210801E,คณะวิทยาศาสตร์,วท.บ. เทคโนโลยีดิจิทัลและนวัตกรรมเชิง บูรณาการ (หลักสูตรนานาชาต)ิ,วุฒิGED ใช้คะแนน A-Level (รับร่วมกัน),,1124,45,12,3,51.8360,49.0520
สถาบันเทคโนโลยีพระจอมเกล้าเจ้าคุณทหารลาดกระบัง,ลาดกระบัง,10160105211201A,คณะวิทยาศาสตร์,วท.บ. เทคโนโลยีชีวภาพอุตสาหกรรม,นักเรียนสายวิทยาศาสตร์- คณิตศาสตร์ใช้คะแนน TGAT และ A-Level (รับร่วมกัน),,1120,80,294,22,56.2541,52.3712
สถาบันเทคโนโลยีพระจอมเกล้าเจ้าคุณทหารลาดกระบัง,ลาดกระบัง,10160105211201A,คณะวิทยาศาสตร์,วท.บ. เทคโนโลยีชีวภาพอุตสาหกรรม,นักเรียนสายวิทยาศาสตร์- คณิตศาสตร์ใช้คะแนน TGAT และ TPAT3 (รับร่วมกัน),,1120,80,301,58,65.1688,52.3634
สถาบันเทคโนโลยีพระจอมเกล้าเจ้าคุณทหารลาดกระบัง,ลาดกระบัง,10160105211201A,คณะวิทยาศาสตร์,วท.บ. เทคโนโลยีชีวภาพอุตสาหกรรม,วุฒิGED ใช้คะแนน TGAT และ TPAT3 (รับร่วมกัน),,1120,80,5,0,0.0000,0.0000
สถาบันเทคโนโลยีพระจอมเกล้าเจ้าคุณทหารลาดกระบัง,ลาดกระบัง,10160105211901A,คณะวิทยาศาสตร์,วท.บ. เทคโนโลยีสิ่งแวดล้อมและการ จัดการอย่างยั่งยืน,นักเรียนสายวิทยาศาสตร์- คณิตศาสตร์ใช้คะแนน TGAT และ A-Level (รับร่วมกัน),,1119,60,184,10,53.2787,50.6280
สถาบันเทคโนโลยีพระจอมเกล้าเจ้าคุณทหารลาดกระบัง,ลาดกระบัง,10160105211901A,คณะวิทยาศาสตร์,วท.บ. เทคโนโลยีสิ่งแวดล้อมและการ จัดการอย่างยั่งยืน,นักเรียนสายวิทยาศาสตร์- คณิตศาสตร์ใช้คะแนน TGAT และ TPAT3 (รับร่วมกัน),,1119,60,218,50,65.1212,50.6561
สถาบันเทคโนโลยีพระจอมเกล้าเจ้าคุณทหารลาดกระบัง,ลาดกระบัง,10160105211901A,คณะวิทยาศาสตร์,วท.บ. เทคโนโลยีสิ่งแวดล้อมและการ จัดการอย่างยั่งยืน,วุฒิGED ใช้คะแนน TGAT และ TPAT3 (รับร่วมกัน),,1119,60,4,0,0.0000,0.0000
สถาบันเทคโนโลยีพระจอมเกล้าเจ้าคุณทหารลาดกระบัง,ลาดกระบัง,10160105212701A,คณะวิทยาศาสตร์,วท.บ. ฟิสิกส์อุตสาหกรรม,นักเรียนสายวิทยาศาสตร์- คณิตศาสตร์ใช้คะแนน TGAT และ A-Level (รับร่วมกัน),,1122,80,141,9,57.8454,52.2792
สถาบันเทคโนโลยีพระจอมเกล้าเจ้าคุณทหารลาดกระบัง,ลาดกระบัง,10160105212701A,คณะวิทยาศาสตร์,วท.บ. ฟิสิกส์อุตสาหกรรม,นักเรียนสายวิทยาศาสตร์- คณิตศาสตร์ใช้คะแนน TGAT และ TPAT3 (รับร่วมกัน),,1122,80,270,70,62.1792,52.1850
สถาบันเทคโนโลยีพระจอมเกล้าเจ้าคุณทหารลาดกระบัง,ลาดกระบัง,10160105212701A,คณะวิทยาศาสตร์,วท.บ. ฟิสิกส์อุตสาหกรรม,วุฒิGED ใช้คะแนน TGAT และ TPAT3 (รับร่วมกัน),,1122,80,3,1,53.5986,53.5986
สถาบันเทคโนโลยีพระจอมเกล้าเจ้าคุณทหารลาดกระบัง,ลาดกระบัง,10160105212701F,คณะวิทยาศาสตร์,วท.บ. ฟิสิกส์อุตสาหกรรม และ วศ.บ. วิศวกรรมระบบไอโอทีและสารสนเทศ (หลักสูตรสองปริญญา),นักเรียนสายวิทยาศาสตร์- คณิตศาสตร์ใช้คะแนน TGAT และ A-Level (รับร่วมกัน),,1125,10,25,0,0.0000,0.0000
สถาบันเทคโนโลยีพระจอมเกล้าเจ้าคุณทหารลาดกระบัง,ลาดกระบัง,10160105212701F,คณะวิทยาศาสตร์,วท.บ. ฟิสิกส์อุตสาหกรรม และ วศ.บ. วิศวกรรมระบบไอโอทีและสารสนเทศ (หลักสูตรสองปริญญา),นักเรียนสายวิทยาศาสตร์- คณิตศาสตร์ใช้คะแนน TGAT และ TPAT3 (รับร่วมกัน),,1125,10,86,10,74.7384,62.6654
สถาบันเทคโนโลยีพระจอมเกล้าเจ้าคุณทหารลาดกระบัง,ลาดกระบัง,10160105212701F,คณะวิทยาศาสตร์,วท.บ. ฟิสิกส์อุตสาหกรรม และ วศ.บ. วิศวกรรมระบบไอโอทีและสารสนเทศ (หลักสูตรสองปริญญา),วุฒิGED ใช้คะแนน TGAT และ TPAT3 (รับร่วมกัน),,1125,10,4,0,0.0000,0.0000
สถาบันเทคโนโลยีพระจอมเกล้าเจ้าคุณทหารลาดกระบัง,ลาดกระบัง,10160105213301A,คณะวิทยาศาสตร์,วท.บ. สถิติประยุกต์และการวิเคราะห์ข้อมูล,นักเรียนสายที่เกี่ยวกับ คอมพิวเตอร์ใช้คะแนน TGAT และ A-Level (รับร่วมกัน),,1123,80,60,2,56.1032,55.6038
สถาบันเทคโนโลยีพระจอมเกล้าเจ้าคุณทหารลาดกระบัง,ลาดกระบัง,10160105213301A,คณะวิทยาศาสตร์,วท.บ. สถิติประยุกต์และการวิเคราะห์ข้อมูล,นักเรียนสายวิทยาศาสตร์- คณิตศาสตร์ใช้คะแนน TGAT และ A-Level (รับร่วมกัน),,1123,80,538,47,61.5490,55.5414
สถาบันเทคโนโลยีพระจอมเกล้าเจ้าคุณทหารลาดกระบัง,ลาดกระบัง,10160105213301A,คณะวิทยาศาสตร์,วท.บ. สถิติประยุกต์และการวิเคราะห์ข้อมูล,นักเรียนสายศิลป์-คำนวณ ใช้ คะแนน TGAT และ A-Level (รับร่วมกัน),,1123,80,176,5,59.1846,55.6392
สถาบันเทคโนโลยีพระจอมเกล้าเจ้าคุณทหารลาดกระบัง,ลาดกระบัง,10160105213301A,คณะวิทยาศาสตร์,วท.บ. สถิติประยุกต์และการวิเคราะห์ข้อมูล,นักเรียนสายศิลป์-ภาษา ใช้ คะแนน TGAT และ A-Level (รับร่วมกัน),,1123,80,184,26,64.1302,55.7506
สถาบันเทคโนโลยีพระจอมเกล้าเจ้าคุณทหารลาดกระบัง,ลาดกระบัง,10160105213301A,คณะวิทยาศาสตร์,วท.บ. สถิติประยุกต์และการวิเคราะห์ข้อมูล,วุฒิGED ใช้คะแนน TGAT และ A-Level (รับร่วมกัน),,1123,80,13,0,0.0000,0.0000
สถาบันเทคโนโลยีพระจอมเกล้าเจ้าคุณทหารลาดกระบัง,ลาดกระบัง,10160105220201A,คณะวิทยาศาสตร์,วท.บ. วิทยาการคอมพิวเตอร์,ไม่จำกัดแผนการเรียน ใช้ คะแนน TGAT และ A-Level,,0,15,532,15,62.4256,57.5783
สถาบันเทคโนโลยีพระจอมเกล้าเจ้าคุณทหารลาดกระบัง,ลาดกระบัง,10160105220201A,คณะวิทยาศาสตร์,วท.บ. วิทยาการคอมพิวเตอร์,"ไม่จำกัดแผนการเรียน ใช้ คะแนน TGAT, A-Level และ TPAT3",,0,15,"1,229",15,67.0193,61.2632
สถาบันเทคโนโลยีพระจอมเกล้าเจ้าคุณทหารลาดกระบัง,ลาดกระบัง,10160107213701A,คณะเทคโนโลยีสารสนเทศ,วท.บ. เทคโนโลยีปัญญาประดิษฐ์,,,0,20,365,20,68.2986,56.2679
สถาบันเทคโนโลยีพระจอมเกล้าเจ้าคุณทหารลาดกระบัง,ลาดกระบัง,10160107220101A,คณะเทคโนโลยีสารสนเทศ,วท.บ. เทคโนโลยีสารสนเทศ,รูปแบบที่ 1,,0,25,541,25,64.2915,58.1339
สถาบันเทคโนโลยีพระจอมเกล้าเจ้าคุณทหารลาดกระบัง,ลาดกระบัง,10160107220101A,คณะเทคโนโลยีสารสนเทศ,วท.บ. เทคโนโลยีสารสนเทศ,รูปแบบที่ 2,,0,25,357,25,66.0299,57.6248
สถาบันเทคโนโลยีพระจอมเกล้าเจ้าคุณทหารลาดกระบัง,ลาดกระบัง,10160107220301A,คณะเทคโนโลยีสารสนเทศ,วท.บ. วิทยาการข้อมูลและการวิเคราะห์ เชิงธุรกิจ,รูปแบบที่ 1,,0,15,252,15,63.7112,58.0538
สถาบันเทคโนโลยีพระจอมเกล้าเจ้าคุณทหารลาดกระบัง,ลาดกระบัง,10160107220301A,คณะเทคโนโลยีสารสนเทศ,วท.บ. วิทยาการข้อมูลและการวิเคราะห์ เชิงธุรกิจ,รูปแบบที่ 2,,0,15,222,15,61.7649,58.7806
สถาบันเทคโนโลยีพระจอมเกล้าเจ้าคุณทหารลาดกระบัง,ลาดกระบัง,10160108501101A,คณะอุตสาหกรรมอาหาร,วท.บ. วิทยาศาสตร์และเทคโนโลยีการ อาหาร,,,0,50,436,50,60.0541,52.9195
สถาบันเทคโนโลยีพระจอมเกล้าเจ้าคุณทหารลาดกระบัง,ลาดกระบัง,10160108501103A,คณะอุตสาหกรรมอาหาร,วท.บ. วิศวกรรมแปรรูปอาหาร,,,0,85,381,85,62.6756,50.9334
สถาบันเทคโนโลยีพระจอมเกล้าเจ้าคุณทหารลาดกระบัง,ลาดกระบัง,10160108501105F,คณะอุตสาหกรรมอาหาร,วท.บ. วิศวกรรมแปรรูปอาหาร วศ.บ. วิศวกรรมอุตสาหการ หลักสูตรสองปริญญา,,,0,15,125,15,64.2431,58.1988
สถาบันเทคโนโลยีพระจอมเกล้าเจ้าคุณทหารลาดกระบัง,ลาดกระบัง,10160110610802E,คณะบริหารธุรกิจ,บธ.บ. บริหารธุรกิจบัณฑิต (หลักสูตร นานาชาติ) แขนง INNOVATION & TECHNOLOGICAL MARKETING,,,0,20,325,20,66.5600,59.7332
สถาบันเทคโนโลยีพระจอมเกล้าเจ้าคุณทหารลาดกระบัง,ลาดกระบัง,10160110610803E,คณะบริหารธุรกิจ,บธ.บ. การเป็นผู้ประกอบการระดับโลก (หลักสูตรนานาชาต)ิ,,,0,50,108,30,64.8138,52.2210
สถาบันเทคโนโลยีพระจอมเกล้าเจ้าคุณทหารลาดกระบัง,ลาดกระบัง,10160110610804A,คณะบริหารธุรกิจ,บธ.บ. บริหารธุรกิจ แขนงนวัตกรรมการ จัดการอุตสาหกรรม,,,0,40,873,40,63.5258,57.8094
สถาบันเทคโนโลยีพระจอมเกล้าเจ้าคุณทหารลาดกระบัง,ลาดกระบัง,10160110610805A,คณะบริหารธุรกิจ,บธ.บ. บริหารธุรกิจ แขนงการจัดการและ การเป็นผู้ประกอบการนวัตกรรม,,,0,30,430,30,64.4464,58.7083
สถาบันเทคโนโลยีพระจอมเกล้าเจ้าคุณทหารลาดกระบัง,ลาดกระบัง,10160110610806E,คณะบริหารธุรกิจ,บธ.บ. บริหารธุรกิจบัณฑิต (หลักสูตร นานาชาติ) แขนง GLOBAL BUSINESS & FINANCIAL MANAGEMENT,,,0,20,293,20,67.5362,59.9490
สถาบันเทคโนโลยีพระจอมเกล้าเจ้าคุณทหารลาดกระบัง,ลาดกระบัง,10160110610807E,คณะบริหารธุรกิจ,บธ.บ. บริหารธุรกิจบัณฑิต (หลักสูตร นานาชาติ) แขนง DIGITAL SUPPLY CHAIN MANAGEMENT,,,0,25,188,25,61.6076,56.9740
สถาบันเทคโนโลยีพระจอมเกล้าเจ้าคุณทหารลาดกระบัง,ลาดกระบัง,10160110610901A,คณะบริหารธุรกิจ,บธ.บ. การเปลี่ยนแปลงทางดิจิทัลและการ จัดการเทคโนโลยี,,,0,50,666,50,61.4197,53.0406
สถาบันเทคโนโลยีพระจอมเกล้าเจ้าคุณทหารลาดกระบัง,ลาดกระบัง,10160110611101A,คณะบริหารธุรกิจ,ศ.บ. เศรษฐศาสตร์ธุรกิจและการจัดการ,,,0,90,963,90,59.8902,54.1837
สถาบันเทคโนโลยีพระจอมเกล้าเจ้าคุณทหารลาดกระบัง,ลาดกระบัง,10160111302501A,วิทยาลัยเทคโนโลยีและนวัตกรรมวัสดุ,วศ.บ. วิศวกรรมวัสดุนาโน,,,0,40,341,40,55.6681,50.7420
สถาบันเทคโนโลยีพระจอมเกล้าเจ้าคุณทหารลาดกระบัง,ลาดกระบัง,10160111302502G,วิทยาลัยเทคโนโลยีและนวัตกรรมวัสดุ,วศ.บ. เทคโนโลยีวัสดุชาญฉลาด วศ.บ. วิศวกรรมหุ่นยนต์และปัญญาประดิษ์ฐ(หลักสูตรนานาชาต)ิ หลักสูตรสองปริญญา,,,0,15,12,7,55.4140,48.2593
สถาบันเทคโนโลยีพระจอมเกล้าเจ้าคุณทหารลาดกระบัง,ลาดกระบัง,10160112300301A,วิทยาลัยนวัตกรรมการผลิต ขั้นสูง,วศ.บ. วิศวกรรมระบบการผลิต,,,0,35,151,35,61.0571,52.7531
สถาบันเทคโนโลยีพระจอมเกล้าเจ้าคุณทหารลาดกระบัง,ลาดกระบัง,10160113303201E,วิทยาลัยอุตสาหกรรมการบิน นานาชาติ,วศ.บ. วิศวกรรมการบินและนักบินพาณิช์ย(หลักสูตรนานาชาต)ิ,,,0,30,88,30,65.2222,46.7820
สถาบันเทคโนโลยีพระจอมเกล้าเจ้าคุณทหารลาดกระบัง,ลาดกระบัง,10160113303202E,วิทยาลัยอุตสาหกรรมการบิน นานาชาติ,วศ.บ. วิศวกรรมการบินและอวกาศ (หลักสูตรนานาชาต)ิ,,,0,30,95,30,63.1864,45.5920
สถาบันเทคโนโลยีพระจอมเกล้าเจ้าคุณทหารลาดกระบัง,ลาดกระบัง,10160113611001E,วิทยาลัยอุตสาหกรรมการบิน นานาชาติ,วท.บ. การจัดการโลจิสติก์ส(หลักสูตร นานาชาติ),,,0,50,438,51,64.4000,53.6830
สถาบันเทคโนโลยีพระจอมเกล้าเจ้าคุณทหารลาดกระบัง,ลาดกระบัง,10160114620101A,คณะศิลปศาสตร์,ศศ.บ. นวัตกรรมการท่องเที่ยวและการ บริการ,,,0,30,"1,187",30,64.9908,59.0829
สถาบันเทคโนโลยีพระจอมเกล้าเจ้าคุณทหารลาดกระบัง,ลาดกระบัง,10160114620201A,คณะศิลปศาสตร์,ศศ.บ. การจัดการบริการการบิน,,,0,20,911,20,66.6057,59.4005
สถาบันเทคโนโลยีพระจอมเกล้าเจ้าคุณทหารลาดกระบัง,ลาดกระบัง,10160114901801A,คณะศิลปศาสตร์,ศศ.บ. ภาษาจีนเพื่ออุตสาหกรรม,,,0,30,579,30,66.2675,59.1674
สถาบันเทคโนโลยีพระจอมเกล้าเจ้าคุณทหารลาดกระบัง,ลาดกระบัง,10160114901901A,คณะศิลปศาสตร์,ศศ.บ. ภาษาญี่ปุ่นธุรกิจ,,,0,40,550,40,62.3646,57.8827
สถาบันเทคโนโลยีพระจอมเกล้าเจ้าคุณทหารลาดกระบัง,ลาดกระบัง,10160114902501A,คณะศิลปศาสตร์,ศศ.บ. ภาษาอังกฤษ,"นักเรียนระดับ ปวช., กศน. และ GED",,1145,75,0,0,0.0000,0.0000
สถาบันเทคโนโลยีพระจอมเกล้าเจ้าคุณทหารลาดกระบัง,ลาดกระบัง,10160114902501A,คณะศิลปศาสตร์,ศศ.บ. ภาษาอังกฤษ,นักเรียนระดับมัธยมศึกษา ทุกแผนการเรียน,,1145,75,"1,274",75,66.0930,60.5646
สถาบันเทคโนโลยีพระจอมเกล้าเจ้าคุณทหารลาดกระบัง,ลาดกระบัง,10160116211601A,วิทยาลัยวิศวกรรมสังคีต,ศศ.วท.บ เทคโนโลยีและศิลปะสรา้ งสรรค์,,,0,20,222,20,66.9585,57.3200
สถาบันเทคโนโลยีพระจอมเกล้าเจ้าคุณทหารลาดกระบัง,ลาดกระบัง,10160116301801A,วิทยาลัยวิศวกรรมสังคีต,วศ.บ. วิศวกรรมดนตรีและสื่อประสม,,,0,15,27,15,56.6038,45.0150
สถาบันเทคโนโลยีพระจอมเกล้าเจ้าคุณทหารลาดกระบัง,ลาดกระบัง,10160122111701A,คณะพยาบาลศาสตร์,พยาบาลศาสตรบัณฑิต,,,0,15,"2,360",15,57.6660,55.3090
สถาบันเทคโนโลยีพระจอมเกล้าเจ้าคุณทหารลาดกระบัง,ชุมพรเขตรอุดม ศักดิ์ จังหวัดชุมพร,10160220211001A,วิทยาเขตชุมพรเขตรอุดมศักดิ์ จังหวัดชุมพร,วท.บ. นวัตกรรมอาหารและการจัดการ,,,0,30,3,3,46.9970,38.4325
สถาบันเทคโนโลยีพระจอมเกล้าเจ้าคุณทหารลาดกระบัง,ชุมพรเขตรอุดม ศักดิ์ จังหวัดชุมพร,10160220300501A,วิทยาเขตชุมพรเขตรอุดมศักดิ์ จังหวัดชุมพร,วศ.บ. วิศวกรรมคอมพิวเตอร์,,,0,10,96,10,64.8215,58.7660
สถาบันเทคโนโลยีพระจอมเกล้าเจ้าคุณทหารลาดกระบัง,ชุมพรเขตรอุดม ศักดิ์ จังหวัดชุมพร,10160220300701A,วิทยาเขตชุมพรเขตรอุดมศักดิ์ จังหวัดชุมพร,วศ.บ. วิศวกรรมเครื่องกล แขนง วิศวกรรมเครื่องกล,,,0,40,65,25,60.3685,41.4060
สถาบันเทคโนโลยีพระจอมเกล้าเจ้าคุณทหารลาดกระบัง,ชุมพรเขตรอุดม ศักดิ์ จังหวัดชุมพร,10160220301602A,วิทยาเขตชุมพรเขตรอุดมศักดิ์ จังหวัดชุมพร,วศ.บ. วิศวกรรมไฟฟ้า แขนงวิศวกรรม อิเล็กทรอนิกส์,,,0,30,42,16,52.4565,41.5720
สถาบันเทคโนโลยีพระจอมเกล้าเจ้าคุณทหารลาดกระบัง,ชุมพรเขตรอุดม ศักดิ์ จังหวัดชุมพร,10160220301603A,วิทยาเขตชุมพรเขตรอุดมศักดิ์ จังหวัดชุมพร,วศ.บ. วิศวกรรมไฟฟ้า แขนง วิศวกรรมไฟฟ้ากำลัง,,,0,20,83,20,57.5730,48.9640
สถาบันเทคโนโลยีพระจอมเกล้าเจ้าคุณทหารลาดกระบัง,ชุมพรเขตรอุดม ศักดิ์ จังหวัดชุมพร,10160220302101A,วิทยาเขตชุมพรเขตรอุดมศักดิ์ จังหวัดชุมพร,วศ.บ. วิศวกรรมโยธา,,,0,30,73,30,59.9815,41.1870
สถาบันเทคโนโลยีพระจอมเกล้าเจ้าคุณทหารลาดกระบัง,ชุมพรเขตรอุดม ศักดิ์ จังหวัดชุมพร,10160220303401A,วิทยาเขตชุมพรเขตรอุดมศักดิ์ จังหวัดชุมพร,วศ.บ. วิศวกรรมหุ่นยนต์และอิเล็กทรอนิกส์,,,0,30,23,6,61.3075,38.8650
สถาบันเทคโนโลยีพระจอมเกล้าเจ้าคุณทหารลาดกระบัง,ชุมพรเขตรอุดม ศักดิ์ จังหวัดชุมพร,10160220303501A,วิทยาเขตชุมพรเขตรอุดมศักดิ์ จังหวัดชุมพร,วศ.บ. วิศวกรรมอุตสาหการ,,,0,30,14,4,54.0490,42.3570
สถาบันเทคโนโลยีพระจอมเกล้าเจ้าคุณทหารลาดกระบัง,ชุมพรเขตรอุดม ศักดิ์ จังหวัดชุมพร,10160220500601A,วิทยาเขตชุมพรเขตรอุดมศักดิ์ จังหวัดชุมพร,วท.บ. วิทยาศาสตร์การประมงและทรัพยากรทาง้นา,,,0,30,12,2,48.1360,46.8555
สถาบันเทคโนโลยีพระจอมเกล้าเจ้าคุณทหารลาดกระบัง,ชุมพรเขตรอุดม ศักดิ์ จังหวัดชุมพร,10160220501202A,วิทยาเขตชุมพรเขตรอุดมศักดิ์ จังหวัดชุมพร,วท.บ. สัตวศาสตร์แขนงการผลิตและ ธุรกิจปศุสัตว์,,,0,30,16,3,47.5390,37.9470
สถาบันเทคโนโลยีพระจอมเกล้าเจ้าคุณทหารลาดกระบัง,ชุมพรเขตรอุดม ศักดิ์ จังหวัดชุมพร,10160220501203A,วิทยาเขตชุมพรเขตรอุดมศักดิ์ จังหวัดชุมพร,วท.บ. สัตวศาสตร์แขนงการผลิตและ ธุรกิจสัตว์เลี้ยง,,,0,30,4,1,45.2520,45.2520
สถาบันเทคโนโลยีพระจอมเกล้าเจ้าคุณทหารลาดกระบัง,ชุมพรเขตรอุดม ศักดิ์ จังหวัดชุมพร,10160220501301A,วิทยาเขตชุมพรเขตรอุดมศักดิ์ จังหวัดชุมพร,วท.บ. เทคโนโลยีการจัดการผลิตพืช,,,0,30,3,1,39.7045,39.7045
สถาบันเทคโนโลยีพระจอมเกล้าเจ้าคุณทหารลาดกระบัง,ชุมพรเขตรอุดม ศักดิ์ จังหวัดชุมพร,10160220610801A,วิทยาเขตชุมพรเขตรอุดมศักดิ์ จังหวัดชุมพร,บธ.บ. บริหารธุรกิจและการเป็น ผู้ประกอบการ,,,0,30,47,17,56.7760,34.3490
มหาวิทยาลัยเทคโนโลยีสุรนารี,วิทยาเขตหลัก,10170100210801A,สำนักวิชาศาสตร์และศิล์ปดิจิทัล,เทคโนโลยีดิจิทัล,สำนักวิชาศาสตร์และศิล์ปดิจิทัล (สาขาวิชาเทคโนโลียดิจิทัล),,0,20,87,20,51.6875,39.5000
มหาวิทยาลัยเทคโนโลยีสุรนารี,วิทยาเขตหลัก,10170100210802A,สำนักวิชาศาสตร์และศิล์ปดิจิทัล,นิเทศศาสตร์ดิจิทัล,สำนักวิชาศาสตร์และศิล์ปดิจิทัล (สาขาวิชานิเทศ ศาสตร์ดิจิทัล),,0,10,95,10,50.4375,43.3750
มหาวิทยาลัยเทคโนโลยีสุรนารี,วิทยาเขตหลัก,10170101112001A,สำนักวิชาวิทยาศาสตร์,วิทยาศาสตร์การกีฬา,สำนักวิชาวิทยาศาสต์ร(สาขาวิชาวิทยาศาสตร์การ กีฬา)-(ม.6)ใช้คะแนนA-Level,,3009,20,35,13,41.9800,18.7900
มหาวิทยาลัยเทคโนโลยีสุรนารี,วิทยาเขตหลัก,10170101112001A,สำนักวิชาวิทยาศาสตร์,วิทยาศาสตร์การกีฬา,สำนักวิชาวิทยาศาสต์ร(สาขาวิชาวิทยาศาสตร์การ กีฬา)-(GED)ใช้คะแนนA-Level,,3009,20,0,0,0.0000,0.0000
มหาวิทยาลัยเทคโนโลยีสุรนารี,วิทยาเขตหลัก,10170101112001A,สำนักวิชาวิทยาศาสตร์,วิทยาศาสตร์การกีฬา,สำนักวิชาวิทยาศาสต์ร(สาขาวิชาวิทยาศาสตร์การ กีฬา)-(ม.6)ใช้คะแนน TGAT-TPAT,,3009,20,17,7,44.9328,32.6664
มหาวิทยาลัยเทคโนโลยีสุรนารี,วิทยาเขตหลัก,10170101112001A,สำนักวิชาวิทยาศาสตร์,วิทยาศาสตร์การกีฬา,สำนักวิชาวิทยาศาสต์ร(สาขาวิชาวิทยาศาสตร์การ กีฬา)-(GED)ใช้คะแนน TGAT-TPAT,,3009,20,0,0,0.0000,0.0000
มหาวิทยาลัยเทคโนโลยีสุรนารี,วิทยาเขตหลัก,10170101112101A,สำนักวิชาวิทยาศาสตร์,วิทยาศาสตร์การแพทย์,สำนักวิชาวิทยาศาสต์ร(สาขาวิชาวิทยาศาสต์รการแพทย์)-(ม.6)ใช้คะแนน A-Level,,3007,10,55,0,0.0000,0.0000
มหาวิทยาลัยเทคโนโลยีสุรนารี,วิทยาเขตหลัก,10170101112101A,สำนักวิชาวิทยาศาสตร์,วิทยาศาสตร์การแพทย์,สำนักวิชาวิทยาศาสต์ร(สาขาวิชาวิทยาศาสต์รการแพทย์)-(GED)ใช้คะแนน A-Level,,3007,10,1,0,0.0000,0.0000
มหาวิทยาลัยเทคโนโลยีสุรนารี,วิทยาเขตหลัก,10170101112101A,สำนักวิชาวิทยาศาสตร์,วิทยาศาสตร์การแพทย์,สำนักวิชาวิทยาศาสต์ร(สาขาวิชาวิทยาศาสต์รการแพทย์)-(ม.6)ใช้คะแนน TGAT-TPAT,,3007,10,184,10,57.2000,51.8666
มหาวิทยาลัยเทคโนโลยีสุรนารี,วิทยาเขตหลัก,10170101112101A,สำนักวิชาวิทยาศาสตร์,วิทยาศาสตร์การแพทย์,สำนักวิชาวิทยาศาสต์ร(สาขาวิชาวิทยาศาสต์รการแพทย์)-(GED)ใช้คะแนน TGAT-TPAT,,3007,10,0,0,0.0000,0.0000
มหาวิทยาลัยเทคโนโลยีสุรนารี,วิทยาเขตหลัก,10170101210301A,สำนักวิชาวิทยาศาสตร์,คณิตศาสตร์,สำนักวิชาวิทยาศาสต์ร(สาขาวิชาคณิตศาสตร์)-(ม.6) ใช้คะแนนA-Level,,3002,20,13,5,35.1300,20.9600
มหาวิทยาลัยเทคโนโลยีสุรนารี,วิทยาเขตหลัก,10170101210301A,สำนักวิชาวิทยาศาสตร์,คณิตศาสตร์,สำนักวิชาวิทยาศาสต์ร(สาขาวิชาคณิตศาสตร์)-(GED) ใช้คะแนนA-Level,,3002,20,0,0,0.0000,0.0000
มหาวิทยาลัยเทคโนโลยีสุรนารี,วิทยาเขตหลัก,10170101210301A,สำนักวิชาวิทยาศาสตร์,คณิตศาสตร์,สำนักวิชาวิทยาศาสต์ร(สาขาวิชาคณิตศาสตร์)-(ม.6) ใช้คะแนนTGAT-TPAT,,3002,20,23,1,34.3330,34.3330
มหาวิทยาลัยเทคโนโลยีสุรนารี,วิทยาเขตหลัก,10170101210301A,สำนักวิชาวิทยาศาสตร์,คณิตศาสตร์,สำนักวิชาวิทยาศาสต์ร(สาขาวิชาคณิตศาสตร์)-(GED) ใช้คะแนนTGAT-TPAT,,3002,20,0,0,0.0000,0.0000
มหาวิทยาลัยเทคโนโลยีสุรนารี,วิทยาเขตหลัก,10170101210401A,สำนักวิชาวิทยาศาสตร์,เคมี,สำนักวิชาวิทยาศาสต์ร(สาขาวิชาเคมี)-(ม.6)ใช้ คะแนนA-Level,,3003,20,44,7,30.4000,24.4400
มหาวิทยาลัยเทคโนโลยีสุรนารี,วิทยาเขตหลัก,10170101210401A,สำนักวิชาวิทยาศาสตร์,เคมี,สำนักวิชาวิทยาศาสต์ร(สาขาวิชาเคมี)-(GED)ใช้ คะแนนA-Level,,3003,20,0,0,0.0000,0.0000
มหาวิทยาลัยเทคโนโลยีสุรนารี,วิทยาเขตหลัก,10170101210401A,สำนักวิชาวิทยาศาสตร์,เคมี,สำนักวิชาวิทยาศาสต์ร(สาขาวิชาเคมี)-(ม.6)ใช้ คะแนนTGAT-TPAT,,3003,20,52,13,48.7996,31.6000
มหาวิทยาลัยเทคโนโลยีสุรนารี,วิทยาเขตหลัก,10170101210401A,สำนักวิชาวิทยาศาสตร์,เคมี,สำนักวิชาวิทยาศาสต์ร(สาขาวิชาเคมี)-(GED)ใช้ คะแนนTGAT-TPAT,,3003,20,0,0,0.0000,0.0000
มหาวิทยาลัยเทคโนโลยีสุรนารี,วิทยาเขตหลัก,10170101210501A,สำนักวิชาวิทยาศาสตร์,จุลชีววิทยา,สำนักวิชาวิทยาศาสต์ร(สาขาวิชาจุลชีววิทยา)-(ม.6) ใช้คะแนนA-Level,,3006,30,51,12,31.9400,23.7300
มหาวิทยาลัยเทคโนโลยีสุรนารี,วิทยาเขตหลัก,10170101210501A,สำนักวิชาวิทยาศาสตร์,จุลชีววิทยา,สำนักวิชาวิทยาศาสต์ร(สาขาวิชาจุลชีววิทยา)- (GED)ใช้คะแนนA-Level,,3006,30,0,0,0.0000,0.0000
มหาวิทยาลัยเทคโนโลยีสุรนารี,วิทยาเขตหลัก,10170101210501A,สำนักวิชาวิทยาศาสตร์,จุลชีววิทยา,สำนักวิชาวิทยาศาสต์ร(สาขาวิชาจุลชีววิทยา)-(ม.6) ใช้คะแนนTGAT-TPAT,,3006,30,85,18,53.8000,30.6666
มหาวิทยาลัยเทคโนโลยีสุรนารี,วิทยาเขตหลัก,10170101210501A,สำนักวิชาวิทยาศาสตร์,จุลชีววิทยา,สำนักวิชาวิทยาศาสต์ร(สาขาวิชาจุลชีววิทยา)- (GED)ใช้คะแนนTGAT-TPAT,,3006,30,0,0,0.0000,0.0000
มหาวิทยาลัยเทคโนโลยีสุรนารี,วิทยาเขตหลัก,10170101210701A,สำนักวิชาวิทยาศาสตร์,ชีววิทยา,สำนักวิชาวิทยาศาสต์ร(สาขาวิชาชีววิทยา)-(ม.6)ใช้ คะแนนA-Level,,3004,20,35,0,0.0000,0.0000
มหาวิทยาลัยเทคโนโลยีสุรนารี,วิทยาเขตหลัก,10170101210701A,สำนักวิชาวิทยาศาสตร์,ชีววิทยา,สำนักวิชาวิทยาศาสต์ร(สาขาวิชาชีววิทยา)-(GED)ใช้ คะแนนA-Level,,3004,20,0,0,0.0000,0.0000
มหาวิทยาลัยเทคโนโลยีสุรนารี,วิทยาเขตหลัก,10170101210701A,สำนักวิชาวิทยาศาสตร์,ชีววิทยา,สำนักวิชาวิทยาศาสต์ร(สาขาวิชาชีววิทยา)-(ม.6)ใช้ คะแนนTGAT-TPAT,,3004,20,48,20,49.7994,33.5332
มหาวิทยาลัยเทคโนโลยีสุรนารี,วิทยาเขตหลัก,10170101210701A,สำนักวิชาวิทยาศาสตร์,ชีววิทยา,สำนักวิชาวิทยาศาสต์ร(สาขาวิชาชีววิทยา)-(GED)ใช้ คะแนนTGAT-TPAT,,3004,20,0,0,0.0000,0.0000
มหาวิทยาลัยเทคโนโลยีสุรนารี,วิทยาเขตหลัก,10170101212701A,สำนักวิชาวิทยาศาสตร์,ฟิสิกส์,สำนักวิชาวิทยาศาสต์ร(สาขาวิชาฟิสิกส์)-(ม.6)ใช้ คะแนนA-Level,,3005,30,10,1,25.1800,25.1800
มหาวิทยาลัยเทคโนโลยีสุรนารี,วิทยาเขตหลัก,10170101212701A,สำนักวิชาวิทยาศาสตร์,ฟิสิกส์,สำนักวิชาวิทยาศาสต์ร(สาขาวิชาฟิสิกส์)-(GED)ใช้ คะแนนA-Level,,3005,30,0,0,0.0000,0.0000
มหาวิทยาลัยเทคโนโลยีสุรนารี,วิทยาเขตหลัก,10170101212701A,สำนักวิชาวิทยาศาสตร์,ฟิสิกส์,สำนักวิชาวิทยาศาสต์ร(สาขาวิชาฟิสิกส์)-(ม.6)ใช้ คะแนนTGAT-TPAT,,3005,30,13,1,32.3996,32.3996
มหาวิทยาลัยเทคโนโลยีสุรนารี,วิทยาเขตหลัก,10170101212701A,สำนักวิชาวิทยาศาสตร์,ฟิสิกส์,สำนักวิชาวิทยาศาสต์ร(สาขาวิชาฟิสิกส์)-(GED)ใช้ คะแนนTGAT-TPAT,,3005,30,0,0,0.0000,0.0000
มหาวิทยาลัยเทคโนโลยีสุรนารี,วิทยาเขตหลัก,10170101220201A,สำนักวิชาวิทยาศาสตร์,วิทยาการคอมพิวเตอร์,สำนักวิชาวิทยาศาสต์ร(สาขาวิชาวิทยาการ คอมพิวเตอร)์-(ม.6)ใช้คะแนน A-Level,,3008,20,5,0,0.0000,0.0000
มหาวิทยาลัยเทคโนโลยีสุรนารี,วิทยาเขตหลัก,10170101220201A,สำนักวิชาวิทยาศาสตร์,วิทยาการคอมพิวเตอร์,สำนักวิชาวิทยาศาสต์ร(สาขาวิชาวิทยาการ คอมพิวเตอร)์-(GED)ใช้ คะแนนA-Level,,3008,20,0,0,0.0000,0.0000
มหาวิทยาลัยเทคโนโลยีสุรนารี,วิทยาเขตหลัก,10170101220201A,สำนักวิชาวิทยาศาสตร์,วิทยาการคอมพิวเตอร์,สำนักวิชาวิทยาศาสต์ร(สาขาวิชาวิทยาการ คอมพิวเตอร)์-(ม.6)ใช้คะแนน TGAT-TPAT,,3008,20,134,20,65.3994,47.4664
มหาวิทยาลัยเทคโนโลยีสุรนารี,วิทยาเขตหลัก,10170101220201A,สำนักวิชาวิทยาศาสตร์,วิทยาการคอมพิวเตอร์,สำนักวิชาวิทยาศาสต์ร(สาขาวิชาวิทยาการ คอมพิวเตอร)์-(GED)ใช้ คะแนนTGAT-TPAT,,3008,20,0,0,0.0000,0.0000
มหาวิทยาลัยเทคโนโลยีสุรนารี,วิทยาเขตหลัก,10170101220301A,สำนักวิชาวิทยาศาสตร์,วิทยาการข้อมูลและภูมิสารสนเทศประยุกต์,สำนักวิชาวิทยาศาสต์ร(สาขาวิชาวิทยาการข้อมูล และภูมิสารสนเทศประยุกต์)- (ม.6)ใช้คะแนนA-Level,,3023,30,0,0,0.0000,0.0000
มหาวิทยาลัยเทคโนโลยีสุรนารี,วิทยาเขตหลัก,10170101220301A,สำนักวิชาวิทยาศาสตร์,วิทยาการข้อมูลและภูมิสารสนเทศประยุกต์,สำนักวิชาวิทยาศาสต์ร(สาขาวิชาวิทยาการข้อมูล และภูมิสารสนเทศประยุกต์)- (GED)ใช้คะแนนA-Level,,3023,30,0,0,0.0000,0.0000
มหาวิทยาลัยเทคโนโลยีสุรนารี,วิทยาเขตหลัก,10170101220301A,สำนักวิชาวิทยาศาสตร์,วิทยาการข้อมูลและภูมิสารสนเทศประยุกต์,สำนักวิชาวิทยาศาสต์ร(สาขาวิชาวิทยาการข้อมูล และภูมิสารสนเทศประยุกต์)- (ม.6)ใช้คะแนนTGAT-TPAT,,3023,30,5,2,44.4664,32.6666
มหาวิทยาลัยเทคโนโลยีสุรนารี,วิทยาเขตหลัก,10170101220301A,สำนักวิชาวิทยาศาสตร์,วิทยาการข้อมูลและภูมิสารสนเทศประยุกต์,สำนักวิชาวิทยาศาสต์ร(สาขาวิชาวิทยาการข้อมูล และภูมิสารสนเทศประยุกต์)- (GED)ใช้คะแนนTGAT-TPAT,,3023,30,0,0,0.0000,0.0000
มหาวิทยาลัยเทคโนโลยีสุรนารี,วิทยาเขตหลัก,10170102610201A,สำนักวิชาเทคโนโลยีสังคม,เทคโนโลยีการจัดการ,สำนักวิชาเทคโนโลยีสังคม (สาขาวิชาเทคโนโลยีการ จัดการ),,0,70,37,18,59.8750,37.3750
มหาวิทยาลัยเทคโนโลยีสุรนารี,วิทยาเขตหลัก,10170102620101A,สำนักวิชาเทคโนโลยีสังคม,การจัดการบัณฑิต (นวัตกรรมเทคโนโลียอุตสาหกรรมบริการ),สำนักวิชาเทคโนโลยีสังคม (หลักสูตรการจัดการบัณฑิต (นวัตกรรมเทคโนโลียอุตสาหกรรมบริการ),,0,30,291,30,99.5000,90.2500
มหาวิทยาลัยเทคโนโลยีสุรนารี,วิทยาเขตหลัก,10170103500401A,สำนักวิชาเทคโนโลยีการเกษตร,เทคโนโลยีการผลิตพืช,สำนักวิชา เทคโนโลยีการเกษตร (สาขาวิชาเทคโนโลยีการผลิต พืช),,0,90,24,4,24.2200,14.8200
มหาวิทยาลัยเทคโนโลยีสุรนารี,วิทยาเขตหลัก,10170103500402E,สำนักวิชาเทคโนโลยีการเกษตร,ผู้ประกอบการเกษตรเชิงนวัตกรรม (หลักสูตรนานาชาต)ิ,สำนักวิชา เทคโนโลยีการเกษตร (สาขาวิชาผู้ประกอบการ เกษตรเชิงนวัตกรรม (หลักสูตรนานาชาต)ิ,,0,30,2,0,0.0000,0.0000
มหาวิทยาลัยเทคโนโลยีสุรนารี,วิทยาเขตหลัก,10170103501101A,สำนักวิชาเทคโนโลยีการเกษตร,เทคโนโลยีอาหาร,สำนักวิชา เทคโนโลยีการเกษตร (สาขาวิชาเทคโนโลยีอาหาร),,0,30,86,30,28.7500,16.2000
มหาวิทยาลัยเทคโนโลยีสุรนารี,วิทยาเขตหลัก,10170103501201A,สำนักวิชาเทคโนโลยีการเกษตร,เทคโนโลยีและนวัตกรรมทางสัตว์,สำนักวิชา เทคโนโลยีการเกษตร (สาขาวิชาเทคโนโลยีและนวัตกรรมทางสัตว)์,,0,60,68,25,27.3200,14.6200
มหาวิทยาลัยเทคโนโลยีสุรนารี,วิทยาเขตหลัก,10170107300001A,สำนักวิชาวิศวกรรมศาสตร์,"กลุ่มวิศวกรรมศาสตร์(ประกอบด้วย สาขาวิชาวิศวกรรมการผลิตอัตโนมัติและ หุ่นยนต์, วิศวกรรมเกษตรและอาหาร, วิศวกรรมคอมพิวเตอร,์ วิศวกรรมเคมี, วิศวกรรมเครื่องกล, วิศวกรรมปิโตรเลียม และเทคโนโลยีธรณ,ี วิศวกรรมไฟฟ้า, วิศวกรรมโทรคมนาคม, วิศวกรรมยานยน์ต,วิศวกรรมโยธา, วิศวกรรมขนส่งและโลิจสติส์, วิศวกรรมเซรามิก, วิศวกรรมพอิลเมอร,์ วิศวกรรมโลหการ, วิศวกรรม สิ่งแวดล้อม, วิศวกรรมธรณ,ี วิศวกรรม อากาศยาน, วิศวกรรมอิเล็กทรอนิกส์, วิศวกรรมอุตสาหการ เรียนรวมกันีป1 แยกสาขาปี 2)","สำนักวิชาวิศวกรรมศาสต์ร(กลุ่มสาขาวิชา วิศวกรรมศาสต์รประกอบด้วยสาขาวิชา วิศวกรรมการผลิตอัตโนมัติ และหุ่นยนต์, วิศวกรรม เกษตรและอาหาร, วิศวกรรม คอมพิวเตอร,์ วิศวกรรมเคมี, วิศวกรรมเครื่องกล, วิศวกรรมปิโตรเลียมและเทคโนโลยีธรณ,ี วิศวกรรมไฟฟ้า, วิศวกรรม โทรคมนาคม, วิศวกรรมยาน ยนต์,วิศวกรรมโยธา, วิศวกรรมขนส่งและโลจิสติส์, วิศวกรรมเซรามิก,วิศวกรรม โลหการ, วิศวกรรม สิ่งแวดล้อม, วิศวกรรมธรณ,ี วิศวกรรมอากาศยาน, วิศวกรรมอิเล็กทรอนิกส์, วิศวกรรมอุตสาหการ เรียน",,0,300,280,115,49.1667,26.6667
มหาวิทยาลัยเทคโนโลยีสุรนารี,วิทยาเขตหลัก,10170107300201B,สำนักวิชาวิศวกรรมศาสตร์,การประกอบการด้วยเทคโนโลยีดิจิทัล (หลักสูตรนอกเวลา),สำนักวิชาวิศวกรรมศาสต์ร(สาขาวิชาการประกอบการ ด้วยเทคโนโลยีดิจิทัล- หลักสูตรนอกเวลา)-ม.6,,3015,60,52,18,99.0000,69.5000
มหาวิทยาลัยเทคโนโลยีสุรนารี,วิทยาเขตหลัก,10170107300201B,สำนักวิชาวิศวกรรมศาสตร์,การประกอบการด้วยเทคโนโลยีดิจิทัล (หลักสูตรนอกเวลา),สำนักวิชาวิศวกรรมศาสต์ร(สาขาวิชาการประกอบการ ด้วยเทคโนโลยีดิจิทัล- หลักสูตรนอกเวลา)-ปวช.,,3015,60,9,4,89.2500,80.7500
มหาวิทยาลัยเทคโนโลยีสุรนารี,วิทยาเขตหลัก,10170107300702B,สำนักวิชาวิศวกรรมศาสตร์,วิศวกรรมเครื่องกลและระบบการผลิต (หลักสูตรนอกเวลา),สำนักวิชาวิศวกรรมศาสต์ร(สาขาวิชาวิศวกรรมเครื่องกล และระบบการผลิต-หลักสูตร นอกเวลา)ม.6,,3017,60,94,35,98.2500,69.7500
มหาวิทยาลัยเทคโนโลยีสุรนารี,วิทยาเขตหลัก,10170107300702B,สำนักวิชาวิศวกรรมศาสตร์,วิศวกรรมเครื่องกลและระบบการผลิต (หลักสูตรนอกเวลา),สำนักวิชาวิศวกรรมศาสต์ร(สาขาวิชาวิศวกรรมเครื่องกล และระบบการผลิต-หลักสูตร นอกเวลา)-ปวช.,,3017,60,5,2,92.2500,90.0000
มหาวิทยาลัยเทคโนโลยีสุรนารี,วิทยาเขตหลัก,10170107300702E,สำนักวิชาวิศวกรรมศาสตร์,วิศวกรรมเครื่องกลและอากาศยาน (หลักสูตรนานาชาต)ิ,สำนักวิชาวิศวกรรมศาสต์ร(สาขาวิชาวิศวกรรมเครื่องกล และอากาศยาน-หลักสูตร นานาชาติ)-ม.6,,3018,30,6,1,26.8333,26.8333
มหาวิทยาลัยเทคโนโลยีสุรนารี,วิทยาเขตหลัก,10170107300702E,สำนักวิชาวิศวกรรมศาสตร์,วิศวกรรมเครื่องกลและอากาศยาน (หลักสูตรนานาชาต)ิ,สำนักวิชาวิศวกรรมศาสต์ร(สาขาวิชาวิศวกรรมเครื่องกล และอากาศยาน-หลักสูตร นานาชาติ)-จบนานาชาติ/ ต่างประเทศ,,3018,30,0,0,0.0000,0.0000
มหาวิทยาลัยเทคโนโลยีสุรนารี,วิทยาเขตหลัก,10170107300702E,สำนักวิชาวิศวกรรมศาสตร์,วิศวกรรมเครื่องกลและอากาศยาน (หลักสูตรนานาชาต)ิ,สำนักวิชาวิศวกรรมศาสต์ร(สาขาวิชาวิศวกรรมเครื่องกล และอากาศยาน-หลักสูตร นานาชาติ)-GED,,3018,30,0,0,0.0000,0.0000
มหาวิทยาลัยเทคโนโลยีสุรนารี,วิทยาเขตหลัก,10170107301602B,สำนักวิชาวิศวกรรมศาสตร์,วิศวกรรมไฟฟ้าอุตสาหกรรม (หลักสูตร นอกเวลา),สำนักวิชาวิศวกรรมศาสต์ร(สาขาวิชาวิศวกรรมไฟฟ้า อุตสาหกรรม-หลักสูตรนอก เวลา)-ม.6,,3013,20,70,13,99.2500,83.2500
มหาวิทยาลัยเทคโนโลยีสุรนารี,วิทยาเขตหลัก,10170107301602B,สำนักวิชาวิศวกรรมศาสตร์,วิศวกรรมไฟฟ้าอุตสาหกรรม (หลักสูตร นอกเวลา),สำนักวิชาวิศวกรรมศาสต์ร(สาขาวิชาวิศวกรรมไฟฟ้า อุตสาหกรรม-หลักสูตรนอก เวลา)-ปวช.,,3013,20,16,9,96.7500,86.5000
มหาวิทยาลัยเทคโนโลยีสุรนารี,วิทยาเขตหลัก,10170107301901B,สำนักวิชาวิศวกรรมศาสตร์,วิศวกรรมเมคคาทรอนิก์ส(หลักสูตรนอก เวลา),สำนักวิชาวิศวกรรมศาสต์ร(สาขาวิชาวิศวกรรมเมคคา ทรอนิกส์-หลักสูตรนอก เวลา)-ม.6,,3010,60,94,34,98.7500,63.2500
มหาวิทยาลัยเทคโนโลยีสุรนารี,วิทยาเขตหลัก,10170107301901B,สำนักวิชาวิศวกรรมศาสตร์,วิศวกรรมเมคคาทรอนิก์ส(หลักสูตรนอก เวลา),สำนักวิชาวิศวกรรมศาสต์ร(สาขาวิชาวิศวกรรมเมคคา ทรอนิกส์-หลักสูตรนอก เวลา)-ปวช.,,3010,60,8,2,97.0000,69.2500
มหาวิทยาลัยเทคโนโลยีสุรนารี,วิทยาเขตหลัก,10170107301903B,สำนักวิชาวิศวกรรมศาสตร์,วิศวกรรมยานยนต์สมัยให่ม(หลักสูตรนอก เวลา),สำนักวิชาวิศวกรรมศาสต์ร(สาขาวิชาวิศวกรรมยานยน์ตสมัยใหม่-หลักสูตรนอกเวลา)- ม.6,,3011,20,46,15,94.2500,63.7500
มหาวิทยาลัยเทคโนโลยีสุรนารี,วิทยาเขตหลัก,10170107301903B,สำนักวิชาวิศวกรรมศาสตร์,วิศวกรรมยานยนต์สมัยให่ม(หลักสูตรนอก เวลา),สำนักวิชาวิศวกรรมศาสต์ร(สาขาวิชาวิศวกรรมยานยน์ตสมัยใหม่-หลักสูตรนอกเวลา)- ปวช.,,3011,20,4,2,90.0000,78.0000
มหาวิทยาลัยเทคโนโลยีสุรนารี,วิทยาเขตหลัก,10170107302102B,สำนักวิชาวิศวกรรมศาสตร์,วิศวกรรมโยธาและโครงสรา้ งพื้นฐาน (หลักสูตรนอกเวลา),สำนักวิชาวิศวกรรมศาสต์ร(สาขาวิชาวิศวกรรมโยธาและ โครงสรา้ งพื้นฐาน-หลักสูตร นอกเวลา)-ม.6,,3012,20,156,18,98.2500,89.5000
มหาวิทยาลัยเทคโนโลยีสุรนารี,วิทยาเขตหลัก,10170107302102B,สำนักวิชาวิศวกรรมศาสตร์,วิศวกรรมโยธาและโครงสรา้ งพื้นฐาน (หลักสูตรนอกเวลา),สำนักวิชาวิศวกรรมศาสต์ร(สาขาวิชาวิศวกรรมโยธาและ โครงสรา้ งพื้นฐาน-หลักสูตร นอกเวลา)-ปวช.,,3012,20,14,2,93.7500,92.2500
มหาวิทยาลัยเทคโนโลยีสุรนารี,วิทยาเขตหลัก,10170107302103E,สำนักวิชาวิศวกรรมศาสตร์,วิศวกรรมโยธา (หลักสูตรนานาชาต)ิ,สำนักวิชาวิศวกรรมศาสต์ร(สาขาวิชาวิศวกรรมโยธา- หลักสูตรนานาชาต)ิ-ม.6,,3020,30,7,1,30.6667,30.6667
มหาวิทยาลัยเทคโนโลยีสุรนารี,วิทยาเขตหลัก,10170107302103E,สำนักวิชาวิศวกรรมศาสตร์,วิศวกรรมโยธา (หลักสูตรนานาชาต)ิ,สำนักวิชาวิศวกรรมศาสต์ร(สาขาวิชาวิศวกรรมโยธา- หลักสูตรนานาชาต)ิ-จบ นานาชาติ/ต่างประเทศ,,3020,30,0,0,0.0000,0.0000
มหาวิทยาลัยเทคโนโลยีสุรนารี,วิทยาเขตหลัก,10170107302103E,สำนักวิชาวิศวกรรมศาสตร์,วิศวกรรมโยธา (หลักสูตรนานาชาต)ิ,สำนักวิชาวิศวกรรมศาสต์ร(สาขาวิชาวิศวกรรมโยธา- หลักสูตรนานาชาต)ิ-GED,,3020,30,0,0,0.0000,0.0000
มหาวิทยาลัยเทคโนโลยีสุรนารี,วิทยาเขตหลัก,10170107302502A,สำนักวิชาวิศวกรรมศาสตร์,วิศวกรรมพอลิเมอร์,สำนักวิชาวิศวกรรมศาสต์รสาขาวิชาวิศวกรรมพอิลเมอร-์ม.6,,3021,60,12,6,32.9167,22.7500
มหาวิทยาลัยเทคโนโลยีสุรนารี,วิทยาเขตหลัก,10170107302502A,สำนักวิชาวิศวกรรมศาสตร์,วิศวกรรมพอลิเมอร์,สำนักวิชาวิศวกรรมศาสต์รสาขาวิชาวิศวกรรมพอิลเมอร-์ปวช.,,3021,60,0,0,0.0000,0.0000
มหาวิทยาลัยเทคโนโลยีสุรนารี,วิทยาเขตหลัก,10170107302504E,สำนักวิชาวิศวกรรมศาสตร์,วิศวกรรมปิโตรเคมีและพอลิเมอ์ร(หลักสูตรนานาชาต)ิ,สำนักวิชาวิศวกรรมศาสต์ร(สาขาวิชาวิศวกรรมปิโตรเคีมและพอลิเมอร์-หลักสูตร นานาชาติ)-ม.6,,3019,30,7,1,30.2500,30.2500
มหาวิทยาลัยเทคโนโลยีสุรนารี,วิทยาเขตหลัก,10170107302504E,สำนักวิชาวิศวกรรมศาสตร์,วิศวกรรมปิโตรเคมีและพอลิเมอ์ร(หลักสูตรนานาชาต)ิ,สำนักวิชาวิศวกรรมศาสต์ร(สาขาวิชาวิศวกรรมปิโตรเคีมและพอลิเมอร์-หลักสูตร นานาชาติ)-จบนานาชาติ/ ต่างประเทศ,,3019,30,0,0,0.0000,0.0000
มหาวิทยาลัยเทคโนโลยีสุรนารี,วิทยาเขตหลัก,10170107302504E,สำนักวิชาวิศวกรรมศาสตร์,วิศวกรรมปิโตรเคมีและพอลิเมอ์ร(หลักสูตรนานาชาต)ิ,สำนักวิชาวิศวกรรมศาสต์ร(สาขาวิชาวิศวกรรมปิโตรเคีมและพอลิเมอร์-หลักสูตร นานาชาติ)-GED,,3019,30,0,0,0.0000,0.0000
มหาวิทยาลัยเทคโนโลยีสุรนารี,วิทยาเขตหลัก,10170107303402A,สำนักวิชาวิศวกรรมศาสตร์,วิศวกรรมอิเล็กทรอนิกส์และระบบสมอง กลฝังตัว,สำนักวิชาวิศวกรรมศาสต์ร(สาขาวิชาวิศวกรรม อิเล็กทรอนิกส์และระบบ สมองกลฝังตัว)-ม.6,,3022,10,5,2,24.9167,23.8333
มหาวิทยาลัยเทคโนโลยีสุรนารี,วิทยาเขตหลัก,10170107303402A,สำนักวิชาวิศวกรรมศาสตร์,วิศวกรรมอิเล็กทรอนิกส์และระบบสมอง กลฝังตัว,สำนักวิชาวิศวกรรมศาสต์ร(สาขาวิชาวิศวกรรม อิเล็กทรอนิกส์และระบบ สมองกลฝังตัว)-ปวช.,,3022,10,0,0,0.0000,0.0000
มหาวิทยาลัยเทคโนโลยีสุรนารี,วิทยาเขตหลัก,10170107303402B,สำนักวิชาวิศวกรรมศาสตร์,วิศวกรรมระบบสมองกลอัจฉริยะและ อิเล็กทรอนิกส์ความถี่สูง (หลักสูตรนอก เวลา),สำนักวิชาวิศวกรรมศาสต์ร(สาขาวิชาวิศวกรรมระบบ สมองกลอัจฉริยะและ อิเล็กทรอนิกส์ความถี่สูง- หลักสูตรนอกเวลา)-ม.6,,3014,60,29,9,89.0000,64.7500
มหาวิทยาลัยเทคโนโลยีสุรนารี,วิทยาเขตหลัก,10170107303402B,สำนักวิชาวิศวกรรมศาสตร์,วิศวกรรมระบบสมองกลอัจฉริยะและ อิเล็กทรอนิกส์ความถี่สูง (หลักสูตรนอก เวลา),สำนักวิชาวิศวกรรมศาสต์ร(สาขาวิชาวิศวกรรมระบบ สมองกลอัจฉริยะและ อิเล็กทรอนิกส์ความถี่สูง- หลักสูตรนอกเวลา)-ปวช,,3014,60,5,2,90.2500,81.0000
มหาวิทยาลัยเทคโนโลยีสุรนารี,วิทยาเขตหลัก,10170107303502B,สำนักวิชาวิศวกรรมศาสตร์,วิศวกรรมอุตสาหการและการจัดการข้อมูล (หลักสูตรนอกเวลา),สำนักวิชาวิศวกรรมศาสต์ร(สาขาวิชาวิศวกรรมอุตสา หการและการจัดการข้อมูล- หลักสูตรนอกเวลา)-ม.6,,3016,60,52,18,94.0000,69.7500
มหาวิทยาลัยเทคโนโลยีสุรนารี,วิทยาเขตหลัก,10170107303502B,สำนักวิชาวิศวกรรมศาสตร์,วิศวกรรมอุตสาหการและการจัดการข้อมูล (หลักสูตรนอกเวลา),สำนักวิชาวิศวกรรมศาสต์ร(สาขาวิชาวิศวกรรมอุตสา หการและการจัดการข้อมูล- หลักสูตรนอกเวลา)-ปวช.,,3016,60,5,2,98.7500,95.5000
มหาวิทยาลัยเทคโนโลยีสุรนารี,วิทยาเขตหลัก,10170108111701A,สำนักวิชาพยาบาลศาสตร์,พยาบาลศาสตร์,สำนักวิชาพยาบาลศาสต์ร(สาขาวิชาพยาบาลศาสตร์),,0,35,"1,083",35,52.5078,44.3504
มหาวิทยาลัยเทคโนโลยีสุรนารี,วิทยาเขตหลัก,10170110111801A,สำนักวิชาสาธารณสุขศาสตร์,โภชนวิทยาและการกำหนดอาหาร,สำนักวิชาสาธารณสุขศาสต์ร(สาขาวิชาโภชนวิทยาและ การกำหนดอาหาร),,0,5,56,5,37.6250,29.5750
มหาวิทยาลัยเทคโนโลยีสุรนารี,วิทยาเขตหลัก,10170110112702A,สำนักวิชาสาธารณสุขศาสตร์,อนามัยสิ่งแวดล้อม,สำนักวิชาสาธารณสุขศาสต์ร(สาขาวิชาอนามัยสิ่งแวดล้อม),,0,40,126,40,31.6500,23.5500
มหาวิทยาลัยเทคโนโลยีสุรนารี,วิทยาเขตหลัก,10170110112703A,สำนักวิชาสาธารณสุขศาสตร์,อาชีวอนามัยและความปลอดภัย,สำนักวิชาสาธารณสุขศาสต์ร(สาขาวิชาอาชีวอนามัยและ ความปลอดภัย),,0,5,221,5,32.4200,30.0700
มหาวิทยาลัยอุบลราชธานี,วิทยาเขตหลัก,10180111112710A,คณะวิทยาศาสตร์,วท.บ.สาขาวิชาอาชีวอนามัยและความ ปลอดภัย,Admissions,,,5,149,5,32.4000,29.9625
มหาวิทยาลัยอุบลราชธานี,วิทยาเขตหลัก,10180111210301A,คณะวิทยาศาสตร์,วท.บ.สาขาวิชาคณิตศาสตร์,Admissions,,,15,36,12,47.1410,0.0000
มหาวิทยาลัยอุบลราชธานี,วิทยาเขตหลัก,10180111210402A,คณะวิทยาศาสตร์,วท.บ.สาขาวิชาเคมี,Admissions,,,10,47,10,45.7329,14.5416
มหาวิทยาลัยอุบลราชธานี,วิทยาเขตหลัก,10180111210503A,คณะวิทยาศาสตร์,วท.บ.สาขาวิชาจุลชีววิทยา,Admissions,,,5,70,5,50.8139,45.0580
มหาวิทยาลัยอุบลราชธานี,วิทยาเขตหลัก,10180111210704A,คณะวิทยาศาสตร์,วท.บ.สาขาวิชาชีววิทยา,Admissions,,,5,53,5,52.9827,45.6912
มหาวิทยาลัยอุบลราชธานี,วิทยาเขตหลัก,10180111212707A,คณะวิทยาศาสตร์,วท.บ.สาขาวิชาฟิสิกส์ชีวการแพทย์,Admissions,,,10,115,10,59.8081,47.7327
มหาวิทยาลัยอุบลราชธานี,วิทยาเขตหลัก,10180111212811A,คณะวิทยาศาสตร์,วท.บ.สาขาวิชานวัตกรรมเทคโนโลยีวัสดุ,Admissions,,,20,9,5,35.8082,0.0000
มหาวิทยาลัยอุบลราชธานี,วิทยาเขตหลัก,10180111213109A,คณะวิทยาศาสตร์,วท.บ.สาขาวิชาวิทยาศาสตร์สิ่งแวดล้อม,Admissions,,,5,37,5,45.9743,12.5832
มหาวิทยาลัยอุบลราชธานี,วิทยาเขตหลัก,10180111213605A,คณะวิทยาศาสตร์,วท.บ.สาขาวิชาเทคโนโลยียางและพอลิเมอร์,Admissions,,,20,10,1,53.7914,53.7914
มหาวิทยาลัยอุบลราชธานี,วิทยาเขตหลัก,10180111220106A,คณะวิทยาศาสตร์,"วท.บ.สาขาวิชาเทคโนโลยีสารสนเทศและการสื่อสาร (วิชาเอกเทคโนโลยีเกมและ การผลิตดิจิทัลคอนเทนท,์ วิชาเอก เทคโนโลยีเครือข่ายและความมั่นคงทางไซ เบอร,์ วิชาเอกเทคโนโลยีดิจิทัล)",Admissions,,,10,54,10,60.2499,37.8826
มหาวิทยาลัยอุบลราชธานี,วิทยาเขตหลัก,10180111220308A,คณะวิทยาศาสตร์,วท.บ.สาขาวิชาวิทยาการข้อมูลและนวัตกรรมซอฟต์แวร์,Admissions,,,5,35,5,57.3000,48.8444
มหาวิทยาลัยอุบลราชธานี,วิทยาเขตหลัก,10180112211002A,คณะเกษตรศาสตร์,วท.บ.สาขาวิชาเทคโนโลยีการอาหาร,Admissions,,,40,112,30,93.7500,53.5000
มหาวิทยาลัยอุบลราชธานี,วิทยาเขตหลัก,10180112500201A,คณะเกษตรศาสตร์,"วท.บ.สาขาวิชาเกษตรศาสตร์(วิชาเอกพืช ไร่, วิชาเอกพืชสวน, วิชาเอกสัตวศาสตร์, วิชาอกประมง (รอบ Tcas3-4 ปิดรับสาขา วิชาเอกสัตวศาสตร์))",Admissions,,,100,120,46,95.7500,51.2500
มหาวิทยาลัยอุบลราชธานี,วิทยาเขตหลัก,10180112500203A,คณะเกษตรศาสตร์,วท.บ.สาขาเกษตรวิศว์อัจฉริยะ,Admissions,,,30,29,5,87.0000,54.0000
มหาวิทยาลัยอุบลราชธานี,วิทยาเขตหลัก,10180113300001A,คณะวิศวกรรมศาสตร์,"วศ.บ.วิศวกรรมทั่วไป [ประกอบด้วย สาขาวิชาวิศวกรรมเครื่องกล, สาขาวิชา วิศวกรรม",,,,,,,,
อุตสาหการ,สาขาวิชา วิศวกรรมโยธา,สาขาวิชาวิศวกรรมไฟฟ้า,0,,15,499,151,83,53,,,
มหาวิทยาลัยอุบลราชธานี,วิทยาเขตหลัก,10180113301902A,คณะวิศวกรรมศาสตร์,วศ.บ.สาขาวิชาวิศวกรรมเมคคาทรอนิก์สและระบบอัตโนมัติ,Admissions,,,30,68,24,79.7915,32.2500
มหาวิทยาลัยอุบลราชธานี,วิทยาเขตหลัก,10180113303703A,คณะวิศวกรรมศาสตร์,วศ.บ.สาขาวิชาวิศวกรรมปัญญาประดิษ์ฐและการสั่งการ,Admissions,,,40,38,10,74.6250,40.8750
มหาวิทยาลัยอุบลราชธานี,วิทยาเขตหลัก,10180114700818A,คณะศิลปศาสตร์,ศษ.บ.วิชาเอกคณิตศาสตร์,Admissions,,,0,10,0,0.0000,0.0000
มหาวิทยาลัยอุบลราชธานี,วิทยาเขตหลัก,10180114701016A,คณะศิลปศาสตร์,ศษ.บ.วิชาเอกเคมี,Admissions,,,0,6,0,0.0000,0.0000
มหาวิทยาลัยอุบลราชธานี,วิทยาเขตหลัก,10180114701317A,คณะศิลปศาสตร์,ศษ.บ.วิชาเอกชีววิทยา,Admissions,,,0,7,0,0.0000,0.0000
มหาวิทยาลัยอุบลราชธานี,วิทยาเขตหลัก,10180114701815A,คณะศิลปศาสตร์,ศษ.บ.วิชาเอกฟิสิกส์,Admissions,,,0,2,0,0.0000,0.0000
มหาวิทยาลัยอุบลราชธานี,วิทยาเขตหลัก,10180114702010A,คณะศิลปศาสตร์,ศษ.บ.วิชาเอกภาษาไทย,Admissions,,,0,18,0,0.0000,0.0000
มหาวิทยาลัยอุบลราชธานี,วิทยาเขตหลัก,10180114702011A,คณะศิลปศาสตร์,ศษ.บ.วิชาเอกภาษาอังกฤษ,Admissions,,,0,24,0,0.0000,0.0000
มหาวิทยาลัยอุบลราชธานี,วิทยาเขตหลัก,10180114702514A,คณะศิลปศาสตร์,ศษ.บ.วิชาเอกดนตรีศึกษา,Admissions,,,0,1,0,0.0000,0.0000
มหาวิทยาลัยอุบลราชธานี,วิทยาเขตหลัก,10180114702712A,คณะศิลปศาสตร์,ศษ.บ.วิชาเอกสังคมศึกษา,Admissions,,,0,10,0,0.0000,0.0000
มหาวิทยาลัยอุบลราชธานี,วิทยาเขตหลัก,10180114702813A,คณะศิลปศาสตร์,ศษ.บ.วิชาเอกพลศึกษา,Admissions,,,0,22,0,0.0000,0.0000
มหาวิทยาลัยอุบลราชธานี,วิทยาเขตหลัก,10180114703820A,คณะศิลปศาสตร์,ศษ.บ.วิชาเอกวิทยาศาสตร์ทั่วไป,Admissions,,,0,5,0,0.0000,0.0000
มหาวิทยาลัยอุบลราชธานี,วิทยาเขตหลัก,10180114901105A,คณะศิลปศาสตร์,นศ.บ.สาขาวิชานิเทศศาสตร์,Admissions,,,20,176,20,97.7500,85.0000
มหาวิทยาลัยอุบลราชธานี,วิทยาเขตหลัก,10180114901421A,คณะศิลปศาสตร์,ศศ.บ.สาขาประวัติศาสตร์,Admissions,,,80,47,15,96.5000,0.0000
มหาวิทยาลัยอุบลราชธานี,วิทยาเขตหลัก,10180114901802A,คณะศิลปศาสตร์,ศศ.บ.สาขาวิชาภาษาจีนและการสื่อสาร,Admissions,,,15,139,15,97.7500,91.5000
มหาวิทยาลัยอุบลราชธานี,วิทยาเขตหลัก,10180114901903A,คณะศิลปศาสตร์,ศศ.บ.สาขาวิชาภาษาญี่ปุ่นและการสื่อสาร,Admissions,,,20,104,20,99.5000,88.0000
มหาวิทยาลัยอุบลราชธานี,วิทยาเขตหลัก,10180114902004A,คณะศิลปศาสตร์,ศศ.บ.สาขาวิชาภาษาไทยและการสื่อสาร,Admissions,,,20,81,20,98.5000,78.0000
มหาวิทยาลัยอุบลราชธานี,วิทยาเขตหลัก,10180114902507A,คณะศิลปศาสตร์,ศศ.บ.สาขาวิชาภาษาอังกฤษและการ สื่อสาร,Admissions,,,20,255,21,99.7500,95.0000
มหาวิทยาลัยอุบลราชธานี,วิทยาเขตหลัก,10180114902508D,คณะศิลปศาสตร์,ศศ.บ.สาขาวิชาภาษาอังกฤษเพื่อธุรกิจใน ยุคดิจิทัล (หลักสูตรภาษาอังกฤษ),Admissions,,,30,83,30,97.7500,76.5000
มหาวิทยาลัยอุบลราชธานี,วิทยาเขตหลัก,10180114903706A,คณะศิลปศาสตร์,ศศ.บ.สาขาวิชานวัตกรรมการพัฒนาสังคม,Admissions,,,50,67,26,93.7500,0.0000
มหาวิทยาลัยอุบลราชธานี,วิทยาเขตหลัก,10180117610101A,คณะบริหารศาสตร์,บธ.บ.สาขาวิชาการเงินและการลงทุน,Admissions,,,20,130,20,99.0000,86.2500
มหาวิทยาลัยอุบลราชธานี,วิทยาเขตหลัก,10180117610202D,คณะบริหารศาสตร์,บธ.บ. การจัดการธุรกิจระหวา่ งประเทศ (หลักสูตรภาษาอังกฤษ),Admissions,,,30,93,30,98.7500,51.7500
มหาวิทยาลัยอุบลราชธานี,วิทยาเขตหลัก,10180117610203A,คณะบริหารศาสตร์,บธ.บ.สาขาวิชาการจัดการธุรกิจ,Admissions,,,20,130,20,93.7500,80.3750
มหาวิทยาลัยอุบลราชธานี,วิทยาเขตหลัก,10180117610208A,คณะบริหารศาสตร์,บธ.บ.สาขาวิชาการจัดการโลจิสติกส์และ โซ่อุปทาน,Admissions,,,20,167,20,99.4000,87.9250
มหาวิทยาลัยอุบลราชธานี,วิทยาเขตหลัก,10180117610507A,คณะบริหารศาสตร์,บช.บ.,Admissions,,,20,346,20,99.8500,93.1250
มหาวิทยาลัยอุบลราชธานี,วิทยาเขตหลัก,10180117610604A,คณะบริหารศาสตร์,บธ.บ.สาขาวิชาการตลาด วิชาเอก การตลาดดิจิทัล,Admissions,,,20,147,20,94.0000,83.7250
มหาวิทยาลัยอุบลราชธานี,วิทยาเขตหลัก,10180117620106A,คณะบริหารศาสตร์,บธ.บ.สาขาวิชานวัตกรรมการจัดการ โรงแรมและการบริการ,Admissions,,,20,176,20,98.0000,86.0000
มหาวิทยาลัยอุบลราชธานี,วิทยาเขตหลัก,10180119112702A,วิทยาลัยแพทยศาสตร์และ การสาธารณสุข,ส.บ.สาขาวิชาสาธารณสุขศาสตร์,Admissions,,,10,114,10,48.6125,36.0825
มหาวิทยาลัยอุบลราชธานี,วิทยาเขตหลัก,10180119112703A,วิทยาลัยแพทยศาสตร์และ การสาธารณสุข,วท.บ.สาขาวิชาอนามัยสิ่งแวดล้อม,Admissions,,,30,32,14,39.8050,23.9925
มหาวิทยาลัยอุบลราชธานี,วิทยาเขตหลัก,10180120400502A,คณะศิลปประยุกต์และ สถาปัตยกรรมศาสตร์,สถ.บ.สาขาวิชาสถาปัตยกรรมศาสตร์,Admissions,,,15,98,15,95.0000,85.0000
มหาวิทยาลัยอุบลราชธานี,วิทยาเขตหลัก,10180120800101A,คณะศิลปประยุกต์และ สถาปัตยกรรมศาสตร์,ศป.บ.สาขาวิชาดิจิทัลอาร์ตและการ ออกแบบ,Admissions,,,5,96,5,95.2500,90.2500
มหาวิทยาลัยอุบลราชธานี,วิทยาเขตหลัก,10180121901001A,คณะนิติศาสตร์,น.บ.,Admissions,,,50,564,50,99.7500,90.7500
มหาวิทยาลัยอุบลราชธานี,วิทยาเขตหลัก,10180123900201A,คณะรัฐศาสตร์,ร.บ.สาขาวิชาการปกครอง,Admissions,,,60,319,60,96.0000,79.7500
มหาวิทยาลัยอุบลราชธานี,วิทยาเขตหลัก,10180123903102A,คณะรัฐศาสตร์,"รป.บ.สาขาวิชารัฐประศาสนศาสต์ร(วิชาเอกการบริหารรัฐกิจ, วิชาเอกการ บริหารท้องถิ่น)",Admissions,,,60,249,60,99.0000,77.5000
มหาวิทยาลัยอุบลราชธานี,วิทยาเขตหลัก,10180126700809A,คณะศึกษาศาสตร์,ศษ.บ.วิชาเอกคณิตศาสตร์,Admissions,,,1,36,1,68.4581,68.4581
มหาวิทยาลัยอุบลราชธานี,วิทยาเขตหลัก,10180126701308A,คณะศึกษาศาสตร์,ศษ.บ.วิชาเอกชีววิทยา,Admissions,,,1,5,1,52.2998,52.2998
มหาวิทยาลัยอุบลราชธานี,วิทยาเขตหลัก,10180126702001A,คณะศึกษาศาสตร์,ศษ.บ.วิชาเอกภาษาไทย,Admissions,,,1,44,1,69.5665,69.5665
มหาวิทยาลัยอุบลราชธานี,วิทยาเขตหลัก,10180126702002A,คณะศึกษาศาสตร์,ศษ.บ.วิชาเอกภาษาอังกฤษ,Admissions,,,1,31,1,74.0331,74.0331
มหาวิทยาลัยอุบลราชธานี,วิทยาเขตหลัก,10180126702505A,คณะศึกษาศาสตร์,ศษ.บ.วิชาเอกดนตรีศึกษา,Admissions,,,3,0,0,0.0000,0.0000
มหาวิทยาลัยอุบลราชธานี,วิทยาเขตหลัก,10180126702703A,คณะศึกษาศาสตร์,ศษ.บ.วิชาเอกสังคมศึกษา,Admissions,,,1,6,1,65.3749,65.3749
มหาวิทยาลัยอุบลราชธานี,วิทยาเขตหลัก,10180126702804A,คณะศึกษาศาสตร์,ศษ.บ.วิชาเอกพลศึกษา,Admissions,,,1,14,1,67.8330,67.8330
มหาวิทยาลัยอุบลราชธานี,วิทยาเขตหลัก,10180126703810A,คณะศึกษาศาสตร์,ศษ.บ.วิชาเอกวิทยาศาสตร์ทั่วไป,Admissions,,,1,10,1,59.0163,59.0163
มหาวิทยาลัยบูรพา,หลัก,10190102111101A,คณะเภสัชศาสตร์,หลักสูตรวิทยาศาสตรบัณฑิต (วท.บ.) สาขาวิชาวิทยาศาสตร์และเทคโนโลียเครื่องสำอาง ภาคปกติ,Admission,,0,80,565,80,58.9999,48.2399
มหาวิทยาลัยบูรพา,หลัก,10190104111701A,คณะพยาบาลศาสตร์,หลักสูตรพยาบาลศาสตรบัณฑิต (พย.บ.) ภาคปกติ,Admission,,0,78,"2,301",78,62.5568,55.6139
มหาวิทยาลัยบูรพา,หลัก,10190104111702D,คณะพยาบาลศาสตร์,หลักสูตรพยาบาลศาสตรบัณฑิต (หลักสูตรภาษาอังกฤษ) (พย.บ.) ภาคปกติ,Admission,,0,30,465,30,54.4054,49.4902
มหาวิทยาลัยบูรพา,หลัก,10190105113101A,คณะมนุษยศาสตร์และสังคมศาสตร์,หลักสูตรวิทยาศาสตรบัณฑิต (วท.บ.) สาขาวิชาจิตวิทยา ภาคปกติ,Admission,,0,27,596,27,70.5831,62.8913
มหาวิทยาลัยบูรพา,หลัก,10190105220101A,คณะมนุษยศาสตร์และสังคมศาสตร์,หลักสูตรวิทยาศาสตรบัณฑิต (วท.บ.) สาขาวิชาภูมิศาสตร์และภูมิสารสนเทศ ศาสต์รภาคปกติ,Admission,,0,131,84,56,56.2799,25.2775
มหาวิทยาลัยบูรพา,หลัก,10190105611101A,คณะมนุษยศาสตร์และสังคมศาสตร์,หลักสูตรเศรษฐศาสตรบัณฑิต (ศ.บ.) ภาค ปกติ,Admission,,0,79,545,79,68.8246,52.0496
มหาวิทยาลัยบูรพา,หลัก,10190105901101A,คณะมนุษยศาสตร์และสังคมศาสตร์,หลักสูตรนิเทศศาสตรบัณฑิต (นศ.บ.) ภาคปกติ,Admission,,0,120,"2,552",120,76.1247,64.4747
มหาวิทยาลัยบูรพา,หลัก,10190105901201A,คณะมนุษยศาสตร์และสังคมศาสตร์,หลักสูตรศิลปศาสตรบัณฑิต (ศศ.บ.) สาขาวิชาสารสนเทศศึกษา ภาคปกติ,Admission,,0,70,382,70,68.2244,55.6992
มหาวิทยาลัยบูรพา,หลัก,10190105901401A,คณะมนุษยศาสตร์และสังคมศาสตร์,หลักสูตรศิลปศาสตรบัณฑิต (ศศ.บ.) สาขาวิชาประวัติศาสตร์ภาคปกติ,Admission,,0,40,513,40,65.4498,58.2000
มหาวิทยาลัยบูรพา,หลัก,10190105901501A,คณะมนุษยศาสตร์และสังคมศาสตร์,หลักสูตรศิลปศาสตรบัณฑิต (ศศ.บ.) สาขาวิชาศาสนาและปรัชญา ภาคปกติ,Admission,,0,45,460,45,65.9743,56.5744
มหาวิทยาลัยบูรพา,หลัก,10190105901701A,คณะมนุษยศาสตร์และสังคมศาสตร์,หลักสูตรศิลปศาสตรบัณฑิต (ศศ.บ.) สาขาวิชาภาษาเกาหีลภาคปกติ,Admission,,0,27,123,27,64.5665,53.6555
มหาวิทยาลัยบูรพา,หลัก,10190105901801A,คณะมนุษยศาสตร์และสังคมศาสตร์,หลักสูตรศิลปศาสตรบัณฑิต (ศศ.บ.) สาขาวิชาภาษาจีน ภาคปกติ,Admission,,0,31,640,31,81.8332,60.9138
มหาวิทยาลัยบูรพา,หลัก,10190105901901A,คณะมนุษยศาสตร์และสังคมศาสตร์,หลักสูตรศิลปศาสตรบัณฑิต (ศศ.บ.) สาขาวิชาภาษาญี่ปุ่น ภาคปกติ,Admission,,0,21,475,21,73.6082,63.1220
มหาวิทยาลัยบูรพา,หลัก,10190105902001A,คณะมนุษยศาสตร์และสังคมศาสตร์,หลักสูตรศิลปศาสตรบัณฑิต (ศศ.บ.) สาขาวิชาภาษาไทย ภาคปกติ,Admission,,0,40,497,40,72.1994,60.8749
มหาวิทยาลัยบูรพา,หลัก,10190105902402A,คณะมนุษยศาสตร์และสังคมศาสตร์,หลักสูตรศิลปศาสตรบัณฑิต (ศศ.บ.) สาขาวิชาภาษาฝรั่งเศสเพื่อการสื่อสาร ภาคปกิต(รูปแบบที่ 1),Admission,,0,19,103,19,53.9470,43.9970
มหาวิทยาลัยบูรพา,หลัก,10190105902403A,คณะมนุษยศาสตร์และสังคมศาสตร์,หลักสูตรศิลปศาสตรบัณฑิต (ศศ.บ.) สาขาวิชาภาษาฝรั่งเศสเพื่อการสื่อสาร ภาคปกิต(รูปแบบที่ 2),Admission,,0,30,324,30,70.1500,60.3994
มหาวิทยาลัยบูรพา,หลัก,10190105902501A,คณะมนุษยศาสตร์และสังคมศาสตร์,หลักสูตรศิลปศาสตรบัณฑิต (ศศ.บ.) สาขาวิชาภาษาอังกฤษเพื่อการสื่อสาร ภาคปกติ,Admission,,0,60,"1,447",60,85.2720,70.7552
มหาวิทยาลัยบูรพา,หลัก,10190105902501B,คณะมนุษยศาสตร์และสังคมศาสตร์,หลักสูตรศิลปศาสตรบัณฑิต (ศศ.บ.) สาขาวิชาภาษาอังกฤษเพื่อการสื่อสาร ภาคพิเศษ,Admission,,0,52,576,52,76.3164,65.5776
มหาวิทยาลัยบูรพา,หลัก,10190105903601A,คณะมนุษยศาสตร์และสังคมศาสตร์,หลักสูตรศิลปศาสตรบัณฑิต (ศศ.บ.) สาขาวิชาการจัดการทรัพยากรวัฒนธรรม ภาคปกติ,Admission,,0,40,432,40,65.5744,57.0242
มหาวิทยาลัยบูรพา,หลัก,10190105903602A,คณะมนุษยศาสตร์และสังคมศาสตร์,หลักสูตรศิลปศาสตรบัณฑิต (ศศ.บ.) สาขาวิชาการจัดการบริการสังคม ภาคปกติ,Admission,,0,37,521,37,67.8993,59.3250
มหาวิทยาลัยบูรพา,หลัก,10190107610501B,คณะบริหารธุรกิจ,หลักสูตรบัญชีบัณฑิต (บช.บ.) ภาคพิเศษ,Admission,,0,55,839,55,78.2190,65.3470
มหาวิทยาลัยบูรพา,หลัก,10190107610801B,คณะบริหารธุรกิจ,หลักสูตรบริหารธุรกิจบัณฑิต (บธ.บ.) กลุ่ม วิชาการจัดการและนวัตกรรมทางธุรกิจ ภาคพิเศษ,Admission,กลุ่มวิชาการจัดการและนวัตกรรมทางธุรกิจ ภาค พิเศษ,0,22,260,22,62.1940,50.0135
มหาวิทยาลัยบูรพา,หลัก,10190107610801B,คณะบริหารธุรกิจ,หลักสูตรบริหารธุรกิจบัณฑิต (บธ.บ.) กลุ่ม วิชาการตลาด ภาคพิเศษ,Admission,กลุ่มวิชาการตลาด ภาคพิเศษ,0,21,379,21,68.4750,52.9470
มหาวิทยาลัยบูรพา,หลัก,10190107610801B,คณะบริหารธุรกิจ,หลักสูตรบริหารธุรกิจบัณฑิต (บธ.บ.) กลุ่ม วิชาธุรกิจระหวา่ งประเทศ ภาคพิเศษ,Admission,กลุ่มวิชาธุรกิจระหวา่ ง ประเทศ ภาคพิเศษ,0,35,291,35,67.3080,48.2915
มหาวิทยาลัยบูรพา,หลัก,10190107610801B,คณะบริหารธุรกิจ,หลักสูตรบริหารธุรกิจบัณฑิต (บธ.บ.) กลุ่ม การเงิน ภาคพิเศษ,Admission,กลุ่มการเงิน ภาคพิเศษ,0,35,287,35,78.1775,55.3805
มหาวิทยาลัยบูรพา,หลัก,10190107610801B,คณะบริหารธุรกิจ,หลักสูตรบริหารธุรกิจบัณฑิต (บธ.บ.) กลุ่ม การจัดการทรัพยากรมนุษ์ยภาคพิเศษ,Admission,กลุ่มการจัดการทรัพยากร มนุษ์ยภาคพิเศษ,0,42,241,42,63.1190,45.3830
มหาวิทยาลัยบูรพา,หลัก,10190107620101B,คณะบริหารธุรกิจ,หลักสูตรบริหารธุรกิจบัณฑิต (บธ.บ.) สาขาวิชาการจัดการอุตสาหกรรม ท่องเที่ยวและบริการ กลุ่มการจัดการการ ท่องเที่ยว ภาคพิเศษ,Admission,กลุ่มการจัดการการท่องเที่ยว ภาคพิเศษ,0,17,451,17,66.3860,50.5470
มหาวิทยาลัยบูรพา,หลัก,10190107620101B,คณะบริหารธุรกิจ,หลักสูตรบริหารธุรกิจบัณฑิต (บธ.บ.) สาขาวิชาการจัดการอุตสาหกรรม ท่องเที่ยวและบริการ กลุ่มการจัดการการ โรงแรม ภาคพิเศษ,Admission,กลุ่มการจัดการการโรงแรม ภาคพิเศษ,0,22,429,22,62.0750,49.6830
มหาวิทยาลัยบูรพา,หลัก,10190108901001A,คณะรัฐศาสตร์และนิติศาสตร์,หลักสูตรนิติศาสตรบัณฑิต (น.บ.) ภาคปกติ,Admission,,0,80,"1,655",80,76.8496,65.8498
มหาวิทยาลัยบูรพา,หลัก,10190108901001B,คณะรัฐศาสตร์และนิติศาสตร์,หลักสูตรนิติศาสตรบัณฑิต (น.บ.) ภาค พิเศษ,Admission,,0,80,581,80,69.4743,60.5750
มหาวิทยาลัยบูรพา,หลัก,10190108903101A,คณะรัฐศาสตร์และนิติศาสตร์,หลักสูตรรัฐประศาสนศาสตรบัณฑิต (รป.บ.) สาขาวิชาการบริหารงานท้องถิ่น ภาคปกติ,Admission,,0,18,632,18,65.7499,62.8246
มหาวิทยาลัยบูรพา,หลัก,10190108903101B,คณะรัฐศาสตร์และนิติศาสตร์,หลักสูตรรัฐประศาสนศาสตรบัณฑิต (รป.บ.) สาขาวิชาการบริหารงานท้องถิ่น ภาคพิเศษ,Admission,,0,21,403,21,64.4745,56.7497
มหาวิทยาลัยบูรพา,หลัก,10190108903102A,คณะรัฐศาสตร์และนิติศาสตร์,หลักสูตรรัฐประศาสนศาสตรบัณฑิต (รป.บ.) สาขาวิชาการบริหารทั่วไป ภาค ปกติ,Admission,,0,9,595,9,68.7494,63.9993
มหาวิทยาลัยบูรพา,หลัก,10190108903102B,คณะรัฐศาสตร์และนิติศาสตร์,หลักสูตรรัฐประศาสนศาสตรบัณฑิต (รป.บ.) สาขาวิชาการบริหารทั่วไป ภาค พิเศษ,Admission,,0,9,501,9,61.4994,58.0245
มหาวิทยาลัยบูรพา,หลัก,10190108903201A,คณะรัฐศาสตร์และนิติศาสตร์,หลักสูตรรัฐศาสตรบัณฑิต (ร.บ.) ภาคปกติ,Admission,,0,15,736,15,72.8244,66.1247
มหาวิทยาลัยบูรพา,หลัก,10190108903201B,คณะรัฐศาสตร์และนิติศาสตร์,หลักสูตรรัฐศาสตรบัณฑิต (ร.บ.) ภาคพิเศษ,Admission,,0,41,525,41,65.2248,58.6492
มหาวิทยาลัยบูรพา,หลัก,10190109210301A,คณะวิทยาศาสตร์,หลักสูตรวิทยาศาสตรบัณฑิต (วท.บ.) สาขาวิชาคณิตศาสตร์ภาคปกติ,Admission,,0,85,224,83,48.6414,25.3582
มหาวิทยาลัยบูรพา,หลัก,10190109210401A,คณะวิทยาศาสตร์,หลักสูตรวิทยาศาสตรบัณฑิต (วท.บ.) สาขาวิชาเคีมภาคปกติ,Admission,,0,90,273,90,51.6829,36.4415
มหาวิทยาลัยบูรพา,หลัก,10190109210501A,คณะวิทยาศาสตร์,หลักสูตรวิทยาศาสตรบัณฑิต (วท.บ.) สาขาวิชาจุลชีววิทยา ภาคปกติ,Admission,,0,74,374,74,51.6683,44.3264
มหาวิทยาลัยบูรพา,หลัก,10190109210601A,คณะวิทยาศาสตร์,หลักสูตรวิทยาศาสตรบัณฑิต (วท.บ.) สาขาวิชาชีวเคีมภาคปกติ,Admission,,0,80,558,80,53.1113,39.7179
มหาวิทยาลัยบูรพา,หลัก,10190109210701A,คณะวิทยาศาสตร์,หลักสูตรวิทยาศาสตรบัณฑิต (วท.บ.) สาขาวิชาชีววิทยา ภาคปกติ,Admission,,0,65,417,65,59.1730,44.9833
มหาวิทยาลัยบูรพา,หลัก,10190109211001A,คณะวิทยาศาสตร์,หลักสูตรวิทยาศาสตรบัณฑิต (วท.บ.) สาขาวิชาวิทยาศาสตร์และเทคโนโลียอาหาร ภาคปกติ,Admission,,0,50,273,50,53.0830,44.7663
มหาวิทยาลัยบูรพา,หลัก,10190109211201A,คณะวิทยาศาสตร์,หลักสูตรวิทยาศาสตรบัณฑิต (วท.บ.) สาขาวิชาเทคโนโลยีชีวภาพ ภาคปกติ,Admission,,0,70,512,70,53.0513,41.6546
มหาวิทยาลัยบูรพา,หลัก,10190109212401A,คณะวิทยาศาสตร์,หลักสูตรวิทยาศาสตรบัณฑิต (วท.บ.) สาขาวิชาวิทยาศาสตร์เชิงสรา้ งสรรค์และนวัตกรรม ภาคปกติ,Admission,,0,40,208,40,56.6494,45.9799
มหาวิทยาลัยบูรพา,หลัก,10190109212701A,คณะวิทยาศาสตร์,หลักสูตรวิทยาศาสตรบัณฑิต (วท.บ.) สาขาวิชาฟิสิก์สภาคปกติ,Admission,,0,85,105,26,49.7248,24.5248
มหาวิทยาลัยบูรพา,หลัก,10190109212901A,คณะวิทยาศาสตร์,หลักสูตรวิทยาศาสตรบัณฑิต (วท.บ.) สาขาวิชาวาริชศาสตร์ภาคปกติ,Admission,,0,70,230,70,57.3470,35.0134
มหาวิทยาลัยบูรพา,หลัก,10190109213301A,คณะวิทยาศาสตร์,หลักสูตรวิทยาศาสตรบัณฑิต (วท.บ.) สาขาวิชาสถิติ ภาคปกติ,Admission,,0,90,181,54,48.6249,23.0470
มหาวิทยาลัยบูรพา,หลัก,10190109220301A,คณะวิทยาศาสตร์,หลักสูตรวิทยาศาสตรบัณฑิต (วท.บ.) สาขาวิชาวิทยาการข้อมูลและการ วิเคราะห์ข้อมูล ภาคปกติ,Admission,,0,35,165,35,57.9694,36.0638
มหาวิทยาลัยบูรพา,หลัก,10190110220101A,คณะวิทยาการสารสนเทศ,หลักสูตรวิทยาศาสตรบัณฑิต (วท.บ.) สาขาวิชาเทคโนโลยีสารสนเทศเพื่อ อุตสาหกรรมดิจิทัล ภาคปกติ,Admission,,0,23,194,23,64.2357,54.1830
มหาวิทยาลัยบูรพา,หลัก,10190110220201A,คณะวิทยาการสารสนเทศ,หลักสูตรวิทยาศาสตรบัณฑิต (วท.บ.) สาขาวิชาวิทยาการคอมพิวเตอร์ภาคปกติ,Admission,,0,12,260,12,67.7548,61.2082
มหาวิทยาลัยบูรพา,หลัก,10190110220301A,คณะวิทยาการสารสนเทศ,หลักสูตรวิทยาศาสตรบัณฑิต (วท.บ.) สาขาวิชาปัญญาประดิษฐ์ประยุกต์และเทคโนโลยีอัจฉริยะ ภาคปกติ,Admission,,0,35,395,35,63.7190,52.3690
มหาวิทยาลัยบูรพา,หลัก,10190110220401A,คณะวิทยาการสารสนเทศ,หลักสูตรวิทยาศาสตรบัณฑิต (วท.บ.) สาขาวิชาวิศวกรรมซอฟต์แวร์ภาคปกติ,Admission,,0,35,254,35,62.7718,52.9273
มหาวิทยาลัยบูรพา,หลัก,10190111300601A,คณะวิศวกรรมศาสตร์,หลักสูตรวิศวกรรมศาสตรบัณฑิต (วศ.บ.) สาขาวิชาวิศวกรรมเคีมภาคปกติ,Admission,,0,40,150,40,44.3957,34.1041
มหาวิทยาลัยบูรพา,หลัก,10190111300701A,คณะวิศวกรรมศาสตร์,หลักสูตรวิศวกรรมศาสตรบัณฑิต (วศ.บ.) สาขาวิชาวิศวกรรมเครื่องกล ภาคปกติ,Admission,,0,40,366,40,43.4944,37.8624
มหาวิทยาลัยบูรพา,หลัก,10190111301601A,คณะวิศวกรรมศาสตร์,หลักสูตรวิศวกรรมศาสตรบัณฑิต (วศ.บ.) สาขาวิชาวิศวกรรมไฟฟ้า ภาคปกติ,Admission,,0,29,288,29,50.6999,39.1041
มหาวิทยาลัยบูรพา,หลัก,10190111302101A,คณะวิศวกรรมศาสตร์,หลักสูตรวิศวกรรมศาสตรบัณฑิต (วศ.บ.) สาขาวิชาวิศวกรรมโยธา ภาคปกติ,Admission,,0,55,674,55,49.0208,40.2957
มหาวิทยาลัยบูรพา,หลัก,10190111302501A,คณะวิศวกรรมศาสตร์,หลักสูตรวิศวกรรมศาสตรบัณฑิต (วศ.บ.) สาขาวิชาวิศวกรรมวัสุดภาคปกติ,Admission,,0,60,395,60,44.2333,35.8082
มหาวิทยาลัยบูรพา,หลัก,10190111302801A,คณะวิศวกรรมศาสตร์,หลักสูตรวิศวกรรมศาสตรบัณฑิต (วศ.บ.) สาขาวิชาวิศวกรรมสิ่งแวดล้อม ภาคปกติ,Admission,,0,35,163,35,45.8500,35.7638
มหาวิทยาลัยบูรพา,หลัก,10190111303401A,คณะวิศวกรรมศาสตร์,หลักสูตรวิศวกรรมศาสตรบัณฑิต (วศ.บ.) สาขาวิชาวิศวกรรมระบบสมองกลฝังตัว และอิเล็กทรอนิกส์สื่อสาร ภาคปกติ,Admission,,0,50,307,50,44.7166,36.7054
มหาวิทยาลัยบูรพา,หลัก,10190111303501A,คณะวิศวกรรมศาสตร์,หลักสูตรวิศวกรรมศาสตรบัณฑิต (วศ.บ.) สาขาวิชาวิศวกรรมอุตสาหการ ภาคปกติ,Admission,,0,10,346,10,44.2207,40.2208
มหาวิทยาลัยบูรพา,หลัก,10190112112501A,คณะสาธารณสุขศาสตร์,หลักสูตรวิทยาศาสตรบัณฑิต (วท.บ.) สาขาวิชาสุขศึกษาและการส่งเสริมสุขภาพ ภาคปกติ,Admission,,0,22,260,22,41.2350,32.2450
มหาวิทยาลัยบูรพา,หลัก,10190112112701A,คณะสาธารณสุขศาสตร์,หลักสูตรสาธารณสุขศาสตรบัณฑิต (ส.บ.) สาขาวิชาการสาธารณสุขชุมชน ภาคปกติ,Admission,,0,15,442,15,44.1250,34.1375
มหาวิทยาลัยบูรพา,หลัก,10190112112702A,คณะสาธารณสุขศาสตร์,หลักสูตรวิทยาศาสตรบัณฑิต (วท.บ.) สาขาวิชาสุขศาสตร์อุตสาหกรรมและ ความปลอดภัย ภาคปกติ,Admission,,0,30,329,30,40.8200,33.1600
มหาวิทยาลัยบูรพา,หลัก,10190112112703A,คณะสาธารณสุขศาสตร์,หลักสูตรวิทยาศาสตรบัณฑิต (วท.บ.) สาขาวิชาอนามัยสิ่งแวดล้อม ภาคปกติ,Admission,,0,35,228,35,39.0250,30.2750
มหาวิทยาลัยบูรพา,หลัก,10190113800101A,คณะศิลปกรรมศาสตร์,หลักสูตรศิลปกรรมศาสตรบัณฑิต (ศป.บ.) สาขาวิชานิเทศศิล์ปภาคปกติ,Admission,,0,17,345,17,75.4610,64.4332
มหาวิทยาลัยบูรพา,หลัก,10190113800101B,คณะศิลปกรรมศาสตร์,หลักสูตรศิลปกรรมศาสตรบัณฑิต (ศป.บ.) สาขาวิชานิเทศศิล์ปภาคพิเศษ,Admission,,0,27,101,27,62.0666,53.7944
มหาวิทยาลัยบูรพา,หลัก,10190113800102A,คณะศิลปกรรมศาสตร์,หลักสูตรศิลปกรรมศาสตรบัณฑิต (ศป.บ.) สาขาวิชาออกแบบเซรามิก์สภาคปกติ,Admission,,0,23,160,23,71.3944,57.2416
มหาวิทยาลัยบูรพา,หลัก,10190113800103A,คณะศิลปกรรมศาสตร์,หลักสูตรศิลปกรรมศาสตรบัณฑิต (ศป.บ.) สาขาวิชาการออกแบบผลิตภัณ์ฑภาคปกติ,Admission,,0,20,175,20,69.5304,56.9888
มหาวิทยาลัยบูรพา,หลัก,10190113800301A,คณะศิลปกรรมศาสตร์,หลักสูตรศิลปกรรมศาสตรบัณฑิต (ศป.บ.) สาขาวิชาครีเอทีฟอาร์ตและกราฟิกครีเอ ทีฟ กลุ่มครีเอทีฟอาร์ตภาคปกติ,Admission,กลุ่มครีเอทีฟอาร์ตภาคปกติ,0,1,216,1,67.4472,67.4472
มหาวิทยาลัยบูรพา,หลัก,10190113800301A,คณะศิลปกรรมศาสตร์,หลักสูตรศิลปกรรมศาสตรบัณฑิต (ศป.บ.) สาขาวิชาครีเอทีฟอาร์ตและกราฟิกครีเอ ทีฟ กลุ่มกราฟิกครีเอทีฟ ภาคปกติ,Admission,กลุ่มกราฟิกครีเอทีฟ ภาค ปกติ,0,1,158,1,68.4722,68.4722
มหาวิทยาลัยบูรพา,หลัก,10190113800302A,คณะศิลปกรรมศาสตร์,หลักสูตรศิลปกรรมศาสตรบัณฑิต (ศป.บ.) สาขาวิชาจิตรกรรมสรา้ งสรร์คภาคปกติ,Admission,,0,15,146,15,73.8388,59.3776
มหาวิทยาลัยบูรพา,หลัก,10190114800201A,คณะดนตรีและการแสดง,หลักสูตรศิลปกรรมศาสตรบัณฑิต (ศป.บ.) สาขาวิชาดนตรีเอกดนตรีไทย ภาคปกติ,Admission,เอกดนตรีไทย ภาคปกติ,0,10,16,6,50.9194,13.2194
มหาวิทยาลัยบูรพา,หลัก,10190114800201A,คณะดนตรีและการแสดง,หลักสูตรศิลปกรรมศาสตรบัณฑิต (ศป.บ.) สาขาวิชาดนตรีเอกดนตรีสากล ภาคปกติ,Admission,เอกดนตรีสากล ภาคปกติ,0,1,66,1,54.2110,54.2110
มหาวิทยาลัยบูรพา,หลัก,10190114800401A,คณะดนตรีและการแสดง,หลักสูตรศิลปกรรมศาสตรบัณฑิต (ศป.บ.) สาขาวิชาศิลปะการแสดง เอกนาฏศิล์ปและการกำกับลีลา ภาคปกติ,Admission,เอกนาฏศิลป์และการกำกับ ลีลา ภาคปกติ,0,1,79,1,80.3000,80.3000
มหาวิทยาลัยบูรพา,หลัก,10190114800401A,คณะดนตรีและการแสดง,หลักสูตรศิลปกรรมศาสตรบัณฑิต (ศป.บ.) สาขาวิชาศิลปะการแสดง เอกศิลปะการ ละคร ภาคปกติ,Admission,เอกศิลปะการละคร ภาคปกติ,0,1,162,1,79.4860,79.4860
มหาวิทยาลัยบูรพา,หลัก,10190114900101A,คณะดนตรีและการแสดง,หลักสูตรศิลปศาสตรบัณฑิต (ศศ.บ.) สาขาวิชาการจัดการผลิตสื่อและ วัฒนธรรมสรา้ งสรร์คภาคปกติ,Admission,,0,1,409,1,71.5246,71.5246
มหาวิทยาลัยบูรพา,หลัก,10190115700201A,คณะศึกษาศาสตร์,หลักสูตรการศึกษาบัณฑิต (กศ.บ.) สาขาวิชาการประถมศึกษา จิตวิทยาและ การแนะแนว (หลักสูตร 4 ปี) ภาคปกติ,Admission,,0,17,986,17,75.9776,70.1108
มหาวิทยาลัยบูรพา,หลัก,10190115700601A,คณะศึกษาศาสตร์,หลักสูตรการศึกษาบัณฑิต (กศ.บ.) สาขาวิชาการศึกษาปฐมวัย(หลักสูตร 4 ปี) ภาคปกติ,Admission,,0,27,613,27,73.8888,66.8414
มหาวิทยาลัยบูรพา,หลัก,10190115700801A,คณะศึกษาศาสตร์,หลักสูตรการศึกษาบัณฑิต (กศ.บ.) สาขาวิชาคณิตศาสตร์(หลักสูตร 4 ปี) ภาคปกติ,Admission,,0,21,206,21,68.7332,62.5000
มหาวิทยาลัยบูรพา,หลัก,10190115701001A,คณะศึกษาศาสตร์,หลักสูตรการศึกษาบัณฑิต (กศ.บ.) สาขาวิชาเคีม(หลักสูตร 4 ปี) ภาคปกติ,Admission,,0,28,156,28,65.7108,58.3000
มหาวิทยาลัยบูรพา,หลัก,10190115701301A,คณะศึกษาศาสตร์,หลักสูตรการศึกษาบัณฑิต (กศ.บ.) สาขาวิชาชีววิทยา (หลักสูตร 4 ปี) ภาค ปกติ,Admission,,0,20,111,20,68.0164,58.5732
มหาวิทยาลัยบูรพา,หลัก,10190115701502A,คณะศึกษาศาสตร์,หลักสูตรการศึกษาบัณฑิต (กศ.บ.) สาขาวิชาเทคโนโลยีดิจิทัลเพื่อการศึกษา และคอมพิวเตอร์ศึกษา (หลักสูตร 4 ปี) ภาคปกิต(รูปแบบที่ 1),Admission,,0,37,260,37,65.5194,54.6664
มหาวิทยาลัยบูรพา,หลัก,10190115701503A,คณะศึกษาศาสตร์,หลักสูตรการศึกษาบัณฑิต (กศ.บ.) สาขาวิชาเทคโนโลยีดิจิทัลเพื่อการศึกษา และคอมพิวเตอร์ศึกษา (หลักสูตร 4 ปี) ภาคปกิต(รูปแบบที่ 2),Admission,,0,62,271,62,60.0716,44.4277
มหาวิทยาลัยบูรพา,หลัก,10190115701801A,คณะศึกษาศาสตร์,หลักสูตรการศึกษาบัณฑิต (กศ.บ.) สาขาวิชาฟิสิก์ส(หลักสูตร 4 ปี) ภาคปกติ,Admission,,0,31,56,16,60.0248,46.0497
มหาวิทยาลัยบูรพา,หลัก,10190115702001A,คณะศึกษาศาสตร์,หลักสูตรการศึกษาบัณฑิต (กศ.บ.) สาขาวิชาภาษาจีน (หลักสูตร 5 ปี) ภาค ปกติ,Admission,,0,16,63,16,64.5082,57.7026
มหาวิทยาลัยบูรพา,หลัก,10190115702502A,คณะศึกษาศาสตร์,หลักสูตรการศึกษาบัณฑิต (กศ.บ.) สาขาวิชาศิลปศึกษา (หลักสูตร 4 ปี) ภาค ปกติ,Admission,,0,10,50,10,67.9944,59.9302
มหาวิทยาลัยบูรพา,หลัก,10190115702701A,คณะศึกษาศาสตร์,หลักสูตรการศึกษาบัณฑิต (กศ.บ.) สาขาวิชาสังคมศึกษา (หลักสูตร 4 ปี) ภาคปกติ,Admission,,0,10,436,10,69.6332,65.6414
มหาวิทยาลัยบูรพา,หลัก,10190115702801A,คณะศึกษาศาสตร์,หลักสูตรการศึกษาบัณฑิต (กศ.บ.) สาขาวิชาพลศึกษา (หลักสูตร 4 ปี) ภาค ปกติ,Admission,,0,8,444,8,64.6830,62.0916
มหาวิทยาลัยบูรพา,หลัก,10190116210201A,คณะโลจิสติกส์,หลักสูตรวิทยาศาสตรบัณฑิต (วท.บ.) สาขาวิชาวิทยาการเดินเรือ(หลักสูตร 5 ปี) ภาคปกติ,Admission,,0,60,277,60,49.5526,36.3666
มหาวิทยาลัยบูรพา,หลัก,10190116210202A,คณะโลจิสติกส์,หลักสูตรวิทยาศาสตรบัณฑิต (วท.บ.) สาขาวิชาการจัดการโลจิสติกส์และโซ่ อุปทาน แขนงวิชาวิศวกรรมโซ่อุปทาน ภาคปกติ,Admission,แขนงวิชาวิศวกรรมโซ่ อุปทาน ภาคปกติ,0,55,282,55,53.0164,41.3500
มหาวิทยาลัยบูรพา,หลัก,10190116611002A,คณะโลจิสติกส์,หลักสูตรวิทยาศาสตรบัณฑิต (วท.บ.) สาขาวิชาการจัดการโลจิสติกส์และโซ่ อุปทาน แขนงวิชาการค้าและโลจิสติก์สระหวา่ งประเทศ ภาคปกติ,Admission,แขนงวิชาการค้าและโลิจสติกส์ระหวา่ งประเทศ ภาค ปกติ,0,55,789,55,72.5250,59.6750
มหาวิทยาลัยบูรพา,หลัก,10190116611002A,คณะโลจิสติกส์,หลักสูตรวิทยาศาสตรบัณฑิต (วท.บ.) สาขาวิชาการจัดการโลจิสติกส์และโซ่ อุปทาน แขนงวิชาการจัดการโลจิสติก์สภาคปกติ,Admission,แขนงวิชาการจัดการโลิจสติก์สภาคปกติ,0,72,710,72,74.5635,54.1805
มหาวิทยาลัยบูรพา,หลัก,10190116611002A,คณะโลจิสติกส์,หลักสูตรวิทยาศาสตรบัณฑิต (วท.บ.) สาขาวิชาการจัดการโลจิสติกส์และโซ่ อุปทาน แขนงวิชาการจัดการ อุตสาหกรรมพาณิชยนาวีภาคปกติ,Admission,แขนงวิชาการจัดการ อุตสาหกรรมพาณิชยนาวี ภาคปกติ,0,60,422,60,63.1885,51.5720
มหาวิทยาลัยบูรพา,หลัก,10190116611002A,คณะโลจิสติกส์,หลักสูตรวิทยาศาสตรบัณฑิต (วท.บ.) สาขาวิชาการจัดการโลจิสติกส์และโซ่ อุปทาน แขนงวิชาสมาร์ทฟาร์มมิ่งและโซ่ อุปทานอัจฉริยะ ภาคปกิต(รูปแบบที่ 1),Admission,แขนงวิชาสมาร์ทฟาร์มมิ่ง และโซ่อุปทานอัจฉริยะ ภาค ปกติ,0,40,231,40,53.4940,41.0500
มหาวิทยาลัยบูรพา,หลัก,10190116611002A,คณะโลจิสติกส์,หลักสูตรวิทยาศาสตรบัณฑิต (วท.บ.) สาขาวิชาการจัดการโลจิสติกส์และโซ่ อุปทาน แขนงวิชาสมาร์ทฟาร์มมิ่งและโซ่ อุปทานอัจฉริยะ ภาคปกิต(รูปแบบที่ 2),Admission,แขนงวิชาสมาร์ทฟาร์มมิ่ง และโซ่อุปทานอัจฉริยะ ภาค ปกติ,0,10,185,10,59.3970,44.9885
มหาวิทยาลัยบูรพา,หลัก,10190116611002A,คณะโลจิสติกส์,หลักสูตรวิทยาศาสตรบัณฑิต (วท.บ.) สาขาวิชาการจัดการโลจิสติกส์และโซ่ อุปทาน แขนงวิชาการจัดการการบิน ภาค ปกติ,Admission,แขนงวิชาการจัดการการบิน ภาคปกติ,0,75,"1,309",75,74.0742,59.9746
มหาวิทยาลัยบูรพา,หลัก,10190117112001A,คณะวิทยาศาสตร์การกีฬา,หลักสูตรวิทยาศาสตรบัณฑิต (วท.บ.) สาขาวิชาวิทยาศาสตร์การออกกำลังกาย และการกีฬา ภาคปกติ,Admission,,0,45,568,45,57.9663,45.9258
มหาวิทยาลัยบูรพา,หลัก,10190117900101A,คณะวิทยาศาสตร์การกีฬา,หลักสูตรศิลปศาสตรบัณฑิต (ศศ.บ.) สาขาวิชาการจัดการและการสอนกีฬา ภาคปกติ,Admission,,0,20,304,20,49.7002,43.7020
มหาวิทยาลัยบูรพา,หลัก,10190117903801A,คณะวิทยาศาสตร์การกีฬา,หลักสูตรศิลปศาสตรบัณฑิต (ศศ.บ.) สาขาวิชาสื่อสารมวลชนทางกีฬา ภาคปกติ,Admission,,0,34,354,34,64.3500,50.4914
มหาวิทยาลัยบูรพา,หลัก,10190118610801E,วิทยาลัยนานาชาติ,หลักสูตรบริหารธุรกิจบัณฑิต (บธ.บ.) สาขาวิชาบริหารธุรกิจ กลุ่มวิชาการเงิน (หลักสูตรนานาชาต)ิ ภาคปกติ,Admission,กลุ่มวิชาการเงิน (หลักสูตร นานาชาติ) ภาคปกติ,0,72,176,67,65.0997,30.5497
มหาวิทยาลัยบูรพา,หลัก,10190118610801E,วิทยาลัยนานาชาติ,หลักสูตรบริหารธุรกิจบัณฑิต (บธ.บ.) สาขาวิชาบริหารธุรกิจ กลุ่มวิชาการจัดการ ธุรกิจระหวา่ งประเทศ (หลักสูตรนานาชาต)ิ ภาคปกติ,Admission,กลุ่มวิชาการจัดการธุรกิจ ระหวา่ งประเทศ (หลักสูตร นานาชาติ) ภาคปกติ,0,72,207,72,80.3747,40.7748
มหาวิทยาลัยบูรพา,หลัก,10190118610801E,วิทยาลัยนานาชาติ,หลักสูตรบริหารธุรกิจบัณฑิต (บธ.บ.) สาขาวิชาบริหารธุรกิจ กลุ่มวิชาการตลาด ดิจิทัลและสรา้ งสรร์ค(หลักสูตรนานาชาต)ิ ภาคปกติ,Admission,กลุ่มวิชาการตลาดดิจิทัล และสรา้ งสรร์ค(หลักสูตร นานาชาติ) ภาคปกติ,0,72,113,41,60.4994,33.7000
มหาวิทยาลัยบูรพา,หลัก,10190118611001E,วิทยาลัยนานาชาติ,หลักสูตรบริหารธุรกิจบัณฑิต (บธ.บ.) สาขาวิชาการจัดการโลจิสติกส์และโซ่ อุปทานอัจฉริยะ (หลักสูตรนานาชาต)ิ ภาคปกติ,Admission,,0,127,164,64,63.9993,32.1999
มหาวิทยาลัยบูรพา,หลัก,10190118620101E,วิทยาลัยนานาชาติ,หลักสูตรบริหารธุรกิจบัณฑิต (บธ.บ.) สาขาวิชาการจัดการการบริการการ ท่องเที่ยวและไม์ซ(หลักสูตรนานาชาต)ิ ภาคปกติ,Admission,,0,166,95,45,70.1996,32.3247
มหาวิทยาลัยบูรพา,หลัก,10190118900101E,วิทยาลัยนานาชาติ,หลักสูตรศิลปศาสตรบัณฑิต (ศศ.บ.) สาขาวิชาการสื่อสารธุรกิจสากลและสื่อ ร่วมสมัย (หลักสูตรนานาชาต)ิ ภาคปกติ,Admission,,0,185,29,6,71.2997,41.4249
มหาวิทยาลัยบูรพา,หลัก,10190119110101A,คณะสหเวชศาสตร์,หลักสูตรวิทยาศาสตรบัณฑิต (วท.บ.) สาขาวิชากายภาพบำบัด ภาคปกติ,Admission,,0,38,933,38,62.7194,56.5302
มหาวิทยาลัยบูรพา,หลัก,10190119110801A,คณะสหเวชศาสตร์,หลักสูตรแพทย์แผนไทยประยุกต์บัณฑิต (พทป.บ.) สาขาวิชาการแพทย์แผนไทย ประยุก์ตภาคปกติ,Admission,,0,20,151,20,52.6490,48.5446
มหาวิทยาลัยบูรพา,หลัก,10190119111301A,คณะสหเวชศาสตร์,หลักสูตรวิทยาศาสตรบัณฑิต (วท.บ.) สาขาวิชาเทคนิคการแพท์ยภาคปกติ,Admission,,0,40,"1,461",40,56.3432,51.0844
มหาวิทยาลัยบูรพา,หลัก,10190119111801A,คณะสหเวชศาสตร์,หลักสูตรวิทยาศาสตรบัณฑิต (วท.บ.) สาขาวิชาโภชนาการและการกำหนด อาหาร ภาคปกติ,Admission,,0,40,320,40,57.0297,50.2214
มหาวิทยาลัยบูรพา,หลัก,10190119112101A,คณะสหเวชศาสตร์,หลักสูตรวิทยาศาสตรบัณฑิต (วท.บ.) สาขาวิชาวิทยาศาสตร์การแพท์ยภาคปกติ,Admission,,0,65,934,65,60.4714,52.5900
มหาวิทยาลัยบูรพา,หลัก,10190119112102A,คณะสหเวชศาสตร์,หลักสูตรวิทยาศาสตรบัณฑิต (วท.บ.) สาขาวิชาพยาธิวิทยากายวิภาค ภาคปกติ,Admission,,0,65,551,65,66.8444,55.0632
มหาวิทยาลัยบูรพา,จันทบุรี,10190220220101A,คณะวิทยาศาตร์และศิลป ศาสตร์,หลักสูตรวิทยาศาสตรบัณฑิต (วท.บ.) สาขาวิชาเทคโนโลยีสารสนเทศและ วิทยาการข้อมูล ภาคปกติ,Admission,,0,80,33,9,49.6912,29.6888
มหาวิทยาลัยบูรพา,จันทบุรี,10190220500401A,คณะวิทยาศาตร์และศิลป ศาสตร์,หลักสูตรวิทยาศาสตรบัณฑิต (วท.บ.) สาขาวิชาเทคโนโลยีการเกษตรสมัยให่มกลุ่มวิชาเทคโนโลยีและการจัดการไม้ผล ภาคปกติ,Admission,กลุ่มวิชาเทคโนโลยีและการ จัดการไม้ผล ภาคปกติ,0,80,3,0,0.0000,0.0000
มหาวิทยาลัยบูรพา,จันทบุรี,10190220500401A,คณะวิทยาศาตร์และศิลป ศาสตร์,หลักสูตรวิทยาศาสตรบัณฑิต (วท.บ.) สาขาวิชาเทคโนโลยีการเกษตรสมัยให่มกลุ่มวิชาเทคโนโลยีปรับปรุงพันธุ์และการ ออกแบบพืชอาหาร ภาคปกติ,Admission,กลุ่มวิชาเทคโนโลยีปรับปรุงพันธุ์และการออกแบบพืช อาหาร ภาคปกติ,0,80,3,0,0.0000,0.0000
มหาวิทยาลัยบูรพา,จันทบุรี,10190220610801A,คณะวิทยาศาตร์และศิลป ศาสตร์,หลักสูตรบริหารธุรกิจบัณฑิต (บธ.บ.) กลุ่ม วิชาการตลาดและบริการ ภาคปกติ,Admission,กลุ่มวิชาการตลาดและ บริการ ภาคปกติ,0,80,87,29,57.3246,33.2993
มหาวิทยาลัยบูรพา,จันทบุรี,10190220611001A,คณะวิทยาศาตร์และศิลป ศาสตร์,หลักสูตรบริหารธุรกิจบัณฑิต (บธ.บ.) สาขาวิชาการจัดการโลจิสติกส์และการค้า ชายแดน ภาคปกติ,Admission,,0,100,110,32,59.9744,34.3742
มหาวิทยาลัยบูรพา,จันทบุรี,10190220902501A,คณะวิทยาศาตร์และศิลป ศาสตร์,หลักสูตรศิลปศาสตรบัณฑิต (ศศ.บ.) สาขาวิชาภาษาอังกฤษเพื่อการสื่อสารทาง ธุรกิจ ภาคปกติ,Admission,,0,100,152,48,66.2993,37.5743
มหาวิทยาลัยบูรพา,จันทบุรี,10190221213001A,คณะเทคโนโลยีทางทะเล,หลักสูตรวิทยาศาสตรบัณฑิต (วท.บ.) สาขาวิชาเทคโนโลยีทางทะเล ภาคปกติ,Admission,,0,70,194,68,58.9191,24.2694
มหาวิทยาลัยบูรพา,จันทบุรี,10190222213401A,คณะอัญมณี,หลักสูตรวิทยาศาสตรบัณฑิต (วท.บ.) สาขาวิชาเทคโนโลยีอัญมณีและ เครื่องประดับ ภาคปกติ,Admission,,0,60,36,12,48.5942,20.2138
มหาวิทยาลัยบูรพา,จันทบุรี,10190222610801A,คณะอัญมณี,หลักสูตรบริหารธุรกิจบัณฑิต (บธ.บ.) สาขาวิชาธุรกิจอัญมณีและเครื่องประดับ ภาคปกติ,Admission,,0,60,57,13,51.7470,21.2720
มหาวิทยาลัยบูรพา,จันทบุรี,10190222800101A,คณะอัญมณี,หลักสูตรศิลปกรรมศาสตรบัณฑิต (ศป.บ.) สาขาวิชาการออกแบบเครื่องประดับ ภาคปกติ,Admission,,0,60,46,14,66.6526,15.2220
มหาวิทยาลัยบูรพา,สระแก้ว,10190323210101A,คณะวิทยาศาตร์และสังคมศาสตร์,หลักสูตรวิทยาศาสตรบัณฑิต (วท.บ.) สาขาวิชาการจัดการสิ่งแวดล้อม อุตสาหกรรม ภาคปกติ,Admission,,0,90,3,1,47.6493,47.6493
มหาวิทยาลัยบูรพา,สระแก้ว,10190323220101A,คณะวิทยาศาตร์และสังคมศาสตร์,หลักสูตรวิทยาศาสตรบัณฑิต (วท.บ.) สาขาวิชาเทคโนโลยีสารสนเทศและนวัตกรรมทางธุรกิจ ภาคปกติ,Admission,,0,80,18,6,63.3246,43.1249
มหาวิทยาลัยบูรพา,สระแก้ว,10190323611001A,คณะวิทยาศาตร์และสังคมศาสตร์,หลักสูตรบริหารธุรกิจบัณฑิต (บธ.บ.) สาขาวิชาการจัดการโลจิสติกส์และโซ่ อุปทานสีเขียว ภาคปกติ,Admission,,0,100,43,15,50.3247,34.4746
มหาวิทยาลัยบูรพา,สระแก้ว,10190323903101A,คณะวิทยาศาตร์และสังคมศาสตร์,หลักสูตรรัฐประศาสนศาสตรบัณฑิต (รป.บ.) สาขาวิชารัฐประศาสนศาสต์รภาคปกติ,Admission,,0,80,27,9,59.0247,36.3243
มหาวิทยาลัยบูรพา,สระแก้ว,10190324500201A,คณะเทคโนโลยีการเกษตร,หลักสูตรวิทยาศาสตรบัณฑิต (วท.บ.) สาขาวิชานวัตกรรมเกษตร กลุ่มนวัตกรรม การผลิตพืช ภาคปกติ,Admission,กลุ่มนวัตกรรมการผลิตพืช ภาคปกติ,0,50,3,0,0.0000,0.0000
มหาวิทยาลัยบูรพา,สระแก้ว,10190324500201A,คณะเทคโนโลยีการเกษตร,หลักสูตรวิทยาศาสตรบัณฑิต (วท.บ.) สาขาวิชานวัตกรรมเกษตร กลุ่มนวัตกรรม การผลิตสัตว์ภาคปกติ,Admission,กลุ่มนวัตกรรมการผลิตสัต์วภาคปกติ,0,50,3,1,43.0747,43.0747
มหาวิทยาลัยบูรพา,สระแก้ว,10190324501101A,คณะเทคโนโลยีการเกษตร,หลักสูตรวิทยาศาสตรบัณฑิต (วท.บ.) สาขาวิชาพัฒนาผลิตภัณฑ์อุตสาหกรรม เกษตร ภาคปกติ,Admission,,0,50,3,0,0.0000,0.0000
มหาวิทยาลัยนเรศวร,วิทยาเขตหลัก,10200110210101A,คณะเกษตรศาสต์รทรัพยากรธรรมชาติและ สิ่งแวดล้อม,หลักสูตรวิทยาศาสตรบัณฑิต สาขาวิชา ทรัพยากรธรรมชาติและสิ่งแวดล้อม,admission (แบบที่ 1),,0,50,296,50,46.2898,37.0982
มหาวิทยาลัยนเรศวร,วิทยาเขตหลัก,10200110211001A,คณะเกษตรศาสต์รทรัพยากรธรรมชาติและ สิ่งแวดล้อม,หลักสูตรวิทยาศาสตรบัณฑิต สาขาวิชา วิทยาศาสตร์และเทคโนโลยีการอาหาร,admission (แบบที่ 1),,0,80,370,80,48.8814,39.6398
มหาวิทยาลัยนเรศวร,วิทยาเขตหลัก,10200110211002A,คณะเกษตรศาสต์รทรัพยากรธรรมชาติและ สิ่งแวดล้อม,หลักสูตรวิทยาศาสตรบัณฑิต สาขาวิชา สัตวศาสตร์และเทคโนโลยีอาหารสัตว์,admission (แบบที่ 1),,0,50,214,50,47.3447,37.7732
มหาวิทยาลัยนเรศวร,วิทยาเขตหลัก,10200110211002A,คณะเกษตรศาสต์รทรัพยากรธรรมชาติและ สิ่งแวดล้อม,หลักสูตรวิทยาศาสตรบัณฑิต สาขาวิชา สัตวศาสตร์และเทคโนโลยีอาหารสัตว์,admission (แบบที่ 2),,0,20,92,20,50.9781,44.7950
มหาวิทยาลัยนเรศวร,วิทยาเขตหลัก,10200110211201A,คณะเกษตรศาสต์รทรัพยากรธรรมชาติและ สิ่งแวดล้อม,หลักสูตรวิทยาศาสตรบัณฑิต สาขาวิชา เทคโนโลยีชีวภาพทางการเกษตร,admission (แบบที่ 1),,0,80,121,39,43.3016,17.5498
มหาวิทยาลัยนเรศวร,วิทยาเขตหลัก,10200110500201A,คณะเกษตรศาสต์รทรัพยากรธรรมชาติและ สิ่งแวดล้อม,หลักสูตรวิทยาศาสตรบัณฑิต สาขาวิชา วิทยาศาสตร์การเกษตร,admission (แบบที่ 1),,0,70,140,45,46.2716,10.0000
มหาวิทยาลัยนเรศวร,วิทยาเขตหลัก,10200110500201A,คณะเกษตรศาสต์รทรัพยากรธรรมชาติและ สิ่งแวดล้อม,หลักสูตรวิทยาศาสตรบัณฑิต สาขาวิชา วิทยาศาสตร์การเกษตร,admission (แบบที่ 2),,0,10,46,10,45.8731,40.3150
มหาวิทยาลัยนเรศวร,วิทยาเขตหลัก,10200110500401A,คณะเกษตรศาสต์รทรัพยากรธรรมชาติและ สิ่งแวดล้อม,หลักสูตรวิทยาศาสตรบัณฑิต สาขาวิชา เกษตรแม่นยำ,admission (แบบที่ 1),,0,60,72,18,42.2315,13.7832
มหาวิทยาลัยนเรศวร,วิทยาเขตหลัก,10200110500401A,คณะเกษตรศาสต์รทรัพยากรธรรมชาติและ สิ่งแวดล้อม,หลักสูตรวิทยาศาสตรบัณฑิต สาขาวิชา เกษตรแม่นยำ,admission (แบบที่ 2),,0,20,55,19,45.5464,10.4166
มหาวิทยาลัยนเรศวร,วิทยาเขตหลัก,10200110500601A,คณะเกษตรศาสต์รทรัพยากรธรรมชาติและ สิ่งแวดล้อม,หลักสูตรวิทยาศาสตรบัณฑิต สาขาวิชา วิทยาศาสตร์การประมง,admission (แบบที่ 1),,0,50,105,39,40.8382,8.9500
มหาวิทยาลัยนเรศวร,วิทยาเขตหลัก,10200110500601A,คณะเกษตรศาสต์รทรัพยากรธรรมชาติและ สิ่งแวดล้อม,หลักสูตรวิทยาศาสตรบัณฑิต สาขาวิชา วิทยาศาสตร์การประมง,admission (แบบที่ 2),,0,50,93,25,51.2683,0.0000
มหาวิทยาลัยนเรศวร,วิทยาเขตหลัก,10200110903001A,คณะเกษตรศาสต์รทรัพยากรธรรมชาติและ สิ่งแวดล้อม,หลักสูตรวิทยาศาสตรบัณฑิต สาขาวิชา ภูมิศาสตร์,admission (แบบที่ 1),,0,50,62,18,41.8564,8.3000
มหาวิทยาลัยนเรศวร,วิทยาเขตหลัก,10200110903001A,คณะเกษตรศาสต์รทรัพยากรธรรมชาติและ สิ่งแวดล้อม,หลักสูตรวิทยาศาสตรบัณฑิต สาขาวิชา ภูมิศาสตร์,admission (แบบที่ 2),,0,50,68,24,50.1366,13.8500
มหาวิทยาลัยนเรศวร,วิทยาเขตหลัก,10200112901001A,คณะนิติศาสตร์,หลักสูตรนิติศาสตรบัณฑิต,admission (แบบที่ 1),,0,126,"1,233",126,66.3375,52.8972
มหาวิทยาลัยนเรศวร,วิทยาเขตหลัก,10200112901001A,คณะนิติศาสตร์,หลักสูตรนิติศาสตรบัณฑิต,admission (แบบที่ 2),,0,54,"1,018",54,72.0860,59.8554
มหาวิทยาลัยนเรศวร,วิทยาเขตหลัก,10200113610101A,คณะบริหารธุรกิจ เศรษฐศาสตร์และการสื่อสาร,หลักสูตรบริหารธุรกิจบัณฑิต สาขาวิชา การเงิน,admission (แบบที่ 1),,0,15,277,15,61.0500,47.0000
มหาวิทยาลัยนเรศวร,วิทยาเขตหลัก,10200113610101A,คณะบริหารธุรกิจ เศรษฐศาสตร์และการสื่อสาร,หลักสูตรบริหารธุรกิจบัณฑิต สาขาวิชา การเงิน,admission (แบบที่ 2),,0,15,310,15,60.4500,54.8500
มหาวิทยาลัยนเรศวร,วิทยาเขตหลัก,10200113610501A,คณะบริหารธุรกิจ เศรษฐศาสตร์และการสื่อสาร,หลักสูตรบัญชีบัณฑิต,admission (แบบที่ 1),,0,50,859,50,79.0078,62.8664
มหาวิทยาลัยนเรศวร,วิทยาเขตหลัก,10200113610601A,คณะบริหารธุรกิจ เศรษฐศาสตร์และการสื่อสาร,หลักสูตรวิทยาศาสตรบัณฑิต สาขาวิชา นวัตกรรมและการตลาดเชิงสรา้ งสรรค์,admission (แบบที่ 1),,0,35,552,35,66.5243,58.1995
มหาวิทยาลัยนเรศวร,วิทยาเขตหลัก,10200113610701A,คณะบริหารธุรกิจ เศรษฐศาสตร์และการสื่อสาร,หลักสูตรบริหารธุรกิจบัณฑิต สาขาวิชา ธุรกิจดิจิทัล,admission (แบบที่ 1),,0,10,467,10,62.3500,56.3750
มหาวิทยาลัยนเรศวร,วิทยาเขตหลัก,10200113610801A,คณะบริหารธุรกิจ เศรษฐศาสตร์และการสื่อสาร,หลักสูตรบริหารธุรกิจบัณฑิต สาขาวิชา บริหารธุรกิจ,admission (แบบที่ 1),,0,88,859,88,66.8722,54.9888
มหาวิทยาลัยนเรศวร,วิทยาเขตหลัก,10200113611101A,คณะบริหารธุรกิจ เศรษฐศาสตร์และการสื่อสาร,หลักสูตรเศรษฐศาสตรบัณฑิต,admission (แบบที่ 1),,0,70,493,70,65.9830,54.0664
มหาวิทยาลัยนเรศวร,วิทยาเขตหลัก,10200113611101A,คณะบริหารธุรกิจ เศรษฐศาสตร์และการสื่อสาร,หลักสูตรเศรษฐศาสตรบัณฑิต,admission (แบบที่ 1),หลักสูตรเศรษฐศาสตร บัณฑิต (ตรีต่อเนื่องโท),0,12,83,12,62.1166,52.6164
มหาวิทยาลัยนเรศวร,วิทยาเขตหลัก,10200113620101A,คณะบริหารธุรกิจ เศรษฐศาสตร์และการสื่อสาร,หลักสูตรศิลปศาสตรบัณฑิต สาขาวิชาการ ท่องเที่ยว,admission (แบบที่ 1),,0,50,769,51,72.0750,54.0722
มหาวิทยาลัยนเรศวร,วิทยาเขตหลัก,10200113901101A,คณะบริหารธุรกิจ เศรษฐศาสตร์และการสื่อสาร,หลักสูตรนิเทศศาสตรบัณฑิต,admission (แบบที่ 1),,0,80,973,80,64.3750,50.7250
มหาวิทยาลัยนเรศวร,วิทยาเขตหลัก,10200114111701A,คณะพยาบาลศาสตร์,หลักสูตรพยาบาลศาสตรบัณฑิต,admission (แบบที่ 1),,0,100,"2,112",100,57.7601,48.6332
มหาวิทยาลัยนเรศวร,วิทยาเขตหลัก,10200116111101A,คณะเภสัชศาสตร์,หลักสูตรวิทยาศาสตรบัณฑิต สาขาวิชา วิทยาศาสตร์เครื่องสำอางและผลิตภัณ์ฑธรรมชาติ,admission (แบบที่ 1),,0,60,647,60,63.0400,51.8714
มหาวิทยาลัยนเรศวร,วิทยาเขตหลัก,10200116130301A,คณะเภสัชศาสตร์,หลักสูตรเภสัชศาสตรบัณฑิต สาขาวิชา การบริบาลทางเภสัชกรรม,admission (แบบที่ 1),,0,85,824,85,65.7877,54.5889
มหาวิทยาลัยนเรศวร,วิทยาเขตหลัก,10200117800201A,คณะมนุษยศาสตร์,หลักสูตรดุริยางคศาสตรบัณฑิต,admission (แบบที่ 1),,0,20,165,20,97.2500,86.5000
มหาวิทยาลัยนเรศวร,วิทยาเขตหลัก,10200117800401A,คณะมนุษยศาสตร์,หลักสูตรศิลปศาสตรบัณฑิต สาขาวิชา นาฏศิลป์ไทย,admission (แบบที่ 1),,0,30,142,30,88.1888,75.0500
มหาวิทยาลัยนเรศวร,วิทยาเขตหลัก,10200117901701A,คณะมนุษยศาสตร์,หลักสูตรศิลปศาสตรบัณฑิต สาขาวิชา ภาษาเกาหลี,admission (แบบที่ 1),,0,20,126,20,67.9830,55.2970
มหาวิทยาลัยนเรศวร,วิทยาเขตหลัก,10200117901801A,คณะมนุษยศาสตร์,หลักสูตรศิลปศาสตรบัณฑิต สาขาวิชา ภาษาจีน,admission (แบบที่ 1),,0,15,290,15,75.7635,56.8860
มหาวิทยาลัยนเรศวร,วิทยาเขตหลัก,10200117901901A,คณะมนุษยศาสตร์,หลักสูตรศิลปศาสตรบัณฑิต สาขาวิชา ภาษาญี่ปุ่น,admission (แบบที่ 1),,0,20,362,20,81.3164,64.7776
มหาวิทยาลัยนเรศวร,วิทยาเขตหลัก,10200117902001A,คณะมนุษยศาสตร์,หลักสูตรศิลปศาสตรบัณฑิต สาขาวิชา ภาษาไทย,admission (แบบที่ 1),,0,35,484,35,68.4828,60.9552
มหาวิทยาลัยนเรศวร,วิทยาเขตหลัก,10200117902201A,คณะมนุษยศาสตร์,หลักสูตรศิลปศาสตรบัณฑิต สาขาวิชา พม่าศึกษา,admission (แบบที่ 1),,0,40,43,21,58.7776,16.8500
มหาวิทยาลัยนเรศวร,วิทยาเขตหลัก,10200117902401A,คณะมนุษยศาสตร์,หลักสูตรศิลปศาสตรบัณฑิต สาขาวิชา ภาษาฝรั่งเศส,admission (แบบที่ 1),,0,40,200,40,68.7604,56.5164
มหาวิทยาลัยนเรศวร,วิทยาเขตหลัก,10200117902501A,คณะมนุษยศาสตร์,หลักสูตรศิลปศาสตรบัณฑิต สาขาวิชา ภาษาอังกฤษ,admission (แบบที่ 1),,0,45,801,45,74.6000,64.9250
มหาวิทยาลัยนเรศวร,วิทยาเขตหลัก,10200118210301A,คณะวิทยาศาสตร์,หลักสูตรวิทยาศาสตรบัณฑิต สาขาวิชา คณิตศาสตร์,admission (แบบที่ 1),,0,40,163,40,51.2366,40.5324
มหาวิทยาลัยนเรศวร,วิทยาเขตหลัก,10200118210401A,คณะวิทยาศาสตร์,หลักสูตรวิทยาศาสตรบัณฑิต สาขาวิชาเคมี,admission (แบบที่ 1),,0,50,323,50,55.0798,44.5098
มหาวิทยาลัยนเรศวร,วิทยาเขตหลัก,10200118210701A,คณะวิทยาศาสตร์,หลักสูตรวิทยาศาสตรบัณฑิต สาขาวิชา ชีววิทยา,admission (แบบที่ 1),,0,80,416,80,58.3854,43.5076
มหาวิทยาลัยนเรศวร,วิทยาเขตหลัก,10200118211401A,คณะวิทยาศาสตร์,หลักสูตรวิทยาศาสตรบัณฑิต สาขา เทคโนโลยีนวัตกรรมพลังงานและ สิ่งแวดล้อม,admission (แบบที่ 1),,0,30,208,30,51.3781,43.1098
มหาวิทยาลัยนเรศวร,วิทยาเขตหลัก,10200118211401A,คณะวิทยาศาสตร์,หลักสูตรวิทยาศาสตรบัณฑิต สาขา เทคโนโลยีนวัตกรรมพลังงานและ สิ่งแวดล้อม,admission (แบบที่ 2),,0,20,158,20,54.8989,46.7314
มหาวิทยาลัยนเรศวร,วิทยาเขตหลัก,10200118212701A,คณะวิทยาศาสตร์,หลักสูตรวิทยาศาสตรบัณฑิต สาขาวิชา ฟิสิกส์,admission (แบบที่ 1),,0,60,112,41,48.6055,30.7475
มหาวิทยาลัยนเรศวร,วิทยาเขตหลัก,10200118212702A,คณะวิทยาศาสตร์,หลักสูตรวิทยาศาสตรบัณฑิต สาขาวิชา ฟิสิกส์ประยุกต์,admission (แบบที่ 1),,0,70,161,60,51.3675,34.0300
มหาวิทยาลัยนเรศวร,วิทยาเขตหลัก,10200118213301A,คณะวิทยาศาสตร์,หลักสูตรวิทยาศาสตรบัณฑิต สาขาวิชาสถิติ,admission (แบบที่ 1),,0,30,127,30,47.1848,31.9944
มหาวิทยาลัยนเรศวร,วิทยาเขตหลัก,10200118213501A,คณะวิทยาศาสตร์,หลักสูตรวิทยาศาสตรบัณฑิต สาขา เทคโนโลยีการวัดและระบบอัจฉริยะ,admission (แบบที่ 1),,0,40,191,40,53.3979,44.3725
มหาวิทยาลัยนเรศวร,วิทยาเขตหลัก,10200118213501A,คณะวิทยาศาสตร์,หลักสูตรวิทยาศาสตรบัณฑิต สาขา เทคโนโลยีการวัดและระบบอัจฉริยะ,admission (แบบที่ 2),,0,20,133,20,56.7077,47.2256
มหาวิทยาลัยนเรศวร,วิทยาเขตหลัก,10200118220101A,คณะวิทยาศาสตร์,หลักสูตรวิทยาศาสตรบัณฑิต สาขาวิชา เทคโนโลยีสารสนเทศ,admission (แบบที่ 1),,0,40,317,40,59.5830,48.6525
มหาวิทยาลัยนเรศวร,วิทยาเขตหลัก,10200118220201A,คณะวิทยาศาสตร์,หลักสูตรวิทยาศาสตรบัณฑิต สาขาวิชา วิทยาการคอมพิวเตอร์,admission (แบบที่ 1),,0,45,227,45,53.7666,43.9081
มหาวิทยาลัยนเรศวร,วิทยาเขตหลัก,10200118220201A,คณะวิทยาศาสตร์,หลักสูตรวิทยาศาสตรบัณฑิต สาขาวิชา วิทยาการคอมพิวเตอร์,admission (แบบที่ 2),,0,5,76,5,59.2616,52.9431
มหาวิทยาลัยนเรศวร,วิทยาเขตหลัก,10200118220301A,คณะวิทยาศาสตร์,หลักสูตรวิทยาศาสตรบัณฑิต สาขา วิทยาการข้อมูลและการวิเคราะห์,admission (แบบที่ 1),,0,20,105,20,47.7339,39.0130
มหาวิทยาลัยนเรศวร,วิทยาเขตหลัก,10200119111201A,คณะวิทยาศาสตร์การแพทย์,หลักสูตรวิทยาศาสตรบัณฑิต สาขาวิชา พยาธิวิทยากายวิภาค,admission (แบบที่ 1),,0,30,525,30,64.4982,58.2248
มหาวิทยาลัยนเรศวร,วิทยาเขตหลัก,10200119112101A,คณะวิทยาศาสตร์การแพทย์,หลักสูตรวิทยาศาสตรบัณฑิต สาขาวิชา วิทยาศาสตร์การแพทย์,admission (แบบที่ 1),,0,50,"1,106",50,62.0931,53.0733
มหาวิทยาลัยนเรศวร,วิทยาเขตหลัก,10200119112101A,คณะวิทยาศาสตร์การแพทย์,หลักสูตรวิทยาศาสตรบัณฑิต สาขาวิชา วิทยาศาสตร์การแพทย์,admission (แบบที่ 1),วิทยาศาสตร์การแพทย์(ตีรต่อเนื่องโท),0,40,496,40,61.1450,52.2482
มหาวิทยาลัยนเรศวร,วิทยาเขตหลัก,10200119210501A,คณะวิทยาศาสตร์การแพทย์,หลักสูตรวิทยาศาสตรบัณฑิต สาขาวิชาจุล ชีววิทยา,admission (แบบที่ 1),,0,60,673,60,59.4316,50.4848
มหาวิทยาลัยนเรศวร,วิทยาเขตหลัก,10200119210601A,คณะวิทยาศาสตร์การแพทย์,หลักสูตรวิทยาศาสตรบัณฑิต สาขาวิชา ชีวเคมีและชีววิทยาโมเลกุล,admission (แบบที่ 1),,0,50,470,50,63.2848,49.7033
มหาวิทยาลัยนเรศวร,วิทยาเขตหลัก,10200120300501A,คณะวิศวกรรมศาสตร์,หลักสูตรวิศวกรรมศาสตรบัณฑิต สาขาวิชาวิศวกรรมคอมพิวเตอร์,admission (แบบที่ 1),,0,60,686,60,56.2416,48.1136
มหาวิทยาลัยนเรศวร,วิทยาเขตหลัก,10200120300601A,คณะวิศวกรรมศาสตร์,หลักสูตรวิศวกรรมศาสตรบัณฑิต สาขาวิชาวิศวกรรมเคมี,admission (แบบที่ 1),,0,40,414,40,50.1444,44.5580
มหาวิทยาลัยนเรศวร,วิทยาเขตหลัก,10200120300701A,คณะวิศวกรรมศาสตร์,หลักสูตรวิศวกรรมศาสตรบัณฑิต สาขาวิชาวิศวกรรมเครื่องกล,admission (แบบที่ 1),,0,75,697,75,51.9860,44.7136
มหาวิทยาลัยนเรศวร,วิทยาเขตหลัก,10200120301601A,คณะวิศวกรรมศาสตร์,หลักสูตรวิศวกรรมศาสตรบัณฑิต สาขาวิชาวิศวกรรมไฟฟ้า,admission (แบบที่ 1),วิชาเอกวิศวกรรมไฟฟ้ากำลัง,0,60,684,60,55.6360,46.5136
มหาวิทยาลัยนเรศวร,วิทยาเขตหลัก,10200120301601A,คณะวิศวกรรมศาสตร์,หลักสูตรวิศวกรรมศาสตรบัณฑิต สาขาวิชาวิศวกรรมไฟฟ้า,admission (แบบที่ 1),วิชาเอกวิศวกรรมไฟฟ้าสื่อสาร,0,20,330,20,51.4692,45.1026
มหาวิทยาลัยนเรศวร,วิทยาเขตหลัก,10200120302101A,คณะวิศวกรรมศาสตร์,หลักสูตรวิศวกรรมศาสตรบัณฑิต สาขาวิชาวิศวกรรมโยธา,admission (แบบที่ 1),,0,50,838,51,53.7832,46.4886
มหาวิทยาลัยนเรศวร,วิทยาเขตหลัก,10200120302501A,คณะวิศวกรรมศาสตร์,หลักสูตรวิศวกรรมศาสตรบัณฑิต สาขาวิชาวิศวกรรมวัสดุ,admission (แบบที่ 1),,0,40,374,40,46.5332,41.8246
มหาวิทยาลัยนเรศวร,วิทยาเขตหลัก,10200120302801A,คณะวิศวกรรมศาสตร์,หลักสูตรวิศวกรรมศาสตรบัณฑิต สาขาวิชาวิศวกรรมสิ่งแวดล้อม,admission (แบบที่ 1),,0,40,439,40,50.7026,43.0636
มหาวิทยาลัยนเรศวร,วิทยาเขตหลัก,10200120303501A,คณะวิศวกรรมศาสตร์,หลักสูตรวิศวกรรมศาสตรบัณฑิต สาขาวิชาวิศวกรรมอุตสาหการ,admission (แบบที่ 1),,0,60,630,60,50.6470,44.0026
มหาวิทยาลัยนเรศวร,วิทยาเขตหลัก,10200120303601A,คณะวิศวกรรมศาสตร์,หลักสูตรวิศวกรรมศาสตรบัณฑิต สาขาวิชาวิศวกรรมนวัตกรรมอัจฉริยะ (หลักสูตรภาษาอังกฤษ),admission (แบบที่ 1),,0,30,71,30,44.5718,28.8276
มหาวิทยาลัยนเรศวร,วิทยาเขตหลัก,10200121701501A,คณะศึกษาศาสตร์,หลักสูตรศิลปศาสตรบัณฑิต สาขาวิชา เทคโนโลยีดิจิทัลและนวัตกรรมเพื่อการ เรียนรู้,admission (แบบที่ 1),,0,39,140,39,67.6579,52.3332
มหาวิทยาลัยนเรศวร,วิทยาเขตหลัก,10200121703501A,คณะศึกษาศาสตร์,หลักสูตรการศึกษาบัณฑิต สาขาวิชา การศึกษา (4 ปี),admission (แบบที่ 1),วิชาเอกประถมศึกษา,0,21,527,21,69.5216,64.4632
มหาวิทยาลัยนเรศวร,วิทยาเขตหลัก,10200121703501A,คณะศึกษาศาสตร์,หลักสูตรการศึกษาบัณฑิต สาขาวิชา การศึกษา (4 ปี),admission (แบบที่ 1),วิชาเอกปฐมวยั,0,12,697,12,74.0944,71.7276
มหาวิทยาลัยนเรศวร,วิทยาเขตหลัก,10200121703501A,คณะศึกษาศาสตร์,หลักสูตรการศึกษาบัณฑิต สาขาวิชา การศึกษา (4 ปี),admission (แบบที่ 1),วิชาเอกคอมพิวเตอร์,0,26,288,26,72.1250,65.2135
มหาวิทยาลัยนเรศวร,วิทยาเขตหลัก,10200121703501A,คณะศึกษาศาสตร์,หลักสูตรการศึกษาบัณฑิต สาขาวิชา การศึกษา (4 ปี),admission (แบบที่ 1),วิชาเอกวิทยาศาสตร์,0,33,307,33,71.9933,62.2516
มหาวิทยาลัยนเรศวร,วิทยาเขตหลัก,10200121703501A,คณะศึกษาศาสตร์,หลักสูตรการศึกษาบัณฑิต สาขาวิชา การศึกษา (4 ปี),admission (แบบที่ 1),วิชาเอกภาษาอังกฤษ,0,32,471,32,76.7415,69.9081
มหาวิทยาลัยนเรศวร,วิทยาเขตหลัก,10200121703501A,คณะศึกษาศาสตร์,หลักสูตรการศึกษาบัณฑิต สาขาวิชา การศึกษา (4 ปี),admission (แบบที่ 1),วิชาเอกภาษาไทย,0,29,659,29,72.7875,68.5222
มหาวิทยาลัยนเรศวร,วิทยาเขตหลัก,10200121703501A,คณะศึกษาศาสตร์,หลักสูตรการศึกษาบัณฑิต สาขาวิชา การศึกษา (4 ปี),admission (แบบที่ 1),วิชาเอกพละศึกษาและวิทยาศาสตร์การออกกำลัง กาย,0,27,437,28,74.2081,68.6916
มหาวิทยาลัยนเรศวร,วิทยาเขตหลัก,10200121703501A,คณะศึกษาศาสตร์,หลักสูตรการศึกษาบัณฑิต สาขาวิชา การศึกษา (4 ปี),admission (แบบที่ 1),วิชาเอกคณิตศาสตร์,0,34,401,34,66.5832,56.5416
มหาวิทยาลัยนเรศวร,วิทยาเขตหลัก,10200121703501A,คณะศึกษาศาสตร์,หลักสูตรการศึกษาบัณฑิต สาขาวิชา การศึกษา (4 ปี),admission (แบบที่ 1),วิชาเอกศิลปศึกษา,0,8,176,8,71.0360,65.1135
มหาวิทยาลัยนเรศวร,วิทยาเขตหลัก,10200122213101A,คณะสถาปัตยกรรมศาสตร์,หลักสูตรวิทยาศาสตรบัณฑิต สาขาวิชา เทคโนโลยีสถาปัตยกรรม,admission (แบบที่ 1),,0,18,158,18,63.4083,57.6581
มหาวิทยาลัยนเรศวร,วิทยาเขตหลัก,10200122400501A,คณะสถาปัตยกรรมศาสตร์,หลักสูตรสถาปัตยกรรมศาสตรบัณฑิต,admission (แบบที่ 1),,0,40,400,40,69.4664,58.4444
มหาวิทยาลัยนเรศวร,วิทยาเขตหลัก,10200122800101A,คณะสถาปัตยกรรมศาสตร์,หลักสูตรศิลปกรรมศาตรบัณฑิต สาขาวิชา ออกแบบผลิตภัณฑ์และบรรจุภัณฑ์,admission (แบบที่ 1),,0,35,121,35,55.7746,43.5495
มหาวิทยาลัยนเรศวร,วิทยาเขตหลัก,10200122800102A,คณะสถาปัตยกรรมศาสตร์,หลักสูตรศิลปกรรมศาสตรบัณฑิต สาขาวิชาการออกแบบสื่อนวัตกรรม,admission (แบบที่ 1),,0,20,115,20,65.9412,49.9416
มหาวิทยาลัยนเรศวร,วิทยาเขตหลัก,10200122800301A,คณะสถาปัตยกรรมศาสตร์,หลักสูตรศิลปกรรมศาสตรบัณฑิต สาขาวิชาทัศนศิลป์,admission (แบบที่ 1),,0,20,102,20,59.8246,45.0498
มหาวิทยาลัยนเรศวร,วิทยาเขตหลัก,10200123110101A,คณะสหเวชศาสตร์,หลักสูตรวิทยาศาสตรบัณฑิต สาขาวิชา กายภาพบำบัด,admission (แบบที่ 1),,0,40,256,40,60.6888,54.9194
มหาวิทยาลัยนเรศวร,วิทยาเขตหลัก,10200123111301A,คณะสหเวชศาสตร์,หลักสูตรวิทยาศาสตรบัณฑิต สาขาวิชา เทคนิคการแพทย์,admission (แบบที่ 1),,0,35,"1,548",35,63.0176,51.6750
มหาวิทยาลัยนเรศวร,วิทยาเขตหลัก,10200123111302A,คณะสหเวชศาสตร์,หลักสูตรทัศนมาตรศาสตรบัณฑิต,admission (แบบที่ 1),,0,15,80,15,52.4510,48.4122
มหาวิทยาลัยนเรศวร,วิทยาเขตหลัก,10200123111501A,คณะสหเวชศาสตร์,หลักสูตรวิทยาศาสตรบัณฑิต สาขาวิชา เทคโนโลยีหัวใจและทรวงอก,admission (แบบที่ 1),,0,35,262,35,61.9838,52.4138
มหาวิทยาลัยนเรศวร,วิทยาเขตหลัก,10200123111901A,คณะสหเวชศาสตร์,หลักสูตรวิทยาศาสตรบัณฑิต สาขาวิชารังีสเทคนิค,admission (แบบที่ 1),,0,40,399,41,59.3749,51.3998
มหาวิทยาลัยนเรศวร,วิทยาเขตหลัก,10200124900001A,คณะสังคมศาสตร์,หลักสูตรศิลปศาสตรบัณฑิต สาขาวิชา ประชาคมโลกศึกษา (หลักสูตรสองภาษา),admission (แบบที่ 1),,0,50,200,50,64.9580,46.3330
มหาวิทยาลัยนเรศวร,วิทยาเขตหลัก,10200124900701A,คณะสังคมศาสตร์,หลักสูตรวิทยาศาสตรบัณฑิต สาขาวิชา จิตวิทยา,admission (แบบที่ 1),,0,45,"1,273",45,80.6164,70.8716
มหาวิทยาลัยนเรศวร,วิทยาเขตหลัก,10200124901401A,คณะสังคมศาสตร์,หลักสูตรศิลปศาสตรบัณฑิต สาขาวิชา ประวัติศาสตร์,admission (แบบที่ 1),,0,120,477,120,62.3914,50.1664
มหาวิทยาลัยนเรศวร,วิทยาเขตหลัก,10200124903201A,คณะสังคมศาสตร์,หลักสูตรรัฐศาสตรบัณฑิต,admission (แบบที่ 1),,0,100,"1,296",100,69.0664,61.0052
มหาวิทยาลัยนเรศวร,วิทยาเขตหลัก,10200124903501A,คณะสังคมศาสตร์,หลักสูตรศิลปศาสตรบัณฑิต สาขาวิชา พัฒนาสังคม,admission (แบบที่ 1),,0,45,501,45,72.7250,59.4000
มหาวิทยาลัยนเรศวร,วิทยาเขตหลัก,10200125110401A,คณะสาธารณสุขศาสตร์,หลักสูตรสาธารณสุขศาสตรบัณฑิต สาขาวิชาการดูแลและการจัดการสุขภาพ ผู้สูงอายุ,admission (แบบที่ 1),,0,40,409,40,37.9650,30.2900
มหาวิทยาลัยนเรศวร,วิทยาเขตหลัก,10200125110801A,คณะสาธารณสุขศาสตร์,หลักสูตรการแพทย์แผนไทยประยุกต์บัณฑิต,admission (แบบที่ 1),,0,20,221,20,54.0844,46.0355
มหาวิทยาลัยนเรศวร,วิทยาเขตหลัก,10200125112701A,คณะสาธารณสุขศาสตร์,หลักสูตรสาธารณสุขศาสตรบัณฑิต สาขาวิชาอนามัยชุมชน,admission (แบบที่ 1),,0,20,695,20,43.7500,34.3875
มหาวิทยาลัยนเรศวร,วิทยาเขตหลัก,10200125112702A,คณะสาธารณสุขศาสตร์,หลักสูตรวิทยาศาสตรบัณฑิต สาขาวิชา อนามัยสิ่งแวดล้อม,admission (แบบที่ 1),,0,60,425,60,34.2125,28.3500
มหาวิทยาลัยนเรศวร,วิทยาเขตหลัก,10200125112703A,คณะสาธารณสุขศาสตร์,หลักสูตรวิทยาศาสตรบัณฑิต สาขาวิชาอา ชีวอนามัยและความปลอดภัย,admission (แบบที่ 1),,0,20,544,20,39.3500,33.5375
มหาวิทยาลัยนเรศวร,วิทยาเขตหลัก,10200126610201E,วิทยาลัยนานาชาติ,หลักสูตรบริหารธุรกิจบัณฑิต สาขาวิชา การจัดการธุรกิจระหวา่ งประเทศ (หลักสูตรนานาชาต)ิ,admission (แบบที่ 1),,0,40,162,40,70.4164,46.2500
มหาวิทยาลัยนเรศวร,วิทยาเขตหลัก,10200126610401E,วิทยาลัยนานาชาติ,หลักสูตรบริหารธุรกิจบัณฑิต สาขาวิชา การจัดการและพัฒนาทรัพยากรมนุษ์ยระหวา่ งประเทศ (หลักสูตรนานาชาต)ิ,admission (แบบที่ 1),,0,30,57,30,59.3662,19.8330
มหาวิทยาลัยนเรศวร,วิทยาเขตหลัก,10200126620101E,วิทยาลัยนานาชาติ,หลักสูตรบริหารธุรกิจบัณฑิต สาขาวิชา การจัดการการอีเวน์ตโรงแรมและการ ท่องเที่ยว (หลักสูตรนานาชาต)ิ,admission (แบบที่ 1),,0,30,125,30,56.8998,39.9828
มหาวิทยาลัยนเรศวร,วิทยาเขตหลัก,10200126900101E,วิทยาลัยนานาชาติ,หลักสูตรศิลปศาสตรบัณฑิต สาขาวิชา ภาษาอังกฤษเพื่อการสื่อสารธุรกิจ (หลักสูตรนานาชาต)ิ,admission (แบบที่ 1),,0,40,176,40,72.9554,50.8331
มหาวิทยาลัยนเรศวร,วิทยาเขตหลัก,10200131210201A,โลจิสติกส์และดิจิทัลซัพพลาย เชน,หลักสูตรวิทยาศาสตรบัณฑิต สาขาวิชาโล จิสติกส์และดิจิทัลซัพพลายเชน,admission (แบบที่ 1),,0,30,311,30,46.2083,40.6583
มหาวิทยาลัยมหาสารคาม,มหาสารคาม,10210101901401A,คณะมนุษยศาสตร์และสังคมศาสตร์,ศศ.บ. ประวัติศาสตร์,รอบที่ 3 Admission รูปแบบที่ 1,,0,20,188,20,62.9160,45.2770
มหาวิทยาลัยมหาสารคาม,มหาสารคาม,10210101901801A,คณะมนุษยศาสตร์และสังคมศาสตร์,ศศ.บ. ภาษาจีน,รอบที่ 3 Admission รูปแบบที่ 1,,0,10,181,10,59.7496,50.0332
มหาวิทยาลัยมหาสารคาม,มหาสารคาม,10210101902001A,คณะมนุษยศาสตร์และสังคมศาสตร์,ศศ.บ. ภาษาไทย,รอบที่ 3 Admission รูปแบบที่ 1,,0,60,347,60,60.8330,47.9160
มหาวิทยาลัยมหาสารคาม,มหาสารคาม,10210101902401A,คณะมนุษยศาสตร์และสังคมศาสตร์,ศศ.บ. ภาษาฝรั่งเศส,รอบที่ 3 Admission รูปแบบที่ 1,,0,15,60,15,56.6660,38.1940
มหาวิทยาลัยมหาสารคาม,มหาสารคาม,10210101902401A,คณะมนุษยศาสตร์และสังคมศาสตร์,ศศ.บ. ภาษาฝรั่งเศส,รอบที่ 3 Admission รูปแบบที่ 2,,0,45,79,24,96.0000,60.2500
มหาวิทยาลัยมหาสารคาม,มหาสารคาม,10210101902501A,คณะมนุษยศาสตร์และสังคมศาสตร์,ศศ.บ. ภาษาอังกฤษ,รอบที่ 3 Admission รูปแบบที่ 1,,0,10,494,10,78.4164,69.7500
มหาวิทยาลัยมหาสารคาม,มหาสารคาม,10210101902502E,คณะมนุษยศาสตร์และสังคมศาสตร์,ศศ.บ. ภาษาอังกฤษเพื่อการสื่อสาร นานาชาติ (หลักสูตรนานาชาต)ิ,รอบที่ 3 Admission รูปแบบที่ 1,,0,10,135,11,66.5000,61.0828
มหาวิทยาลัยมหาสารคาม,มหาสารคาม,10210101902503A,คณะมนุษยศาสตร์และสังคมศาสตร์,ศศ.บ. ภาษาอังกฤษธุรกิจ,รอบที่ 3 Admission รูปแบบที่ 1,,0,10,217,10,71.1664,65.7914
มหาวิทยาลัยมหาสารคาม,มหาสารคาม,10210101902601A,คณะมนุษยศาสตร์และสังคมศาสตร์,ศศ.บ. ภาษาและวัฒนธรรมอาเซียน (เขมร),รอบที่ 3 Admission รูปแบบที่ 1,,0,15,1,1,40.1380,40.1380
มหาวิทยาลัยมหาสารคาม,มหาสารคาม,10210101902601A,คณะมนุษยศาสตร์และสังคมศาสตร์,ศศ.บ. ภาษาและวัฒนธรรมอาเซียน (เขมร),รอบที่ 3 Admission รูปแบบที่ 2,,0,15,6,2,68.2500,52.0000
มหาวิทยาลัยมหาสารคาม,มหาสารคาม,10210101902602A,คณะมนุษยศาสตร์และสังคมศาสตร์,ศศ.บ. ภาษาและวัฒนธรรมอาเซียน (ลาว),รอบที่ 3 Admission รูปแบบที่ 1,,0,15,6,3,50.0000,34.5830
มหาวิทยาลัยมหาสารคาม,มหาสารคาม,10210101902602A,คณะมนุษยศาสตร์และสังคมศาสตร์,ศศ.บ. ภาษาและวัฒนธรรมอาเซียน (ลาว),รอบที่ 3 Admission รูปแบบที่ 2,,0,15,34,11,87.2500,50.5000
มหาวิทยาลัยมหาสารคาม,มหาสารคาม,10210101902603A,คณะมนุษยศาสตร์และสังคมศาสตร์,ศศ.บ. ภาษาและวัฒนธรรมอาเซียน (เวียดนาม),รอบที่ 3 Admission รูปแบบที่ 1,,0,15,17,5,59.8610,40.8330
มหาวิทยาลัยมหาสารคาม,มหาสารคาม,10210101902603A,คณะมนุษยศาสตร์และสังคมศาสตร์,ศศ.บ. ภาษาและวัฒนธรรมอาเซียน (เวียดนาม),รอบที่ 3 Admission รูปแบบที่ 2,,0,15,21,6,89.0000,50.2500
มหาวิทยาลัยมหาสารคาม,มหาสารคาม,10210101902801A,คณะมนุษยศาสตร์และสังคมศาสตร์,ศศ.บ. ภาษาตะวันออก (ภาษาญี่ปุ่น),รอบที่ 3 Admission รูปแบบที่ 1,,0,15,110,15,61.1166,49.4332
มหาวิทยาลัยมหาสารคาม,มหาสารคาม,10210101902802A,คณะมนุษยศาสตร์และสังคมศาสตร์,ศศ.บ. ภาษาตะวันออก (ภาษาเกาหลี),รอบที่ 3 Admission รูปแบบที่ 1,,0,30,82,30,59.0832,37.6832
มหาวิทยาลัยมหาสารคาม,มหาสารคาม,10210101903001A,คณะมนุษยศาสตร์และสังคมศาสตร์,วท.บ. ภูมิศาสตร์,รอบที่ 3 Admission รูปแบบที่ 1,,0,15,30,13,68.3330,29.3050
มหาวิทยาลัยมหาสารคาม,มหาสารคาม,10210101903001A,คณะมนุษยศาสตร์และสังคมศาสตร์,วท.บ. ภูมิศาสตร์,รอบที่ 3 Admission รูปแบบที่ 2,,0,35,156,35,98.5000,74.5000
มหาวิทยาลัยมหาสารคาม,มหาสารคาม,10210101903801A,คณะมนุษยศาสตร์และสังคมศาสตร์,ศศ.บ. การสรา้ งสรรค์คอนเทนต์และนวัตกรรมสื่อดิจิทัล,รอบที่ 3 Admission รูปแบบที่ 1,,0,60,238,60,65.9720,44.3050
มหาวิทยาลัยมหาสารคาม,มหาสารคาม,10210101904201A,คณะมนุษยศาสตร์และสังคมศาสตร์,ศศ.บ. การพัฒนาชุมชนและสังคม,รอบที่ 3 Admission รูปแบบที่ 1,,0,40,196,40,59.5830,39.5830
มหาวิทยาลัยมหาสารคาม,มหาสารคาม,10210102210301A,คณะวิทยาศาสตร์,วท.บ. คณิตศาสตร์,รอบที่ 3 Admission รูปแบบที่ 1,,0,40,95,26,50.8277,26.6385
มหาวิทยาลัยมหาสารคาม,มหาสารคาม,10210102210301A,คณะวิทยาศาสตร์,วท.บ. คณิตศาสตร์,รอบที่ 3 Admission รูปแบบที่ 2,,0,30,164,30,99.8750,86.3750
มหาวิทยาลัยมหาสารคาม,มหาสารคาม,10210102210401A,คณะวิทยาศาสตร์,วท.บ. เคมี,รอบที่ 3 Admission รูปแบบที่ 1,,0,70,156,31,52.5690,14.0275
มหาวิทยาลัยมหาสารคาม,มหาสารคาม,10210102210401A,คณะวิทยาศาสตร์,วท.บ. เคมี,รอบที่ 3 Admission รูปแบบที่ 2,,0,20,250,22,99.5000,92.7500
มหาวิทยาลัยมหาสารคาม,มหาสารคาม,10210102210501A,คณะวิทยาศาสตร์,วท.บ. จุลชีววิทยา,รอบที่ 3 Admission รูปแบบที่ 1,,0,10,165,10,53.0888,47.1218
มหาวิทยาลัยมหาสารคาม,มหาสารคาม,10210102210501A,คณะวิทยาศาสตร์,วท.บ. จุลชีววิทยา,รอบที่ 3 Admission รูปแบบที่ 2,,0,10,294,10,99.7500,96.6250
มหาวิทยาลัยมหาสารคาม,มหาสารคาม,10210102210601A,คณะวิทยาศาสตร์,วท.บ. นวัตกรรมทางชีวเคมี,รอบที่ 3 Admission รูปแบบที่ 1,,0,45,65,21,48.2495,25.8330
มหาวิทยาลัยมหาสารคาม,มหาสารคาม,10210102210601A,คณะวิทยาศาสตร์,วท.บ. นวัตกรรมทางชีวเคมี,รอบที่ 3 Admission รูปแบบที่ 2,,0,15,145,15,98.7500,89.7500
มหาวิทยาลัยมหาสารคาม,มหาสารคาม,10210102210701A,คณะวิทยาศาสตร์,วท.บ. ชีววิทยา,รอบที่ 3 Admission รูปแบบที่ 1,,0,50,240,50,56.9020,37.4715
มหาวิทยาลัยมหาสารคาม,มหาสารคาม,10210102210701A,คณะวิทยาศาสตร์,วท.บ. ชีววิทยา,รอบที่ 3 Admission รูปแบบที่ 2,,0,30,260,30,99.6000,88.9250
มหาวิทยาลัยมหาสารคาม,มหาสารคาม,10210102210702A,คณะวิทยาศาสตร์,วท.บ. พันธุศาสตร์โมเลกุล,รอบที่ 3 Admission รูปแบบที่ 1,,0,20,30,11,52.1665,36.1940
มหาวิทยาลัยมหาสารคาม,มหาสารคาม,10210102210702A,คณะวิทยาศาสตร์,วท.บ. พันธุศาสตร์โมเลกุล,รอบที่ 3 Admission รูปแบบที่ 2,,0,20,75,20,99.1000,79.5750
มหาวิทยาลัยมหาสารคาม,มหาสารคาม,10210102211401A,คณะวิทยาศาสตร์,วท.บ. พลังงานและการควบคุมระบบ อัตโนมัติ,รอบที่ 3 Admission รูปแบบที่ 1,,0,30,50,5,53.3330,35.5550
มหาวิทยาลัยมหาสารคาม,มหาสารคาม,10210102211401A,คณะวิทยาศาสตร์,วท.บ. พลังงานและการควบคุมระบบ อัตโนมัติ,รอบที่ 3 Admission รูปแบบที่ 2,,0,20,93,18,93.0000,39.0000
มหาวิทยาลัยมหาสารคาม,มหาสารคาม,10210102212701A,คณะวิทยาศาสตร์,วท.บ. ฟิสิกส์,รอบที่ 3 Admission รูปแบบที่ 1,,0,30,36,6,45.4720,20.6940
มหาวิทยาลัยมหาสารคาม,มหาสารคาม,10210102212701A,คณะวิทยาศาสตร์,วท.บ. ฟิสิกส์,รอบที่ 3 Admission รูปแบบที่ 2,,0,30,84,19,95.9625,62.1250
มหาวิทยาลัยมหาสารคาม,มหาสารคาม,10210102212702A,คณะวิทยาศาสตร์,วท.บ. ฟิสิกส์ประยุกต์,รอบที่ 3 Admission รูปแบบที่ 1,,0,30,33,6,54.0270,42.2220
มหาวิทยาลัยมหาสารคาม,มหาสารคาม,10210102212702A,คณะวิทยาศาสตร์,วท.บ. ฟิสิกส์ประยุกต์,รอบที่ 3 Admission รูปแบบที่ 2,,0,20,54,14,87.5000,68.2500
มหาวิทยาลัยมหาสารคาม,มหาสารคาม,10210102212703A,คณะวิทยาศาสตร์,วท.บ. ฟิสิก์สและ วท.ม ฟิสิก์ส(หลักสูตร 2 ปริญญา),รอบที่ 3 Admission รูปแบบที่ 1,,0,20,12,1,42.2915,42.2915
มหาวิทยาลัยมหาสารคาม,มหาสารคาม,10210102212704A,คณะวิทยาศาสตร์,วท.บ. ฟิสิก์สและ กศ.ม. หลักสูตรและ การสอน (หลักสูตร 2 ปริญญา),รอบที่ 3 Admission รูปแบบที่ 1,,0,5,18,5,48.2080,41.4855
มหาวิทยาลัยมหาสารคาม,มหาสารคาม,10210102213301A,คณะวิทยาศาสตร์,วท.บ. สถิติ,รอบที่ 3 Admission รูปแบบที่ 1,,0,30,40,6,50.5550,40.1380
มหาวิทยาลัยมหาสารคาม,มหาสารคาม,10210102213301A,คณะวิทยาศาสตร์,วท.บ. สถิติ,รอบที่ 3 Admission รูปแบบที่ 2,,0,30,51,10,97.0000,69.0000
มหาวิทยาลัยมหาสารคาม,มหาสารคาม,10210102701801A,คณะวิทยาศาสตร์,กศ.บ. ฟิสิกส์,รอบที่ 3 Admission รูปแบบที่ 1,,0,20,64,20,57.1314,40.1510
มหาวิทยาลัยมหาสารคาม,มหาสารคาม,10210103300001A,คณะวิศวกรรมศาสตร์,วศ.บ. วิศวกรรมศาสตร์,รอบที่ 3 Admission รูปแบบที่ 1,,0,400,905,400,58.6666,11.3332
มหาวิทยาลัยมหาสารคาม,มหาสารคาม,10210104111701A,คณะพยาบาลศาสตร์,พย.บ. พยาบาลศาสตร์,รอบที่ 3 Admission รูปแบบที่ 1,,0,50,"1,923",50,54.0376,44.8122
มหาวิทยาลัยมหาสารคาม,มหาสารคาม,10210105112001A,คณะศึกษาศาสตร์,วท.บ. วิทยาศาสตร์การกีฬา,รอบที่ 3 Admission รูปแบบที่ 1,,0,15,301,16,57.3610,47.7770
มหาวิทยาลัยมหาสารคาม,มหาสารคาม,10210105113101A,คณะศึกษาศาสตร์,วท.บ. จิตวิทยา,รอบที่ 3 Admission รูปแบบที่ 1,,0,10,590,10,73.4997,64.8677
มหาวิทยาลัยมหาสารคาม,มหาสารคาม,10210105700601A,คณะศึกษาศาสตร์,กศ.บ. การศึกษาปฐมวยั,รอบที่ 3 Admission รูปแบบที่ 1,,0,15,687,15,68.4664,61.0332
มหาวิทยาลัยมหาสารคาม,มหาสารคาม,10210105700801A,คณะศึกษาศาสตร์,กศ.บ. คณิตศาสตร์,รอบที่ 3 Admission รูปแบบที่ 1,,0,25,439,25,65.6666,56.2915
มหาวิทยาลัยมหาสารคาม,มหาสารคาม,10210105701501A,คณะศึกษาศาสตร์,กศ.บ. เทคโนโลยีการศึกษาและ คอมพิวเตอร์ศึกษา,รอบที่ 3 Admission รูปแบบที่ 1,,0,30,212,30,59.0054,46.1554
มหาวิทยาลัยมหาสารคาม,มหาสารคาม,10210105702001A,คณะศึกษาศาสตร์,กศ.บ. การศึกษา (ภาษาอังกฤษ),รอบที่ 3 Admission รูปแบบที่ 1,,0,25,424,25,73.4498,65.7998
มหาวิทยาลัยมหาสารคาม,มหาสารคาม,10210105702002A,คณะศึกษาศาสตร์,กศ.บ. การศึกษา (ภาษาไทย),รอบที่ 3 Admission รูปแบบที่ 1,,0,20,778,20,75.4888,70.7108
มหาวิทยาลัยมหาสารคาม,มหาสารคาม,10210105702701A,คณะศึกษาศาสตร์,กศ.บ. การศึกษา (สังคมศึกษา),รอบที่ 3 Admission รูปแบบที่ 1,,0,33,519,33,66.0440,58.7776
มหาวิทยาลัยมหาสารคาม,มหาสารคาม,10210105702801A,คณะศึกษาศาสตร์,กศ.บ. พลศึกษาและการกีฬา,รอบที่ 3 Admission รูปแบบที่ 1,,0,20,469,20,73.0888,65.2332
มหาวิทยาลัยมหาสารคาม,มหาสารคาม,10210105703801A,คณะศึกษาศาสตร์,กศ.บ. การศึกษา (วิทยาศาสตร์ทั่วไป),รอบที่ 3 Admission รูปแบบที่ 1,,0,40,356,40,69.1414,58.4083
มหาวิทยาลัยมหาสารคาม,มหาสารคาม,10210107130301A,คณะเภสัชศาสตร์,ภ.บ. การบริบาลทางเภสัชกรรม,รอบที่ 3 Admission รูปแบบที่ 1,,0,40,"1,757",40,62.5899,54.1111
มหาวิทยาลัยมหาสารคาม,มหาสารคาม,10210108211001A,คณะเทคโนโลยี,วท.บ. เทคโนโลยีการอาหารและโภชนาการ,รอบที่ 3 Admission รูปแบบที่ 1,,0,20,112,20,51.7915,37.4995
มหาวิทยาลัยมหาสารคาม,มหาสารคาม,10210108211001A,คณะเทคโนโลยี,วท.บ. เทคโนโลยีการอาหารและโภชนาการ,รอบที่ 3 Admission รูปแบบที่ 2,,0,40,234,40,99.9250,78.4625
มหาวิทยาลัยมหาสารคาม,มหาสารคาม,10210108211002A,คณะเทคโนโลยี,วท.บ. พัฒนาผลิตภัณฑ์อาหาร,รอบที่ 3 Admission รูปแบบที่ 1,,0,20,47,12,39.9440,0.0000
มหาวิทยาลัยมหาสารคาม,มหาสารคาม,10210108211002A,คณะเทคโนโลยี,วท.บ. พัฒนาผลิตภัณฑ์อาหาร,รอบที่ 3 Admission รูปแบบที่ 2,,0,80,223,57,96.0000,0.0000
มหาวิทยาลัยมหาสารคาม,มหาสารคาม,10210108211201A,คณะเทคโนโลยี,วท.บ. เทคโนโลยีชีวภาพและอุตสาหกรรม ชีวภาพ,รอบที่ 3 Admission รูปแบบที่ 1,,0,40,29,6,50.6385,30.0275
มหาวิทยาลัยมหาสารคาม,มหาสารคาม,10210108211201A,คณะเทคโนโลยี,วท.บ. เทคโนโลยีชีวภาพและอุตสาหกรรม ชีวภาพ,รอบที่ 3 Admission รูปแบบที่ 2,,0,40,85,26,93.2875,0.0000
มหาวิทยาลัยมหาสารคาม,มหาสารคาม,10210108500601A,คณะเทคโนโลยี,วท.บ. ประมง,รอบที่ 3 Admission รูปแบบที่ 1,,0,60,42,9,40.2826,0.0000
มหาวิทยาลัยมหาสารคาม,มหาสารคาม,10210108500601A,คณะเทคโนโลยี,วท.บ. ประมง,รอบที่ 3 Admission รูปแบบที่ 2,,0,60,104,32,88.2375,0.0000
มหาวิทยาลัยมหาสารคาม,มหาสารคาม,10210108500701A,คณะเทคโนโลยี,วท.บ. เกษตรศาสตร์(วิชาเอกพืชไร่),รอบที่ 3 Admission รูปแบบที่ 1,,0,60,41,9,44.5550,0.0000
มหาวิทยาลัยมหาสารคาม,มหาสารคาม,10210108500801A,คณะเทคโนโลยี,วท.บ. เกษตรศาสตร์(วิชาเอกพืชสวน),รอบที่ 3 Admission รูปแบบที่ 1,,0,60,37,8,39.4025,0.0000
มหาวิทยาลัยมหาสารคาม,มหาสารคาม,10210108501201A,คณะเทคโนโลยี,วท.บ. สัตวศาสตร์,รอบที่ 3 Admission รูปแบบที่ 1,,0,30,193,30,59.3050,42.8055
มหาวิทยาลัยมหาสารคาม,มหาสารคาม,10210109610101A,คณะการบัญชีและการจัดการ,บธ.บ. การบริหารการเงิน,รอบที่ 3 Admission รูปแบบที่ 1,,0,100,281,92,61.6660,0.0000
มหาวิทยาลัยมหาสารคาม,มหาสารคาม,10210109610101A,คณะการบัญชีและการจัดการ,บธ.บ. การบริหารการเงิน,รอบที่ 3 Admission รูปแบบที่ 2,,0,100,488,100,99.0000,80.0000
มหาวิทยาลัยมหาสารคาม,มหาสารคาม,10210109610201A,คณะการบัญชีและการจัดการ,บธ.บ. การจัดการสมัยใหม่,รอบที่ 3 Admission รูปแบบที่ 1,,0,150,312,84,65.8330,0.0000
มหาวิทยาลัยมหาสารคาม,มหาสารคาม,10210109610201A,คณะการบัญชีและการจัดการ,บธ.บ. การจัดการสมัยใหม่,รอบที่ 3 Admission รูปแบบที่ 2,,0,250,504,152,99.0000,0.0000
มหาวิทยาลัยมหาสารคาม,มหาสารคาม,10210109610501A,คณะการบัญชีและการจัดการ,บช.บ. บัญชีบัณฑิต,รอบที่ 3 Admission รูปแบบที่ 1,,0,200,738,202,75.2770,42.6380
มหาวิทยาลัยมหาสารคาม,มหาสารคาม,10210109610501A,คณะการบัญชีและการจัดการ,บช.บ. บัญชีบัณฑิต,รอบที่ 3 Admission รูปแบบที่ 2,,0,300,"1,255",303,######,86.5000
มหาวิทยาลัยมหาสารคาม,มหาสารคาม,10210109610601A,คณะการบัญชีและการจัดการ,บธ.บ. การตลาด,รอบที่ 3 Admission รูปแบบที่ 1,,0,100,315,95,66.1110,0.0000
มหาวิทยาลัยมหาสารคาม,มหาสารคาม,10210109610601A,คณะการบัญชีและการจัดการ,บธ.บ. การตลาด,รอบที่ 3 Admission รูปแบบที่ 2,,0,200,619,199,99.0000,0.0000
มหาวิทยาลัยมหาสารคาม,มหาสารคาม,10210109610701A,คณะการบัญชีและการจัดการ,บธ.บ. คอมพิวเตอร์ธุรกิจ,รอบที่ 3 Admission รูปแบบที่ 1,,0,100,148,38,55.0000,0.0000
มหาวิทยาลัยมหาสารคาม,มหาสารคาม,10210109610701A,คณะการบัญชีและการจัดการ,บธ.บ. คอมพิวเตอร์ธุรกิจ,รอบที่ 3 Admission รูปแบบที่ 2,,0,100,298,89,97.0000,0.0000
มหาวิทยาลัยมหาสารคาม,มหาสารคาม,10210109610801A,คณะการบัญชีและการจัดการ,บธ.บ. การเป็นผู้ประกอบการธุรกิจสมัยใหม่,รอบที่ 3 Admission รูปแบบที่ 1,,0,100,234,74,62.0830,0.0000
มหาวิทยาลัยมหาสารคาม,มหาสารคาม,10210109610801A,คณะการบัญชีและการจัดการ,บธ.บ. การเป็นผู้ประกอบการธุรกิจสมัยใหม่,รอบที่ 3 Admission รูปแบบที่ 2,,0,100,452,101,97.2500,65.0000
มหาวิทยาลัยมหาสารคาม,มหาสารคาม,10210109610801E,คณะการบัญชีและการจัดการ,บธ.บ. ธุรกิจระหวา่ งประเทศ (หลักสูตร นานาชาติ),รอบที่ 3 Admission รูปแบบที่ 1,,0,50,62,20,53.7500,34.8610
มหาวิทยาลัยมหาสารคาม,มหาสารคาม,10210109610801E,คณะการบัญชีและการจัดการ,บธ.บ. ธุรกิจระหวา่ งประเทศ (หลักสูตร นานาชาติ),รอบที่ 3 Admission รูปแบบที่ 2,,0,50,116,35,99.5000,0.0000
มหาวิทยาลัยมหาสารคาม,มหาสารคาม,10210109610901A,คณะการบัญชีและการจัดการ,บธ.บ. ธุรกิจดิจิทัลและระบบสารสนเทศ,รอบที่ 3 Admission รูปแบบที่ 1,,0,100,77,13,64.4440,0.0000
มหาวิทยาลัยมหาสารคาม,มหาสารคาม,10210109610901A,คณะการบัญชีและการจัดการ,บธ.บ. ธุรกิจดิจิทัลและระบบสารสนเทศ,รอบที่ 3 Admission รูปแบบที่ 2,,0,200,151,27,91.5000,0.0000
มหาวิทยาลัยมหาสารคาม,มหาสารคาม,10210109611101A,คณะการบัญชีและการจัดการ,ศ.บ. เศรษฐศาสตร์ธุรกิจ,รอบที่ 3 Admission รูปแบบที่ 1,,0,100,131,31,61.8050,0.0000
มหาวิทยาลัยมหาสารคาม,มหาสารคาม,10210109611101A,คณะการบัญชีและการจัดการ,ศ.บ. เศรษฐศาสตร์ธุรกิจ,รอบที่ 3 Admission รูปแบบที่ 2,,0,200,256,71,99.0000,0.0000
มหาวิทยาลัยมหาสารคาม,มหาสารคาม,10210110620101A,คณะการท่องเที่ยวและการ โรงแรม,ศศ.บ. การจัดการการท่องเที่ยวและบริการ,รอบที่ 3 Admission รูปแบบที่ 1,,0,40,417,40,63.3330,50.0000
มหาวิทยาลัยมหาสารคาม,มหาสารคาม,10210110620101A,คณะการท่องเที่ยวและการ โรงแรม,ศศ.บ. การจัดการการท่องเที่ยวและบริการ,รอบที่ 3 Admission รูปแบบที่ 2,,0,10,585,11,99.7500,96.2500
มหาวิทยาลัยมหาสารคาม,มหาสารคาม,10210110620102A,คณะการท่องเที่ยวและการ โรงแรม,ศศ.บ. การจัดการโรงแรมและบริการ,รอบที่ 3 Admission รูปแบบที่ 1,,0,50,286,50,67.9160,43.3330
มหาวิทยาลัยมหาสารคาม,มหาสารคาม,10210110620102A,คณะการท่องเที่ยวและการ โรงแรม,ศศ.บ. การจัดการโรงแรมและบริการ,รอบที่ 3 Admission รูปแบบที่ 2,,0,20,401,21,98.2500,93.2500
มหาวิทยาลัยมหาสารคาม,มหาสารคาม,10210110620103C,คณะการท่องเที่ยวและการ โรงแรม,ศศ.บ. การจัดการการท่องเที่ยวและ บริการนานาชาติ (หลักสูตรภาษาอังกฤษ),รอบที่ 3 Admission รูปแบบที่ 1,,0,50,62,24,54.3050,0.0000
มหาวิทยาลัยมหาสารคาม,มหาสารคาม,10210110620103C,คณะการท่องเที่ยวและการ โรงแรม,ศศ.บ. การจัดการการท่องเที่ยวและ บริการนานาชาติ (หลักสูตรภาษาอังกฤษ),รอบที่ 3 Admission รูปแบบที่ 2,,0,20,90,20,98.7500,82.0000
มหาวิทยาลัยมหาสารคาม,มหาสารคาม,10210110620104A,คณะการท่องเที่ยวและการ โรงแรม,ศศ.บ. ศิลปะการปรุงอาหารและการ จัดการบริการด้วยไมตรีจิต,รอบที่ 3 Admission รูปแบบที่ 1,,0,10,104,10,58.3330,45.1380
มหาวิทยาลัยมหาสารคาม,มหาสารคาม,10210110620104A,คณะการท่องเที่ยวและการ โรงแรม,ศศ.บ. ศิลปะการปรุงอาหารและการ จัดการบริการด้วยไมตรีจิต,รอบที่ 3 Admission รูปแบบที่ 2,,0,10,207,11,98.5000,92.7500
มหาวิทยาลัยมหาสารคาม,มหาสารคาม,10210111400101A,คณะสถาปัตยกรรมศาสตร์ผัง เมืองและนฤมิตศิลป์,ศป.บ. นวัตกรรมการออกแบบ,รอบที่ 3 Admission รูปแบบที่ 1,,0,5,118,5,58.1940,53.1940
มหาวิทยาลัยมหาสารคาม,มหาสารคาม,10210111400101A,คณะสถาปัตยกรรมศาสตร์ผัง เมืองและนฤมิตศิลป์,ศป.บ. นวัตกรรมการออกแบบ,รอบที่ 3 Admission รูปแบบที่ 2,,0,5,172,5,96.5000,94.2500
มหาวิทยาลัยมหาสารคาม,มหาสารคาม,10210111400102A,คณะสถาปัตยกรรมศาสตร์ผัง เมืองและนฤมิตศิลป์,ศป.บ. นวัตกรรมการออกแบบ และ กศ.ม. เทคโนโลยีสื่อสารการศึกษา (หลักสูตร 2 ปริญญา),รอบที่ 3 Admission รูปแบบที่ 1,,0,5,25,5,51.6660,33.8880
มหาวิทยาลัยมหาสารคาม,มหาสารคาม,10210111400102A,คณะสถาปัตยกรรมศาสตร์ผัง เมืองและนฤมิตศิลป์,ศป.บ. นวัตกรรมการออกแบบ และ กศ.ม. เทคโนโลยีสื่อสารการศึกษา (หลักสูตร 2 ปริญญา),รอบที่ 3 Admission รูปแบบที่ 2,,0,5,68,5,95.2500,91.5000
มหาวิทยาลัยมหาสารคาม,มหาสารคาม,10210111400301A,คณะสถาปัตยกรรมศาสตร์ผัง เมืองและนฤมิตศิลป์,ภ.สถ.บ. ภูมิสถาปัตยกรรม (หลักสูตร 5 ปี),รอบที่ 3 Admission รูปแบบที่ 1,,0,5,73,5,64.8333,56.6249
มหาวิทยาลัยมหาสารคาม,มหาสารคาม,10210111400301A,คณะสถาปัตยกรรมศาสตร์ผัง เมืองและนฤมิตศิลป์,ภ.สถ.บ. ภูมิสถาปัตยกรรม (หลักสูตร 5 ปี),รอบที่ 3 Admission รูปแบบที่ 2,,0,5,151,6,98.5000,95.2500
มหาวิทยาลัยมหาสารคาม,มหาสารคาม,10210111400401A,คณะสถาปัตยกรรมศาสตร์ผัง เมืองและนฤมิตศิลป์,สถ.บ. สถาปัตยกรรมผังเมือง (หลักสูตร 5 ปี),รอบที่ 3 Admission รูปแบบที่ 1,,0,5,58,5,63.6915,57.7498
มหาวิทยาลัยมหาสารคาม,มหาสารคาม,10210111400401A,คณะสถาปัตยกรรมศาสตร์ผัง เมืองและนฤมิตศิลป์,สถ.บ. สถาปัตยกรรมผังเมือง (หลักสูตร 5 ปี),รอบที่ 3 Admission รูปแบบที่ 2,,0,5,84,5,96.5000,91.7500
มหาวิทยาลัยมหาสารคาม,มหาสารคาม,10210111400501A,คณะสถาปัตยกรรมศาสตร์ผัง เมืองและนฤมิตศิลป์,สถ.บ. สถาปัตยกรรม (หลักสูตร 5 ปี),รอบที่ 3 Admission รูปแบบที่ 1,,0,10,122,10,73.4333,61.3999
มหาวิทยาลัยมหาสารคาม,มหาสารคาม,10210111400701A,คณะสถาปัตยกรรมศาสตร์ผัง เมืองและนฤมิตศิลป์,สถ.บ. สถาปัตยกรรมภายใน (หลักสูตร 5 ปี),รอบที่ 3 Admission รูปแบบที่ 1,,0,5,72,5,72.1165,60.3666
มหาวิทยาลัยมหาสารคาม,มหาสารคาม,10210112220101A,คณะวิทยาการสารสนเทศ,วท.บ. เทคโนโลยีสารสนเทศ,รอบที่ 3 Admission รูปแบบที่ 1,,0,15,159,15,66.3880,51.1110
มหาวิทยาลัยมหาสารคาม,มหาสารคาม,10210112220101A,คณะวิทยาการสารสนเทศ,วท.บ. เทคโนโลยีสารสนเทศ,รอบที่ 3 Admission รูปแบบที่ 2,,0,5,169,5,97.2500,93.0000
มหาวิทยาลัยมหาสารคาม,มหาสารคาม,10210112220102A,คณะวิทยาการสารสนเทศ,วท.บ. สื่อนฤมิต,รอบที่ 3 Admission รูปแบบที่ 1,,0,10,169,10,68.0550,54.8610
มหาวิทยาลัยมหาสารคาม,มหาสารคาม,10210112220102A,คณะวิทยาการสารสนเทศ,วท.บ. สื่อนฤมิต,รอบที่ 3 Admission รูปแบบที่ 2,,0,10,234,11,97.7500,94.0000
มหาวิทยาลัยมหาสารคาม,มหาสารคาม,10210112220105A,คณะวิทยาการสารสนเทศ,วท.บ. ภูมิสารสนเทศศาสตร์,รอบที่ 3 Admission รูปแบบที่ 1,,0,40,16,4,47.2220,0.0000
มหาวิทยาลัยมหาสารคาม,มหาสารคาม,10210112220105A,คณะวิทยาการสารสนเทศ,วท.บ. ภูมิสารสนเทศศาสตร์,รอบที่ 3 Admission รูปแบบที่ 2,,0,40,42,15,89.7500,0.0000
มหาวิทยาลัยมหาสารคาม,มหาสารคาม,10210112220201A,คณะวิทยาการสารสนเทศ,วท.บ. วิทยาการคอมพิวเตอร์,รอบที่ 3 Admission รูปแบบที่ 1,,0,10,237,10,72.0830,58.3330
มหาวิทยาลัยมหาสารคาม,มหาสารคาม,10210112220201A,คณะวิทยาการสารสนเทศ,วท.บ. วิทยาการคอมพิวเตอร์,รอบที่ 3 Admission รูปแบบที่ 2,,0,6,229,6,98.7250,96.1750
มหาวิทยาลัยมหาสารคาม,มหาสารคาม,10210112220202E,คณะวิทยาการสารสนเทศ,วท.บ. วิทยาการคอมพิวเตอร์และ เทคโนโลีย(หลักสูตรนานาชาต)ิ,รอบที่ 3 Admission รูปแบบที่ 1,,0,20,11,5,43.2329,0.0000
มหาวิทยาลัยมหาสารคาม,มหาสารคาม,10210112220202E,คณะวิทยาการสารสนเทศ,วท.บ. วิทยาการคอมพิวเตอร์และ เทคโนโลีย(หลักสูตรนานาชาต)ิ,รอบที่ 3 Admission รูปแบบที่ 2,,0,20,25,13,97.5250,32.1250
มหาวิทยาลัยมหาสารคาม,มหาสารคาม,10210112220301A,คณะวิทยาการสารสนเทศ,วท.บ. วิทยาการข้อมูลประยุกต์,รอบที่ 3 Admission รูปแบบที่ 1,,0,40,26,7,61.9440,35.9720
มหาวิทยาลัยมหาสารคาม,มหาสารคาม,10210112220301A,คณะวิทยาการสารสนเทศ,วท.บ. วิทยาการข้อมูลประยุกต์,รอบที่ 3 Admission รูปแบบที่ 2,,0,40,35,17,96.2500,0.0000
มหาวิทยาลัยมหาสารคาม,มหาสารคาม,10210112901101A,คณะวิทยาการสารสนเทศ,นศ.บ. นิเทศศาสตร์,รอบที่ 3 Admission รูปแบบที่ 2,,0,16,"1,185",19,99.2500,96.5000
มหาวิทยาลัยมหาสารคาม,มหาสารคาม,10210112901201A,คณะวิทยาการสารสนเทศ,สท.บ. สารสนเทศศาสตร์,รอบที่ 3 Admission รูปแบบที่ 1,,0,20,20,8,53.8880,0.0000
มหาวิทยาลัยมหาสารคาม,มหาสารคาม,10210112901201A,คณะวิทยาการสารสนเทศ,สท.บ. สารสนเทศศาสตร์,รอบที่ 3 Admission รูปแบบที่ 2,,0,20,66,21,97.7500,76.5000
มหาวิทยาลัยมหาสารคาม,มหาสารคาม,10210113900201A,วิทยาลัยการเมืองการปกครอง,ร.บ. การเมืองการปกครอง,รอบที่ 3 Admission รูปแบบที่ 1,,0,32,226,32,61.1110,48.7500
มหาวิทยาลัยมหาสารคาม,มหาสารคาม,10210113900201A,วิทยาลัยการเมืองการปกครอง,ร.บ. การเมืองการปกครอง,รอบที่ 3 Admission รูปแบบที่ 2,,0,8,359,8,99.2500,95.8125
มหาวิทยาลัยมหาสารคาม,มหาสารคาม,10210113900202A,วิทยาลัยการเมืองการปกครอง,ร.บ. การเมืองการปกครอง และ ร.ม. รัฐศาสตร์(หลักสูตร 2 ปริญญา),รอบที่ 3 Admission รูปแบบที่ 1,,0,1,91,1,64.0270,64.0270
มหาวิทยาลัยมหาสารคาม,มหาสารคาม,10210113903101A,วิทยาลัยการเมืองการปกครอง,ร.บ. รัฐประศาสนศาสตร์,รอบที่ 3 Admission รูปแบบที่ 1,,0,32,281,34,57.3610,48.0550
มหาวิทยาลัยมหาสารคาม,มหาสารคาม,10210113903101A,วิทยาลัยการเมืองการปกครอง,ร.บ. รัฐประศาสนศาสตร์,รอบที่ 3 Admission รูปแบบที่ 2,,0,8,375,8,99.2500,96.0000
มหาวิทยาลัยมหาสารคาม,มหาสารคาม,10210113903102A,วิทยาลัยการเมืองการปกครอง,ร.บ. รัฐประศาสนศาสตร์และ ร.ม. รัฐศาสตร์(หลักสูตร 2 ปริญญา),รอบที่ 3 Admission รูปแบบที่ 1,,0,1,40,1,53.1940,53.1940
มหาวิทยาลัยมหาสารคาม,มหาสารคาม,10210113903201A,วิทยาลัยการเมืองการปกครอง,ร.บ. ความสัมพันธ์ระหวา่ งประเทศ,รอบที่ 3 Admission รูปแบบที่ 1,,0,7,202,7,67.5000,61.9440
มหาวิทยาลัยมหาสารคาม,มหาสารคาม,10210113903201A,วิทยาลัยการเมืองการปกครอง,ร.บ. ความสัมพันธ์ระหวา่ งประเทศ,รอบที่ 3 Admission รูปแบบที่ 2,,0,3,338,3,99.6000,99.4500
มหาวิทยาลัยมหาสารคาม,มหาสารคาม,10210114111801A,คณะสาธารณสุขศาสตร์,วท.บ. โภชนาการและการกำหนดอาหาร,รอบที่ 3 Admission รูปแบบที่ 1,,0,40,233,40,36.0250,27.1125
มหาวิทยาลัยมหาสารคาม,มหาสารคาม,10210114112701A,คณะสาธารณสุขศาสตร์,ส.บ. สาธารณสุขศาสตร์,รอบที่ 3 Admission รูปแบบที่ 1,,0,40,609,40,40.0625,30.8375
มหาวิทยาลัยมหาสารคาม,มหาสารคาม,10210114112702A,คณะสาธารณสุขศาสตร์,วท.บ. อนามัยสิ่งแวดล้อม,รอบที่ 3 Admission รูปแบบที่ 1,,0,40,249,40,31.6750,26.5375
มหาวิทยาลัยมหาสารคาม,มหาสารคาม,10210114112703A,คณะสาธารณสุขศาสตร์,วท.บ. อาชีวอนามัยและความปลอดภัย,รอบที่ 3 Admission รูปแบบที่ 1,,0,40,420,40,37.3875,29.4000
มหาวิทยาลัยมหาสารคาม,มหาสารคาม,10210115110801A,คณะแพทยศาสตร์,พทป.บ. การแพทย์แผนไทยประยุกต์บัณฑิต,รอบที่ 3 Admission รูปแบบที่ 1,,0,60,297,60,55.5877,43.7823
มหาวิทยาลัยมหาสารคาม,มหาสารคาม,10210115111601A,คณะแพทยศาสตร์,วท.บ. ฉุกเฉินการแพทย์,รอบที่ 3 Admission รูปแบบที่ 1,,0,15,578,15,55.9658,51.0032
มหาวิทยาลัยมหาสารคาม,มหาสารคาม,10210117210101A,คณะสิ่งแวดล้อมและทรัพยากรศาสตร์,วท.บ. การจัดการทรัพยากรธรรมชาติและ สิ่งแวดล้อม,รอบที่ 3 Admission รูปแบบที่ 1,,0,75,22,8,49.0662,16.0830
มหาวิทยาลัยมหาสารคาม,มหาสารคาม,10210117210101A,คณะสิ่งแวดล้อมและทรัพยากรศาสตร์,วท.บ. การจัดการทรัพยากรธรรมชาติและ สิ่งแวดล้อม,รอบที่ 3 Admission รูปแบบที่ 2,,0,75,105,26,96.6000,0.0000
มหาวิทยาลัยมหาสารคาม,มหาสารคาม,10210117211901A,คณะสิ่งแวดล้อมและทรัพยากรศาสตร์,วท.บ. เทคโนโลยีสิ่งแวดล้อม,รอบที่ 3 Admission รูปแบบที่ 1,,0,100,13,1,7.4858,7.4858
มหาวิทยาลัยมหาสารคาม,มหาสารคาม,10210117211901A,คณะสิ่งแวดล้อมและทรัพยากรศาสตร์,วท.บ. เทคโนโลยีสิ่งแวดล้อม,รอบที่ 3 Admission รูปแบบที่ 2,,0,100,85,19,94.5500,0.0000
มหาวิทยาลัยมหาสารคาม,มหาสารคาม,10210117703701A,คณะสิ่งแวดล้อมและทรัพยากรศาสตร์,กศ.บ. สิ่งแวดล้อมศึกษาและเกษตรศึกษา,รอบที่ 3 Admission รูปแบบที่ 1,,0,50,56,24,55.4160,0.0000
มหาวิทยาลัยมหาสารคาม,มหาสารคาม,10210117703701A,คณะสิ่งแวดล้อมและทรัพยากรศาสตร์,กศ.บ. สิ่งแวดล้อมศึกษาและเกษตรศึกษา,รอบที่ 3 Admission รูปแบบที่ 2,,0,50,129,51,98.7500,63.7500
มหาวิทยาลัยมหาสารคาม,มหาสารคาม,10210120702501A,วิทยาลัยดุริยางคศิลป์,กศ.บ. ดนตรีศึกษา,รอบที่ 3 Admission รูปแบบที่ 1,,0,10,28,10,51.1388,0.0000
มหาวิทยาลัยมหาสารคาม,มหาสารคาม,10210120702501A,วิทยาลัยดุริยางคศิลป์,กศ.บ. ดนตรีศึกษา,รอบที่ 3 Admission รูปแบบที่ 2,,0,5,70,5,96.2500,86.7500
มหาวิทยาลัยมหาสารคาม,มหาสารคาม,10210120800201A,วิทยาลัยดุริยางคศิลป์,ดศ.บ. ดุริยางคศาสตรบัณฑิต,รอบที่ 3 Admission รูปแบบที่ 1,,0,10,25,10,45.0275,21.1805
มหาวิทยาลัยมหาสารคาม,มหาสารคาม,10210120800201A,วิทยาลัยดุริยางคศิลป์,ดศ.บ. ดุริยางคศาสตรบัณฑิต,รอบที่ 3 Admission รูปแบบที่ 2,,0,5,66,5,97.5000,88.7500
มหาวิทยาลัยมหาสารคาม,มหาสารคาม,10210122140101A,คณะสัตวแพทยศาสตร์,สพ.บ. สัตวแพทยศาสตร์(หลักสูตร 6 ปี),รอบที่ 3 Admission รูปแบบที่ 1,,0,14,763,14,64.9782,61.6633
มหาวิทยาลัยมหาสารคาม,มหาสารคาม,10210122140102A,คณะสัตวแพทยศาสตร์,วท.บ. การพยาบาลสัตว์,รอบที่ 3 Admission รูปแบบที่ 1,,0,80,400,80,55.0814,39.2233
มหาวิทยาลัยมหาสารคาม,มหาสารคาม,10210122140103A,คณะสัตวแพทยศาสตร์,วท.บ. เทคนิคการสัตวแพทย์,รอบที่ 3 Admission รูปแบบที่ 1,,0,100,586,100,60.6083,41.5749
มหาวิทยาลัยมหาสารคาม,มหาสารคาม,10210123901001A,คณะนิติศาสตร์,น.บ. นิติศาสตรบัณฑิต,รอบที่ 3 Admission รูปแบบที่ 1,,0,100,756,102,69.7220,53.6110
มหาวิทยาลัยมหาสารคาม,มหาสารคาม,10210123901001A,คณะนิติศาสตร์,น.บ. นิติศาสตรบัณฑิต,รอบที่ 3 Admission รูปแบบที่ 2,,0,200,"1,455",204,######,90.7500
มหาวิทยาลัยมหาสารคาม,มหาสารคาม,10210124800102A,คณะศิลปกรรมศาสตร์และ วัฒนธรรมศาสตร์,ศป.บ. การออกแบบและพัฒนาผลิตภัณฑ์,รอบที่ 3 Admission รูปแบบที่ 1,,0,20,59,21,57.6380,32.6380
มหาวิทยาลัยมหาสารคาม,มหาสารคาม,10210124800102A,คณะศิลปกรรมศาสตร์และ วัฒนธรรมศาสตร์,ศป.บ. การออกแบบและพัฒนาผลิตภัณฑ์,รอบที่ 3 Admission รูปแบบที่ 2,,0,20,89,20,98.2000,83.4250
มหาวิทยาลัยมหาสารคาม,มหาสารคาม,10210124800301A,คณะศิลปกรรมศาสตร์และ วัฒนธรรมศาสตร์,ศป.บ. ทัศนศิลป์,รอบที่ 3 Admission รูปแบบที่ 1,,0,5,64,5,63.7498,58.1580
มหาวิทยาลัยมหาสารคาม,มหาสารคาม,10210124800301A,คณะศิลปกรรมศาสตร์และ วัฒนธรรมศาสตร์,ศป.บ. ทัศนศิลป์,รอบที่ 3 Admission รูปแบบที่ 2,,0,5,90,5,96.5250,89.6750
มหาวิทยาลัยมหาสารคาม,มหาสารคาม,10210124904001A,คณะศิลปกรรมศาสตร์และ วัฒนธรรมศาสตร์,ศศ.บ. การจัดการวัฒนธรรม,รอบที่ 3 Admission รูปแบบที่ 1,,0,20,23,8,51.5270,0.0000
มหาวิทยาลัยมหาสารคาม,มหาสารคาม,10210124904001A,คณะศิลปกรรมศาสตร์และ วัฒนธรรมศาสตร์,ศศ.บ. การจัดการวัฒนธรรม,รอบที่ 3 Admission รูปแบบที่ 2,,0,20,53,20,97.5000,66.0250
มหาวิทยาลัยทักษิณ,สงขลา,10220101700001A,คณะศึกษาศาสตร์,การศึกษาบัณฑิต สาขาวิชาการศึกษา,โครงการรับตรงร่วมกัน (Admission),วิชาเอกการศึกษาปฐมวยั,0,3,649,3,73.7328,68.4328
มหาวิทยาลัยทักษิณ,สงขลา,10220101700001A,คณะศึกษาศาสตร์,การศึกษาบัณฑิต สาขาวิชาการศึกษา,โครงการรับตรงร่วมกัน (Admission),วิชาเอกการประถมศึกษา,0,2,817,2,75.4666,71.2662
มหาวิทยาลัยทักษิณ,สงขลา,10220101700001A,คณะศึกษาศาสตร์,การศึกษาบัณฑิต สาขาวิชาการศึกษา,โครงการรับตรงร่วมกัน (Admission),วิชาเอกจิตวิทยาการศึกษา และการแนะแนว,0,5,177,5,67.2164,62.9000
มหาวิทยาลัยทักษิณ,สงขลา,10220101700001A,คณะศึกษาศาสตร์,การศึกษาบัณฑิต สาขาวิชาการศึกษา,โครงการรับตรงร่วมกัน (Admission),วิชาเอกเทคโนโลยีและ สื่อสารการศึกษา,0,15,167,15,68.5690,59.0135
มหาวิทยาลัยทักษิณ,สงขลา,10220101700002A,คณะศึกษาศาสตร์,การศึกษาบัณฑิต สาขาวิชาศึกษาศาสตร์,โครงการรับตรงร่วมกัน (Admission),วิชาเอกพลศึกษา,0,4,191,4,63.5970,62.0555
มหาวิทยาลัยทักษิณ,สงขลา,10220101700002A,คณะศึกษาศาสตร์,การศึกษาบัณฑิต สาขาวิชาศึกษาศาสตร์,โครงการรับตรงร่วมกัน (Admission),วิชาเอกสังคมศึกษา,0,3,276,3,69.7166,67.2998
มหาวิทยาลัยทักษิณ,สงขลา,10220101700002A,คณะศึกษาศาสตร์,การศึกษาบัณฑิต สาขาวิชาศึกษาศาสตร์,โครงการรับตรงร่วมกัน (Admission),วิชาเอกภาษาอังกฤษ,0,3,309,3,74.3666,70.6664
มหาวิทยาลัยทักษิณ,สงขลา,10220101700002A,คณะศึกษาศาสตร์,การศึกษาบัณฑิต สาขาวิชาศึกษาศาสตร์,โครงการรับตรงร่วมกัน (Admission),วิชาเอกภาษาไทย,0,6,575,6,73.5415,68.4025
มหาวิทยาลัยทักษิณ,สงขลา,10220101700002A,คณะศึกษาศาสตร์,การศึกษาบัณฑิต สาขาวิชาศึกษาศาสตร์,โครงการรับตรงร่วมกัน (Admission),วิชาเอกศิลปศึกษา,0,3,21,3,58.2000,53.3971
มหาวิทยาลัยทักษิณ,สงขลา,10220101700401A,คณะศึกษาศาสตร์,การศึกษาบัณฑิต สาขาวิชาการวัดและ ประเมินทางการศึกษาและการสอน คณิตศาสตร์,โครงการรับตรงร่วมกัน (Admission),,0,13,39,13,65.8164,45.2664
มหาวิทยาลัยทักษิณ,สงขลา,10220101700801A,คณะศึกษาศาสตร์,การศึกษาบัณฑิต สาขาวิชาคณิตศาสตร์,โครงการรับตรงร่วมกัน (Admission),,0,7,203,7,53.3332,46.4610
มหาวิทยาลัยทักษิณ,สงขลา,10220101702401A,คณะศึกษาศาสตร์,การศึกษาบัณฑิต สาขาวิชาวิทยาศาสต์รและเทคโนโลยี,โครงการรับตรงร่วมกัน (Admission),วิชาเอกเคมี,0,9,71,9,58.8000,50.5385
มหาวิทยาลัยทักษิณ,สงขลา,10220101702401A,คณะศึกษาศาสตร์,การศึกษาบัณฑิต สาขาวิชาวิทยาศาสต์รและเทคโนโลยี,โครงการรับตรงร่วมกัน (Admission),วิชาเอกฟิสิกส์,0,7,61,7,55.1220,52.5109
มหาวิทยาลัยทักษิณ,สงขลา,10220101702401A,คณะศึกษาศาสตร์,การศึกษาบัณฑิต สาขาวิชาวิทยาศาสต์รและเทคโนโลยี,โครงการรับตรงร่วมกัน (Admission),วิชาเอกชีววิทยา,0,8,76,8,64.1274,54.3188
มหาวิทยาลัยทักษิณ,สงขลา,10220103610401A,คณะมนุษยศาสตร์และสังคมศาสตร์,ศิลปศาสตรบัณฑิต สาขาวิชาการจัดการ ทรัพยากรมนุษย์,โครงการรับตรงร่วมกัน (Admission),,0,5,150,5,54.3050,52.3610
มหาวิทยาลัยทักษิณ,สงขลา,10220103901101A,คณะมนุษยศาสตร์และสังคมศาสตร์,นิเทศศาสตรบัณฑิต สาขาวิชาการสื่อสาร การตลาดและสื่อดิจิทัล,โครงการรับตรงร่วมกัน (Admission),วิชาเอกการสื่อสารการตลาด,0,5,170,5,57.0830,53.1940
มหาวิทยาลัยทักษิณ,สงขลา,10220103901101A,คณะมนุษยศาสตร์และสังคมศาสตร์,นิเทศศาสตรบัณฑิต สาขาวิชาการสื่อสาร การตลาดและสื่อดิจิทัล,โครงการรับตรงร่วมกัน (Admission),วิชาเอกสื่อดิจิทัล,0,5,129,6,59.8610,54.1660
มหาวิทยาลัยทักษิณ,สงขลา,10220103901201A,คณะมนุษยศาสตร์และสังคมศาสตร์,ศิลปศาสตรบัณฑิต สาขาวิชาสารสนเทศ ศาสตร์และบรรณารักษศาสตร์,โครงการรับตรงร่วมกัน (Admission),,0,45,82,30,54.8610,26.3880
มหาวิทยาลัยทักษิณ,สงขลา,10220103901401A,คณะมนุษยศาสตร์และสังคมศาสตร์,ศิลปศาสตรบัณฑิต สาขาวิชาประวัติศาสตร์,โครงการรับตรงร่วมกัน (Admission),,0,20,111,20,52.9160,42.6380
มหาวิทยาลัยทักษิณ,สงขลา,10220103901801C,คณะมนุษยศาสตร์และสังคมศาสตร์,ศิลปศาสตรบัณฑิต สาขาวิชาภาษาจีน (หลักสูตรสองภาษา),โครงการรับตรงร่วมกัน (Admission),แผน 1 เรียนที่ประเทศไทย 4 ปี,0,5,73,5,54.1660,51.1110
มหาวิทยาลัยทักษิณ,สงขลา,10220103901801C,คณะมนุษยศาสตร์และสังคมศาสตร์,ศิลปศาสตรบัณฑิต สาขาวิชาภาษาจีน (หลักสูตรสองภาษา),โครงการรับตรงร่วมกัน (Admission),แผน 2 เรียนที่ประเทศไทย 3 ปีและประเทศจีน 1 ปี,0,5,121,5,57.2220,54.1660
มหาวิทยาลัยทักษิณ,สงขลา,10220103901901A,คณะมนุษยศาสตร์และสังคมศาสตร์,ศิลปศาสตรบัณฑิต สาขาวิชาภาษาญี่ปุ่น,โครงการรับตรงร่วมกัน (Admission),,0,20,81,20,60.4160,49.0270
มหาวิทยาลัยทักษิณ,สงขลา,10220103902001A,คณะมนุษยศาสตร์และสังคมศาสตร์,ศิลปศาสตรบัณฑิต สาขาวิชาภาษาไทย,โครงการรับตรงร่วมกัน (Admission),,0,5,171,5,58.8880,52.7770
มหาวิทยาลัยทักษิณ,สงขลา,10220103902301A,คณะมนุษยศาสตร์และสังคมศาสตร์,ศิลปศาสตรบัณฑิต สาขาวิชาภาษามลายู,โครงการรับตรงร่วมกัน (Admission),,0,35,55,22,49.7220,29.1660
มหาวิทยาลัยทักษิณ,สงขลา,10220103902501C,คณะมนุษยศาสตร์และสังคมศาสตร์,ศิลปศาสตรบัณฑิต สาขาวิชาภาษาอังกฤษ (หลักสูตรสองภาษา),โครงการรับตรงร่วมกัน (Admission),วิชาเอกภาษาอังกฤษ,0,10,294,11,68.3330,58.8880
มหาวิทยาลัยทักษิณ,สงขลา,10220103902501C,คณะมนุษยศาสตร์และสังคมศาสตร์,ศิลปศาสตรบัณฑิต สาขาวิชาภาษาอังกฤษ (หลักสูตรสองภาษา),โครงการรับตรงร่วมกัน (Admission),วิชาเอกภาษาอังกฤษเพื่อ การสื่อสารและอาชีพ,0,20,204,20,65.1380,54.4440
มหาวิทยาลัยทักษิณ,สงขลา,10220103902502F,คณะมนุษยศาสตร์และสังคมศาสตร์,ศิลปศาสตรบัณฑิต สาขาวิชาภาษาอังกฤษ และ ศิลปศาสตรบัณฑิต สาขาวิชา ภาษาจีน (หลักสูตรควบสองปริญญา),โครงการรับตรงร่วมกัน (Admission),,0,5,103,5,65.1380,53.0550
มหาวิทยาลัยทักษิณ,สงขลา,10220103903001A,คณะมนุษยศาสตร์และสังคมศาสตร์,วิทยาศาสตรบัณฑิต สาขาวิชาภูมิศาสต์รและภูมิสารสนเทศศาสตร์,โครงการรับตรงร่วมกัน (Admission),,0,25,6,2,36.5220,31.0609
มหาวิทยาลัยทักษิณ,สงขลา,10220103903101A,คณะมนุษยศาสตร์และสังคมศาสตร์,รัฐประศาสนศาสตรบัณฑิต สาขาวิชารัฐประศาสนศาสตร์,โครงการรับตรงร่วมกัน (Admission),วิชาเอกการปกครองท้องถิ่น,0,5,387,5,61.6660,56.5270
มหาวิทยาลัยทักษิณ,สงขลา,10220103903101A,คณะมนุษยศาสตร์และสังคมศาสตร์,รัฐประศาสนศาสตรบัณฑิต สาขาวิชารัฐประศาสนศาสตร์,โครงการรับตรงร่วมกัน (Admission),วิชาเอกการจัดการภาครัฐและกิจการระหวา่ งประเทศ,0,25,201,25,60.5550,46.3880
มหาวิทยาลัยทักษิณ,สงขลา,10220103904201A,คณะมนุษยศาสตร์และสังคมศาสตร์,ศิลปศาสตรบัณฑิต สาขาวิชาการบริหาร และพัฒนาชุมชน,โครงการรับตรงร่วมกัน (Admission),,0,10,178,10,55.4160,45.6940
มหาวิทยาลัยทักษิณ,สงขลา,10220104800101A,คณะศิลปกรรมศาสตร์,การออกแบบบัณฑิต สาขาวิชาศิลปะการ ออกแบบ,โครงการรับตรงร่วมกัน (Admission),วิชาเอกออกแบบกราฟิก,0,5,23,5,52.5827,45.4915
มหาวิทยาลัยทักษิณ,สงขลา,10220104800101A,คณะศิลปกรรมศาสตร์,การออกแบบบัณฑิต สาขาวิชาศิลปะการ ออกแบบ,โครงการรับตรงร่วมกัน (Admission),วิชาเอกออกแบบผลิตภัณฑ์,0,20,15,6,50.6331,30.0583
มหาวิทยาลัยทักษิณ,สงขลา,10220104800102F,คณะศิลปกรรมศาสตร์,การออกแบบบัณฑิต สาขาวิชาศิลปะการ ออกแบบ และ การศึกษามหาบัณฑิต สาขาวิชาเทคโนโลยีและสื่อสารการศึกษา (หลักสูตรควบสองปริญญา),โครงการรับตรงร่วมกัน (Admission),,0,20,6,1,42.9248,42.9248
มหาวิทยาลัยทักษิณ,สงขลา,10220104800201A,คณะศิลปกรรมศาสตร์,ดุริยางคศาสตรบัณฑิต สาขาวิชาดุริยางค ศาสตร์,โครงการรับตรงร่วมกัน (Admission),วิชาเอกดนตรีไทย,0,30,3,0,0.0000,0.0000
มหาวิทยาลัยทักษิณ,สงขลา,10220104800201A,คณะศิลปกรรมศาสตร์,ดุริยางคศาสตรบัณฑิต สาขาวิชาดุริยางค ศาสตร์,โครงการรับตรงร่วมกัน (Admission),วิชาเอกดนตรีสากล,0,5,8,5,60.1743,47.2163
มหาวิทยาลัยทักษิณ,สงขลา,10220104800201A,คณะศิลปกรรมศาสตร์,ดุริยางคศาสตรบัณฑิต สาขาวิชาดุริยางค ศาสตร์,โครงการรับตรงร่วมกัน (Admission),วิชาเอกเทคโนโลยีธุรกิจดนตรี,0,30,3,1,50.4581,50.4581
มหาวิทยาลัยทักษิณ,สงขลา,10220104800301A,คณะศิลปกรรมศาสตร์,ศิลปกรรมศาสตรบัณฑิต สาขาวิชา ทัศนศิลป์,โครงการรับตรงร่วมกัน (Admission),,0,5,28,5,54.7662,43.2076
มหาวิทยาลัยทักษิณ,สงขลา,10220104800401A,คณะศิลปกรรมศาสตร์,ศิลปกรรมศาสตรบัณฑิต สาขาวิชา ศิลปะการแสดง,โครงการรับตรงร่วมกัน (Admission),,0,10,9,1,51.7998,51.7998
มหาวิทยาลัยทักษิณ,สงขลา,10220107610301A,คณะเศรษฐศาสตร์และบริหารธุรกิจ,บริหารธุรกิจบัณฑิต สาขาวิชาการค้า สมัยใหม่และโลจิสติกส์,โครงการรับตรงร่วมกัน (Admission),วิชาเอกการจัดการธุรกิจ ดิจิทัลและนวัตกรรมการตลาด,0,10,53,10,49.4888,29.5888
มหาวิทยาลัยทักษิณ,สงขลา,10220107610301A,คณะเศรษฐศาสตร์และบริหารธุรกิจ,บริหารธุรกิจบัณฑิต สาขาวิชาการค้า สมัยใหม่และโลจิสติกส์,โครงการรับตรงร่วมกัน (Admission),วิชาเอกการจัดการโลจิสติกส์,0,10,60,10,41.6552,33.2664
มหาวิทยาลัยทักษิณ,สงขลา,10220107610501A,คณะเศรษฐศาสตร์และบริหารธุรกิจ,บัญชีบัณฑิต สาขาวิชาการบัญชี,โครงการรับตรงร่วมกัน (Admission),,0,10,123,10,60.8888,47.4552
มหาวิทยาลัยทักษิณ,สงขลา,10220107610502F,คณะเศรษฐศาสตร์และบริหารธุรกิจ,บัญชีบัณฑิต สาขาวิชาการบัญีชและ นิ ติศาสตรบัณฑิต สาขาวิชานิติศาสต์ร(หลักสูตรควบสองปริญญา),โครงการรับตรงร่วมกัน (Admission),,0,10,37,10,48.3552,33.7888
มหาวิทยาลัยทักษิณ,สงขลา,10220107610601A,คณะเศรษฐศาสตร์และบริหารธุรกิจ,บริหารธุรกิจบัณฑิต สาขาวิชานวัตกรรม การตลาด,โครงการรับตรงร่วมกัน (Admission),,0,5,74,5,53.2776,48.4000
มหาวิทยาลัยทักษิณ,สงขลา,10220107610801A,คณะเศรษฐศาสตร์และบริหารธุรกิจ,บริหารธุรกิจบัณฑิต สาขาวิชาการ ประกอบการและการจัดการ,โครงการรับตรงร่วมกัน (Admission),,0,5,54,5,40.9220,36.6776
มหาวิทยาลัยทักษิณ,สงขลา,10220107611101A,คณะเศรษฐศาสตร์และบริหารธุรกิจ,เศรษฐศาสตรบัณฑิต สาขาวิชา เศรษฐศาสตร์,โครงการรับตรงร่วมกัน (Admission),,0,30,61,18,43.1664,25.1776
มหาวิทยาลัยทักษิณ,สงขลา,10220107611102F,คณะเศรษฐศาสตร์และบริหารธุรกิจ,เศรษฐศาสตรบัณฑิต สาขาวิชา เศรษฐศาสตร์และ วิทยาศาสตรบัณฑิต สาขาวิชาวิทยาการคอมพิวเตอร์และ สารสนเทศ (หลักสูตรควบสองปริญญา),โครงการรับตรงร่วมกัน (Admission),,0,30,4,2,49.4552,33.5888
มหาวิทยาลัยทักษิณ,สงขลา,10220108901001A,คณะนิติศาสตร์,นิติศาสตรบัณฑิต สาขาวิชานิติศาสตร์,โครงการรับตรงร่วมกัน (Admission),,0,40,594,40,66.8050,53.7500
มหาวิทยาลัยทักษิณ,สงขลา,10220108901002F,คณะนิติศาสตร์,นิติศาสตรบัณฑิต สาขาวิชานิติศาสต์รและ นิติศาสตรมหาบัณฑิต สาขาวิชา นิติศาสตร์(หลักสูตรควบสองปริญญา),โครงการรับตรงร่วมกัน (Admission),,0,30,119,30,65.8330,46.6660
มหาวิทยาลัยทักษิณ,สงขลา,10220111610201A,วิทยาลัยการจัดการเพื่อการ พัฒนา,การจัดการบัณฑิต สาขาวิชาการจัดการ สมัยใหม่,โครงการรับตรงร่วมกัน (Admission),วิชาเอกการจัดการการ ประกอบการทางสังคม,0,50,120,50,54.4440,32.9160
มหาวิทยาลัยทักษิณ,สงขลา,10220111610201A,วิทยาลัยการจัดการเพื่อการ พัฒนา,การจัดการบัณฑิต สาขาวิชาการจัดการ สมัยใหม่,โครงการรับตรงร่วมกัน (Admission),วิชาเอกการจัดการการ ท่องเที่ยวและไมซ์,0,10,153,10,57.5000,47.0830
มหาวิทยาลัยทักษิณ,สงขลา,10220111610201A,วิทยาลัยการจัดการเพื่อการ พัฒนา,การจัดการบัณฑิต สาขาวิชาการจัดการ สมัยใหม่,โครงการรับตรงร่วมกัน (Admission),วิชาเอกการจัดการโลจิสติกส์,0,10,178,10,54.0270,47.6380
มหาวิทยาลัยทักษิณ,สงขลา,10220111903101A,วิทยาลัยการจัดการเพื่อการ พัฒนา,รัฐประศาสนศาสตรบัณฑิต สาขาวิชาการ บริหารงานตำรวจและกระบวนการยุติธรรม,โครงการรับตรงร่วมกัน (Admission),,0,25,324,26,62.2220,46.5270
มหาวิทยาลัยทักษิณ,สงขลา,10220114610801E,วิทยาลัยนานาชาติ,บริหารธุรกิจบัณฑิต สาขาวิชาบริหารธุรกิจ (หลักสูตรนานาชาต)ิ,โครงการรับตรงร่วมกัน (Admission),วิชาเอกการจัดการธุรกิจ ระหวา่ งประเทศ,0,30,10,3,35.2552,21.6444
มหาวิทยาลัยทักษิณ,สงขลา,10220114610801E,วิทยาลัยนานาชาติ,บริหารธุรกิจบัณฑิต สาขาวิชาบริหารธุรกิจ (หลักสูตรนานาชาต)ิ,โครงการรับตรงร่วมกัน (Admission),วิชาเอกการตลาดดิจิทัล,0,30,1,0,0.0000,0.0000
มหาวิทยาลัยทักษิณ,สงขลา,10220114610801E,วิทยาลัยนานาชาติ,บริหารธุรกิจบัณฑิต สาขาวิชาบริหารธุรกิจ (หลักสูตรนานาชาต)ิ,โครงการรับตรงร่วมกัน (Admission),วิชาเอกธุรกิจและวิทยาการ คอมพิวเตอร์,0,30,4,0,0.0000,0.0000
มหาวิทยาลัยทักษิณ,สงขลา,10220114700001E,วิทยาลัยนานาชาติ,การศึกษาบัณฑิต สาขาวิชาศึกษาศาสต์รวิชาเอกภาษาอังกฤษ (หลักสูตรภาค ภาษาอังกฤษ),โครงการรับตรงร่วมกัน (Admission),,0,3,56,3,76.2330,69.9830
มหาวิทยาลัยทักษิณ,สงขลา,10220114902501E,วิทยาลัยนานาชาติ,ศิลปศาสตรบัณฑิต สาขาวิชาภาษาอังกฤษ (หลักสูตรภาคภาษาอังกฤษ),โครงการรับตรงร่วมกัน (Admission),วิชาเอกภาษาอังกฤษ,0,15,50,16,59.1660,42.6380
มหาวิทยาลัยทักษิณ,สงขลา,10220114902501E,วิทยาลัยนานาชาติ,ศิลปศาสตรบัณฑิต สาขาวิชาภาษาอังกฤษ (หลักสูตรภาคภาษาอังกฤษ),โครงการรับตรงร่วมกัน (Admission),วิชาเอกภาษาอังกฤษเพื่อ การสื่อสารและอาชีพ,0,10,41,10,60.2770,49.5830
มหาวิทยาลัยทักษิณ,พัทลุง,10220201700002A,คณะศึกษาศาสตร์,การศึกษาบัณฑิต สาขาวิชาศึกษาศาสตร์,โครงการรับตรงร่วมกัน (Admission),วิชาเอกพลศึกษา,0,14,147,14,61.4025,57.3885
มหาวิทยาลัยทักษิณ,พัทลุง,10220201700002A,คณะศึกษาศาสตร์,การศึกษาบัณฑิต สาขาวิชาศึกษาศาสตร์,โครงการรับตรงร่วมกัน (Admission),วิชาเอกสังคมศึกษา,0,4,133,4,66.4166,61.0664
มหาวิทยาลัยทักษิณ,พัทลุง,10220201700002A,คณะศึกษาศาสตร์,การศึกษาบัณฑิต สาขาวิชาศึกษาศาสตร์,โครงการรับตรงร่วมกัน (Admission),วิชาเอกภาษาอังกฤษ,0,8,178,8,69.3330,62.6666
มหาวิทยาลัยทักษิณ,พัทลุง,10220201700002A,คณะศึกษาศาสตร์,การศึกษาบัณฑิต สาขาวิชาศึกษาศาสตร์,โครงการรับตรงร่วมกัน (Admission),วิชาเอกภาษาไทย,0,3,220,3,68.0000,65.6110
มหาวิทยาลัยทักษิณ,พัทลุง,10220201700801A,คณะศึกษาศาสตร์,การศึกษาบัณฑิต สาขาวิชาคณิตศาสตร์,โครงการรับตรงร่วมกัน (Admission),,0,22,111,22,42.5776,36.2054
มหาวิทยาลัยทักษิณ,พัทลุง,10220201702401A,คณะศึกษาศาสตร์,การศึกษาบัณฑิต สาขาวิชาวิทยาศาสต์รและเทคโนโลยี,โครงการรับตรงร่วมกัน (Admission),วิชาเอกเคมี,0,20,22,9,55.8329,39.3250
มหาวิทยาลัยทักษิณ,พัทลุง,10220201702401A,คณะศึกษาศาสตร์,การศึกษาบัณฑิต สาขาวิชาวิทยาศาสต์รและเทคโนโลยี,โครงการรับตรงร่วมกัน (Admission),วิชาเอกฟิสิกส์,0,25,7,1,42.9110,42.9110
มหาวิทยาลัยทักษิณ,พัทลุง,10220201702401A,คณะศึกษาศาสตร์,การศึกษาบัณฑิต สาขาวิชาวิทยาศาสต์รและเทคโนโลยี,โครงการรับตรงร่วมกัน (Admission),วิชาเอกวิทยาศาสตร์ทั่วไป,0,11,54,11,54.4914,47.0499
มหาวิทยาลัยทักษิณ,พัทลุง,10220201702401A,คณะศึกษาศาสตร์,การศึกษาบัณฑิต สาขาวิชาวิทยาศาสต์รและเทคโนโลยี,โครงการรับตรงร่วมกัน (Admission),วิชาเอกคอมพิวเตอร์และ วิทยาการคำนวณ,0,19,7,3,43.8999,41.6109
มหาวิทยาลัยทักษิณ,พัทลุง,10220202210301A,คณะวิทยาศาสตร์และนวัตกรรมดิจิทัล,วิทยาศาสตรบัณฑิต สาขาวิชาคณิตศาสต์รและการจัดการข้อมูล,โครงการรับตรงร่วมกัน (Admission),,0,60,4,1,25.3332,25.3332
มหาวิทยาลัยทักษิณ,พัทลุง,10220202210302F,คณะวิทยาศาสตร์และนวัตกรรมดิจิทัล,วิทยาศาสตรบัณฑิต สาขาวิชาคณิตศาสต์รและการจัดการข้อมูล และ วิทยาศาสตร บัณฑิต สาขาวิชาวิทยาการคอมพิวเตอ์รและสารสนเทศ (หลักสูตรควบสองปริญญา),โครงการรับตรงร่วมกัน (Admission),,0,30,2,0,0.0000,0.0000
มหาวิทยาลัยทักษิณ,พัทลุง,10220202210401A,คณะวิทยาศาสตร์และนวัตกรรมดิจิทัล,วิทยาศาสตรบัณฑิต สาขาวิชาเคมี,โครงการรับตรงร่วมกัน (Admission),,0,40,21,4,42.5660,36.6998
มหาวิทยาลัยทักษิณ,พัทลุง,10220202210402F,คณะวิทยาศาสตร์และนวัตกรรมดิจิทัล,วิทยาศาสตรบัณฑิต สาขาวิชาเคีมและ วิทยาศาสตรมหาบัณฑิต สาขาวิชาเคีมและนวัตกรรมเคีม(หลักสูตรควบสอง ปริญญา),โครงการรับตรงร่วมกัน (Admission),,0,30,9,2,35.3444,34.3552
มหาวิทยาลัยทักษิณ,พัทลุง,10220202210701A,คณะวิทยาศาสตร์และนวัตกรรมดิจิทัล,วิทยาศาสตรบัณฑิต สาขาวิชาชีววิทยา ศาสตร์,โครงการรับตรงร่วมกัน (Admission),,0,50,30,11,45.4580,27.1940
มหาวิทยาลัยทักษิณ,พัทลุง,10220202210702F,คณะวิทยาศาสตร์และนวัตกรรมดิจิทัล,วิทยาศาสตรบัณฑิต สาขาวิชาชีววิทยา ศาสตร์และ การจัดการบัณฑิต สาขาวิชา การประกอบการด้วยนวัตกรรม (หลักสูตร ควบสองปริญญา),โครงการรับตรงร่วมกัน (Admission),,0,30,4,1,30.4580,30.4580
มหาวิทยาลัยทักษิณ,พัทลุง,10220202210703F,คณะวิทยาศาสตร์และนวัตกรรมดิจิทัล,วิทยาศาสตรบัณฑิต สาขาวิชาชีววิทยา ศาสตร์และ วิทยาศาสตรมหาบัณฑิต สาขาวิชาเทคโนโลยีชีวภาพ (หลักสูตร ควบสองปริญญา),โครงการรับตรงร่วมกัน (Admission),,0,20,3,2,45.8885,27.2220
มหาวิทยาลัยทักษิณ,พัทลุง,10220202213101A,คณะวิทยาศาสตร์และนวัตกรรมดิจิทัล,วิทยาศาสตรบัณฑิต สาขาวิชา วิทยาศาสตร์สิ่งแวดล้อม,โครงการรับตรงร่วมกัน (Admission),,0,30,7,1,46.0886,46.0886
มหาวิทยาลัยทักษิณ,พัทลุง,10220202220201A,คณะวิทยาศาสตร์และนวัตกรรมดิจิทัล,วิทยาศาสตรบัณฑิต สาขาวิชาวิทยาการ คอมพิวเตอร์และสารสนเทศ,โครงการรับตรงร่วมกัน (Admission),,0,40,33,5,56.9189,33.6080
มหาวิทยาลัยทักษิณ,พัทลุง,10220202220202F,คณะวิทยาศาสตร์และนวัตกรรมดิจิทัล,วิทยาศาสตรบัณฑิต สาขาวิชาวิทยาการ คอมพิวเตอร์และสารสนเทศ และการจัดการบัณฑิต สาขาวิชาการประกอบการ ด้วยนวัตกรรม (หลักสูตรควบสองปริญญา),โครงการรับตรงร่วมกัน (Admission),,0,30,4,0,0.0000,0.0000
มหาวิทยาลัยทักษิณ,พัทลุง,10220205110701A,คณะวิทยาการสุขภาพและ การกีฬา,การแพทย์แผนไทยบัณฑิต,โครงการรับตรงร่วมกัน (Admission),,0,5,191,5,48.5264,45.5866
มหาวิทยาลัยทักษิณ,พัทลุง,10220205112001A,คณะวิทยาการสุขภาพและ การกีฬา,วิทยาศาสตรบัณฑิต สาขาวิชา วิทยาศาสตร์การกีฬาและการออกกำลังกาย,โครงการรับตรงร่วมกัน (Admission),,0,10,29,8,34.7152,25.0264
มหาวิทยาลัยทักษิณ,พัทลุง,10220205112002F,คณะวิทยาการสุขภาพและ การกีฬา,วิทยาศาสตรบัณฑิต สาขาวิชา วิทยาศาสตร์การกีฬาและการออกกำลัง กาย และ การจัดการบัณฑิต สาขาวิชา การประกอบการด้วยนวัตกรรม (หลักสูตร ควบสองปริญญา),โครงการรับตรงร่วมกัน (Admission),,0,40,4,0,0.0000,0.0000
มหาวิทยาลัยทักษิณ,พัทลุง,10220205112501A,คณะวิทยาการสุขภาพและ การกีฬา,วิทยาศาสตรบัณฑิต สาขาวิชาบูรณาการ การจัดการสุขภาพและเวลเนส,โครงการรับตรงร่วมกัน (Admission),,0,50,1,0,0.0000,0.0000
มหาวิทยาลัยทักษิณ,พัทลุง,10220205112502F,คณะวิทยาการสุขภาพและ การกีฬา,วิทยาศาสตรบัณฑิต สาขาวิชาบูรณาการ การจัดการสุขภาพและเวลเนส และการจัดการบัณฑิต สาขาวิชาการประกอบการ ด้วยนวัตกรรม (หลักสูตรควบสองปริญญา),โครงการรับตรงร่วมกัน (Admission),,0,40,0,0,0.0000,0.0000
มหาวิทยาลัยทักษิณ,พัทลุง,10220205112701A,คณะวิทยาการสุขภาพและ การกีฬา,วิทยาศาสตรบัณฑิต สาขาวิชาอาชีวอนา มัยและความปลอดภัย,โครงการรับตรงร่วมกัน (Admission),,0,10,131,10,38.5000,27.4750
มหาวิทยาลัยทักษิณ,พัทลุง,10220205112702A,คณะวิทยาการสุขภาพและ การกีฬา,สาธารณสุขศาสตรบัณฑิต สาขาวิชา สาธารณสุขชุมชน,โครงการรับตรงร่วมกัน (Admission),,0,5,185,5,34.1100,31.3650
มหาวิทยาลัยทักษิณ,พัทลุง,10220206500201A,คณะเทคโนโลยีและการ พัฒนาชุมชน,วิทยาศาสตรบัณฑิต สาขาวิชาส่งเสริมการเกษตรและพัฒนาชุมชน,โครงการรับตรงร่วมกัน (Admission),,0,10,3,2,31.3745,27.0965
มหาวิทยาลัยทักษิณ,พัทลุง,10220206500202A,คณะเทคโนโลยีและการ พัฒนาชุมชน,วิทยาศาสตรบัณฑิต สาขาวิชา เกษตรศาสตร์สมัยใหม่,โครงการรับตรงร่วมกัน (Admission),,0,50,0,0,0.0000,0.0000
มหาวิทยาลัยทักษิณ,พัทลุง,10220206500203F,คณะเทคโนโลยีและการ พัฒนาชุมชน,วิทยาศาสตรบัณฑิต สาขาวิชา เกษตรศาสตร์สมัยให่มและ การจัดการ บัณฑิต สาขาวิชาการประกอบการด้วย นวัตกรรม (หลักสูตรควบสองปริญญา),โครงการรับตรงร่วมกัน (Admission),,0,40,0,0,0.0000,0.0000
มหาวิทยาลัยทักษิณ,พัทลุง,10220206500204F,คณะเทคโนโลยีและการ พัฒนาชุมชน,วิทยาศาสตรบัณฑิต สาขาวิชา เกษตรศาสตร์สมัยให่มและบริหารธุรกิจ บัณฑิต สาขาวิชาการค้าสมัยใหม่และโลิจสติก์ส(หลักสูตรควบสองปริญญา),โครงการรับตรงร่วมกัน (Admission),,0,40,3,2,31.8610,30.6525
มหาวิทยาลัยทักษิณ,พัทลุง,10220206501201A,คณะเทคโนโลยีและการ พัฒนาชุมชน,วิทยาศาสตรบัณฑิต สาขาวิชาสัตวศาสตร์,โครงการรับตรงร่วมกัน (Admission),,0,10,10,2,40.8055,38.4720
มหาวิทยาลัยทักษิณ,พัทลุง,10220208901001A,คณะนิติศาสตร์,นิติศาสตรบัณฑิต สาขาวิชานิติศาสตร์,โครงการรับตรงร่วมกัน (Admission),,0,15,158,15,58.1940,50.9720
มหาวิทยาลัยทักษิณ,พัทลุง,10220208901002F,คณะนิติศาสตร์,นิติศาสตรบัณฑิต สาขาวิชานิติศาสต์รและ รัฐศาสตรบัณฑิต สาขาวิชารัฐศาสต์ร(หลักสูตรควบสองปริญญา),โครงการรับตรงร่วมกัน (Admission),,0,40,55,28,59.3050,31.8050
มหาวิทยาลัยทักษิณ,พัทลุง,10220208901003F,คณะนิติศาสตร์,นิติศาสตรบัณฑิต สาขาวิชานิติศาสต์รและ การจัดการบัณฑิต สาขาวิชาการ ประกอบการด้วยนวัตกรรม (หลักสูตรควบ สองปริญญา),โครงการรับตรงร่วมกัน (Admission),,0,40,8,5,44.8610,26.3880
มหาวิทยาลัยทักษิณ,พัทลุง,10220209300701A,คณะวิศวกรรมศาสตร์,วิศวกรรมศาสตรบัณฑิต สาขาวิชา วิศวกรรมเครื่องกล,โครงการรับตรงร่วมกัน (Admission),,0,10,63,10,53.6494,45.2498
มหาวิทยาลัยทักษิณ,พัทลุง,10220209301601A,คณะวิศวกรรมศาสตร์,วิศวกรรมศาสตรบัณฑิต สาขาวิชา วิศวกรรมไฟฟ้า,โครงการรับตรงร่วมกัน (Admission),,0,5,67,5,56.9164,50.1828
มหาวิทยาลัยทักษิณ,พัทลุง,10220209302401A,คณะวิศวกรรมศาสตร์,วิศวกรรมศาสตรบัณฑิต สาขาวิชา วิศวกรรมโลจิสติกส์,โครงการรับตรงร่วมกัน (Admission),,0,40,30,6,43.6166,34.4000
มหาวิทยาลัยทักษิณ,พัทลุง,10220209302402F,คณะวิศวกรรมศาสตร์,วิศวกรรมศาสตรบัณฑิต สาขาวิชา วิศวกรรมโลจิสติก์สและ การจัดการ บัณฑิต สาขาวิชาการประกอบการด้วย นวัตกรรม (หลักสูตรควบสองปริญญา),โครงการรับตรงร่วมกัน (Admission),,0,40,14,3,40.7662,34.5494
มหาวิทยาลัยทักษิณ,พัทลุง,10220209302501A,คณะวิศวกรรมศาสตร์,วิศวกรรมศาสตรบัณฑิต สาขาวิชา วิศวกรรมยาง พอลิเมอร์และปิโตรเคมี,โครงการรับตรงร่วมกัน (Admission),วิชาเอกวิศวกรรมยาง,0,10,5,1,40.2998,40.2998
มหาวิทยาลัยทักษิณ,พัทลุง,10220209302501A,คณะวิศวกรรมศาสตร์,วิศวกรรมศาสตรบัณฑิต สาขาวิชา วิศวกรรมยาง พอลิเมอร์และปิโตรเคมี,โครงการรับตรงร่วมกัน (Admission),วิชาเอกวิศวกรรมพอลิเมอ์รและวัสดุชีวภาพ,0,30,5,2,47.2330,41.1328
มหาวิทยาลัยทักษิณ,พัทลุง,10220209302501A,คณะวิศวกรรมศาสตร์,วิศวกรรมศาสตรบัณฑิต สาขาวิชา วิศวกรรมยาง พอลิเมอร์และปิโตรเคมี,โครงการรับตรงร่วมกัน (Admission),วิชาเอกวิศวกรรมปิโตรเคมี,0,20,12,3,50.8830,40.6494
มหาวิทยาลัยทักษิณ,พัทลุง,10220209302502F,คณะวิศวกรรมศาสตร์,วิศวกรรมศาสตรบัณฑิต สาขาวิชา วิศวกรรมยาง พอลิเมอร์และปิโตรเคีมและ การจัดการบัณฑิต สาขาวิชาการ ประกอบการด้วยนวัตกรรม (หลักสูตรควบ สองปริญญา),โครงการรับตรงร่วมกัน (Admission),,0,40,3,2,39.2162,39.1328
มหาวิทยาลัยทักษิณ,พัทลุง,10220210111701A,คณะพยาบาลศาสตร์,พยาบาลศาสตรบัณฑิต,โครงการรับตรงร่วมกัน (Admission),,0,5,733,5,58.4541,47.6106
มหาวิทยาลัยทักษิณ,พัทลุง,10220211903201A,วิทยาลัยการจัดการเพื่อการ พัฒนา,รัฐศาสตรบัณฑิต สาขาวิชารัฐศาสตร์,โครงการรับตรงร่วมกัน (Admission),,0,30,68,30,53.1940,31.8050
มหาวิทยาลัยทักษิณ,พัทลุง,10220212111101A,คณะอุตสาหกรรมเกษตรและ ชีวภาพ,วิทยาศาสตรบัณฑิต สาขาวิชาเทคโนโลียเครื่องสำอางและผลิตภัณฑ์เสริมอาหาร,โครงการรับตรงร่วมกัน (Admission),,0,50,13,4,42.8330,33.4440
มหาวิทยาลัยทักษิณ,พัทลุง,10220212111102F,คณะอุตสาหกรรมเกษตรและ ชีวภาพ,วิทยาศาสตรบัณฑิต สาขาวิชาเทคโนโลียเครื่องสำอางและผลิตภัณฑ์เสริมอาหาร และ การจัดการบัณฑิต สาขาวิชาการ ประกอบการด้วยนวัตกรรม (หลักสูตรควบ สองปริญญา),โครงการรับตรงร่วมกัน (Admission),,0,40,5,3,42.1665,34.1940
มหาวิทยาลัยทักษิณ,พัทลุง,10220212111103F,คณะอุตสาหกรรมเกษตรและ ชีวภาพ,วิทยาศาสตรบัณฑิต สาขาวิชาเทคโนโลียเครื่องสำอางและผลิตภัณฑ์เสริมอาหาร และบริหารธุรกิจมหาบัณฑิต สาขาวิชา การจัดการธุรกิจ (หลักสูตรควบสอง ปริญญา),โครงการรับตรงร่วมกัน (Admission),,0,20,6,2,42.5550,38.5275
มหาวิทยาลัยทักษิณ,พัทลุง,10220212211001A,คณะอุตสาหกรรมเกษตรและ ชีวภาพ,วิทยาศาสตรบัณฑิต สาขาวิชา วิทยาศาสตร์อาหารและโภชนาการ,โครงการรับตรงร่วมกัน (Admission),,0,20,12,3,38.3055,34.5550
มหาวิทยาลัยทักษิณ,พัทลุง,10220212211002F,คณะอุตสาหกรรมเกษตรและ ชีวภาพ,วิทยาศาสตรบัณฑิต สาขาวิชา วิทยาศาสตร์อาหารและโภชนาการ และ การจัดการบัณฑิต สาขาวิชาการ ประกอบการด้วยนวัตกรรม (หลักสูตรควบ สองปริญญา),โครงการรับตรงร่วมกัน (Admission),,0,40,1,0,0.0000,0.0000
มหาวิทยาลัยทักษิณ,พัทลุง,10220212211003F,คณะอุตสาหกรรมเกษตรและ ชีวภาพ,วิทยาศาสตรบัณฑิต สาขาวิชา วิทยาศาสตร์อาหารและโภชนาการ และ การศึกษามหาบัณฑิต สาขาวิชาหลักสูตร และการสอน (หลักสูตรควบสองปริญญา),โครงการรับตรงร่วมกัน (Admission),,0,20,2,0,0.0000,0.0000
มหาวิทยาลัยทักษิณ,พัทลุง,10220212211004F,คณะอุตสาหกรรมเกษตรและ ชีวภาพ,วิทยาศาสตรบัณฑิต สาขาวิชา วิทยาศาสตร์อาหารและโภชนาการ และบริหารธุรกิจมหาบัณฑิต สาขาวิชาการ จัดการธุรกิจ (หลักสูตรควบสองปริญญา),โครงการรับตรงร่วมกัน (Admission),,0,20,0,0,0.0000,0.0000
มหาวิทยาลัยทักษิณ,พัทลุง,10220213610201A,คณะสหวิทยาการและการ ประกอบการ,การจัดการบัณฑิต สาขาวิชาการ ประกอบการด้วยนวัตกรรม,โครงการรับตรงร่วมกัน (Admission),,0,50,7,2,44.8610,36.1110
มหาวิทยาลัยทักษิณ,พัทลุง,10220213902501C,คณะสหวิทยาการและการ ประกอบการ,ศิลปศาสตรบัณฑิต สาขาวิชาภาษาอังกฤษ เพื่อการสื่อสารเชิงประกอบการ (หลักสูตร สองภาษา),โครงการรับตรงร่วมกัน (Admission),,0,40,6,1,50.2770,50.2770
มหาวิทยาลัยทักษิณ,พัทลุง,10220213902502F,คณะสหวิทยาการและการ ประกอบการ,ศิลปศาสตรบัณฑิต สาขาวิชาภาษาอังกฤษ เพื่อการสื่อสารเชิงประกอบการ และการจัดการบัณฑิต สาขาวิชาการประกอบการ ด้วยนวัตกรรม (หลักสูตรควบสองปริญญา),โครงการรับตรงร่วมกัน (Admission),,0,50,3,1,55.1380,55.1380
มหาวิทยาลัยวลัยลักษณ์,วิทยาเขตหลัก,10230111901803A,ครุศาสตร์และศิลปศาสตร์,ศิลปศาสตรบัณฑิต สาขาวิชาภาษาจีน,,,0,40,132,37,88.9305,50.0000
มหาวิทยาลัยวลัยลักษณ์,วิทยาเขตหลัก,10230111902001A,ครุศาสตร์และศิลปศาสตร์,ศิลปศาสตรบัณฑิต สาขาภาษาไทยเพื่อ การสื่อสาร,,,0,100,91,49,53.2000,0.0000
มหาวิทยาลัยวลัยลักษณ์,วิทยาเขตหลัก,10230111902502A,ครุศาสตร์และศิลปศาสตร์,ศิลปศาสตรบัณฑิต สาขาภาษาอังกฤษ,,,0,70,346,70,88.7500,76.2777
มหาวิทยาลัยวลัยลักษณ์,วิทยาเขตหลัก,10230112210303A,วิทยาศาสตร์,วิทยาศาตรบัณฑิต (วิทยาศาสต์รคณิตศาสตร)์,,,0,100,28,9,94.2500,81.7500
มหาวิทยาลัยวลัยลักษณ์,วิทยาเขตหลัก,10230112210404A,วิทยาศาสตร์,วิทยาศาตรบัณฑิต (วิทยาศาสตร์เคมี),,,0,100,44,12,98.2500,81.7500
มหาวิทยาลัยวลัยลักษณ์,วิทยาเขตหลัก,10230112210705A,วิทยาศาสตร์,วิทยาศาตรบัณฑิต (วิทยาศาสตร์ชีววิทยา),,,0,100,76,24,95.0000,81.2500
มหาวิทยาลัยวลัยลักษณ์,วิทยาเขตหลัก,10230112212706A,วิทยาศาสตร์,วิทยาศาตรบัณฑิต (วิทยาศาสตร์ฟิสิกส์),,,0,100,20,4,88.0000,81.5000
มหาวิทยาลัยวลัยลักษณ์,วิทยาเขตหลัก,10230112213002A,วิทยาศาสตร์,วิทยาศาสตรบัณฑิต สาขาวิทยาศาสต์รทางทะเล,,,0,30,22,4,60.8750,20.3125
มหาวิทยาลัยวลัยลักษณ์,วิทยาเขตหลัก,10230112700809A,วิทยาศาสตร์,ครุศาสตรบัณฑิต วิชาเอกคณิตศาสตร์,,,0,12,118,12,61.5000,58.7500
มหาวิทยาลัยวลัยลักษณ์,วิทยาเขตหลัก,10230112700910A,วิทยาศาสตร์,ครุศาสตรบัณฑิต วิชาเอกคอมพิวเตอ์รศึกษา,,,0,8,75,8,96.7500,83.7500
มหาวิทยาลัยวลัยลักษณ์,วิทยาเขตหลัก,10230112701308A,วิทยาศาสตร์,ครุศาสตรบัณฑิต วิชาเอกชีววิทยา,,,0,11,170,11,99.5000,93.7500
มหาวิทยาลัยวลัยลักษณ์,วิทยาเขตหลัก,10230112702407A,วิทยาศาสตร์,ครุศาสตรบัณฑิต วิชาเอกวิทยาศาสต์รทั่วไป,,,0,19,209,20,98.2500,89.5000
มหาวิทยาลัยวลัยลักษณ์,วิทยาเขตหลัก,10230114903202A,รัฐศาสตร์และรัฐประศาสน ศาสตร์,รัฐศาสตรบัณฑิต,,,0,30,254,30,90.7775,62.9440
มหาวิทยาลัยวลัยลักษณ์,วิทยาเขตหลัก,10230115901001A,นิติศาสตร์,นิติศาสตรบัณฑิต,,,0,40,111,40,66.5270,41.5270
มหาวิทยาลัยวลัยลักษณ์,วิทยาเขตหลัก,10230120610101A,การบัญชีและการเงิน,บริหารธุรกิจบัณฑิต สาขาการจัดการธุรกิจ และการเงินยุคดิจิทัล,,,0,60,57,17,71.1110,39.0270
มหาวิทยาลัยวลัยลักษณ์,วิทยาเขตหลัก,10230120610502A,การบัญชีและการเงิน,บัญชีบัณฑิต,,,0,50,178,50,72.5716,51.7385
มหาวิทยาลัยวลัยลักษณ์,วิทยาเขตหลัก,10230120611103A,การบัญชีและการเงิน,เศรษฐศาสตรบัณฑิต,,,0,60,133,47,98.0000,62.5000
มหาวิทยาลัยวลัยลักษณ์,วิทยาเขตหลัก,10230121610602A,การจัดการ,บริหารธุรกิจบัณฑิต สาขาการตลาดดิจิทัล และการสรา้ งแบรนด์,,,0,50,69,20,74.8055,37.7500
มหาวิทยาลัยวลัยลักษณ์,วิทยาเขตหลัก,10230121611001A,การจัดการ,บริหารธุรกิจบัณฑิต สาขาการจัดการโลิจสติกส์,,,0,50,49,20,78.1385,51.2500
มหาวิทยาลัยวลัยลักษณ์,วิทยาเขตหลัก,10230121620103A,การจัดการ,บริหารธุรกิจบัณฑิต สาขาการจัดการการ ท่องเที่ยวและการโรงแรม,,,0,50,56,14,86.8750,41.2500
มหาวิทยาลัยวลัยลักษณ์,วิทยาเขตหลัก,10230121620104A,การจัดการ,ศิลปะการประกอบอาหารอย่างมืออาชีพ,,,0,50,18,3,60.9527,39.1500
มหาวิทยาลัยวลัยลักษณ์,วิทยาเขตหลัก,10230122220104A,สารสนเทศศาสตร์,วิทยาศาสตรบัณฑิต สาขาเทคโนโลียสารสนเทศอัจฉริยะ,,,0,3,6,2,42.0830,0.0000
มหาวิทยาลัยวลัยลักษณ์,วิทยาเขตหลัก,10230122220105A,สารสนเทศศาสตร์,วิทยาศาสตรบัณฑิต สาขาเทคโนโลียดิจิทัลทางการแพทย์,,,0,20,130,20,77.5415,65.6665
มหาวิทยาลัยวลัยลักษณ์,วิทยาเขตหลัก,10230122220503A,สารสนเทศศาสตร์,วิทยาศาสตรบัณฑิต สาขาอินเทอร์แอค ทีฟมัลติมีเดียแอนิเมชัน และเกม,,,0,1,28,1,75.3580,75.3580
มหาวิทยาลัยวลัยลักษณ์,วิทยาเขตหลัก,10230122901101A,สารสนเทศศาสตร์,นิเทศศาสตรบัณฑิต สาขานิเทศศาสต์รดิจิทัล,,,0,30,58,21,59.5830,33.8880
มหาวิทยาลัยวลัยลักษณ์,วิทยาเขตหลัก,10230125300501A,วิศวกรรมศาสตร์และเทคโนโลยี,วิศวกรรมศาสตรบัณฑิต สาขาวิศวกรรม คอมพิวเตอร์และปัญญาประดิษฐ์,,,0,10,22,10,61.1774,31.3804
มหาวิทยาลัยวลัยลักษณ์,วิทยาเขตหลัก,10230125300602A,วิศวกรรมศาสตร์และเทคโนโลยี,วิศวกรรมศาสตรบัณฑิต สาขาวิชา วิศวกรรมเคมีและเคมีเภสัชกรรม,,,0,30,75,29,57.3330,0.0000
มหาวิทยาลัยวลัยลักษณ์,วิทยาเขตหลัก,10230125300706A,วิศวกรรมศาสตร์และเทคโนโลยี,วิศวกรรมศาสตรบัณฑิต สาขาวิชา วิศวกรรมเครื่องกลและหุ่นยนต์,,,0,10,59,10,46.1998,37.4500
มหาวิทยาลัยวลัยลักษณ์,วิทยาเขตหลัก,10230125301405A,วิศวกรรมศาสตร์และเทคโนโลยี,วิศวกรรมศาสตรบัณฑิต สาขาวิศวกรรมิปโตรเคมีและพอลิเมอร์,,,0,20,41,7,54.8605,39.6940
มหาวิทยาลัยวลัยลักษณ์,วิทยาเขตหลัก,10230125301603A,วิศวกรรมศาสตร์และเทคโนโลยี,วิศวกรรมศาสตรบัณฑิต สาขา วิศวกรรมไฟฟ้า,,,0,30,68,21,54.1105,21.4580
มหาวิทยาลัยวลัยลักษณ์,วิทยาเขตหลัก,10230125302104A,วิศวกรรมศาสตร์และเทคโนโลยี,วิศวกรรมศาสตรบัณฑิต สาขาวิศวกรรม โยธา,,,0,60,53,14,53.9715,0.0000
มหาวิทยาลัยวลัยลักษณ์,วิทยาเขตหลัก,10230126211001A,เทคโนโลยีการเกษตรและอุตสาหกรรมอาหาร,วิทยาศาสตรบัณฑิต สาขาวิทยาศาสต์รอาหารและนวัตกรรม,,,0,5,17,4,31.7153,23.9735
มหาวิทยาลัยวลัยลักษณ์,วิทยาเขตหลัก,10230126500202A,เทคโนโลยีการเกษตรและอุตสาหกรรมอาหาร,วิทยาศาสตรบัณฑิต สาขาเกษตรศาสต์รและนวัตกรรม,,,0,20,13,2,51.1105,29.3500
มหาวิทยาลัยวลัยลักษณ์,วิทยาเขตหลัก,10230132111701A,พยาบาลศาสตร์,พยาบาลศาสตรบัณฑิต,,,0,1,110,1,40.3100,40.3100
มหาวิทยาลัยวลัยลักษณ์,วิทยาเขตหลัก,10230134110803A,แพทยศาสตร์,การแพทย์แผนไทยประยุกต์บัณฑิต,,,0,15,149,15,52.6464,44.1835
มหาวิทยาลัยวลัยลักษณ์,วิทยาเขตหลัก,10230134112002A,แพทยศาสตร์,วิทยาศาสตรบัณฑิต สาขาวิทยาศาสต์รการกีฬาและการออกกำลังกาย,,,0,30,109,30,73.8344,59.5500
มหาวิทยาลัยวลัยลักษณ์,วิทยาเขตหลัก,10230135110101A,สหเวชศาสตร์,วิทยาศาสตรบัณฑิต สาขากายภาพบำบัด,,,0,10,161,10,57.0108,53.9026
มหาวิทยาลัยวลัยลักษณ์,วิทยาเขตหลัก,10230135111302A,สหเวชศาสตร์,เทคนิคการแพทยบัณฑิต (ภาษาไทย ปกติ),,,0,5,336,5,54.1694,53.5944
มหาวิทยาลัยวลัยลักษณ์,วิทยาเขตหลัก,10230135111303E,สหเวชศาสตร์,เทคนิคการแพทยบัณฑิต (หลักสูตร นานาชาติ),,,0,50,68,50,52.8788,26.4960
มหาวิทยาลัยวลัยลักษณ์,วิทยาเขตหลัก,10230136112701A,สาธารณสุขศาสตร์,"สาธารณสุขศาสตร์(อนามัยสิ่งแวดล้อม, อาชีวอนามัยและความปลอดภัย, สาธารณสุขชุมชน)",,,0,60,114,60,35.8125,19.0625
มหาวิทยาลัยวลัยลักษณ์,วิทยาเขตหลัก,10230137120101E,ทันตแพทยศาสตร์นานาชาติ,ทันตแพทยศาสตรบัณฑิต (หลักสูตร นานาชาติ),,,0,8,203,8,78.1700,67.5750
มหาวิทยาลัยวลัยลักษณ์,วิทยาเขตหลัก,10230138140101E,สัตวแพทยศาสตร์อัครราชกุมารี,สัตวแพทยศาสตรบัณฑิต (หลักสูตร นานาชาติ),,,0,1,41,1,45.0700,45.0700
มหาวิทยาลัยวลัยลักษณ์,วิทยาเขตหลัก,10230141400502A,สถาปัตยกรรมศาสตร์และการ ออกแบบ,สถาปัตยกรรมศาสตรบัณฑิต,,,0,10,35,10,78.0250,63.0000
มหาวิทยาลัยวลัยลักษณ์,วิทยาเขตหลัก,10230141400701A,สถาปัตยกรรมศาสตร์และการ ออกแบบ,ศิลปบัณฑิต สาขาการออกแบบภายใน,,,0,25,46,16,69.0000,0.0000
มหาวิทยาลัยแม่ฟ้าหลวง,วิทยาเขตหลัก,10240110902501A,ศิลปศาสตร์,ศศ.บ. ภาษาอังกฤษ (จัดการเรียนการสอน เป็นภาษาอังกฤษ),รอบที่ 3 Admission รูปแบบใช้ผลคะแนนสอบ TGAT/TPAT,,0,40,676,32,88.3330,73.3330
มหาวิทยาลัยแม่ฟ้าหลวง,วิทยาเขตหลัก,10240110902501A,ศิลปศาสตร์,ศศ.บ. ภาษาอังกฤษ (จัดการเรียนการสอน เป็นภาษาอังกฤษ),รอบที่ 3 Admission รูปแบบใช้ผลคะแนนสอบ A-Level,,0,40,319,40,68.6667,55.3333
มหาวิทยาลัยแม่ฟ้าหลวง,วิทยาเขตหลัก,10240111210401A,วิทยาศาสตร์,วท.บ. เคมีประยุก์ต(จัดการเรียนการสอน เป็นภาษาอังกฤษ),รอบที่ 3 Admission รูปแบบใช้ผลคะแนนสอบ TGAT/TPAT,,0,20,35,9,88.3330,33.3330
มหาวิทยาลัยแม่ฟ้าหลวง,วิทยาเขตหลัก,10240111210401A,วิทยาศาสตร์,วท.บ. เคมีประยุก์ต(จัดการเรียนการสอน เป็นภาษาอังกฤษ),รอบที่ 3 Admission รูปแบบใช้ผลคะแนนสอบ TGAT/TPAT เคมีประยุก์ตTPAT3,,0,20,14,3,59.3330,33.8330
มหาวิทยาลัยแม่ฟ้าหลวง,วิทยาเขตหลัก,10240111210401A,วิทยาศาสตร์,วท.บ. เคมีประยุก์ต(จัดการเรียนการสอน เป็นภาษาอังกฤษ),รอบที่ 3 Admission รูปแบบใช้ผลคะแนนสอบ A-Level,,0,15,23,10,36.0500,23.4333
มหาวิทยาลัยแม่ฟ้าหลวง,วิทยาเขตหลัก,10240111210401A,วิทยาศาสตร์,วท.บ. เคมีประยุก์ต(จัดการเรียนการสอน เป็นภาษาอังกฤษ),รอบที่ 3 Admission รูปแบบใช้ผลคะแนนสอบ A-Level เคมีประยุก์ตคณิตศาสต์รประยุก์ต1,,0,15,7,1,21.0000,21.0000
มหาวิทยาลัยแม่ฟ้าหลวง,วิทยาเขตหลัก,10240111210401A,วิทยาศาสตร์,วท.บ. เคมีประยุก์ต(จัดการเรียนการสอน เป็นภาษาอังกฤษ),รอบที่ 3 Admission รูปแบบใช้ผลคะแนนสอบ A-Level เคมีประยุก์ตคณิตศาสต์รประยุก์ต2,,0,15,3,2,32.0167,30.1833
มหาวิทยาลัยแม่ฟ้าหลวง,วิทยาเขตหลัก,10240111210401A,วิทยาศาสตร์,วท.บ. เคมีประยุก์ต(จัดการเรียนการสอน เป็นภาษาอังกฤษ),รอบที่ 3 Admission รูปแบบใช้ผลคะแนนสอบ TGAT/TPAT และ A-Level,,0,40,1,0,0.0000,0.0000
มหาวิทยาลัยแม่ฟ้าหลวง,วิทยาเขตหลัก,10240111210401A,วิทยาศาสตร์,วท.บ. เคมีประยุก์ต(จัดการเรียนการสอน เป็นภาษาอังกฤษ),รอบที่ 3 Admission รูปแบบใช้ผลคะแนน GPAX TGAT/TPAT และ A-Level,,0,40,18,7,50.1866,44.7666
มหาวิทยาลัยแม่ฟ้าหลวง,วิทยาเขตหลัก,10240111211201A,วิทยาศาสตร์,วท.บ. วิทยาศาสตร์ชีวภาพ (จัดการเรียน การสอนเป็นภาษาอังกฤษ),รอบที่ 3 Admission รูปแบบใช้ผลคะแนนสอบ TGAT/TPAT,,0,40,37,12,58.2080,41.4165
มหาวิทยาลัยแม่ฟ้าหลวง,วิทยาเขตหลัก,10240111211201A,วิทยาศาสตร์,วท.บ. วิทยาศาสตร์ชีวภาพ (จัดการเรียน การสอนเป็นภาษาอังกฤษ),รอบที่ 3 Admission รูปแบบใช้ผลคะแนนสอบ A-Level,,0,40,0,0,0.0000,0.0000
มหาวิทยาลัยแม่ฟ้าหลวง,วิทยาเขตหลัก,10240111211201A,วิทยาศาสตร์,วท.บ. วิทยาศาสตร์ชีวภาพ (จัดการเรียน การสอนเป็นภาษาอังกฤษ),รอบที่ 3 Admission รูปแบบใช้ผลคะแนนสอบ TGAT/TPAT และ A-Level,,0,40,0,0,0.0000,0.0000
มหาวิทยาลัยแม่ฟ้าหลวง,วิทยาเขตหลัก,10240111211201A,วิทยาศาสตร์,วท.บ. วิทยาศาสตร์ชีวภาพ (จัดการเรียน การสอนเป็นภาษาอังกฤษ),รอบที่ 3 Admission รูปแบบใช้ผลคะแนน GPAX TGAT/TPAT และ A-Level,,0,40,0,0,0.0000,0.0000
มหาวิทยาลัยแม่ฟ้าหลวง,วิทยาเขตหลัก,10240111302501A,วิทยาศาสตร์,วศ.บ. วิศวกรรมวัสุด(จัดการเรียนการสอน เป็นภาษาอังกฤษ),รอบที่ 3 Admission รูปแบบใช้ผลคะแนนสอบ TGAT/TPAT,,0,20,58,20,54.5830,34.3750
มหาวิทยาลัยแม่ฟ้าหลวง,วิทยาเขตหลัก,10240111302501A,วิทยาศาสตร์,วศ.บ. วิศวกรรมวัสุด(จัดการเรียนการสอน เป็นภาษาอังกฤษ),รอบที่ 3 Admission รูปแบบใช้ผลคะแนนสอบ TGAT/TPAT วิศวกรรมวัสุดTPAT3,,0,20,13,4,41.4995,33.4995
มหาวิทยาลัยแม่ฟ้าหลวง,วิทยาเขตหลัก,10240111302501A,วิทยาศาสตร์,วศ.บ. วิศวกรรมวัสุด(จัดการเรียนการสอน เป็นภาษาอังกฤษ),รอบที่ 3 Admission รูปแบบใช้ผลคะแนนสอบ A-Level,,0,15,3,3,37.2500,21.5833
มหาวิทยาลัยแม่ฟ้าหลวง,วิทยาเขตหลัก,10240111302501A,วิทยาศาสตร์,วศ.บ. วิศวกรรมวัสุด(จัดการเรียนการสอน เป็นภาษาอังกฤษ),รอบที่ 3 Admission รูปแบบใช้ผลคะแนน GPAX TGAT/TPAT และ A-Level,,0,40,14,5,63.7332,43.6333
มหาวิทยาลัยแม่ฟ้าหลวง,วิทยาเขตหลัก,10240112610501A,การจัดการ,บช.บ. การบัญีช(จัดการเรียนการสอน เป็นภาษาอังกฤษ),รอบที่ 3 Admission รูปแบบใช้ผลคะแนนสอบ TGAT/TPAT,,0,30,225,30,76.1107,61.1110
มหาวิทยาลัยแม่ฟ้าหลวง,วิทยาเขตหลัก,10240112610501A,การจัดการ,บช.บ. การบัญีช(จัดการเรียนการสอน เป็นภาษาอังกฤษ),รอบที่ 3 Admission รูปแบบใช้ผลคะแนนสอบ A-Level การบัญีชคณิตศาสต์รประยุก์ต1,,0,20,36,11,60.2500,34.8750
มหาวิทยาลัยแม่ฟ้าหลวง,วิทยาเขตหลัก,10240112610501A,การจัดการ,บช.บ. การบัญีช(จัดการเรียนการสอน เป็นภาษาอังกฤษ),รอบที่ 3 Admission รูปแบบใช้ผลคะแนนสอบ A-Level การบัญีชคณิตศาสต์รประยุก์ต2,,0,20,172,20,66.5000,48.7500
มหาวิทยาลัยแม่ฟ้าหลวง,วิทยาเขตหลัก,10240112610801A,การจัดการ,บธ.บ. วิชาเอกบริหารธุรกิจ (จัดการเรียน การสอนเป็นภาษาอังกฤษ),รอบที่ 3 Admission รูปแบบใช้ผลคะแนนสอบ TGAT/TPAT,,0,30,146,29,76.5273,52.9163
มหาวิทยาลัยแม่ฟ้าหลวง,วิทยาเขตหลัก,10240112610801A,การจัดการ,บธ.บ. วิชาเอกบริหารธุรกิจ (จัดการเรียน การสอนเป็นภาษาอังกฤษ),รอบที่ 3 Admission รูปแบบใช้ผลคะแนนสอบ A-Level,,0,30,92,30,71.2500,46.2500
มหาวิทยาลัยแม่ฟ้าหลวง,วิทยาเขตหลัก,10240112610801A,การจัดการ,บธ.บ. วิชาเอกบริหารธุรกิจ (จัดการเรียน การสอนเป็นภาษาอังกฤษ),รอบที่ 3 Admission รูปแบบใช้ผลคะแนนสอบ A-Level วิชาเอกบริหารธุรกิจ คณิตศาสตร์ประยุก์ต1,,0,30,0,0,0.0000,0.0000
มหาวิทยาลัยแม่ฟ้าหลวง,วิทยาเขตหลัก,10240112610801A,การจัดการ,บธ.บ. วิชาเอกบริหารธุรกิจ (จัดการเรียน การสอนเป็นภาษาอังกฤษ),รอบที่ 3 Admission รูปแบบใช้ผลคะแนนสอบ A-Level วิชาเอกบริหารธุรกิจ คณิตศาสตร์ประยุก์ต2,,0,30,17,2,48.8750,48.0000
มหาวิทยาลัยแม่ฟ้าหลวง,วิทยาเขตหลัก,10240112610801A,การจัดการ,บธ.บ. วิชาเอกบริหารธุรกิจ (จัดการเรียน การสอนเป็นภาษาอังกฤษ),รอบที่ 3 Admission รูปแบบใช้ผลคะแนนสอบ TGAT/TPAT และ A-Level วิชาเอกบริหารธุรกิจ คณิตศาสตร์ประยุก์ต1,,0,30,0,0,0.0000,0.0000
มหาวิทยาลัยแม่ฟ้าหลวง,วิทยาเขตหลัก,10240112610801A,การจัดการ,บธ.บ. วิชาเอกบริหารธุรกิจ (จัดการเรียน การสอนเป็นภาษาอังกฤษ),รอบที่ 3 Admission รูปแบบใช้ผลคะแนนสอบ TGAT/TPAT และ A-Level วิชาเอกบริหารธุรกิจ คณิตศาสตร์ประยุก์ต2,,0,30,0,0,0.0000,0.0000
มหาวิทยาลัยแม่ฟ้าหลวง,วิทยาเขตหลัก,10240112610801A,การจัดการ,บธ.บ. วิชาเอกบริหารธุรกิจ (จัดการเรียน การสอนเป็นภาษาอังกฤษ),รอบที่ 3 Admission รูปแบบใช้ผลคะแนน GPAX TGAT/TPAT และ A-Level วิชาเอกบริหารธุรกิจ คณิตศาสตร์ประยุก์ต1,,0,20,1,0,0.0000,0.0000
มหาวิทยาลัยแม่ฟ้าหลวง,วิทยาเขตหลัก,10240112610801A,การจัดการ,บธ.บ. วิชาเอกบริหารธุรกิจ (จัดการเรียน การสอนเป็นภาษาอังกฤษ),รอบที่ 3 Admission รูปแบบใช้ผลคะแนน GPAX TGAT/TPAT และ A-Level วิชาเอกบริหารธุรกิจ คณิตศาสตร์ประยุก์ต2,,0,20,15,3,59.4583,53.8125
มหาวิทยาลัยแม่ฟ้าหลวง,วิทยาเขตหลัก,10240112611001A,การจัดการ,บธ.บ. วิชาเอกการจัดการโลจิสติกส์และโซ่ อุปทาน (จัดการเรียนการสอนเป็น ภาษาอังกฤษ),รอบที่ 3 Admission รูปแบบใช้ผลคะแนนสอบ TGAT/TPAT,,0,30,81,22,63.1943,49.5830
มหาวิทยาลัยแม่ฟ้าหลวง,วิทยาเขตหลัก,10240112611001A,การจัดการ,บธ.บ. วิชาเอกการจัดการโลจิสติกส์และโซ่ อุปทาน (จัดการเรียนการสอนเป็น ภาษาอังกฤษ),รอบที่ 3 Admission รูปแบบใช้ผลคะแนนสอบ A-Level,,0,30,86,28,67.5000,36.2500
มหาวิทยาลัยแม่ฟ้าหลวง,วิทยาเขตหลัก,10240112611001A,การจัดการ,บธ.บ. วิชาเอกการจัดการโลจิสติกส์และโซ่ อุปทาน (จัดการเรียนการสอนเป็น ภาษาอังกฤษ),รอบที่ 3 Admission รูปแบบใช้ผลคะแนนสอบ A-Level วิชาเอกการจัดการโลจิสติก์สและโซ่อุปทาน คณิตศาสต์รประยุก์ต1,,0,30,4,0,0.0000,0.0000
มหาวิทยาลัยแม่ฟ้าหลวง,วิทยาเขตหลัก,10240112611001A,การจัดการ,บธ.บ. วิชาเอกการจัดการโลจิสติกส์และโซ่ อุปทาน (จัดการเรียนการสอนเป็น ภาษาอังกฤษ),รอบที่ 3 Admission รูปแบบใช้ผลคะแนนสอบ A-Level วิชาเอกการจัดการโลจิสติก์สและโซ่อุปทาน คณิตศาสต์รประยุก์ต2,,0,30,18,5,71.7500,28.6250
มหาวิทยาลัยแม่ฟ้าหลวง,วิทยาเขตหลัก,10240112611001A,การจัดการ,บธ.บ. วิชาเอกการจัดการโลจิสติกส์และโซ่ อุปทาน (จัดการเรียนการสอนเป็น ภาษาอังกฤษ),รอบที่ 3 Admission รูปแบบใช้ผลคะแนนสอบ TGAT/TPAT และ A-Level วิชาเอกการจัดการโลจิสติก์สและโซ่อุปทาน คณิตศาสต์รประยุก์ต1,,0,30,1,0,0.0000,0.0000
มหาวิทยาลัยแม่ฟ้าหลวง,วิทยาเขตหลัก,10240112611001A,การจัดการ,บธ.บ. วิชาเอกการจัดการโลจิสติกส์และโซ่ อุปทาน (จัดการเรียนการสอนเป็น ภาษาอังกฤษ),รอบที่ 3 Admission รูปแบบใช้ผลคะแนนสอบ TGAT/TPAT และ A-Level วิชาเอกการจัดการโลจิสติก์สและโซ่อุปทาน คณิตศาสต์รประยุก์ต2,,0,30,6,3,53.0332,44.2500
มหาวิทยาลัยแม่ฟ้าหลวง,วิทยาเขตหลัก,10240112611101A,การจัดการ,ศ.บ. เศรษฐศาสตร์(จัดการเรียนการสอน เป็นภาษาอังกฤษ),รอบที่ 3 Admission รูปแบบใช้ผลคะแนนสอบ TGAT/TPAT,,0,30,136,30,81.6660,38.3330
มหาวิทยาลัยแม่ฟ้าหลวง,วิทยาเขตหลัก,10240112611101A,การจัดการ,ศ.บ. เศรษฐศาสตร์(จัดการเรียนการสอน เป็นภาษาอังกฤษ),รอบที่ 3 Admission รูปแบบใช้ผลคะแนนสอบ A-Level เศรษฐศาสตร์คณิตศาสต์รประยุก์ต1,,0,20,60,16,44.6250,30.7500
มหาวิทยาลัยแม่ฟ้าหลวง,วิทยาเขตหลัก,10240112611101A,การจัดการ,ศ.บ. เศรษฐศาสตร์(จัดการเรียนการสอน เป็นภาษาอังกฤษ),รอบที่ 3 Admission รูปแบบใช้ผลคะแนนสอบ A-Level เศรษฐศาสตร์คณิตศาสต์รประยุก์ต2,,0,20,109,19,53.1875,39.8125
มหาวิทยาลัยแม่ฟ้าหลวง,วิทยาเขตหลัก,10240112611101A,การจัดการ,ศ.บ. เศรษฐศาสตร์(จัดการเรียนการสอน เป็นภาษาอังกฤษ),รอบที่ 3 Admission รูปแบบใช้ผลคะแนนสอบ TGAT/TPAT และ A-Level,,0,25,10,1,27.4165,27.4165
มหาวิทยาลัยแม่ฟ้าหลวง,วิทยาเขตหลัก,10240112611101A,การจัดการ,ศ.บ. เศรษฐศาสตร์(จัดการเรียนการสอน เป็นภาษาอังกฤษ),รอบที่ 3 Admission รูปแบบใช้ผลคะแนน GPAX TGAT/TPAT และ A-Level,,0,25,25,11,48.9250,31.8166
มหาวิทยาลัยแม่ฟ้าหลวง,วิทยาเขตหลัก,10240112620101A,การจัดการ,บธ.บ. วิชาเอกธุรกิจการท่องเที่ยวและอี เว้น์ท(จัดการเรียนการสอนเป็น ภาษาอังกฤษ),รอบที่ 3 Admission รูปแบบใช้ผลคะแนนสอบ TGAT/TPAT,,0,40,69,14,70.8330,49.5830
มหาวิทยาลัยแม่ฟ้าหลวง,วิทยาเขตหลัก,10240112620101A,การจัดการ,บธ.บ. วิชาเอกธุรกิจการท่องเที่ยวและอี เว้น์ท(จัดการเรียนการสอนเป็น ภาษาอังกฤษ),รอบที่ 3 Admission รูปแบบใช้ผลคะแนนสอบ A-Level,,0,30,81,28,76.2500,40.0000
มหาวิทยาลัยแม่ฟ้าหลวง,วิทยาเขตหลัก,10240112620101A,การจัดการ,บธ.บ. วิชาเอกธุรกิจการท่องเที่ยวและอี เว้น์ท(จัดการเรียนการสอนเป็น ภาษาอังกฤษ),รอบที่ 3 Admission รูปแบบใช้ผลคะแนนสอบ A-Level วิชาเอกธุรกิจการท่องเที่ยว และอีเว้น์ทคณิตศาสต์รประยุก์ต1,,0,30,4,1,35.5000,35.5000
มหาวิทยาลัยแม่ฟ้าหลวง,วิทยาเขตหลัก,10240112620101A,การจัดการ,บธ.บ. วิชาเอกธุรกิจการท่องเที่ยวและอี เว้น์ท(จัดการเรียนการสอนเป็น ภาษาอังกฤษ),รอบที่ 3 Admission รูปแบบใช้ผลคะแนนสอบ A-Level วิชาเอกธุรกิจการท่องเที่ยว และอีเว้น์ทคณิตศาสต์รประยุก์ต2,,0,30,10,5,45.3750,36.2500
มหาวิทยาลัยแม่ฟ้าหลวง,วิทยาเขตหลัก,10240112620101A,การจัดการ,บธ.บ. วิชาเอกธุรกิจการท่องเที่ยวและอี เว้น์ท(จัดการเรียนการสอนเป็น ภาษาอังกฤษ),รอบที่ 3 Admission รูปแบบใช้ผลคะแนนสอบ TGAT/TPAT และ A-Level,,0,30,5,1,47.5000,47.5000
มหาวิทยาลัยแม่ฟ้าหลวง,วิทยาเขตหลัก,10240112620101A,การจัดการ,บธ.บ. วิชาเอกธุรกิจการท่องเที่ยวและอี เว้น์ท(จัดการเรียนการสอนเป็น ภาษาอังกฤษ),รอบที่ 3 Admission รูปแบบใช้ผลคะแนน GPAX TGAT/TPAT และ A-Level,,0,30,38,14,70.9440,50.6665
มหาวิทยาลัยแม่ฟ้าหลวง,วิทยาเขตหลัก,10240112620102A,การจัดการ,บธ.บ. วิชาเอกการจัดการธุรกิจบริการ (จัดการเรียนการสอนเป็นภาษาอังกฤษ),รอบที่ 3 Admission รูปแบบใช้ผลคะแนน GPAX TGAT/TPAT และ A-Level,,0,20,1,0,0.0000,0.0000
มหาวิทยาลัยแม่ฟ้าหลวง,วิทยาเขตหลัก,10240112620102A,การจัดการ,บธ.บ. วิชาเอกการจัดการธุรกิจบริการ (จัดการเรียนการสอนเป็นภาษาอังกฤษ),รอบที่ 3 Admission รูปแบบใช้ผลคะแนนสอบ TGAT/TPAT,,0,20,32,9,63.3330,47.9163
มหาวิทยาลัยแม่ฟ้าหลวง,วิทยาเขตหลัก,10240112620102A,การจัดการ,บธ.บ. วิชาเอกการจัดการธุรกิจบริการ (จัดการเรียนการสอนเป็นภาษาอังกฤษ),รอบที่ 3 Admission รูปแบบใช้ผลคะแนนสอบ A-Level,,0,10,55,10,76.2500,42.5000
มหาวิทยาลัยแม่ฟ้าหลวง,วิทยาเขตหลัก,10240112620102A,การจัดการ,บธ.บ. วิชาเอกการจัดการธุรกิจบริการ (จัดการเรียนการสอนเป็นภาษาอังกฤษ),รอบที่ 3 Admission รูปแบบใช้ผลคะแนนสอบ A-Level วิชาเอกการจัดการธุรกิจ บริการ คณิตศาสตร์ประยุก์ต1,,0,10,1,0,0.0000,0.0000
มหาวิทยาลัยแม่ฟ้าหลวง,วิทยาเขตหลัก,10240112620102A,การจัดการ,บธ.บ. วิชาเอกการจัดการธุรกิจบริการ (จัดการเรียนการสอนเป็นภาษาอังกฤษ),รอบที่ 3 Admission รูปแบบใช้ผลคะแนนสอบ A-Level วิชาเอกการจัดการธุรกิจ บริการ คณิตศาสตร์ประยุก์ต2,,0,10,2,1,32.3750,32.3750
มหาวิทยาลัยแม่ฟ้าหลวง,วิทยาเขตหลัก,10240112620102A,การจัดการ,บธ.บ. วิชาเอกการจัดการธุรกิจบริการ (จัดการเรียนการสอนเป็นภาษาอังกฤษ),รอบที่ 3 Admission รูปแบบใช้ผลคะแนนสอบ TGAT/TPAT และ A-Level,,0,20,0,0,0.0000,0.0000
มหาวิทยาลัยแม่ฟ้าหลวง,วิทยาเขตหลัก,10240112620201A,การจัดการ,บธ.บ. วิชาเอกการจัดการธุรกิจการบิน (จัดการเรียนการสอนเป็นภาษาอังกฤษ),รอบที่ 3 Admission รูปแบบใช้ผลคะแนนสอบ TGAT/TPAT,,0,30,84,27,68.1943,49.8607
มหาวิทยาลัยแม่ฟ้าหลวง,วิทยาเขตหลัก,10240112620201A,การจัดการ,บธ.บ. วิชาเอกการจัดการธุรกิจการบิน (จัดการเรียนการสอนเป็นภาษาอังกฤษ),รอบที่ 3 Admission รูปแบบใช้ผลคะแนนสอบ A-Level วิชาเอกการจัดการธุรกิจการ บิน คณิตศาสตร์ประยุก์ต1,,0,30,2,1,48.2500,48.2500
มหาวิทยาลัยแม่ฟ้าหลวง,วิทยาเขตหลัก,10240112620201A,การจัดการ,บธ.บ. วิชาเอกการจัดการธุรกิจการบิน (จัดการเรียนการสอนเป็นภาษาอังกฤษ),รอบที่ 3 Admission รูปแบบใช้ผลคะแนนสอบ A-Level วิชาเอกการจัดการธุรกิจการ บิน คณิตศาสตร์ประยุก์ต2,,0,30,2,1,43.6250,43.6250
มหาวิทยาลัยแม่ฟ้าหลวง,วิทยาเขตหลัก,10240112620201A,การจัดการ,บธ.บ. วิชาเอกการจัดการธุรกิจการบิน (จัดการเรียนการสอนเป็นภาษาอังกฤษ),รอบที่ 3 Admission รูปแบบใช้ผลคะแนนสอบ TGAT/TPAT และ A-Level วิชาเอกการจัดการธุรกิจการ บิน คณิตศาสตร์ประยุก์ต1,,0,30,0,0,0.0000,0.0000
มหาวิทยาลัยแม่ฟ้าหลวง,วิทยาเขตหลัก,10240112620201A,การจัดการ,บธ.บ. วิชาเอกการจัดการธุรกิจการบิน (จัดการเรียนการสอนเป็นภาษาอังกฤษ),รอบที่ 3 Admission รูปแบบใช้ผลคะแนนสอบ TGAT/TPAT และ A-Level วิชาเอกการจัดการธุรกิจการ บิน คณิตศาสตร์ประยุก์ต2,,0,30,2,0,0.0000,0.0000
มหาวิทยาลัยแม่ฟ้าหลวง,วิทยาเขตหลัก,10240112620201A,การจัดการ,บธ.บ. วิชาเอกการจัดการธุรกิจการบิน (จัดการเรียนการสอนเป็นภาษาอังกฤษ),รอบที่ 3 Admission รูปแบบใช้ผลคะแนน GPAX TGAT/TPAT และ A-Level วิชาเอกการจัดการธุรกิจการ บิน คณิตศาสตร์ประยุก์ต1,,0,30,1,1,68.7750,68.7750
มหาวิทยาลัยแม่ฟ้าหลวง,วิทยาเขตหลัก,10240112620201A,การจัดการ,บธ.บ. วิชาเอกการจัดการธุรกิจการบิน (จัดการเรียนการสอนเป็นภาษาอังกฤษ),รอบที่ 3 Admission รูปแบบใช้ผลคะแนน GPAX TGAT/TPAT และ A-Level วิชาเอกการจัดการธุรกิจการ บิน คณิตศาสตร์ประยุก์ต2,,0,30,10,2,65.9498,61.7249
มหาวิทยาลัยแม่ฟ้าหลวง,วิทยาเขตหลัก,10240113220101A,เทคโนโลยดิจิทัลประยุกต์,วท.บ. เทคโนโลยีดิจิทัลเพื่อนวัตกรรมทาง ธุรกิจ (จัดการเรียนการสอนเป็น ภาษาอังกฤษ),รอบที่ 3 Admission รูปแบบใช้ผลคะแนนสอบ TGAT/TPAT,,0,10,123,10,67.0833,52.9163
มหาวิทยาลัยแม่ฟ้าหลวง,วิทยาเขตหลัก,10240113220101A,เทคโนโลยดิจิทัลประยุกต์,วท.บ. เทคโนโลยีดิจิทัลเพื่อนวัตกรรมทาง ธุรกิจ (จัดการเรียนการสอนเป็น ภาษาอังกฤษ),รอบที่ 3 Admission รูปแบบใช้ผลคะแนนสอบ TGAT/TPAT เทคโนโลียดิจิทัลเพื่อนวัตกรรมทางธุรกิจ TPAT3,,0,10,21,4,43.6040,33.8540
มหาวิทยาลัยแม่ฟ้าหลวง,วิทยาเขตหลัก,10240113220101A,เทคโนโลยดิจิทัลประยุกต์,วท.บ. เทคโนโลยีดิจิทัลเพื่อนวัตกรรมทาง ธุรกิจ (จัดการเรียนการสอนเป็น ภาษาอังกฤษ),รอบที่ 3 Admission รูปแบบใช้ผลคะแนนสอบ A-Level,,0,10,94,10,59.9167,42.9167
มหาวิทยาลัยแม่ฟ้าหลวง,วิทยาเขตหลัก,10240113220101A,เทคโนโลยดิจิทัลประยุกต์,วท.บ. เทคโนโลยีดิจิทัลเพื่อนวัตกรรมทาง ธุรกิจ (จัดการเรียนการสอนเป็น ภาษาอังกฤษ),รอบที่ 3 Admission รูปแบบใช้ผลคะแนนสอบ A-Level เทคโนโลยีดิจิทัลเพื่อ นวัตกรรมทางธุรกิจ คณิตศาสตร์ประยุก์ต1,,0,10,7,2,37.3750,37.3750
มหาวิทยาลัยแม่ฟ้าหลวง,วิทยาเขตหลัก,10240113220101A,เทคโนโลยดิจิทัลประยุกต์,วท.บ. เทคโนโลยีดิจิทัลเพื่อนวัตกรรมทาง ธุรกิจ (จัดการเรียนการสอนเป็น ภาษาอังกฤษ),รอบที่ 3 Admission รูปแบบใช้ผลคะแนนสอบ A-Level เทคโนโลยีดิจิทัลเพื่อ นวัตกรรมทางธุรกิจ คณิตศาสตร์ประยุก์ต2,,0,10,13,7,43.5000,27.5625
มหาวิทยาลัยแม่ฟ้าหลวง,วิทยาเขตหลัก,10240113220101A,เทคโนโลยดิจิทัลประยุกต์,วท.บ. เทคโนโลยีดิจิทัลเพื่อนวัตกรรมทาง ธุรกิจ (จัดการเรียนการสอนเป็น ภาษาอังกฤษ),รอบที่ 3 Admission รูปแบบใช้ผลคะแนนสอบ TGAT/TPAT และ A-Level เทคโนโลยีดิจิทัลเพื่อ นวัตกรรมทางธุรกิจ คณิตศาสตร์ประยุก์ต1,,0,10,0,0,0.0000,0.0000
มหาวิทยาลัยแม่ฟ้าหลวง,วิทยาเขตหลัก,10240113220101A,เทคโนโลยดิจิทัลประยุกต์,วท.บ. เทคโนโลยีดิจิทัลเพื่อนวัตกรรมทาง ธุรกิจ (จัดการเรียนการสอนเป็น ภาษาอังกฤษ),รอบที่ 3 Admission รูปแบบใช้ผลคะแนนสอบ TGAT/TPAT และ A-Level เทคโนโลยีดิจิทัลเพื่อ นวัตกรรมทางธุรกิจ คณิตศาสตร์ประยุก์ต2,,0,10,0,0,0.0000,0.0000
มหาวิทยาลัยแม่ฟ้าหลวง,วิทยาเขตหลัก,10240113220101A,เทคโนโลยดิจิทัลประยุกต์,วท.บ. เทคโนโลยีดิจิทัลเพื่อนวัตกรรมทาง ธุรกิจ (จัดการเรียนการสอนเป็น ภาษาอังกฤษ),รอบที่ 3 Admission รูปแบบใช้ผลคะแนน GPAX TGAT/TPAT และ A-Level เทคโนโลยีดิจิทัลเพื่อ นวัตกรรมทางธุรกิจ คณิตศาสตร์ประยุก์ต1,,0,10,11,4,59.2666,46.5108
มหาวิทยาลัยแม่ฟ้าหลวง,วิทยาเขตหลัก,10240113220101A,เทคโนโลยดิจิทัลประยุกต์,วท.บ. เทคโนโลยีดิจิทัลเพื่อนวัตกรรมทาง ธุรกิจ (จัดการเรียนการสอนเป็น ภาษาอังกฤษ),รอบที่ 3 Admission รูปแบบใช้ผลคะแนน GPAX TGAT/TPAT และ A-Level เทคโนโลยีดิจิทัลเพื่อ นวัตกรรมทางธุรกิจ คณิตศาสตร์ประยุก์ต2,,0,10,6,2,50.3922,42.0076
มหาวิทยาลัยแม่ฟ้าหลวง,วิทยาเขตหลัก,10240113220501A,เทคโนโลยดิจิทัลประยุกต์,วท.บ. เทคโนโลยีมัลติมีเดียและการสรา้ ง ภาพเคลื่อนไหว (จัดการเรียนการสอนเป็น ภาษาอังกฤษ),รอบที่ 3 Admission รูปแบบใช้ผลคะแนนสอบ TGAT/TPAT,,0,10,93,10,71.6663,59.9997
มหาวิทยาลัยแม่ฟ้าหลวง,วิทยาเขตหลัก,10240113220501A,เทคโนโลยดิจิทัลประยุกต์,วท.บ. เทคโนโลยีมัลติมีเดียและการสรา้ ง ภาพเคลื่อนไหว (จัดการเรียนการสอนเป็น ภาษาอังกฤษ),รอบที่ 3 Admission รูปแบบใช้ผลคะแนนสอบ TGAT/TPAT เทคโนโลียมัลติมีเดียและการสรา้ ง ภาพเคลื่อนไหว TPAT2 TPAT3,,0,10,4,2,50.6164,50.5830
มหาวิทยาลัยแม่ฟ้าหลวง,วิทยาเขตหลัก,10240113220501A,เทคโนโลยดิจิทัลประยุกต์,วท.บ. เทคโนโลยีมัลติมีเดียและการสรา้ ง ภาพเคลื่อนไหว (จัดการเรียนการสอนเป็น ภาษาอังกฤษ),รอบที่ 3 Admission รูปแบบใช้ผลคะแนนสอบ A-Level เทคโนโลยีมัลติมีเดียและการ สรา้ งภาพเคลื่อนไหว คณิตศาสตร์ประยุก์ต1,,0,10,1,0,0.0000,0.0000
มหาวิทยาลัยแม่ฟ้าหลวง,วิทยาเขตหลัก,10240113220501A,เทคโนโลยดิจิทัลประยุกต์,วท.บ. เทคโนโลยีมัลติมีเดียและการสรา้ ง ภาพเคลื่อนไหว (จัดการเรียนการสอนเป็น ภาษาอังกฤษ),รอบที่ 3 Admission รูปแบบใช้ผลคะแนนสอบ A-Level เทคโนโลยีมัลติมีเดียและการ สรา้ งภาพเคลื่อนไหว คณิตศาสตร์ประยุก์ต2,,0,10,11,3,36.8750,23.1250
มหาวิทยาลัยแม่ฟ้าหลวง,วิทยาเขตหลัก,10240113220501A,เทคโนโลยดิจิทัลประยุกต์,วท.บ. เทคโนโลยีมัลติมีเดียและการสรา้ ง ภาพเคลื่อนไหว (จัดการเรียนการสอนเป็น ภาษาอังกฤษ),รอบที่ 3 Admission รูปแบบใช้ผลคะแนนสอบ TGAT/TPAT และ A-Level,,0,15,1,0,0.0000,0.0000
มหาวิทยาลัยแม่ฟ้าหลวง,วิทยาเขตหลัก,10240113220501A,เทคโนโลยดิจิทัลประยุกต์,วท.บ. เทคโนโลยีมัลติมีเดียและการสรา้ ง ภาพเคลื่อนไหว (จัดการเรียนการสอนเป็น ภาษาอังกฤษ),รอบที่ 3 Admission รูปแบบใช้ผลคะแนน GPAX TGAT/TPAT และ A-Level,,0,15,2,1,74.7914,74.7914
มหาวิทยาลัยแม่ฟ้าหลวง,วิทยาเขตหลัก,10240113300501A,เทคโนโลยดิจิทัลประยุกต์,วศ.บ. วิศวกรรมคอมพิวเตอร์(จัดการ เรียนการสอนเป็นภาษาอังกฤษ),รอบที่ 3 Admission รูปแบบใช้ผลคะแนนสอบ TGAT/TPAT,,0,20,108,20,73.6110,57.9163
มหาวิทยาลัยแม่ฟ้าหลวง,วิทยาเขตหลัก,10240113300501A,เทคโนโลยดิจิทัลประยุกต์,วศ.บ. วิศวกรรมคอมพิวเตอร์(จัดการ เรียนการสอนเป็นภาษาอังกฤษ),รอบที่ 3 Admission รูปแบบใช้ผลคะแนนสอบ TGAT/TPAT วิศวกรรม คอมพิวเตอร์TPAT3,,0,20,128,20,64.5830,49.1873
มหาวิทยาลัยแม่ฟ้าหลวง,วิทยาเขตหลัก,10240113300501A,เทคโนโลยดิจิทัลประยุกต์,วศ.บ. วิศวกรรมคอมพิวเตอร์(จัดการ เรียนการสอนเป็นภาษาอังกฤษ),รอบที่ 3 Admission รูปแบบใช้ผลคะแนนสอบ A-Level,,0,30,30,12,52.8750,27.7500
มหาวิทยาลัยแม่ฟ้าหลวง,วิทยาเขตหลัก,10240113301001A,เทคโนโลยดิจิทัลประยุกต์,วศ.บ. วิศวกรรมซอฟต์แวร์(จัดการเรียน การสอนเป็นภาษาอังกฤษ),รอบที่ 3 Admission รูปแบบใช้ผลคะแนนสอบ TGAT/TPAT,,0,10,85,10,72.7777,56.6663
มหาวิทยาลัยแม่ฟ้าหลวง,วิทยาเขตหลัก,10240113301001A,เทคโนโลยดิจิทัลประยุกต์,วศ.บ. วิศวกรรมซอฟต์แวร์(จัดการเรียน การสอนเป็นภาษาอังกฤษ),รอบที่ 3 Admission รูปแบบใช้ผลคะแนนสอบ TGAT/TPAT วิศวกรรม ซอฟต์แวร์TPAT3,,0,10,89,10,58.0205,49.2080
มหาวิทยาลัยแม่ฟ้าหลวง,วิทยาเขตหลัก,10240113301001A,เทคโนโลยดิจิทัลประยุกต์,วศ.บ. วิศวกรรมซอฟต์แวร์(จัดการเรียน การสอนเป็นภาษาอังกฤษ),รอบที่ 3 Admission รูปแบบใช้ผลคะแนนสอบ A-Level,,0,10,33,9,44.7500,26.2500
มหาวิทยาลัยแม่ฟ้าหลวง,วิทยาเขตหลัก,10240113301001A,เทคโนโลยดิจิทัลประยุกต์,วศ.บ. วิศวกรรมซอฟต์แวร์(จัดการเรียน การสอนเป็นภาษาอังกฤษ),รอบที่ 3 Admission รูปแบบใช้ผลคะแนนสอบ TGAT/TPAT และ A-Level,,0,15,15,4,61.6166,43.9164
มหาวิทยาลัยแม่ฟ้าหลวง,วิทยาเขตหลัก,10240113301001A,เทคโนโลยดิจิทัลประยุกต์,วศ.บ. วิศวกรรมซอฟต์แวร์(จัดการเรียน การสอนเป็นภาษาอังกฤษ),รอบที่ 3 Admission รูปแบบใช้ผลคะแนน GPAX TGAT/TPAT และ A-Level,,0,15,15,2,50.2067,44.5427
มหาวิทยาลัยแม่ฟ้าหลวง,วิทยาเขตหลัก,10240113301801A,เทคโนโลยดิจิทัลประยุกต์,วศ.บ. วิศวกรรมดิจิทัลและการสื่อสาร (จัดการเรียนการสอนเป็นภาษาอังกฤษ),รอบที่ 3 Admission รูปแบบใช้ผลคะแนนสอบ TGAT/TPAT,,0,20,44,20,63.1943,35.4163
มหาวิทยาลัยแม่ฟ้าหลวง,วิทยาเขตหลัก,10240113301801A,เทคโนโลยดิจิทัลประยุกต์,วศ.บ. วิศวกรรมดิจิทัลและการสื่อสาร (จัดการเรียนการสอนเป็นภาษาอังกฤษ),รอบที่ 3 Admission รูปแบบใช้ผลคะแนนสอบ TGAT/TPAT วิศวกรรมดิจิทัล และการสื่อสาร TPAT3,,0,20,23,7,53.2500,36.4790
มหาวิทยาลัยแม่ฟ้าหลวง,วิทยาเขตหลัก,10240113301801A,เทคโนโลยดิจิทัลประยุกต์,วศ.บ. วิศวกรรมดิจิทัลและการสื่อสาร (จัดการเรียนการสอนเป็นภาษาอังกฤษ),รอบที่ 3 Admission รูปแบบใช้ผลคะแนนสอบ A-Level,,0,10,3,0,0.0000,0.0000
มหาวิทยาลัยแม่ฟ้าหลวง,วิทยาเขตหลัก,10240113301801A,เทคโนโลยดิจิทัลประยุกต์,วศ.บ. วิศวกรรมดิจิทัลและการสื่อสาร (จัดการเรียนการสอนเป็นภาษาอังกฤษ),รอบที่ 3 Admission รูปแบบใช้ผลคะแนนสอบ A-Level วิศวกรรมดิจิทัลและการ สื่อสาร คณิตศาสตร์ประยุก์ต1,,0,10,2,1,16.5000,16.5000
มหาวิทยาลัยแม่ฟ้าหลวง,วิทยาเขตหลัก,10240113301801A,เทคโนโลยดิจิทัลประยุกต์,วศ.บ. วิศวกรรมดิจิทัลและการสื่อสาร (จัดการเรียนการสอนเป็นภาษาอังกฤษ),รอบที่ 3 Admission รูปแบบใช้ผลคะแนนสอบ A-Level วิศวกรรมดิจิทัลและการ สื่อสาร คณิตศาสตร์ประยุก์ต2,,0,10,1,1,23.0000,23.0000
มหาวิทยาลัยแม่ฟ้าหลวง,วิทยาเขตหลัก,10240113301801A,เทคโนโลยดิจิทัลประยุกต์,วศ.บ. วิศวกรรมดิจิทัลและการสื่อสาร (จัดการเรียนการสอนเป็นภาษาอังกฤษ),รอบที่ 3 Admission รูปแบบใช้ผลคะแนนสอบ TGAT/TPAT และ A-Level วิศวกรรมดิจิทัลและการ สื่อสาร คณิตศาสตร์ประยุก์ต1,,0,15,1,0,0.0000,0.0000
มหาวิทยาลัยแม่ฟ้าหลวง,วิทยาเขตหลัก,10240113301801A,เทคโนโลยดิจิทัลประยุกต์,วศ.บ. วิศวกรรมดิจิทัลและการสื่อสาร (จัดการเรียนการสอนเป็นภาษาอังกฤษ),รอบที่ 3 Admission รูปแบบใช้ผลคะแนนสอบ TGAT/TPAT และ A-Level วิศวกรรมดิจิทัลและการ สื่อสาร คณิตศาสตร์ประยุก์ต2,,0,15,0,0,0.0000,0.0000
มหาวิทยาลัยแม่ฟ้าหลวง,วิทยาเขตหลัก,10240113301801A,เทคโนโลยดิจิทัลประยุกต์,วศ.บ. วิศวกรรมดิจิทัลและการสื่อสาร (จัดการเรียนการสอนเป็นภาษาอังกฤษ),รอบที่ 3 Admission รูปแบบใช้ผลคะแนน GPAX TGAT/TPAT และ A-Level วิศวกรรมดิจิทัลและการ สื่อสาร คณิตศาสตร์ประยุก์ต1,,0,15,8,2,55.0776,51.1498
มหาวิทยาลัยแม่ฟ้าหลวง,วิทยาเขตหลัก,10240113301801A,เทคโนโลยดิจิทัลประยุกต์,วศ.บ. วิศวกรรมดิจิทัลและการสื่อสาร (จัดการเรียนการสอนเป็นภาษาอังกฤษ),รอบที่ 3 Admission รูปแบบใช้ผลคะแนน GPAX TGAT/TPAT และ A-Level วิศวกรรมดิจิทัลและการ สื่อสาร คณิตศาสตร์ประยุก์ต2,,0,15,3,1,58.2388,58.2388
มหาวิทยาลัยแม่ฟ้าหลวง,วิทยาเขตหลัก,10240114501101A,อุตสาหกรรมเกษตร,วท.บ. นวัตกรรมวิทยาศาสตร์และเทคโนโลยีอาหาร (จัดการเรียนการสอน เป็นภาษาอังกฤษ),รอบที่ 3 Admission รูปแบบใช้ผลคะแนนสอบ TGAT/TPAT,,0,30,39,6,61.9443,43.1943
มหาวิทยาลัยแม่ฟ้าหลวง,วิทยาเขตหลัก,10240114501101A,อุตสาหกรรมเกษตร,วท.บ. นวัตกรรมวิทยาศาสตร์และเทคโนโลยีอาหาร (จัดการเรียนการสอน เป็นภาษาอังกฤษ),รอบที่ 3 Admission รูปแบบใช้ผลคะแนนสอบ TGAT/TPAT นวัตกรรม วิทยาศาสตร์และเทคโนโลียอาหาร TPAT3,,0,30,39,11,51.6455,35.2080
มหาวิทยาลัยแม่ฟ้าหลวง,วิทยาเขตหลัก,10240114501101A,อุตสาหกรรมเกษตร,วท.บ. นวัตกรรมวิทยาศาสตร์และเทคโนโลยีอาหาร (จัดการเรียนการสอน เป็นภาษาอังกฤษ),รอบที่ 3 Admission รูปแบบใช้ผลคะแนนสอบ A-Level นวัตกรรมวิทยาศาสตร์และเทคโนโลยีอาหาร คณิตศาสตร์ประยุก์ต1,,0,30,1,0,0.0000,0.0000
มหาวิทยาลัยแม่ฟ้าหลวง,วิทยาเขตหลัก,10240114501101A,อุตสาหกรรมเกษตร,วท.บ. นวัตกรรมวิทยาศาสตร์และเทคโนโลยีอาหาร (จัดการเรียนการสอน เป็นภาษาอังกฤษ),รอบที่ 3 Admission รูปแบบใช้ผลคะแนนสอบ A-Level นวัตกรรมวิทยาศาสตร์และเทคโนโลยีอาหาร คณิตศาสตร์ประยุก์ต2,,0,30,1,0,0.0000,0.0000
มหาวิทยาลัยแม่ฟ้าหลวง,วิทยาเขตหลัก,10240114501101A,อุตสาหกรรมเกษตร,วท.บ. นวัตกรรมวิทยาศาสตร์และเทคโนโลยีอาหาร (จัดการเรียนการสอน เป็นภาษาอังกฤษ),รอบที่ 3 Admission รูปแบบใช้ผลคะแนนสอบ TGAT/TPAT และ A-Level,,0,25,0,0,0.0000,0.0000
มหาวิทยาลัยแม่ฟ้าหลวง,วิทยาเขตหลัก,10240114501101A,อุตสาหกรรมเกษตร,วท.บ. นวัตกรรมวิทยาศาสตร์และเทคโนโลยีอาหาร (จัดการเรียนการสอน เป็นภาษาอังกฤษ),รอบที่ 3 Admission รูปแบบใช้ผลคะแนน GPAX TGAT/TPAT และ A-Level,,0,25,0,0,0.0000,0.0000
มหาวิทยาลัยแม่ฟ้าหลวง,วิทยาเขตหลัก,10240114501102A,อุตสาหกรรมเกษตร,วท.บ. โลจิสติกส์เกษตรและอาหาร (จัดการเรียนการสอนเป็นภาษาอังกฤษ),รอบที่ 3 Admission รูปแบบใช้ผลคะแนนสอบ TGAT/TPAT,,0,20,27,11,55.8330,34.8610
มหาวิทยาลัยแม่ฟ้าหลวง,วิทยาเขตหลัก,10240114501102A,อุตสาหกรรมเกษตร,วท.บ. โลจิสติกส์เกษตรและอาหาร (จัดการเรียนการสอนเป็นภาษาอังกฤษ),รอบที่ 3 Admission รูปแบบใช้ผลคะแนนสอบ TGAT/TPAT โลจิสติก์สเกษตรและอาหาร TPAT3,,0,20,6,2,42.8330,41.7705
มหาวิทยาลัยแม่ฟ้าหลวง,วิทยาเขตหลัก,10240114501102A,อุตสาหกรรมเกษตร,วท.บ. โลจิสติกส์เกษตรและอาหาร (จัดการเรียนการสอนเป็นภาษาอังกฤษ),รอบที่ 3 Admission รูปแบบใช้ผลคะแนนสอบ A-Level โลจิสติกส์เกษตรและอาหาร คณิตศาสตร์ประยุก์ต1,,0,20,0,0,0.0000,0.0000
มหาวิทยาลัยแม่ฟ้าหลวง,วิทยาเขตหลัก,10240114501102A,อุตสาหกรรมเกษตร,วท.บ. โลจิสติกส์เกษตรและอาหาร (จัดการเรียนการสอนเป็นภาษาอังกฤษ),รอบที่ 3 Admission รูปแบบใช้ผลคะแนนสอบ A-Level โลจิสติกส์เกษตรและอาหาร คณิตศาสตร์ประยุก์ต2,,0,20,4,0,0.0000,0.0000
มหาวิทยาลัยแม่ฟ้าหลวง,วิทยาเขตหลัก,10240114501102A,อุตสาหกรรมเกษตร,วท.บ. โลจิสติกส์เกษตรและอาหาร (จัดการเรียนการสอนเป็นภาษาอังกฤษ),รอบที่ 3 Admission รูปแบบใช้ผลคะแนนสอบ TGAT/TPAT และ A-Level โลจิสติกส์เกษตรและอาหาร คณิตศาสตร์ประยุก์ต1,,0,15,0,0,0.0000,0.0000
มหาวิทยาลัยแม่ฟ้าหลวง,วิทยาเขตหลัก,10240114501102A,อุตสาหกรรมเกษตร,วท.บ. โลจิสติกส์เกษตรและอาหาร (จัดการเรียนการสอนเป็นภาษาอังกฤษ),รอบที่ 3 Admission รูปแบบใช้ผลคะแนนสอบ TGAT/TPAT และ A-Level โลจิสติกส์เกษตรและอาหาร คณิตศาสตร์ประยุก์ต2,,0,15,0,0,0.0000,0.0000
มหาวิทยาลัยแม่ฟ้าหลวง,วิทยาเขตหลัก,10240114501102A,อุตสาหกรรมเกษตร,วท.บ. โลจิสติกส์เกษตรและอาหาร (จัดการเรียนการสอนเป็นภาษาอังกฤษ),รอบที่ 3 Admission รูปแบบใช้ผลคะแนน GPAX TGAT/TPAT และ A-Level โลจิสติกส์เกษตรและอาหาร คณิตศาสตร์ประยุก์ต1,,0,15,0,0,0.0000,0.0000
มหาวิทยาลัยแม่ฟ้าหลวง,วิทยาเขตหลัก,10240114501102A,อุตสาหกรรมเกษตร,วท.บ. โลจิสติกส์เกษตรและอาหาร (จัดการเรียนการสอนเป็นภาษาอังกฤษ),รอบที่ 3 Admission รูปแบบใช้ผลคะแนน GPAX TGAT/TPAT และ A-Level โลจิสติกส์เกษตรและอาหาร คณิตศาสตร์ประยุก์ต2,,0,15,2,0,0.0000,0.0000
มหาวิทยาลัยแม่ฟ้าหลวง,วิทยาเขตหลัก,10240114501103F,อุตสาหกรรมเกษตร,วท.บ. โลจิสติกส์เกษตรและอาหาร และ บธ.บ. การจัดการโลจิสติกส์และโซ่อุปทาน (จัดการเรียนการสอนเป็นภาษาอังกฤษ),รอบที่ 3 Admission รูปแบบใช้ผลคะแนนสอบ TGAT/TPAT,,0,20,13,6,61.9443,32.3610
มหาวิทยาลัยแม่ฟ้าหลวง,วิทยาเขตหลัก,10240114501103F,อุตสาหกรรมเกษตร,วท.บ. โลจิสติกส์เกษตรและอาหาร และ บธ.บ. การจัดการโลจิสติกส์และโซ่อุปทาน (จัดการเรียนการสอนเป็นภาษาอังกฤษ),รอบที่ 3 Admission รูปแบบใช้ผลคะแนนสอบ TGAT/TPAT โลจิสติก์สเกษตรและอาหาร และการ จัดการโลจิสติกส์และโซ่ อุปทาน TPAT3,,0,20,6,3,47.1455,37.0415
มหาวิทยาลัยแม่ฟ้าหลวง,วิทยาเขตหลัก,10240114501103F,อุตสาหกรรมเกษตร,วท.บ. โลจิสติกส์เกษตรและอาหาร และ บธ.บ. การจัดการโลจิสติกส์และโซ่อุปทาน (จัดการเรียนการสอนเป็นภาษาอังกฤษ),รอบที่ 3 Admission รูปแบบใช้ผลคะแนนสอบ A-Level โลจิสติกส์เกษตรและอาหาร และการจัดการโลจิสติกส์และ โซ่อุปทาน คณิตศาสต์รประยุก์ต1,,0,20,0,0,0.0000,0.0000
มหาวิทยาลัยแม่ฟ้าหลวง,วิทยาเขตหลัก,10240114501103F,อุตสาหกรรมเกษตร,วท.บ. โลจิสติกส์เกษตรและอาหาร และ บธ.บ. การจัดการโลจิสติกส์และโซ่อุปทาน (จัดการเรียนการสอนเป็นภาษาอังกฤษ),รอบที่ 3 Admission รูปแบบใช้ผลคะแนนสอบ A-Level โลจิสติกส์เกษตรและอาหาร และการจัดการโลจิสติกส์และ โซ่อุปทาน คณิตศาสต์รประยุก์ต2,,0,20,2,0,0.0000,0.0000
มหาวิทยาลัยแม่ฟ้าหลวง,วิทยาเขตหลัก,10240114501103F,อุตสาหกรรมเกษตร,วท.บ. โลจิสติกส์เกษตรและอาหาร และ บธ.บ. การจัดการโลจิสติกส์และโซ่อุปทาน (จัดการเรียนการสอนเป็นภาษาอังกฤษ),รอบที่ 3 Admission รูปแบบใช้ผลคะแนนสอบ TGAT/TPAT และ A-Level โลจิสติกส์เกษตรและอาหาร และการจัดการโลจิสติกส์และ โซ่อุปทาน คณิตศาสต์รประยุก์ต1,,0,15,0,0,0.0000,0.0000
มหาวิทยาลัยแม่ฟ้าหลวง,วิทยาเขตหลัก,10240114501103F,อุตสาหกรรมเกษตร,วท.บ. โลจิสติกส์เกษตรและอาหาร และ บธ.บ. การจัดการโลจิสติกส์และโซ่อุปทาน (จัดการเรียนการสอนเป็นภาษาอังกฤษ),รอบที่ 3 Admission รูปแบบใช้ผลคะแนนสอบ TGAT/TPAT และ A-Level โลจิสติกส์เกษตรและอาหาร และการจัดการโลจิสติกส์และ โซ่อุปทาน คณิตศาสต์รประยุก์ต2,,0,15,0,0,0.0000,0.0000
มหาวิทยาลัยแม่ฟ้าหลวง,วิทยาเขตหลัก,10240114501103F,อุตสาหกรรมเกษตร,วท.บ. โลจิสติกส์เกษตรและอาหาร และ บธ.บ. การจัดการโลจิสติกส์และโซ่อุปทาน (จัดการเรียนการสอนเป็นภาษาอังกฤษ),รอบที่ 3 Admission รูปแบบใช้ผลคะแนน GPAX TGAT/TPAT และ A-Level โลจิสติกส์เกษตรและอาหาร และการจัดการโลจิสติกส์และ โซ่อุปทาน คณิตศาสต์รประยุก์ต1,,0,15,0,0,0.0000,0.0000
มหาวิทยาลัยแม่ฟ้าหลวง,วิทยาเขตหลัก,10240114501103F,อุตสาหกรรมเกษตร,วท.บ. โลจิสติกส์เกษตรและอาหาร และ บธ.บ. การจัดการโลจิสติกส์และโซ่อุปทาน (จัดการเรียนการสอนเป็นภาษาอังกฤษ),รอบที่ 3 Admission รูปแบบใช้ผลคะแนน GPAX TGAT/TPAT และ A-Level โลจิสติกส์เกษตรและอาหาร และการจัดการโลจิสติกส์และ โซ่อุปทาน คณิตศาสต์รประยุก์ต2,,0,15,1,0,0.0000,0.0000
มหาวิทยาลัยแม่ฟ้าหลวง,วิทยาเขตหลัก,10240116901001A,นิติศาสตร์,น.บ. นิติศาสตร์,รอบที่ 3 Admission รูปแบบใช้ผลคะแนนสอบ TGAT/TPAT,,0,100,843,100,77.7777,54.5833
มหาวิทยาลัยแม่ฟ้าหลวง,วิทยาเขตหลัก,10240116901001A,นิติศาสตร์,น.บ. นิติศาสตร์,รอบที่ 3 Admission รูปแบบใช้ผลคะแนนสอบ A-Level,,0,100,924,99,66.5833,49.8333
มหาวิทยาลัยแม่ฟ้าหลวง,วิทยาเขตหลัก,10240116901002A,นิติศาสตร์,น.บ. กฏหมายธุรกิจและการสื่อสารด้วย ภาษาจีน (จัดการเรียนการสอนเป็น ภาษาอังกฤษ),รอบที่ 3 Admission รูปแบบใช้ผลคะแนนสอบ TGAT/TPAT,,0,10,106,9,64.1663,53.8887
มหาวิทยาลัยแม่ฟ้าหลวง,วิทยาเขตหลัก,10240116901002A,นิติศาสตร์,น.บ. กฏหมายธุรกิจและการสื่อสารด้วย ภาษาจีน (จัดการเรียนการสอนเป็น ภาษาอังกฤษ),รอบที่ 3 Admission รูปแบบใช้ผลคะแนนสอบ A-Level,,0,10,78,10,64.5000,49.1667
มหาวิทยาลัยแม่ฟ้าหลวง,วิทยาเขตหลัก,10240116901002A,นิติศาสตร์,น.บ. กฏหมายธุรกิจและการสื่อสารด้วย ภาษาจีน (จัดการเรียนการสอนเป็น ภาษาอังกฤษ),รอบที่ 3 Admission รูปแบบใช้ผลคะแนนสอบ A-Level กฏหมายธุรกิจและการ สื่อสารด้วยภาษาจีน (ใช้ ภาษาจีน),,0,10,16,9,58.3750,0.0000
มหาวิทยาลัยแม่ฟ้าหลวง,วิทยาเขตหลัก,10240117213501A,วิทยาศาสตร์เครื่องสำอาง,วท.บ. วิทยาศาสตร์เครื่องสำอาง (จัดการ เรียนการสอนเป็นภาษาอังกฤษ),รอบที่ 3 Admission รูปแบบใช้ผลคะแนนสอบ TGAT/TPAT,,0,25,158,25,63.1660,53.5000
มหาวิทยาลัยแม่ฟ้าหลวง,วิทยาเขตหลัก,10240117213501A,วิทยาศาสตร์เครื่องสำอาง,วท.บ. วิทยาศาสตร์เครื่องสำอาง (จัดการ เรียนการสอนเป็นภาษาอังกฤษ),รอบที่ 3 Admission รูปแบบใช้ผลคะแนนสอบ A-Level,,0,25,127,25,44.3750,33.2875
มหาวิทยาลัยแม่ฟ้าหลวง,วิทยาเขตหลัก,10240117213502A,วิทยาศาสตร์เครื่องสำอาง,วท.บ. เทคโนโลยีความงาม (จัดการเรียน การสอนเป็นภาษาอังกฤษ),รอบที่ 3 Admission รูปแบบใช้ผลคะแนนสอบ TGAT/TPAT,,0,30,101,30,66.8330,38.3330
มหาวิทยาลัยแม่ฟ้าหลวง,วิทยาเขตหลัก,10240117213502A,วิทยาศาสตร์เครื่องสำอาง,วท.บ. เทคโนโลยีความงาม (จัดการเรียน การสอนเป็นภาษาอังกฤษ),รอบที่ 3 Admission รูปแบบใช้ผลคะแนนสอบ A-Level,,0,30,68,24,47.0625,22.8625
มหาวิทยาลัยแม่ฟ้าหลวง,วิทยาเขตหลัก,10240117213502A,วิทยาศาสตร์เครื่องสำอาง,วท.บ. เทคโนโลยีความงาม (จัดการเรียน การสอนเป็นภาษาอังกฤษ),รอบที่ 3 Admission รูปแบบใช้ผลคะแนนสอบ TGAT/TPAT และ A-Level,,0,20,8,2,30.8332,25.8138
มหาวิทยาลัยแม่ฟ้าหลวง,วิทยาเขตหลัก,10240118112001A,วิทยาศาสตร์สุขภาพ,วท.บ. วิทยาศาสตร์การกีฬาและสุขภาพ (จัดการเรียนการสอนเป็นภาษาอังกฤษ),รอบที่ 3 Admission รูปแบบใช้ผลคะแนนสอบ TGAT/TPAT,,0,20,113,20,54.0277,44.1663
มหาวิทยาลัยแม่ฟ้าหลวง,วิทยาเขตหลัก,10240118112001A,วิทยาศาสตร์สุขภาพ,วท.บ. วิทยาศาสตร์การกีฬาและสุขภาพ (จัดการเรียนการสอนเป็นภาษาอังกฤษ),รอบที่ 3 Admission รูปแบบใช้ผลคะแนนสอบ A-Level,,0,10,54,10,70.0000,30.0000
มหาวิทยาลัยแม่ฟ้าหลวง,วิทยาเขตหลัก,10240118112001A,วิทยาศาสตร์สุขภาพ,วท.บ. วิทยาศาสตร์การกีฬาและสุขภาพ (จัดการเรียนการสอนเป็นภาษาอังกฤษ),รอบที่ 3 Admission รูปแบบใช้ผลคะแนนสอบ A-Level วิทยาศาสตร์การกีฬาและ สุขภาพ คณิตศาสตร์ประยุก์ต1,,0,10,16,2,27.7500,24.1250
มหาวิทยาลัยแม่ฟ้าหลวง,วิทยาเขตหลัก,10240118112001A,วิทยาศาสตร์สุขภาพ,วท.บ. วิทยาศาสตร์การกีฬาและสุขภาพ (จัดการเรียนการสอนเป็นภาษาอังกฤษ),รอบที่ 3 Admission รูปแบบใช้ผลคะแนนสอบ A-Level วิทยาศาสตร์การกีฬาและ สุขภาพ คณิตศาสตร์ประยุก์ต2,,0,10,13,0,0.0000,0.0000
มหาวิทยาลัยแม่ฟ้าหลวง,วิทยาเขตหลัก,10240118112701A,วิทยาศาสตร์สุขภาพ,ส.บ. สาธารณสุขศาสตร์(จัดการเรียนการ สอนเป็นภาษาอังกฤษ),รอบที่ 3 Admission รูปแบบใช้ผลคะแนนสอบ TGAT/TPAT,,0,15,213,15,64.4443,54.9997
มหาวิทยาลัยแม่ฟ้าหลวง,วิทยาเขตหลัก,10240118112701A,วิทยาศาสตร์สุขภาพ,ส.บ. สาธารณสุขศาสตร์(จัดการเรียนการ สอนเป็นภาษาอังกฤษ),รอบที่ 3 Admission รูปแบบใช้ผลคะแนนสอบ TGAT/TPAT สาธารณสุข ศาสตร์TPAT3,,0,15,102,15,57.8123,51.3958
มหาวิทยาลัยแม่ฟ้าหลวง,วิทยาเขตหลัก,10240118112701A,วิทยาศาสตร์สุขภาพ,ส.บ. สาธารณสุขศาสตร์(จัดการเรียนการ สอนเป็นภาษาอังกฤษ),รอบที่ 3 Admission รูปแบบใช้ผลคะแนนสอบ A-Level,,0,30,53,27,38.1250,20.8750
มหาวิทยาลัยแม่ฟ้าหลวง,วิทยาเขตหลัก,10240118112702A,วิทยาศาสตร์สุขภาพ,วท.บ. อนามัยสิ่งแวดล้อม (จัดการเรียน การสอนเป็นภาษาอังกฤษ),รอบที่ 3 Admission รูปแบบใช้ผลคะแนนสอบ TGAT/TPAT,,0,30,53,24,60.4163,37.6387
มหาวิทยาลัยแม่ฟ้าหลวง,วิทยาเขตหลัก,10240118112702A,วิทยาศาสตร์สุขภาพ,วท.บ. อนามัยสิ่งแวดล้อม (จัดการเรียน การสอนเป็นภาษาอังกฤษ),รอบที่ 3 Admission รูปแบบใช้ผลคะแนนสอบ A-Level,,0,20,14,3,53.9750,35.8750
มหาวิทยาลัยแม่ฟ้าหลวง,วิทยาเขตหลัก,10240118112702A,วิทยาศาสตร์สุขภาพ,วท.บ. อนามัยสิ่งแวดล้อม (จัดการเรียน การสอนเป็นภาษาอังกฤษ),รอบที่ 3 Admission รูปแบบใช้ผลคะแนนสอบ A-Level อนามัยสิ่งแวดล้อม คณิตศาสตร์ประยุก์ต1,,0,20,5,1,29.6875,29.6875
มหาวิทยาลัยแม่ฟ้าหลวง,วิทยาเขตหลัก,10240118112702A,วิทยาศาสตร์สุขภาพ,วท.บ. อนามัยสิ่งแวดล้อม (จัดการเรียน การสอนเป็นภาษาอังกฤษ),รอบที่ 3 Admission รูปแบบใช้ผลคะแนนสอบ A-Level อนามัยสิ่งแวดล้อม คณิตศาสตร์ประยุก์ต2,,0,20,8,2,36.1833,33.3667
มหาวิทยาลัยแม่ฟ้าหลวง,วิทยาเขตหลัก,10240118112703A,วิทยาศาสตร์สุขภาพ,วท.บ. อาชีวอนามัยและความปลอดภัย (จัดการเรียนการสอนเป็นภาษาอังกฤษ),รอบที่ 3 Admission รูปแบบใช้ผลคะแนนสอบ TGAT/TPAT,,0,20,28,13,61.6873,44.4163
มหาวิทยาลัยแม่ฟ้าหลวง,วิทยาเขตหลัก,10240118112703A,วิทยาศาสตร์สุขภาพ,วท.บ. อาชีวอนามัยและความปลอดภัย (จัดการเรียนการสอนเป็นภาษาอังกฤษ),รอบที่ 3 Admission รูปแบบใช้ผลคะแนนสอบ A-Level,,0,20,25,11,41.4000,27.5000
มหาวิทยาลัยแม่ฟ้าหลวง,วิทยาเขตหลัก,10240118112703A,วิทยาศาสตร์สุขภาพ,วท.บ. อาชีวอนามัยและความปลอดภัย (จัดการเรียนการสอนเป็นภาษาอังกฤษ),รอบที่ 3 Admission รูปแบบใช้ผลคะแนนสอบ A-Level อาชีวอนามัยและความ ปลอดภัย คณิตศาสต์รประยุก์ต1,,0,20,23,6,41.7625,22.0250
มหาวิทยาลัยแม่ฟ้าหลวง,วิทยาเขตหลัก,10240118112703A,วิทยาศาสตร์สุขภาพ,วท.บ. อาชีวอนามัยและความปลอดภัย (จัดการเรียนการสอนเป็นภาษาอังกฤษ),รอบที่ 3 Admission รูปแบบใช้ผลคะแนนสอบ A-Level อาชีวอนามัยและความ ปลอดภัย คณิตศาสต์รประยุก์ต2,,0,20,21,10,38.0000,28.3333
มหาวิทยาลัยแม่ฟ้าหลวง,วิทยาเขตหลัก,10240118112703A,วิทยาศาสตร์สุขภาพ,วท.บ. อาชีวอนามัยและความปลอดภัย (จัดการเรียนการสอนเป็นภาษาอังกฤษ),รอบที่ 3 Admission รูปแบบใช้ผลคะแนนสอบ TGAT/TPAT และ A-Level,,0,15,2,0,0.0000,0.0000
มหาวิทยาลัยแม่ฟ้าหลวง,วิทยาเขตหลัก,10240118112703A,วิทยาศาสตร์สุขภาพ,วท.บ. อาชีวอนามัยและความปลอดภัย (จัดการเรียนการสอนเป็นภาษาอังกฤษ),รอบที่ 3 Admission รูปแบบใช้ผลคะแนน GPAX TGAT/TPAT และ A-Level,,0,15,30,12,66.9270,55.3178
มหาวิทยาลัยแม่ฟ้าหลวง,วิทยาเขตหลัก,10240119111701A,พยาบาลศาสตร์,พย.บ. พยาบาลศาสตร์(จัดการเรียนการ สอนเป็นภาษาอังกฤษ),รอบที่ 3 Admission รูปแบบใช้ผลคะแนนสอบ A-Level,,0,80,747,80,57.8375,46.6875
มหาวิทยาลัยแม่ฟ้าหลวง,วิทยาเขตหลัก,10240123900501A,นวัตกรรมสังคม,ศศ.บ. การพัฒนาระหวา่ งประเทศ (จัดการ เรียนการสอนเป็นภาษาอังกฤษ),รอบที่ 3 Admission รูปแบบใช้ผลคะแนนสอบ TGAT/TPAT,,0,10,58,10,62.0830,54.8610
มหาวิทยาลัยแม่ฟ้าหลวง,วิทยาเขตหลัก,10240123900501A,นวัตกรรมสังคม,ศศ.บ. การพัฒนาระหวา่ งประเทศ (จัดการ เรียนการสอนเป็นภาษาอังกฤษ),รอบที่ 3 Admission รูปแบบใช้ผลคะแนนสอบ A-Level,,0,10,76,8,85.0000,53.7500
มหาวิทยาลัยแม่ฟ้าหลวง,วิทยาเขตหลัก,10240123900501A,นวัตกรรมสังคม,ศศ.บ. การพัฒนาระหวา่ งประเทศ (จัดการ เรียนการสอนเป็นภาษาอังกฤษ),รอบที่ 3 Admission รูปแบบใช้ผลคะแนนสอบ TGAT/TPAT และ A-Level,,0,10,10,1,60.6250,60.6250
มหาวิทยาลัยแม่ฟ้าหลวง,วิทยาเขตหลัก,10240123900501A,นวัตกรรมสังคม,ศศ.บ. การพัฒนาระหวา่ งประเทศ (จัดการ เรียนการสอนเป็นภาษาอังกฤษ),รอบที่ 3 Admission รูปแบบใช้ผลคะแนน GPAX TGAT/TPAT และ A-Level,,0,10,31,9,86.1624,54.0624
มหาวิทยาลัยแม่ฟ้าหลวง,วิทยาเขตหลัก,10240124702001A,จีนวิทยา,ศษ.บ. การสอนภาษาจีน (จัดการเรียนการ สอนเป็นภาษาอังกฤษ),รอบที่ 3 Admission รูปแบบใช้ผลคะแนนสอบ TGAT/TPAT,,0,8,52,8,59.4443,53.8887
มหาวิทยาลัยแม่ฟ้าหลวง,วิทยาเขตหลัก,10240124702001A,จีนวิทยา,ศษ.บ. การสอนภาษาจีน (จัดการเรียนการ สอนเป็นภาษาอังกฤษ),รอบที่ 3 Admission รูปแบบใช้ผลคะแนนสอบ TGAT/TPAT การสอน ภาษาจีน TPAT5,,0,8,40,8,66.1248,57.0833
มหาวิทยาลัยแม่ฟ้าหลวง,วิทยาเขตหลัก,10240124702001A,จีนวิทยา,ศษ.บ. การสอนภาษาจีน (จัดการเรียนการ สอนเป็นภาษาอังกฤษ),รอบที่ 3 Admission รูปแบบใช้ผลคะแนนสอบ A-Level การสอนภาษาจีน (ใช้ภาษาจีน),,0,6,19,6,59.8125,46.5625
มหาวิทยาลัยแม่ฟ้าหลวง,วิทยาเขตหลัก,10240124702001A,จีนวิทยา,ศษ.บ. การสอนภาษาจีน (จัดการเรียนการ สอนเป็นภาษาอังกฤษ),รอบที่ 3 Admission รูปแบบใช้ผลคะแนนสอบ TGAT/TPAT และ A-Level การสอนภาษาจีน (ใช้ภาษาจีน),,0,6,3,0,0.0000,0.0000
มหาวิทยาลัยแม่ฟ้าหลวง,วิทยาเขตหลัก,10240124702001A,จีนวิทยา,ศษ.บ. การสอนภาษาจีน (จัดการเรียนการ สอนเป็นภาษาอังกฤษ),รอบที่ 3 Admission รูปแบบใช้ผลคะแนน GPAX TGAT/TPAT และ A-Level การสอนภาษาจีน (ใช้ภาษาจีน),,0,6,6,1,63.4208,63.4208
มหาวิทยาลัยแม่ฟ้าหลวง,วิทยาเขตหลัก,10240124901801A,จีนวิทยา,ศศ.บ. จีนศึกษา (จัดการเรียนการสอน เป็นภาษาอังกฤษ),รอบที่ 3 Admission รูปแบบใช้ผลคะแนนสอบ TGAT/TPAT,,0,15,98,15,75.6943,53.7497
มหาวิทยาลัยแม่ฟ้าหลวง,วิทยาเขตหลัก,10240124901801A,จีนวิทยา,ศศ.บ. จีนศึกษา (จัดการเรียนการสอน เป็นภาษาอังกฤษ),รอบที่ 3 Admission รูปแบบใช้ผลคะแนนสอบ A-Level จีนศึกษา (ใช้ภาษาจีน),,0,15,21,3,48.7500,43.5625
มหาวิทยาลัยแม่ฟ้าหลวง,วิทยาเขตหลัก,10240124901801A,จีนวิทยา,ศศ.บ. จีนศึกษา (จัดการเรียนการสอน เป็นภาษาอังกฤษ),รอบที่ 3 Admission รูปแบบใช้ผลคะแนนสอบ TGAT/TPAT และ A-Level จีนศึกษา (ใช้ภาษาจีน),,0,15,2,0,0.0000,0.0000
มหาวิทยาลัยแม่ฟ้าหลวง,วิทยาเขตหลัก,10240124901801A,จีนวิทยา,ศศ.บ. จีนศึกษา (จัดการเรียนการสอน เป็นภาษาอังกฤษ),รอบที่ 3 Admission รูปแบบใช้ผลคะแนน GPAX TGAT/TPAT และ A-Level จีนศึกษา (ใช้ภาษาจีน),,0,15,13,5,63.8860,54.6415
มหาวิทยาลัยแม่ฟ้าหลวง,วิทยาเขตหลัก,10240124901802A,จีนวิทยา,ศศ.บ. ภาษาจีนธุรกิจ (จัดการเรียนการ สอนเป็นภาษาอังกฤษ),รอบที่ 3 Admission รูปแบบใช้ผลคะแนนสอบ TGAT/TPAT,,0,20,152,20,81.6660,58.3330
มหาวิทยาลัยแม่ฟ้าหลวง,วิทยาเขตหลัก,10240124901802A,จีนวิทยา,ศศ.บ. ภาษาจีนธุรกิจ (จัดการเรียนการ สอนเป็นภาษาอังกฤษ),รอบที่ 3 Admission รูปแบบใช้ผลคะแนนสอบ A-Level ภาษาจีนธุรกิจ (ใช้ภาษาจีน),,0,20,28,8,59.3750,46.2500
มหาวิทยาลัยแม่ฟ้าหลวง,วิทยาเขตหลัก,10240124901802A,จีนวิทยา,ศศ.บ. ภาษาจีนธุรกิจ (จัดการเรียนการ สอนเป็นภาษาอังกฤษ),รอบที่ 3 Admission รูปแบบใช้ผลคะแนนสอบ TGAT/TPAT และ A-Level,,0,20,24,8,56.4375,43.3958
มหาวิทยาลัยแม่ฟ้าหลวง,วิทยาเขตหลัก,10240124901802A,จีนวิทยา,ศศ.บ. ภาษาจีนธุรกิจ (จัดการเรียนการ สอนเป็นภาษาอังกฤษ),รอบที่ 3 Admission รูปแบบใช้ผลคะแนนสอบ TGAT/TPAT และ A-Level ภาษาจีนธุรกิจ (ใช้ภาษาจีน),,0,30,29,10,54.6500,45.5166
มหาวิทยาลัยแม่ฟ้าหลวง,วิทยาเขตหลัก,10240124901803A,จีนวิทยา,ศศ.บ. ภาษาและวัฒนธรรมจีน (จัดการ เรียนการสอนเป็นภาษาอังกฤษ),รอบที่ 3 Admission รูปแบบใช้ผลคะแนนสอบ TGAT/TPAT,,0,15,73,15,64.4440,54.8610
มหาวิทยาลัยแม่ฟ้าหลวง,วิทยาเขตหลัก,10240124901803A,จีนวิทยา,ศศ.บ. ภาษาและวัฒนธรรมจีน (จัดการ เรียนการสอนเป็นภาษาอังกฤษ),รอบที่ 3 Admission รูปแบบใช้ผลคะแนนสอบ A-Level ภาษาและวัฒนธรรมจีน (ใช้ ภาษาจีน),,0,15,50,15,63.4167,43.0833
มหาวิทยาลัยแม่ฟ้าหลวง,วิทยาเขตหลัก,10240124901803A,จีนวิทยา,ศศ.บ. ภาษาและวัฒนธรรมจีน (จัดการ เรียนการสอนเป็นภาษาอังกฤษ),รอบที่ 3 Admission รูปแบบใช้ผลคะแนนสอบ TGAT/TPAT และ A-Level ภาษาและวัฒนธรรมจีน (ใช้ ภาษาจีน),,0,15,7,2,50.1665,45.3333
มหาวิทยาลัยแม่ฟ้าหลวง,วิทยาเขตหลัก,10240124901803A,จีนวิทยา,ศศ.บ. ภาษาและวัฒนธรรมจีน (จัดการ เรียนการสอนเป็นภาษาอังกฤษ),รอบที่ 3 Admission รูปแบบใช้ผลคะแนน GPAX TGAT/TPAT และ A-Level ภาษาและวัฒนธรรมจีน (ใช้ ภาษาจีน),,0,15,39,12,80.3623,55.2000
มหาวิทยาลัยแม่ฟ้าหลวง,วิทยาเขตหลัก,10240125110101A,การแพทย์บูรณาการ,กภ.บ. กายภาพบำบัด (จัดการเรียนการ สอนเป็นภาษาอังกฤษ),รอบที่ 3 Admission รูปแบบใช้ผลคะแนน GPAX TGAT/TPAT และ A-Level,,0,52,58,22,62.1388,46.3194
มหาวิทยาลัยแม่ฟ้าหลวง,วิทยาเขตหลัก,10240125110501A,การแพทย์บูรณาการ,พจ.บ. การแพทย์แผนจีน (จัดการเรียน การสอนเป็นภาษาอังกฤษ),รอบที่ 3 Admission รูปแบบใช้ผลคะแนนสอบ TGAT/TPAT และ A-Level,,0,10,19,10,61.1868,46.5713
มหาวิทยาลัยแม่ฟ้าหลวง,วิทยาเขตหลัก,10240125110501A,การแพทย์บูรณาการ,พจ.บ. การแพทย์แผนจีน (จัดการเรียน การสอนเป็นภาษาอังกฤษ),รอบที่ 3 Admission รูปแบบใช้ผลคะแนน GPAX TGAT/TPAT และ A-Level,,0,10,72,10,68.1991,60.6810
มหาวิทยาลัยแม่ฟ้าหลวง,วิทยาเขตหลัก,10240125110701A,การแพทย์บูรณาการ,พทป.บ. การแพทย์แผนไทยประยุก์ต(จัดการเรียนการสอนเป็นภาษาอังกฤษ),รอบที่ 3 Admission รูปแบบใช้ผลคะแนน GPAX TGAT/TPAT และ A-Level,,0,45,145,45,54.1910,38.4311
มหาวิทยาลัยนราธิวาสราชนครินทร์,วิทยาเขตหลัก,10250104111701A,พยาบาลศาสตร์,พยาบาลศาสตร์,,,0,31,"1,028",31,54.9750,42.2750
มหาวิทยาลัยนราธิวาสราชนครินทร์,วิทยาเขตหลัก,10250105300501A,วิศวกรรมศาสตร์,วิศวกรรมคอมพิวเตอร์,,,0,20,85,20,99.0000,81.2500
มหาวิทยาลัยนราธิวาสราชนครินทร์,วิทยาเขตหลัก,10250105300701A,วิศวกรรมศาสตร์,วิศวกรรมเครื่องกล,,,0,20,50,17,87.2500,0.0000
มหาวิทยาลัยนราธิวาสราชนครินทร์,วิทยาเขตหลัก,10250105301601A,วิศวกรรมศาสตร์,วิศวกรรมไฟฟ้า,,,0,25,62,25,95.5000,66.2500
มหาวิทยาลัยนราธิวาสราชนครินทร์,วิทยาเขตหลัก,10250105302101A,วิศวกรรมศาสตร์,วิศวกรรมโยธา,,,0,15,82,15,######,85.2500
มหาวิทยาลัยนราธิวาสราชนครินทร์,วิทยาเขตหลัก,10250105303501A,วิศวกรรมศาสตร์,วิศวกรรมอุตสาหการ,,,0,30,34,7,98.0000,54.0000
มหาวิทยาลัยนราธิวาสราชนครินทร์,วิทยาเขตหลัก,10250106500201A,เกษตรศาสตร์,เกษตรศาสตร์,,,0,20,30,9,88.0000,0.0000
มหาวิทยาลัยนราธิวาสราชนครินทร์,วิทยาเขตหลัก,10250107610201A,วิทยาการจัดการ,การจัดการ,,,0,25,37,8,89.7500,67.5000
มหาวิทยาลัยนราธิวาสราชนครินทร์,วิทยาเขตหลัก,10250107610501A,วิทยาการจัดการ,การบัญชี,,,0,30,102,30,94.2500,70.2500
มหาวิทยาลัยนราธิวาสราชนครินทร์,วิทยาเขตหลัก,10250107610601A,วิทยาการจัดการ,การตลาดดิจิทัล,,,0,20,21,7,94.5000,56.2500
มหาวิทยาลัยนราธิวาสราชนครินทร์,วิทยาเขตหลัก,10250107610901A,วิทยาการจัดการ,เทคโนโลยีดิจิทัลเพื่อธุรกิจ,,,0,20,10,3,94.5000,61.5000
มหาวิทยาลัยนราธิวาสราชนครินทร์,วิทยาเขตหลัก,10250107903101A,วิทยาการจัดการ,รัฐประศาสนศาสตร์,,,0,50,84,46,94.7500,53.2500
มหาวิทยาลัยนราธิวาสราชนครินทร์,วิทยาเขตหลัก,10250109902701E,สถาบันอิสลามและอาหรับศึกษา,ภาษาอาหรับ(หลักสูตรนานาชาต)ิ,,,0,15,20,7,97.5000,55.0000
มหาวิทยาลัยนราธิวาสราชนครินทร์,วิทยาเขตหลัก,10250109902901A,สถาบันอิสลามและอาหรับศึกษา,กฎหมายอิสลาม,,,0,15,11,5,97.0000,59.0000
มหาวิทยาลัยนราธิวาสราชนครินทร์,วิทยาเขตหลัก,10250109902902A,สถาบันอิสลามและอาหรับศึกษา,อิสลามศึกษา,,,0,15,27,11,89.0000,61.7500
มหาวิทยาลัยนราธิวาสราชนครินทร์,วิทยาเขตหลัก,10250110210001A,วิทยาศาสตร์และเทคโนโลยี,วิทยาศาสตร์ทั่วไป,,,0,34,48,22,98.7500,0.0000
มหาวิทยาลัยนราธิวาสราชนครินทร์,วิทยาเขตหลัก,10250110210002A,วิทยาศาสตร์และเทคโนโลยี,วิทยาศาสตร์,,,0,27,51,20,94.7500,0.0000
มหาวิทยาลัยนราธิวาสราชนครินทร์,วิทยาเขตหลัก,10250110210701A,วิทยาศาสตร์และเทคโนโลยี,ชีววิทยา,,,0,25,74,21,97.0000,63.2500
มหาวิทยาลัยนราธิวาสราชนครินทร์,วิทยาเขตหลัก,10250110211001A,วิทยาศาสตร์และเทคโนโลยี,นวัตกรรมและเทคโนโลยีการประกอบ อาหาร,,,0,25,30,7,85.7500,47.7500
มหาวิทยาลัยนราธิวาสราชนครินทร์,วิทยาเขตหลัก,10250111902501A,ศิลปศาสตร์,ภาษาอังกฤษ,,,0,30,122,30,99.5000,81.2500
มหาวิทยาลัยนราธิวาสราชนครินทร์,วิทยาเขตหลัก,10250111902502A,ศิลปศาสตร์,ภาษาต่างประเทศเพื่อธุรกิจบริการ,,,0,30,28,13,98.2500,57.0000
มหาวิทยาลัยนครพนม,วิทยาเขตหลัก,10260101500401A,คณะเกษตรและเทคโนโลยี,วิทยาศาสตรบัณฑิต,,เทคโนโลยีการเกษตร แขนง วิชาพืชศาสตร์,0,20,7,2,87.2500,71.7500
มหาวิทยาลัยนครพนม,วิทยาเขตหลัก,10260101500402A,คณะเกษตรและเทคโนโลยี,วิทยาศาสตรบัณฑิต,,สัตวศาสตร์,0,50,26,5,91.5000,75.2500
มหาวิทยาลัยนครพนม,วิทยาเขตหลัก,10260101500403A,คณะเกษตรและเทคโนโลยี,วิทยาศาสตรบัณฑิต,,เทคโนโลยีการเกษตร แขนง วิชาการประมง,0,20,4,0,0.0000,0.0000
มหาวิทยาลัยนครพนม,วิทยาเขตหลัก,10260101500404A,คณะเกษตรและเทคโนโลยี,วิทยาศาสตรบัณฑิต,,เทคโนโลยีการเกษตร แขนง วิชาเทคโนโลยีอาหาร,0,20,3,0,0.0000,0.0000
มหาวิทยาลัยนครพนม,วิทยาเขตหลัก,10260101500405A,คณะเกษตรและเทคโนโลยี,วิทยาศาสตรบัณฑิต,,เทคโนโลยีการเกษตร แขนง วิชาเทคโนโลยีเครื่องจักรกล เกษตร,0,20,1,0,0.0000,0.0000
มหาวิทยาลัยนครพนม,วิทยาเขตหลัก,10260102700209A,คณะครุศาสตร์,ครุศาสตรบัณฑิต,,การศึกษา วิชาเอกการ ประถมศึกษา,0,,0,0,0.0000,0.0000
มหาวิทยาลัยนครพนม,วิทยาเขตหลัก,10260102700601A,คณะครุศาสตร์,ครุศาสตรบัณฑิต,,การศึกษา วิชาเอก การศึกษาปฐมวยั,0,,0,0,0.0000,0.0000
มหาวิทยาลัยนครพนม,วิทยาเขตหลัก,10260102700807A,คณะครุศาสตร์,ครุศาสตรบัณฑิต,,การศึกษา วิชาเอกคณิตศาสตรศึกษา,0,,0,0,0.0000,0.0000
มหาวิทยาลัยนครพนม,วิทยาเขตหลัก,10260102700904A,คณะครุศาสตร์,ครุศาสตรบัณฑิต,,การศึกษา วิชาเอก คอมพิวเตอร์ศึกษา,0,,0,0,0.0000,0.0000
มหาวิทยาลัยนครพนม,วิทยาเขตหลัก,10260102702003A,คณะครุศาสตร์,ครุศาสตรบัณฑิต,,การศึกษา วิชาเอก ภาษาอังกฤษ,0,,0,0,0.0000,0.0000
มหาวิทยาลัยนครพนม,วิทยาเขตหลัก,10260102702006A,คณะครุศาสตร์,ครุศาสตรบัณฑิต,,การศึกษา วิชาเอกภาษาไทย,0,,0,0,0.0000,0.0000
มหาวิทยาลัยนครพนม,วิทยาเขตหลัก,10260102702402A,คณะครุศาสตร์,ครุศาสตรบัณฑิต,,การศึกษา วิชาเอก วิทยาศาสตร์,0,,0,0,0.0000,0.0000
มหาวิทยาลัยนครพนม,วิทยาเขตหลัก,10260102702508A,คณะครุศาสตร์,ครุศาสตรบัณฑิต,,การศึกษา วิชาเอกดนตีรศึกษา,0,,0,0,0.0000,0.0000
มหาวิทยาลัยนครพนม,วิทยาเขตหลัก,10260102702705A,คณะครุศาสตร์,ครุศาสตรบัณฑิต,,การศึกษา วิชาเอกสังคม ศึกษา,0,,0,0,0.0000,0.0000
มหาวิทยาลัยนครพนม,วิทยาเขตหลัก,10260103620201A,วิทยาลัยการบิน การศึกษา และวิจัยนานาชาติ,บริหารธุรกิจบัณฑิต,,การจัดการการบิน,0,20,41,16,96.2500,52.7500
มหาวิทยาลัยนครพนม,วิทยาเขตหลัก,10260104112005A,คณะวิทยาการจัดการและเทคโนโลยีสารสนเทศ,วิทยาศาสตรบัณฑิต,,วิทยาศาสตร์การกีฬา แขนง วิชาการจัดการกีฬา,0,50,17,10,94.5000,0.0000
มหาวิทยาลัยนครพนม,วิทยาเขตหลัก,10260104112006A,คณะวิทยาการจัดการและเทคโนโลยีสารสนเทศ,วิทยาศาสตรบัณฑิต,,วิทยาศาสตร์การกีฬา แขนง วิชาการฝึกกีฬาและการออก กำลังกาย,0,50,35,13,87.5000,62.0000
มหาวิทยาลัยนครพนม,วิทยาเขตหลัก,10260104220103A,คณะวิทยาการจัดการและเทคโนโลยีสารสนเทศ,วิทยาศาสตรบัณฑิต,,เทคโนโลยีสารสนเทศและนวัตกรรมคอมพิวเตอร์,0,50,18,9,83.0000,56.7500
มหาวิทยาลัยนครพนม,วิทยาเขตหลัก,10260104610201A,คณะวิทยาการจัดการและเทคโนโลยีสารสนเทศ,บริหารธุรกิจบัณฑิต,,การจัดการ,0,50,18,4,95.2500,0.0000
มหาวิทยาลัยนครพนม,วิทยาเขตหลัก,10260104610502A,คณะวิทยาการจัดการและเทคโนโลยีสารสนเทศ,บัญชีบัณฑิต,,บัญชีบัณฑิต,0,80,47,11,99.5000,60.5000
มหาวิทยาลัยนครพนม,วิทยาเขตหลัก,10260104610607A,คณะวิทยาการจัดการและเทคโนโลยีสารสนเทศ,บริหารธุรกิจบัณฑิต,,นวัตกรรมการตลาดและ ธุรกิจอัจฉริยะ,0,40,10,0,0.0000,0.0000
มหาวิทยาลัยนครพนม,วิทยาเขตหลัก,10260104901104A,คณะวิทยาการจัดการและเทคโนโลยีสารสนเทศ,นิเทศศาสตรบัณฑิต,,นิเทศศาสตร์ดิจิทัล,0,30,39,17,95.5000,56.2500
มหาวิทยาลัยนครพนม,วิทยาเขตหลัก,10260105111309A,คณะวิทยาศาสตร์,เทคนิคการแพทยบัณฑิต,,เทคนิคการแพทย์,0,,0,0,0.0000,0.0000
มหาวิทยาลัยนครพนม,วิทยาเขตหลัก,10260105112710A,คณะวิทยาศาสตร์,สาธารณสุขศาสตรบัณฑิต,,การสาธารณสุขชุมชน,0,60,257,61,99.5000,85.0000
มหาวิทยาลัยนครพนม,วิทยาเขตหลัก,10260105210308A,คณะวิทยาศาสตร์,วิทยาศาสตรบัณฑิต,,วิทยาศาสตร์แขนงวิชา คณิตศาสตร์,0,15,13,6,92.5000,77.7500
มหาวิทยาลัยนครพนม,วิทยาเขตหลัก,10260105210405A,คณะวิทยาศาสตร์,วิทยาศาสตรบัณฑิต,,วิทยาศาสตร์แขนงวิชาเคมี,0,15,17,2,98.2500,97.2500
มหาวิทยาลัยนครพนม,วิทยาเขตหลัก,10260105210707A,คณะวิทยาศาสตร์,วิทยาศาสตรบัณฑิต,,วิทยาศาสตร์แขนงวิชา ชีววิทยา,0,15,24,3,92.0000,71.2500
มหาวิทยาลัยนครพนม,วิทยาเขตหลัก,10260105212706A,คณะวิทยาศาสตร์,วิทยาศาสตรบัณฑิต,,วิทยาศาสตร์แขนงวิชาฟิสิกส์,0,15,8,1,81.7500,81.7500
มหาวิทยาลัยนครพนม,วิทยาเขตหลัก,10260105701007A,คณะวิทยาศาสตร์,ครุศาสตรบัณฑิต,,วิทยาศาสตร์วิชาเอกเคมี,0,60,36,13,96.2500,60.2500
มหาวิทยาลัยนครพนม,วิทยาเขตหลัก,10260105701306A,คณะวิทยาศาสตร์,ครุศาสตรบัณฑิต,,ชีววิทยา,0,20,75,20,96.5000,82.2500
มหาวิทยาลัยนครพนม,วิทยาเขตหลัก,10260105701306A,คณะวิทยาศาสตร์,ครุศาสตรบัณฑิต,,วิทยาศาสตร์วิชาเอกชีววิทยา,0,30,60,21,99.2500,53.7500
มหาวิทยาลัยนครพนม,วิทยาเขตหลัก,10260105701805A,คณะวิทยาศาสตร์,ครุศาสตรบัณฑิต,,ฟิสิกส์,0,,0,0,0.0000,0.0000
มหาวิทยาลัยนครพนม,วิทยาเขตหลัก,10260105701805A,คณะวิทยาศาสตร์,ครุศาสตรบัณฑิต,,วิทยาศาสตร์วิชาเอกฟิสิกส์,0,60,25,4,93.0000,87.5000
มหาวิทยาลัยนครพนม,วิทยาเขตหลัก,10260106300502A,คณะวิศวกรรมศาสตร์,วิศวกรรมศาสตรบัณฑิต,,วิศวกรรมคอมพิวเตอร์,0,30,53,11,94.7500,71.5000
มหาวิทยาลัยนครพนม,วิทยาเขตหลัก,10260106300705A,คณะวิศวกรรมศาสตร์,วิศวกรรมศาสตรบัณฑิต,,วิศวกรรมเครื่องกล,0,30,25,5,92.7500,75.0000
มหาวิทยาลัยนครพนม,วิทยาเขตหลัก,10260106301604A,คณะวิศวกรรมศาสตร์,วิศวกรรมศาสตรบัณฑิต,,วิศวกรรมไฟฟ้า,0,30,40,5,92.0000,52.5000
มหาวิทยาลัยนครพนม,วิทยาเขตหลัก,10260106302101A,คณะวิศวกรรมศาสตร์,วิศวกรรมศาสตรบัณฑิต,,วิศวกรรมโยธา,0,5,66,6,98.0000,92.5000
มหาวิทยาลัยนครพนม,วิทยาเขตหลัก,10260106302403A,คณะวิศวกรรมศาสตร์,วิศวกรรมศาสตรบัณฑิต,,วิศวกรรมโลจิสติกส์,0,30,41,9,98.5000,71.2500
มหาวิทยาลัยนครพนม,วิทยาเขตหลัก,10260106303501A,คณะวิศวกรรมศาสตร์,วิศวกรรมศาสตรบัณฑิต,,วิศวกรรมอุตสาหการและ การจัดการ,0,30,11,2,91.2500,81.5000
มหาวิทยาลัยนครพนม,วิทยาเขตหลัก,10260107901005A,คณะศิลปศาสตร์และวิทยาศาสตร์,นิติศาสตรบัณฑิต,,นิติศาสตรบัณฑิต,0,80,81,28,90.2500,59.0000
มหาวิทยาลัยนครพนม,วิทยาเขตหลัก,10260107901806A,คณะศิลปศาสตร์และวิทยาศาสตร์,ศิลปศาสตรบัณฑิต,,ภาษาจีน,0,40,38,16,98.2500,55.0000
มหาวิทยาลัยนครพนม,วิทยาเขตหลัก,10260107902007A,คณะศิลปศาสตร์และวิทยาศาสตร์,ศิลปศาสตรบัณฑิต,,ภาษาไทยเพื่อการสื่อสารใน ยุคดิจิทัล,0,40,15,1,72.7500,72.7500
มหาวิทยาลัยนครพนม,วิทยาเขตหลัก,10260107902503A,คณะศิลปศาสตร์และวิทยาศาสตร์,ศิลปศาสตรบัณฑิต,,ภาษาอังกฤษ,0,50,65,20,98.7500,0.0000
มหาวิทยาลัยนครพนม,วิทยาเขตหลัก,10260107903101A,คณะศิลปศาสตร์และวิทยาศาสตร์,รัฐประศาสนศาสตรบัณฑิต,,รัฐประศาสนศาสตร์,0,60,39,17,94.7500,0.0000
มหาวิทยาลัยนครพนม,วิทยาเขตหลัก,10260107904202A,คณะศิลปศาสตร์และวิทยาศาสตร์,ศิลปศาสตรบัณฑิต,,พัฒนาสังคมและสิ่งแวดล้อม,0,40,12,4,97.0000,0.0000
มหาวิทยาลัยนครพนม,วิทยาเขตหลัก,10260108620101A,วิทยาลัยการท่องเที่ยวและอุตสาหกรรมบริการ,ศิลปศาสตรบัณฑิต,,การท่องเที่ยวและอุตสาหกรรมบริการ,0,40,11,3,92.5000,70.0000
มหาวิทยาลัยนครพนม,วิทยาเขตหลัก,10260108620101A,วิทยาลัยการท่องเที่ยวและอุตสาหกรรมบริการ,บริหารธุรกิจบัณฑิต,,การจัดการธุรกิจท่องเที่ยว และบริการ วิชาเอกการ ท่องเที่ยวและอีเวนต์,0,40,20,4,79.7500,59.2500
มหาวิทยาลัยนครพนม,วิทยาเขตหลัก,10260108620102A,วิทยาลัยการท่องเที่ยวและอุตสาหกรรมบริการ,ศิลปศาสตรบัณฑิต,,การโรงแรม ภัตตาคาร และอี เว้นท์,0,60,12,1,86.2500,86.2500
มหาวิทยาลัยนครพนม,วิทยาเขตหลัก,10260108620102A,วิทยาลัยการท่องเที่ยวและอุตสาหกรรมบริการ,บริหารธุรกิจบัณฑิต,,การจัดการธุรกิจท่องเที่ยว และบริการ วิชาเอกการ โรงแรมและศิลปะการ ประกอบอาหาร,0,60,8,2,96.7500,66.0000
มหาวิทยาลัยนครพนม,วิทยาเขตหลัก,10260109211701A,คณะเทคโนโลยีอุตสาหกรรม,วิทยาศาสตรบัณฑิต,,เทคโนโลยีสถาปัตยกรรม และการก่อสรา้ ง,0,30,9,0,0.0000,0.0000
มหาวิทยาลัยนครพนม,วิทยาเขตหลัก,10260110302901A,วิทยาลัยเทคโนโลียอุตสาหกรรมศรีสงคราม,อุตสาหกรรมศาสตรบัณฑิต,,วิศวกรรมหุ่นยนต์และระบบ อัตโนมัติ,0,30,2,1,76.7500,76.7500
มหาวิทยาลัยนครพนม,วิทยาเขตหลัก,10260111301501A,วิทยาลัยธาตุพนม,วิศวกรรมศาสตรบัณฑิต,,วิศวกรรมพลังงาน,0,30,2,0,0.0000,0.0000
มหาวิทยาลัยนครพนม,วิทยาเขตหลัก,10260111610202A,วิทยาลัยธาตุพนม,บริหารธุรกิจบัณฑิต,,การจัดการธุรกิจการค้า สมัยใหม่,0,40,6,0,0.0000,0.0000
มหาวิทยาลัยนครพนม,วิทยาเขตหลัก,10260112610202A,วิทยาลัยนาหวา้,บริหารธุรกิจบัณฑิต,,การจัดการธุรกิจการค้า สมัยใหม่,0,10,1,0,0.0000,0.0000
มหาวิทยาลัยนครพนม,วิทยาเขตหลัก,10260113111701A,วิทยาลัยพยาบาลบรมราช ชนนีนครพนม,พยาบาลศาสตรบัณฑิต,,พยาบาลศาสตรบัณฑิต,0,8,335,8,50.7124,41.4865
มหาวิทยาลัยพะเยา,วิทยาเขตหลัก,10270101211001A,คณะเกษตรศาสตร์และทรัพยากรธรรมชาติ,หลักสูตรวิทยาศาสตรบัณฑิต สาขาวิชา ความปลอดภัยทางอาหาร,Admission,,0,40,182,40,65.7828,17.2000
มหาวิทยาลัยพะเยา,วิทยาเขตหลัก,10270101211002A,คณะเกษตรศาสตร์และทรัพยากรธรรมชาติ,หลักสูตรวิทยาศาสตรบัณฑิต สาขาวิชา วิทยาศาสตร์และเทคโนโลยีการอาหาร,Admission,,0,40,127,34,57.3662,27.9162
มหาวิทยาลัยพะเยา,วิทยาเขตหลัก,10270101211003F,คณะเกษตรศาสตร์และทรัพยากรธรรมชาติ,การจัดการศึกษาหลักสูตรระดับปริญญา ตรีควบปริญญาโท (หลักสูตรวิทยาศาสตร บัณฑิต สาขาวิชาความปลอดภัยทาง อาหาร และหลักสูตรบริหารธุรกิจ มหาบัณฑิต),Admission,,0,20,37,12,74.1104,39.8776
มหาวิทยาลัยพะเยา,วิทยาเขตหลัก,10270101500201A,คณะเกษตรศาสตร์และทรัพยากรธรรมชาติ,หลักสูตรวิทยาศาสตรบัณฑิต สาขาวิชา เกษตรศาสตร์,Admission,,0,40,79,12,53.5000,39.3888
มหาวิทยาลัยพะเยา,วิทยาเขตหลัก,10270101500401A,คณะเกษตรศาสตร์และทรัพยากรธรรมชาติ,หลักสูตรเทคโนโลยีบัณฑิต สาขาวิชา เทคโนโลยีการเกษตร,Admission,,0,40,58,13,53.9388,9.1500
มหาวิทยาลัยพะเยา,วิทยาเขตหลัก,10270101500601A,คณะเกษตรศาสตร์และทรัพยากรธรรมชาติ,หลักสูตรวิทยาศาสตรบัณฑิต สาขาวิชา เทคโนโลยีและนวัตกรรมการประมง,Admission,,0,40,76,20,63.0940,14.4000
มหาวิทยาลัยพะเยา,วิทยาเขตหลัก,10270101500602F,คณะเกษตรศาสตร์และทรัพยากรธรรมชาติ,การจัดการศึกษาหลักสูตรระดับปริญญา ตรีควบปริญญาโท (หลักสูตรวิทยาศาสตร บัณฑิต สาขาวิชาเทคโนโลยีและนวัตกรรม การประมง และหลักสูตรบริหารธุรกิจ มหาบัณฑิต),Admission,,0,20,27,6,47.4052,28.7776
มหาวิทยาลัยพะเยา,วิทยาเขตหลัก,10270101501201A,คณะเกษตรศาสตร์และทรัพยากรธรรมชาติ,หลักสูตรวิทยาศาสตรบัณฑิต สาขาวิชา สัตวศาสตร์,Admission,,0,30,243,30,60.9164,53.9440
มหาวิทยาลัยพะเยา,วิทยาเขตหลัก,10270101501202F,คณะเกษตรศาสตร์และทรัพยากรธรรมชาติ,การจัดการศึกษาหลักสูตรควบระดับ ปริญญาตรี2 ปริญญา (หลักสูตรวิทยา ศาสตรบัณฑิต สาขาวิชาสัตวศาสตร์และ หลักสูตรบริหารธุรกิจบัณฑิต สาขาวิชา การจัดการธุรกิจ),Admission,,0,20,64,15,59.3828,40.0440
มหาวิทยาลัยพะเยา,วิทยาเขตหลัก,10270102220101A,คณะเทคโนโลยีสารสนเทศ และการสื่อสาร,หลักสูตรวิทยาศาสตรบัณฑิต สาขาวิชา เทคโนโลยีสารสนเทศ,Admission,,0,20,202,20,70.5052,52.5440
มหาวิทยาลัยพะเยา,วิทยาเขตหลัก,10270102220102F,คณะเทคโนโลยีสารสนเทศ และการสื่อสาร,การจัดการศึกษาหลักสูตรควบระดับ ปริญญาตรี2 ปริญญา (หลักสูตรวิทยา ศาสตรบัณฑิต สาขาวิชาเทคโนโลียสารสนเทศ และหลักสูตรศิลปศาสตร บัณฑิต สาขาวิชาภาษาอังกฤษ),Admission,,0,20,53,19,63.7500,40.8940
มหาวิทยาลัยพะเยา,วิทยาเขตหลัก,10270102220201A,คณะเทคโนโลยีสารสนเทศ และการสื่อสาร,หลักสูตรวิทยาศาสตรบัณฑิต สาขาวิชา วิทยาการคอมพิวเตอร์,Admission,,0,20,183,20,65.8388,58.3164
มหาวิทยาลัยพะเยา,วิทยาเขตหลัก,10270102220202A,คณะเทคโนโลยีสารสนเทศ และการสื่อสาร,หลักสูตรวิทยาศาสตรบัณฑิต สาขาวิชาภูมิ สารสนเทศศาสตร์,Admission,,0,40,35,12,62.7276,13.9500
มหาวิทยาลัยพะเยา,วิทยาเขตหลัก,10270102220203A,คณะเทคโนโลยีสารสนเทศ และการสื่อสาร,หลักสูตรวิทยาศาสตรบัณฑิต สาขาวิชา วิทยาการข้อมูลและการประยุกต์,Admission,,0,40,56,21,61.3052,14.6000
มหาวิทยาลัยพะเยา,วิทยาเขตหลัก,10270102300501A,คณะเทคโนโลยีสารสนเทศ และการสื่อสาร,หลักสูตรวิศวกรรมศาสตรบัณฑิต สาขาวิชาวิศวกรรมคอมพิวเตอร์,Admission,,0,20,264,20,69.3500,60.6552
มหาวิทยาลัยพะเยา,วิทยาเขตหลัก,10270102301001A,คณะเทคโนโลยีสารสนเทศ และการสื่อสาร,หลักสูตรวิศวกรรมศาสตรบัณฑิต สาขาวิชาวิศวกรรมซอฟต์แวร์,Admission,,0,20,179,20,71.8940,58.3828
มหาวิทยาลัยพะเยา,วิทยาเขตหลัก,10270102610701A,คณะเทคโนโลยีสารสนเทศ และการสื่อสาร,หลักสูตรบริหารธุรกิจบัณฑิต สาขาวิชา ธุรกิจดิจิทัล,Admission,,0,20,138,20,62.5440,49.4828
มหาวิทยาลัยพะเยา,วิทยาเขตหลัก,10270102800101A,คณะเทคโนโลยีสารสนเทศ และการสื่อสาร,หลักสูตรศิลปกรรมศาสตรบัณฑิต สาขาวิชาคอมพิวเตอร์กราฟิกและมัลติมีเดีย,Admission,,0,10,170,10,65.9216,58.2828
มหาวิทยาลัยพะเยา,วิทยาเขตหลัก,10270103220101F,คณะนิติศาสตร์,การจัดการศึกษาหลักสูตรควบระดับ ปริญญาตรี2 ปริญญา (หลักสูตรนิติ ศาสตรบัณฑิต และหลักสูตรวิทยาศาสตร บัณฑิต สาขาวิชาเทคโนโลยีสารสนเทศ),Admission,,0,30,197,30,65.7776,53.2052
มหาวิทยาลัยพะเยา,วิทยาเขตหลัก,10270103610501F,คณะนิติศาสตร์,การจัดการศึกษาหลักสูตรควบระดับ ปริญญาตรี2 ปริญญา (หลักสูตรนิติ ศาสตรบัณฑิต และหลักสูตรบัญชีบัณฑิต),Admission,,0,30,253,30,75.9500,59.8276
มหาวิทยาลัยพะเยา,วิทยาเขตหลัก,10270103901001A,คณะนิติศาสตร์,หลักสูตรนิติศาสตรบัณฑิต,Admission,,0,70,"1,001",70,70.5104,59.9828
มหาวิทยาลัยพะเยา,วิทยาเขตหลัก,10270103901002F,คณะนิติศาสตร์,การจัดการศึกษาหลักสูตรควบระดับ ปริญญาตรี2 ปริญญา (หลักสูตรนิติ ศาสตรบัณฑิต และหลักสูตรศิลปศาสตร บัณฑิต สาขาวิชาภาษาอังกฤษ),Admission,,0,30,207,30,73.4776,57.4500
มหาวิทยาลัยพะเยา,วิทยาเขตหลัก,10270104111701A,คณะพยาบาลศาสตร์,หลักสูตรพยาบาลศาสตรบัณฑิต,Admission,,0,30,"1,822",30,62.2175,53.2625
มหาวิทยาลัยพะเยา,วิทยาเขตหลัก,10270105111601A,คณะแพทยศาสตร์,หลักสูตรวิทยาศาสตรบัณฑิต สาขาวิชา ปฏิบัติการฉุกเฉินการแพทย์,Admission,,0,35,"1,179",35,63.4677,54.3655
มหาวิทยาลัยพะเยา,วิทยาเขตหลัก,10270106111101A,คณะเภสัชศาสตร์,หลักสูตรวิทยาศาสตรบัณฑิต สาขาวิชา วิทยาศาสตร์เครื่องสำอาง,Admission,,0,80,"1,075",80,61.2576,51.7320
มหาวิทยาลัยพะเยา,วิทยาเขตหลัก,10270106130301A,คณะเภสัชศาสตร์,หลักสูตรเภสัชศาสตรบัณฑิต สาขาวิชา การบริบาลทางเภสัชกรรม,Admission,,0,25,"2,742",25,66.9900,60.8533
มหาวิทยาลัยพะเยา,วิทยาเขตหลัก,10270107610101A,คณะบริหารธุรกิจและนิเทศ ศาสตร์,หลักสูตรบริหารธุรกิจบัณฑิต สาขาวิชา การเงินและการลงทุน,Admission,,0,30,444,30,94.9027,86.2861
มหาวิทยาลัยพะเยา,วิทยาเขตหลัก,10270107610201A,คณะบริหารธุรกิจและนิเทศ ศาสตร์,หลักสูตรบริหารธุรกิจบัณฑิต สาขาวิชา การจัดการธุรกิจ,Admission,,0,30,440,30,81.2554,74.6860
มหาวิทยาลัยพะเยา,วิทยาเขตหลัก,10270107610501A,คณะบริหารธุรกิจและนิเทศ ศาสตร์,หลักสูตรบัญชีบัณฑิต,Admission,,0,30,559,30,84.8000,71.1500
มหาวิทยาลัยพะเยา,วิทยาเขตหลัก,10270107610601A,คณะบริหารธุรกิจและนิเทศ ศาสตร์,หลักสูตรบริหารธุรกิจบัณฑิต สาขาวิชา การตลาดดิจิทัล,Admission,,0,30,371,30,78.1804,71.4416
มหาวิทยาลัยพะเยา,วิทยาเขตหลัก,10270107611101A,คณะบริหารธุรกิจและนิเทศ ศาสตร์,หลักสูตรเศรษฐศาสตรบัณฑิต,Admission,,0,40,393,40,74.6138,62.0416
มหาวิทยาลัยพะเยา,วิทยาเขตหลัก,10270107620101A,คณะบริหารธุรกิจและนิเทศ ศาสตร์,หลักสูตรศิลปศาสตรบัณฑิต สาขาวิชาการ ท่องเที่ยวและการโรงแรม,Admission,,0,30,437,30,76.4638,69.2166
มหาวิทยาลัยพะเยา,วิทยาเขตหลัก,10270107900101A,คณะบริหารธุรกิจและนิเทศ ศาสตร์,หลักสูตรนิเทศศาสตรบัณฑิต สาขาวิชา การจัดการการสื่อสาร,Admission,,0,40,365,40,77.8194,70.0360
มหาวิทยาลัยพะเยา,วิทยาเขตหลัก,10270107901101A,คณะบริหารธุรกิจและนิเทศ ศาสตร์,หลักสูตรนิเทศศาสตรบัณฑิต สาขาวิชา การสื่อสารสื่อใหม่,Admission,,0,20,409,20,81.5000,76.6416
มหาวิทยาลัยพะเยา,วิทยาเขตหลัก,10270108112001A,คณะวิทยาศาสตร์,หลักสูตรวิทยาศาสตรบัณฑิต สาขาวิชา วิทยาศาสตร์การออกกำลังกายและการกีฬา,Admission,,0,20,143,20,58.0940,38.9108
มหาวิทยาลัยพะเยา,วิทยาเขตหลัก,10270108210301A,คณะวิทยาศาสตร์,หลักสูตรวิทยาศาสตรบัณฑิต สาขาวิชา คณิตศาสตร์,Admission,,0,40,113,17,59.0608,15.5000
มหาวิทยาลัยพะเยา,วิทยาเขตหลัก,10270108210401A,คณะวิทยาศาสตร์,หลักสูตรวิทยาศาสตรบัณฑิต สาขาวิชาเคมี,Admission,,0,40,169,40,58.8272,41.6940
มหาวิทยาลัยพะเยา,วิทยาเขตหลัก,10270108210701A,คณะวิทยาศาสตร์,หลักสูตรวิทยาศาสตรบัณฑิต สาขาวิชา ชีววิทยา,Admission,,0,40,186,40,64.7496,49.6276
มหาวิทยาลัยพะเยา,วิทยาเขตหลัก,10270108210702F,คณะวิทยาศาสตร์,การจัดการศึกษาหลักสูตรระดับปริญญา ตรีควบปริญญาโท (หลักสูตรวิทยาศาสตร บัณฑิต สาขาวิชาชีววิทยา และหลักสูตร วิทยาศาสตรมหาบัณฑิต สาขาวิชาชีววิทยา),Admission,,0,20,106,20,58.6940,49.0384
มหาวิทยาลัยพะเยา,วิทยาเขตหลัก,10270108212701A,คณะวิทยาศาสตร์,หลักสูตรวิทยาศาสตรบัณฑิต สาขาวิชา ฟิสิกส์,Admission,,0,40,12,3,58.1496,37.8220
มหาวิทยาลัยพะเยา,วิทยาเขตหลัก,10270109111801A,คณะวิทยาศาสตร์การแพทย์,หลักสูตรวิทยาศาสตรบัณฑิต สาขาวิชา โภชนาการและการกำหนดอาหาร,Admission,,0,20,149,20,63.1498,56.8218
มหาวิทยาลัยพะเยา,วิทยาเขตหลัก,10270109210501A,คณะวิทยาศาสตร์การแพทย์,หลักสูตรวิทยาศาสตรบัณฑิต สาขาวิชาจุล ชีววิทยา,Admission,,0,20,399,20,63.9829,58.1998
มหาวิทยาลัยพะเยา,วิทยาเขตหลัก,10270109210601A,คณะวิทยาศาสตร์การแพทย์,หลักสูตรวิทยาศาสตรบัณฑิต สาขาวิชา ชีวเคมี,Admission,,0,40,403,40,63.6661,55.7994
มหาวิทยาลัยพะเยา,วิทยาเขตหลัก,10270110300701A,คณะวิศวกรรมศาสตร์,หลักสูตรวิศวกรรมศาสตรบัณฑิต สาขาวิชาวิศวกรรมเครื่องกล,Admission,,0,40,493,40,99.0000,93.7500
มหาวิทยาลัยพะเยา,วิทยาเขตหลัก,10270110301601A,คณะวิศวกรรมศาสตร์,หลักสูตรวิศวกรรมศาสตรบัณฑิต สาขาวิชาวิศวกรรมไฟฟ้า,Admission,,0,20,613,21,######,97.5000
มหาวิทยาลัยพะเยา,วิทยาเขตหลัก,10270110302101A,คณะวิศวกรรมศาสตร์,หลักสูตรวิศวกรรมศาสตรบัณฑิต สาขาวิชาวิศวกรรมโยธา,Admission,,0,10,178,10,53.4886,49.0610
มหาวิทยาลัยพะเยา,วิทยาเขตหลัก,10270110303501A,คณะวิศวกรรมศาสตร์,หลักสูตรวิศวกรรมศาสตรบัณฑิต สาขาวิชาวิศวกรรมอุตสาหการ,Admission,,0,40,335,40,99.5000,91.2500
มหาวิทยาลัยพะเยา,วิทยาเขตหลัก,10270111901801A,คณะศิลปศาสตร์,หลักสูตรศิลปศาสตรบัณฑิต สาขาวิชา ภาษาจีน,Admission,,0,20,253,20,68.0104,62.1216
มหาวิทยาลัยพะเยา,วิทยาเขตหลัก,10270111901802F,คณะศิลปศาสตร์,การจัดการศึกษาหลักสูตรควบระดับ ปริญญาตรี2 ปริญญา (หลักสูตรศิลปศา สตรบัณฑิต สาขาวิชาภาษาจีน และ หลักสูตรศิลปศาสตรบัณฑิต สาขาวิชา ภาษาอังกฤษ),Admission,,0,10,146,10,61.7828,59.1776
มหาวิทยาลัยพะเยา,วิทยาเขตหลัก,10270111901901A,คณะศิลปศาสตร์,หลักสูตรศิลปศาสตรบัณฑิต สาขาวิชา ภาษาญี่ปุ่น,Admission,,0,20,161,20,74.8828,61.1552
มหาวิทยาลัยพะเยา,วิทยาเขตหลัก,10270111902001A,คณะศิลปศาสตร์,หลักสูตรศิลปศาสตรบัณฑิต สาขาวิชา ภาษาไทย,Admission,,0,20,172,20,63.8604,55.2776
มหาวิทยาลัยพะเยา,วิทยาเขตหลัก,10270111902401A,คณะศิลปศาสตร์,หลักสูตรศิลปศาสตรบัณฑิต สาขาวิชา ภาษาฝรั่งเศส,Admission,,0,30,62,16,66.5828,28.3328
มหาวิทยาลัยพะเยา,วิทยาเขตหลัก,10270111902402F,คณะศิลปศาสตร์,การจัดการศึกษาหลักสูตรควบระดับ ปริญญาตรี2 ปริญญา (หลักสูตรศิลปศา สตรบัณฑิต สาขาวิชาภาษาฝรั่งเศส และ หลักสูตรศิลปศาสตรบัณฑิต สาขาวิชา ภาษาอังกฤษ),Admission,,0,10,50,10,61.3328,51.4276
มหาวิทยาลัยพะเยา,วิทยาเขตหลัก,10270111902501A,คณะศิลปศาสตร์,หลักสูตรศิลปศาสตรบัณฑิต สาขาวิชา ภาษาอังกฤษ,Admission,,0,20,305,20,75.0104,64.1104
มหาวิทยาลัยพะเยา,วิทยาเขตหลัก,10270112400501A,คณะสถาปัตยกรรมศาสต์รและศิลปกรรมศาสตร์,หลักสูตรสถาปัตยกรรมศาสตรบัณฑิต สาขาวิชาสถาปัตยกรรม,Admission,,0,10,163,10,69.4832,60.9694
มหาวิทยาลัยพะเยา,วิทยาเขตหลัก,10270112400701A,คณะสถาปัตยกรรมศาสต์รและศิลปกรรมศาสตร์,หลักสูตรสถาปัตยกรรมศาสตรบัณฑิต สาขาวิชาสถาปัตยกรรมภายใน,Admission,,0,10,137,10,61.3666,59.0250
มหาวิทยาลัยพะเยา,วิทยาเขตหลัก,10270112800101A,คณะสถาปัตยกรรมศาสต์รและศิลปกรรมศาสตร์,หลักสูตรศิลปกรรมศาสตรบัณฑิต สาขาวิชาศิลปะและการออกแบบ,Admission,,0,20,148,20,73.0638,52.0554
มหาวิทยาลัยพะเยา,วิทยาเขตหลัก,10270112800201A,คณะสถาปัตยกรรมศาสต์รและศิลปกรรมศาสตร์,หลักสูตรศิลปกรรมศาสตรบัณฑิต สาขาวิชาดนตรีและนาฏศิล์ป(แขนง ดนตร)ี,Admission,,0,20,20,13,48.2304,0.0000
มหาวิทยาลัยพะเยา,วิทยาเขตหลัก,10270112800401A,คณะสถาปัตยกรรมศาสต์รและศิลปกรรมศาสตร์,หลักสูตรศิลปกรรมศาสตรบัณฑิต สาขาวิชาดนตรีและนาฏศิล์ป(แขนง นาฏศิลป์),Admission,,0,20,33,11,81.4972,31.4832
มหาวิทยาลัยพะเยา,วิทยาเขตหลัก,10270113110101A,คณะสหเวชศาสตร์,หลักสูตรกายภาพบำบัดบัณฑิต,Admission,,0,20,810,21,58.6082,55.4026
มหาวิทยาลัยพะเยา,วิทยาเขตหลัก,10270113111301A,คณะสหเวชศาสตร์,หลักสูตรวิทยาศาสตรบัณฑิต สาขาวิชา เทคนิคการแพทย์,Admission,,0,40,"1,148",40,53.6622,49.4410
มหาวิทยาลัยพะเยา,วิทยาเขตหลัก,10270114213101A,คณะพลังงานและสิ่งแวดล้อม,หลักสูตรวิทยาศาสตรบัณฑิต สาขาวิชา การจัดการพลังงานและสิ่งแวดล้อม,Admission,,0,40,135,34,65.5052,0.0000
มหาวิทยาลัยพะเยา,วิทยาเขตหลัก,10270114213102F,คณะพลังงานและสิ่งแวดล้อม,การจัดการศึกษาหลักสูตรระดับปริญญา ตรีควบปริญญาโท (หลักสูตรวิทยาศาสตร บัณฑิต สาขาวิชาการจัดการพลังงานและ สิ่งแวดล้อม และหลักสูตรวิศวกรรมศาสตร มหาบัณฑิต สาขาวิชาการจัดการพลังงาน และนวัตกรรม),Admission,,0,20,26,7,62.0414,33.5025
มหาวิทยาลัยพะเยา,วิทยาเขตหลัก,10270114302801A,คณะพลังงานและสิ่งแวดล้อม,หลักสูตรวิศวกรรมศาสตรบัณฑิต สาขาวิชาวิศวกรรมสิ่งแวดล้อม,Admission,,0,40,158,40,64.6080,43.4830
มหาวิทยาลัยพะเยา,วิทยาเขตหลัก,10270114302802F,คณะพลังงานและสิ่งแวดล้อม,การจัดการศึกษาหลักสูตรระดับปริญญา ตรีควบปริญญาโท (หลักสูตรวิศวกรรม ศาสตรบัณฑิต สาขาวิชาวิศวกรรม สิ่งแวดล้อม และหลักสูตรวิศวกรรมศาสตร มหาบัณฑิต สาขาวิชาวิศวกรรมสิ่งแวดล้อม),Admission,,0,20,53,20,62.6747,15.9500
มหาวิทยาลัยพะเยา,วิทยาเขตหลัก,10270119120101A,คณะทันตแพทยศาสตร์,หลักสูตรทันตแพทยศาสตรบัณฑิต,Admission,,0,17,468,17,64.1813,63.0027
มหาวิทยาลัยพะเยา,วิทยาเขตหลัก,10270120210401F,วิทยาลัยการศึกษา,การจัดการศึกษาหลักสูตรควบระดับ ปริญญาตรี2 ปริญญา (หลักสูตร การศึกษาบัณฑิต สาขาวิชาการศึกษา และหลักสูตรวิทยาศาสตรบัณฑิต สาขาวิชาเคมี),Admission,,0,10,64,10,62.0388,55.1500
มหาวิทยาลัยพะเยา,วิทยาเขตหลัก,10270120210701F,วิทยาลัยการศึกษา,การจัดการศึกษาหลักสูตรควบระดับ ปริญญาตรี2 ปริญญา (หลักสูตร การศึกษาบัณฑิต สาขาวิชาการศึกษา และหลักสูตรวิทยาศาสตรบัณฑิต สาขาวิชาชีววิทยา),Admission,,0,10,200,10,69.2500,59.7388
มหาวิทยาลัยพะเยา,วิทยาเขตหลัก,10270120212701F,วิทยาลัยการศึกษา,การจัดการศึกษาหลักสูตรควบระดับ ปริญญาตรี2 ปริญญา (หลักสูตร การศึกษาบัณฑิต สาขาวิชาการศึกษา และหลักสูตรวิทยาศาสตรบัณฑิต สาขาวิชาฟิสิกส์),Admission,,0,10,34,8,66.1552,50.0276
มหาวิทยาลัยพะเยา,วิทยาเขตหลัก,10270120800201F,วิทยาลัยการศึกษา,การจัดการศึกษาหลักสูตรควบระดับ ปริญญาตรี2 ปริญญา (หลักสูตร การศึกษาบัณฑิต สาขาวิชาการศึกษา และหลักสูตรศิลปกรรมศาสตรบัณฑิต สาขาวิชาดนตรีและนาฏศิลป์),Admission,,0,10,10,2,49.2552,30.6664
มหาวิทยาลัยพะเยา,วิทยาเขตหลัก,10270120901801F,วิทยาลัยการศึกษา,การจัดการศึกษาหลักสูตรควบระดับ ปริญญาตรี2 ปริญญา (หลักสูตร การศึกษาบัณฑิต สาขาวิชาการศึกษา และหลักสูตรศิลปศาสตรบัณฑิต สาขาวิชาภาษาจีน),Admission,,0,20,51,20,60.7664,49.6000
มหาวิทยาลัยพะเยา,วิทยาเขตหลัก,10270120902501F,วิทยาลัยการศึกษา,การจัดการศึกษาหลักสูตรควบระดับ ปริญญาตรี2 ปริญญา (หลักสูตร การศึกษาบัณฑิต สาขาวิชาการศึกษา และหลักสูตรศิลปศาสตรบัณฑิต สาขาวิชาภาษาอังกฤษ),Admission,,0,20,301,20,75.8552,64.6940
มหาวิทยาลัยพะเยา,วิทยาเขตหลัก,10270121903101A,คณะรัฐศาสตร์และสังคมศาสตร์,หลักสูตรรัฐประศาสนศาสตรบัณฑิต สาขาวิชาการจัดการนวัตกรรมสาธารณะ,Admission,,0,40,282,40,65.4000,52.1164
มหาวิทยาลัยพะเยา,วิทยาเขตหลัก,10270121903201A,คณะรัฐศาสตร์และสังคมศาสตร์,หลักสูตรรัฐศาสตรบัณฑิต,Admission,,0,20,407,20,69.5604,59.0000
มหาวิทยาลัยพะเยา,วิทยาเขตหลัก,10270121903601A,คณะรัฐศาสตร์และสังคมศาสตร์,หลักสูตรศิลปศาสตรบัณฑิต สาขาวิชา พัฒนาสังคม,Admission,,0,50,282,50,63.0664,49.8500
มหาวิทยาลัยพะเยา,วิทยาเขตหลัก,10270122110501F,คณะสาธารณสุขศาสตร์,การจัดการศึกษาหลักสูตรควบระดับ ปริญญาตรี2 ปริญญา (หลักสูตร การแพทย์แผนจีนบัณฑิต และหลักสูตร ศิลปศาสตรบัณฑิต สาขาวิชาภาษาจีน),Admission,,0,40,214,40,69.7165,47.6830
มหาวิทยาลัยพะเยา,วิทยาเขตหลัก,10270122110801A,คณะสาธารณสุขศาสตร์,หลักสูตรการแพทย์แผนไทยประยุกต์บัณฑิต,Admission,,0,15,132,15,45.6575,42.5591
มหาวิทยาลัยพะเยา,วิทยาเขตหลัก,10270122112501A,คณะสาธารณสุขศาสตร์,หลักสูตรสาธารณสุขศาสตรบัณฑิต สาขาวิชาการส่งเสริมสุขภาพ,Admission,,0,40,214,40,40.5125,26.1750
มหาวิทยาลัยพะเยา,วิทยาเขตหลัก,10270122112502F,คณะสาธารณสุขศาสตร์,การจัดการศึกษาหลักสูตรควบระดับ ปริญญาตรี2 ปริญญา (หลักสูตร สาธารณสุขศาสตรบัณฑิต สาขาวิชาการ ส่งเสริมสุขภาพ และหลักสูตร เศรษฐศาสตรบัณฑิต),Admission,,0,5,40,5,27.1250,24.7250
มหาวิทยาลัยพะเยา,วิทยาเขตหลัก,10270122112701A,คณะสาธารณสุขศาสตร์,หลักสูตรวิทยาศาสตรบัณฑิต สาขาวิชา อนามัยสิ่งแวดล้อม,Admission,,0,30,239,30,37.5625,24.8125
มหาวิทยาลัยพะเยา,วิทยาเขตหลัก,10270122112702A,คณะสาธารณสุขศาสตร์,หลักสูตรวิทยาศาสตรบัณฑิต สาขาวิชาอา ชีวอนามัยและความปลอดภัย,Admission,,0,20,246,20,38.7375,29.9000
มหาวิทยาลัยพะเยา,วิทยาเขตหลัก,10270122112703A,คณะสาธารณสุขศาสตร์,หลักสูตรสาธารณสุขศาสตรบัณฑิต สาขาวิชาอนามัยชุมชน,Admission,,0,20,277,20,36.3375,28.1750
มหาวิทยาลัยพะเยา,วิทยาเขตหลัก,10270122112704F,คณะสาธารณสุขศาสตร์,การจัดการศึกษาหลักสูตรควบระดับ ปริญญาตรี2 ปริญญา (หลักสูตรวิทยา ศาสตรบัณฑิต สาขาวิชาอนามัย สิ่งแวดล้อม และหลักสูตรนิติศาสตรบัณฑิต),Admission,,0,5,58,5,32.4750,25.5125
มหาวิทยาลัยพะเยา,วิทยาเขตหลัก,10270122112705F,คณะสาธารณสุขศาสตร์,การจัดการศึกษาหลักสูตรควบระดับ ปริญญาตรี2 ปริญญา (หลักสูตรวิทยา ศาสตรบัณฑิต สาขาวิชาอนามัย สิ่งแวดล้อม และหลักสูตรเศรษฐศาสตร บัณฑิต),Admission,,0,5,20,5,25.8375,22.9125
มหาวิทยาลัยพะเยา,วิทยาเขตหลัก,10270122112706F,คณะสาธารณสุขศาสตร์,การจัดการศึกษาหลักสูตรควบระดับ ปริญญาตรี2 ปริญญา (หลักสูตรวิทยา ศาสตรบัณฑิต สาขาวิชาอาชีวอนามัยและ ความปลอดภัย และหลักสูตร เศรษฐศาสตรบัณฑิต),Admission,,0,5,48,6,34.2375,25.8750
มหาวิทยาลัยพะเยา,วิทยาเขตหลัก,10270122112707F,คณะสาธารณสุขศาสตร์,การจัดการศึกษาหลักสูตรควบระดับ ปริญญาตรี2 ปริญญา (หลักสูตร สาธารณสุขศาสตรบัณฑิต สาขาวิชา อนามัยชุมชน และหลักสูตรนิติศาสตร บัณฑิต),Admission,,0,10,114,10,39.7750,27.2750
มหาวิทยาลัยพะเยา,วิทยาเขตหลัก,10270122112708F,คณะสาธารณสุขศาสตร์,การจัดการศึกษาหลักสูตรควบระดับ ปริญญาตรี2 ปริญญา (หลักสูตร สาธารณสุขศาสตรบัณฑิต สาขาวิชา อนามัยชุมชน และหลักสูตรเศรษฐศาสตร บัณฑิต),Admission,,0,10,70,10,26.9000,25.0625
มหาวิทยาลัยพะเยา,วิทยาเขตหลัก,10270122302801F,คณะสาธารณสุขศาสตร์,การจัดการศึกษาหลักสูตรควบระดับ ปริญญาตรี2 ปริญญา (หลักสูตรวิทยา ศาสตรบัณฑิต สาขาวิชาอาชีวอนามัยและ ความปลอดภัย และหลักสูตรวิศวกรรม ศาตรบัณฑิต สาขาวิชาวิศวกรรม สิ่งแวดล้อม),Admission,,0,5,96,5,34.0250,29.2625
มหาวิทยาลัยกาฬสินธุ์,วิทยาเขตหลัก,10280101112901A,คณะเทคโนโลยีการเกษตร,วท.บ. เทคนิคการสัตวแพทย์,,,0,10,105,10,99.5000,94.0000
มหาวิทยาลัยกาฬสินธุ์,วิทยาเขตหลัก,10280101211001A,คณะเทคโนโลยีการเกษตร,วท.บ. เทคโนโลยีอาหารและการประกอบ อาหาร,,,0,10,11,2,86.2500,62.7500
มหาวิทยาลัยกาฬสินธุ์,วิทยาเขตหลัก,10280101211201A,คณะเทคโนโลยีการเกษตร,วท.บ. เทคโนโลยีชีวผลิตภัณฑ์,,,0,2,2,0,0.0000,0.0000
มหาวิทยาลัยกาฬสินธุ์,วิทยาเขตหลัก,10280101500201A,คณะเทคโนโลยีการเกษตร,วท.บ. เกษตรอัจฉริยะ,,,0,5,2,1,55.0000,55.0000
มหาวิทยาลัยกาฬสินธุ์,วิทยาเขตหลัก,10280101500601A,คณะเทคโนโลยีการเกษตร,วท.บ. การเพาะเลี้ยงและธุรกิจสัตว์น้ า,,,0,5,10,1,83.7500,83.7500
มหาวิทยาลัยกาฬสินธุ์,วิทยาเขตหลัก,10280101501201A,คณะเทคโนโลยีการเกษตร,วท.บ. สัตวศาสตร์,,,0,10,30,10,96.7500,54.5000
มหาวิทยาลัยกาฬสินธุ์,วิทยาเขตหลัก,10280101501301A,คณะเทคโนโลยีการเกษตร,วท.บ. พืชศาสตร์,,,0,10,8,1,0.0000,0.0000
มหาวิทยาลัยกาฬสินธุ์,วิทยาเขตหลัก,10280102610201A,คณะบริหารศาสตร์,บธ.บ. การจัดการ,,การจัดการ,0,10,13,4,85.0000,0.0000
มหาวิทยาลัยกาฬสินธุ์,วิทยาเขตหลัก,10280102610201A,คณะบริหารศาสตร์,บธ.บ. การจัดการ,,การจัดการโลจิสติกส์และโซ่ อุปทาน,0,5,19,5,90.0000,75.7500
มหาวิทยาลัยกาฬสินธุ์,วิทยาเขตหลัก,10280102610501A,คณะบริหารศาสตร์,บธ.บ. บัญชีบัณฑิต,,,0,5,33,5,94.2500,81.5000
มหาวิทยาลัยกาฬสินธุ์,วิทยาเขตหลัก,10280102610601A,คณะบริหารศาสตร์,บธ.บ. การจัดการการตลาด,,,0,20,13,5,86.5000,0.0000
มหาวิทยาลัยกาฬสินธุ์,วิทยาเขตหลัก,10280102610701A,คณะบริหารศาสตร์,บธ.บ. คอมพิวเตอร์ธุรกิจ,,,0,20,7,1,90.5000,90.5000
มหาวิทยาลัยกาฬสินธุ์,วิทยาเขตหลัก,10280102610801A,คณะบริหารศาสตร์,บธ.บ. การจัดการธุรกิจการค้าสมัยใหม่,,,0,12,0,0,0.0000,0.0000
มหาวิทยาลัยกาฬสินธุ์,วิทยาเขตหลัก,10280103112701A,คณะวิทยาศาสตร์และเทคโนโลยีสุขภาพ,ส.บ. สาธารณสุขศาสตร์,,,0,10,149,10,99.0000,92.2500
มหาวิทยาลัยกาฬสินธุ์,วิทยาเขตหลัก,10280103210601A,คณะวิทยาศาสตร์และเทคโนโลยีสุขภาพ,วท.บ. เคมีผลิตภัณฑ์และจุลชีวอุตสาหกรรม,,,0,10,10,3,92.5000,78.7500
มหาวิทยาลัยกาฬสินธุ์,วิทยาเขตหลัก,10280103213101A,คณะวิทยาศาสตร์และเทคโนโลยีสุขภาพ,วท.บ. อนามัยสิ่งแวดล้อม,,,0,10,16,6,85.2500,64.2500
มหาวิทยาลัยกาฬสินธุ์,วิทยาเขตหลัก,10280103220101A,คณะวิทยาศาสตร์และเทคโนโลยีสุขภาพ,วท.บ. เทคโนโลยีสารสนเทศทางการแพทย์,,วิทยาการข้อมูลและ ปัญญาประดิษฐ์ทางการแพทย์,0,5,6,1,95.2500,95.2500
มหาวิทยาลัยกาฬสินธุ์,วิทยาเขตหลัก,10280103220101A,คณะวิทยาศาสตร์และเทคโนโลยีสุขภาพ,วท.บ. เทคโนโลยีสารสนเทศทางการแพทย์,,เทคโนโลยีสารสนเทศทาง การแพทย์,0,5,10,4,87.5000,83.2500
มหาวิทยาลัยกาฬสินธุ์,วิทยาเขตหลัก,10280104300501A,คณะวิศวกรรมศาสตร์และเทคโนโลยีอุตสาหกรรม,วศ.บ. วิศวกรรมคอมพิวเตอร์,,,0,10,23,6,94.2500,74.2500
มหาวิทยาลัยกาฬสินธุ์,วิทยาเขตหลัก,10280104300701A,คณะวิศวกรรมศาสตร์และเทคโนโลยีอุตสาหกรรม,วศ.บ. วิศวกรรมเครื่องกล,,,0,10,13,2,74.0000,54.7500
มหาวิทยาลัยกาฬสินธุ์,วิทยาเขตหลัก,10280104301901A,คณะวิศวกรรมศาสตร์และเทคโนโลยีอุตสาหกรรม,วศ.บ. วิศวกรรมเมคคาทรอนิกส์,,,0,10,3,0,0.0000,0.0000
มหาวิทยาลัยกาฬสินธุ์,วิทยาเขตหลัก,10280104302401A,คณะวิศวกรรมศาสตร์และเทคโนโลยีอุตสาหกรรม,วศ.บ. วิศวกรรมโลจิสติกส์,,,0,10,21,6,89.5000,73.2500
มหาวิทยาลัยกาฬสินธุ์,วิทยาเขตหลัก,10280104303501A,คณะวิศวกรรมศาสตร์และเทคโนโลยีอุตสาหกรรม,วศ.บ. วิศวกรรมอุตสาหการ,,,0,5,4,1,94.0000,94.0000
มหาวิทยาลัยกาฬสินธุ์,วิทยาเขตหลัก,10280104400201A,คณะวิศวกรรมศาสตร์และเทคโนโลยีอุตสาหกรรม,สถ.บ. นวัตกรรมการออกแบบ,,นวัตกรรมการออกแบบ(แผน ปกิต4 ปี),0,10,7,3,68.7500,0.0000
มหาวิทยาลัยกาฬสินธุ์,วิทยาเขตหลัก,10280104400201A,คณะวิศวกรรมศาสตร์และเทคโนโลยีอุตสาหกรรม,สถ.บ. นวัตกรรมการออกแบบ,,นวัตกรรมการออกแบบ(แผน แบบบูรณาการกับการทำงาน),0,10,1,0,0.0000,0.0000
มหาวิทยาลัยกาฬสินธุ์,วิทยาเขตหลัก,10280105620101A,คณะศิลปศาสตร์,ศศ.บ. การท่องเที่ยวและเรือสำราญ,,,0,5,22,5,80.2500,69.5000
มหาวิทยาลัยกาฬสินธุ์,วิทยาเขตหลัก,10280105901001A,คณะศิลปศาสตร์,น.บ. นิติศาสตรบัณฑิต,,นิติศาสตรบัณฑิต,0,5,38,5,88.7500,83.7500
มหาวิทยาลัยกาฬสินธุ์,วิทยาเขตหลัก,10280105901001A,คณะศิลปศาสตร์,น.บ. นิติศาสตรบัณฑิต,,นิติศาสตรบัณฑิต (ภาค พิเศษ นอกเวลาราชการ),0,5,5,1,72.0000,72.0000
มหาวิทยาลัยกาฬสินธุ์,วิทยาเขตหลัก,10280105901101A,คณะศิลปศาสตร์,นศ.บ. สื่อดิจิทัลคอนเทนต์,,,0,5,18,5,80.2500,70.7500
มหาวิทยาลัยกาฬสินธุ์,วิทยาเขตหลัก,10280105901801A,คณะศิลปศาสตร์,ศศ.บ. ภาษาจีน,,,0,5,29,5,98.5000,85.2500
มหาวิทยาลัยกาฬสินธุ์,วิทยาเขตหลัก,10280105902501A,คณะศิลปศาสตร์,ศศ.บ. ภาษาอังกฤษเพื่อการสื่อสารธุรกิจ,,,0,10,21,4,93.7500,71.0000
มหาวิทยาลัยกาฬสินธุ์,วิทยาเขตหลัก,10280105903101A,คณะศิลปศาสตร์,รป.บ. รัฐประศาสนศาสตร์,,รัฐประศาสนศาสตร์,0,5,11,1,78.0000,78.0000
มหาวิทยาลัยกาฬสินธุ์,วิทยาเขตหลัก,10280105903101A,คณะศิลปศาสตร์,รป.บ. รัฐประศาสนศาสตร์,,การปกครองท้องถิ่น,0,5,9,2,71.0000,56.2500
มหาวิทยาลัยกาฬสินธุ์,วิทยาเขตหลัก,10280105903101A,คณะศิลปศาสตร์,รป.บ. รัฐประศาสนศาสตร์,,การบริหารงานตำรวจ,0,5,13,6,88.7500,0.0000
มหาวิทยาลัยกาฬสินธุ์,วิทยาเขตหลัก,10280105903101A,คณะศิลปศาสตร์,รป.บ. รัฐประศาสนศาสตร์,,รัฐประศาสนศาสตร์(ภาค พิเศษ นอกเวลาราชการ),0,2,1,1,66.2500,66.2500
มหาวิทยาลัยกาฬสินธุ์,วิทยาเขตหลัก,10280105903101A,คณะศิลปศาสตร์,รป.บ. รัฐประศาสนศาสตร์,,การปกครองท้องถิ่น (ภาค พิเศษ นอกเวลาราชการ),0,2,0,0,0.0000,0.0000
มหาวิทยาลัยกาฬสินธุ์,วิทยาเขตหลัก,10280105903201A,คณะศิลปศาสตร์,ร.บ. รัฐศาสตร์,,การเมืองการปกครอง,0,5,18,3,87.0000,79.5000
มหาวิทยาลัยกาฬสินธุ์,วิทยาเขตหลัก,10280105903201A,คณะศิลปศาสตร์,ร.บ. รัฐศาสตร์,,การบริหารงานเอกชนและ ผู้ประกอบการ,0,2,3,0,0.0000,0.0000
มหาวิทยาลัยกาฬสินธุ์,วิทยาเขตหลัก,10280105903201A,คณะศิลปศาสตร์,ร.บ. รัฐศาสตร์,,การบริหารงานยุติธรรม,0,2,2,2,68.5000,0.0000
มหาวิทยาลัยกาฬสินธุ์,วิทยาเขตหลัก,10280105904201A,คณะศิลปศาสตร์,ศศ.บ. พัฒนาสังคม,,ผู้ประกอบการผลิตภัณ์ฑชุมชนเชิงสรา้ งสรรค์,0,2,2,0,0.0000,0.0000
มหาวิทยาลัยกาฬสินธุ์,วิทยาเขตหลัก,10280105904201A,คณะศิลปศาสตร์,ศศ.บ. พัฒนาสังคม,,การประกอบการสังคมและ ธุรกิจเพื่อสังคม,0,2,4,0,0.0000,0.0000
มหาวิทยาลัยกาฬสินธุ์,วิทยาเขตหลัก,10280106703701A,คณะศึกษาศาสตร์และนวัตกรรมการศึกษา,ค.บ. นวัตกรรมการจัดการเรียนรู้,,การศึกษาปฐมวยั,0,10,302,10,99.0000,95.7500
มหาวิทยาลัยกาฬสินธุ์,วิทยาเขตหลัก,10280106703701A,คณะศึกษาศาสตร์และนวัตกรรมการศึกษา,ค.บ. นวัตกรรมการจัดการเรียนรู้,,คณิตศาสตร์,0,10,139,12,99.5000,96.7500
มหาวิทยาลัยกาฬสินธุ์,วิทยาเขตหลัก,10280106703701A,คณะศึกษาศาสตร์และนวัตกรรมการศึกษา,ค.บ. นวัตกรรมการจัดการเรียนรู้,,คอมพิวเตอร์,0,10,28,10,89.2500,73.7500
มหาวิทยาลัยกาฬสินธุ์,วิทยาเขตหลัก,10280106703701A,คณะศึกษาศาสตร์และนวัตกรรมการศึกษา,ค.บ. นวัตกรรมการจัดการเรียนรู้,,ภาษาไทย,0,10,230,10,99.2500,96.2500
มหาวิทยาลัยกาฬสินธุ์,วิทยาเขตหลัก,10280106703701A,คณะศึกษาศาสตร์และนวัตกรรมการศึกษา,ค.บ. นวัตกรรมการจัดการเรียนรู้,,วิทยาศาสตร์ทั่วไป,0,10,52,10,97.2500,87.5000
มหาวิทยาลัยกาฬสินธุ์,วิทยาเขตหลัก,10280106703701A,คณะศึกษาศาสตร์และนวัตกรรมการศึกษา,ค.บ. นวัตกรรมการจัดการเรียนรู้,,ภาษาอังกฤษ,0,5,54,5,99.7500,92.5000
มหาวิทยาลัยกาฬสินธุ์,วิทยาเขตหลัก,10280106703701A,คณะศึกษาศาสตร์และนวัตกรรมการศึกษา,ค.บ. นวัตกรรมการจัดการเรียนรู้,,การประถมศึกษา,0,0,3,0,0.0000,0.0000
มหาวิทยาลัยกาฬสินธุ์,วิทยาเขตหลัก,10280106703701A,คณะศึกษาศาสตร์และนวัตกรรมการศึกษา,ค.บ. นวัตกรรมการจัดการเรียนรู้,,เกษตรศาสตร์,0,5,7,4,83.2500,71.0000
มหาวิทยาลัยกาฬสินธุ์,วิทยาเขตหลัก,10280106703701A,คณะศึกษาศาสตร์และนวัตกรรมการศึกษา,ค.บ. นวัตกรรมการจัดการเรียนรู้,,สังคมศึกษา,0,0,2,0,0.0000,0.0000
มหาวิทยาลัยกาฬสินธุ์,วิทยาเขตหลัก,10280106703701A,คณะศึกษาศาสตร์และนวัตกรรมการศึกษา,ค.บ. นวัตกรรมการจัดการเรียนรู้,,ชีววิทยา,0,10,40,10,94.0000,81.2500
มหาวิทยาลัยกาฬสินธุ์,วิทยาเขตหลัก,10280106703701A,คณะศึกษาศาสตร์และนวัตกรรมการศึกษา,ค.บ. นวัตกรรมการจัดการเรียนรู้,,เอกฟิสิกส์,0,5,11,1,73.2500,73.2500
มหาวิทยาลัยกาฬสินธุ์,วิทยาเขตหลัก,10280106703701A,คณะศึกษาศาสตร์และนวัตกรรมการศึกษา,ค.บ. นวัตกรรมการจัดการเรียนรู้,,เอกพลศึกษา,0,0,2,0,0.0000,0.0000
กลุ่มสถาบันแพทยศาสตร์แห่ง ประเทศไทย,วิทยาเขตหลัก,50310101100101A,คณะแพทยศาสต์รมหาวิทยาลัยขอนแก่น,แพทยศาสตรบัณฑิต,,ภาษาไทย,0,31,766,31,72.6618,69.8996
กลุ่มสถาบันแพทยศาสตร์แห่ง ประเทศไทย,วิทยาเขตหลัก,50310102100101A,คณะแพทยศาสต์รจุฬาลงกรณ์มหาวิทยาลัย,แพทยศาสตรบัณฑิต,,ภาษาไทย,0,176,728,176,88.9196,77.0469
กลุ่มสถาบันแพทยศาสตร์แห่ง ประเทศไทย,วิทยาเขตหลัก,50310103100101A,คณะแพทยศาสต์รจุฬาลงกรณ์มหาวิทยาลัย – กรมแพทย์ทหารอากาศ กองทัพอากาศ,แพทยศาสตรบัณฑิต,,ภาษาไทย,0,30,693,30,76.8641,72.6658
กลุ่มสถาบันแพทยศาสตร์แห่ง ประเทศไทย,วิทยาเขตหลัก,50310104100101A,คณะแพทยศาสต์รมหาวิทยาลัยเชียงใหม่,แพทยศาสตรบัณฑิต,,ภาษาไทย,0,45,852,45,74.8976,69.5129
กลุ่มสถาบันแพทยศาสตร์แห่ง ประเทศไทย,วิทยาเขตหลัก,50310105100101A,คณะแพทยศาสต์รมหาวิทยาลัยธรรมศาสตร์,แพทยศาสตรบัณฑิต,,ภาษาไทย,0,75,"1,120",75,73.1708,71.5899
กลุ่มสถาบันแพทยศาสตร์แห่ง ประเทศไทย,วิทยาเขตหลัก,50310106100101A,คณะแพทยศาสต์รมหาวิทยาลัยนเรศวร,แพทยศาสตรบัณฑิต,,ภาษาไทย,0,35,"1,126",35,71.8581,66.5364
กลุ่มสถาบันแพทยศาสตร์แห่ง ประเทศไทย,วิทยาเขตหลัก,50310107100101A,คณะแพทยศาสต์รโรงพยาบาลรามาธิบีดมหาวิทยาลัยมหิดล,แพทยศาสตรบัณฑิต,,ภาษาไทย,0,96,"1,339",96,85.5614,73.1752
กลุ่มสถาบันแพทยศาสตร์แห่ง ประเทศไทย,วิทยาเขตหลัก,50310108100101A,คณะแพทยศาสตร์ศิริราช พยาบาล มหาวิทยาลัยมหิดล,แพทยศาสตรบัณฑิต,,ภาษาไทย,0,203,"1,132",203,84.4246,73.9878
กลุ่มสถาบันแพทยศาสตร์แห่ง ประเทศไทย,วิทยาเขตหลัก,50310109100101A,วิทยาลัยแพทยศาสต์รมหาวิทยาลัยรังสิต (โรงพยาบาลราชวิถี) (สถาบัน เอกชน),แพทยศาสตรบัณฑิต,,ภาษาไทย,0,50,228,50,66.4552,60.4703
กลุ่มสถาบันแพทยศาสตร์แห่ง ประเทศไทย,วิทยาเขตหลัก,50310110100101A,วิทยาลัยแพทยศาสต์รมหาวิทยาลัยรังสิต (โรง พยาบาลเลิดสิน) (สถาบัน เอกชน),แพทยศาสตรบัณฑิต,,ภาษาไทย,0,15,150,15,62.6656,59.4370
กลุ่มสถาบันแพทยศาสตร์แห่ง ประเทศไทย,วิทยาเขตหลัก,50310111100101A,วิทยาลัยแพทยศาสต์รมหาวิทยาลัยรังสิต (โรงพยาบาลนพรัตนราชธานี) (สถาบันเอกชน),แพทยศาสตรบัณฑิต,,ภาษาไทย,0,15,164,15,60.9361,58.1303
กลุ่มสถาบันแพทยศาสตร์แห่ง ประเทศไทย,วิทยาเขตหลัก,50310112100101A,คณะแพทยศาสต์รมหาวิทยาลัยศรีนครินทรวิโรฒ,แพทยศาสตรบัณฑิต,,ภาษาไทย,0,140,"1,400",140,70.7070,67.3280
กลุ่มสถาบันแพทยศาสตร์แห่ง ประเทศไทย,วิทยาเขตหลัก,50310113100101A,คณะแพทยศาสต์รมหาวิทยาลัยสงขลานครินทร์,แพทยศาสตรบัณฑิต,,ภาษาไทย,0,77,919,77,72.7850,66.8952
กลุ่มสถาบันแพทยศาสตร์แห่ง ประเทศไทย,วิทยาเขตหลัก,50310114100101A,คณะแพทยศาสตร์วชิรพยา บาล มหาวิทยาลัยนวมินท ราธิราช,แพทยศาสตรบัณฑิต,,ภาษาไทย,0,52,857,52,72.9839,70.8141
กลุ่มสถาบันแพทยศาสตร์แห่ง ประเทศไทย,วิทยาเขตหลัก,50310115100101A,คณะแพทยศาสตร์วชิรพยา บาล มหาวิทยาลัยนวมินท ราธิราช-โรงพยาบาลตากสิน สำนักการแพท์ยกรุงเทพมหานคร,แพทยศาสตรบัณฑิต,,ภาษาไทย,0,20,586,20,70.8053,70.2820
กลุ่มสถาบันแพทยศาสตร์แห่ง ประเทศไทย,วิทยาเขตหลัก,50310116100101A,วิทยาลัยแพทยศาสตร์พระ มงกุฎเกล้า** เพศชาย,แพทยศาสตรบัณฑิต,,ภาษาไทย,0,65,690,65,72.6387,65.1647
กลุ่มสถาบันแพทยศาสตร์แห่ง ประเทศไทย,วิทยาเขตหลัก,50310117100101A,วิทยาลัยแพทยศาสตร์พระ มงกุฎเกล้า** เพศหญิง,แพทยศาสตรบัณฑิต,,ภาษาไทย,0,45,605,45,71.2884,66.2570
กลุ่มสถาบันแพทยศาสตร์แห่ง ประเทศไทย,วิทยาเขตหลัก,50310118100101A,สำนักวิชาแพทยศาสต์รมหาวิทยาลัยเทคโนโลยีสุรนารี,แพทยศาสตรบัณฑิต,,ภาษาไทย,0,12,646,12,68.3425,66.0730
กลุ่มสถาบันแพทยศาสตร์แห่ง ประเทศไทย,วิทยาเขตหลัก,50310119100101A,คณะแพทยศาสต์รมหาวิทยาลัยบูรพา,แพทยศาสตรบัณฑิต,,ภาษาไทย,0,66,"1,025",66,67.1953,64.6964
กลุ่มสถาบันแพทยศาสตร์แห่ง ประเทศไทย,วิทยาเขตหลัก,50310120100101A,สำนักวิชาแพทยศาสต์รมหาวิทยาลัยแม่ฟ้าหลวง,แพทยศาสตรบัณฑิต,,ภาษาไทย,0,28,656,28,67.1090,65.4910
กลุ่มสถาบันแพทยศาสตร์แห่ง ประเทศไทย,วิทยาเขตหลัก,50310121100101A,คณะแพทยศาสต์รมหาวิทยาลัยสยาม (สถาบัน เอกชน),แพทยศาสตรบัณฑิต,,ภาษาไทย,0,20,94,20,58.9976,54.6729
กลุ่มสถาบันแพทยศาสตร์แห่ง ประเทศไทย,วิทยาเขตหลัก,50310122100101A,คณะแพทยศาสต์รมหาวิทยาลัยเวสเทิร์น(สถาบันเอกชน),แพทยศาสตรบัณฑิต,,ภาษาไทย,0,10,51,10,57.7569,53.0632
กลุ่มสถาบันแพทยศาสตร์แห่ง ประเทศไทย,วิทยาเขตหลัก,50310123100101A,วิทยาลัยแพทยศาสตร์ศรีสวาง ควัฒน ราชวิทยาลัยจุฬาภรณ์,แพทยศาสตรบัณฑิต,,ภาษาไทย,0,14,612,14,70.7342,69.6203
กลุ่มสถาบันแพทยศาสตร์แห่ง ประเทศไทย,วิทยาเขตหลัก,50310124100101A,คณะแพทยศาสต์รมหาวิทยาลัยเกษตรศาสตร์,แพทยศาสตรบัณฑิต,,ภาษาไทย,0,26,"1,337",26,71.9324,67.2459
กลุ่มสถาบันแพทยศาสตร์แห่ง ประเทศไทย,วิทยาเขตหลัก,50310125120101A,คณะทันตแพทยศาสต์รจุฬาลงกรณ์มหาวิทยาลัย,ทันตแพทยศาสตรบัณฑิต,,ภาษาไทย,0,57,559,57,87.0930,73.3795
กลุ่มสถาบันแพทยศาสตร์แห่ง ประเทศไทย,วิทยาเขตหลัก,50310126120101A,คณะทันตแพทยศาสต์รมหาวิทยาลัยมหิดล,ทันตแพทยศาสตรบัณฑิต,,ภาษาไทย,0,80,832,80,83.4331,70.0685
กลุ่มสถาบันแพทยศาสตร์แห่ง ประเทศไทย,วิทยาเขตหลัก,50310127120101A,คณะทันตแพทยศาสต์รมหาวิทยาลัยเชียงใหม่,ทันตแพทยศาสตรบัณฑิต,,ภาษาไทย,0,23,530,23,75.3855,68.0730
กลุ่มสถาบันแพทยศาสตร์แห่ง ประเทศไทย,วิทยาเขตหลัก,50310128120101A,คณะทันตแพทยศาสต์รมหาวิทยาลัยสงขลานครินทร์,ทันตแพทยศาสตรบัณฑิต,,ภาษาไทย,0,32,606,32,72.9488,65.6947
กลุ่มสถาบันแพทยศาสตร์แห่ง ประเทศไทย,วิทยาเขตหลัก,50310129120101A,คณะทันตแพทยศาสต์รมหาวิทยาลัยศรีนครินทรวิโรฒ,ทันตแพทยศาสตรบัณฑิต,,ภาษาไทย,0,30,637,30,69.7356,67.5785
กลุ่มสถาบันแพทยศาสตร์แห่ง ประเทศไทย,วิทยาเขตหลัก,50310130120101A,คณะทันตแพทยศาสต์รมหาวิทยาลัยขอนแก่น,ทันตแพทยศาสตรบัณฑิต,,ภาษาไทย,0,20,589,20,69.6365,66.9738
กลุ่มสถาบันแพทยศาสตร์แห่ง ประเทศไทย,วิทยาเขตหลัก,50310131120101A,คณะทันตแพทยศาสต์รมหาวิทยาลัยธรรมศาสตร์,ทันตแพทยศาสตรบัณฑิต,,ภาษาไทย,0,30,579,30,73.7485,68.9352
กลุ่มสถาบันแพทยศาสตร์แห่ง ประเทศไทย,วิทยาเขตหลัก,50310132120101A,คณะทันตแพทยศาสต์รมหาวิทยาลัยนเรศวร,ทันตแพทยศาสตรบัณฑิต,,ภาษาไทย,0,70,"1,045",70,66.6871,64.2709
กลุ่มสถาบันแพทยศาสตร์แห่ง ประเทศไทย,วิทยาเขตหลัก,50310133120101A,สำนักวิชาทันตแพทยศาสต์รมหาวิทยาลัยเทคโนโลยีสุรนารี,ทันตแพทยศาสตรบัณฑิต,,ภาษาไทย,0,22,356,22,64.5510,62.0458
กลุ่มสถาบันแพทยศาสตร์แห่ง ประเทศไทย,วิทยาเขตหลัก,50310134120101A,คณะทันตแพทยศาสต์รมหาวิทยาลัยเนชั่น (สถาบัน เอกชน),ทันตแพทยศาสตรบัณฑิต,,ภาษาไทย,0,15,13,6,51.6585,44.6137
กลุ่มสถาบันแพทยศาสตร์แห่ง ประเทศไทย,วิทยาเขตหลัก,50310135120101A,คณะทันตแพทยศาสต์รมหาวิทยาลัยเวสเทิร์น(สถาบันเอกชน),ทันตแพทยศาสตรบัณฑิต,,ภาษาไทย,0,10,16,4,52.6113,47.1965
กลุ่มสถาบันแพทยศาสตร์แห่ง ประเทศไทย,วิทยาเขตหลัก,50310136120101A,วิทยาลัยทันตแพทยศาสต์รมหาวิทยาลัยรังสิต (สถาบัน เอกชน),ทันตแพทยศาสตรบัณฑิต,,ภาษาไทย,0,60,132,60,61.9132,50.7044
กลุ่มสถาบันแพทยศาสตร์แห่ง ประเทศไทย,วิทยาเขตหลัก,50310137120101A,คณะทันตแพทยศาสต์รมหาวิทยาลัยกรุงเทพธนบุรี (สถาบันเอกชน),ทันตแพทยศาสตรบัณฑิต,,ภาษาไทย,0,10,16,4,53.3064,46.5807
กลุ่มสถาบันแพทยศาสตร์แห่ง ประเทศไทย,วิทยาเขตหลัก,50310138120101A,คณะทันตแพทยศาสต์รมหาวิทยาลัยสยาม (สถาบัน เอกชน),ทันตแพทยศาสตรบัณฑิต,,ภาษาไทย,0,30,32,17,52.6150,42.7507
กลุ่มสถาบันแพทยศาสตร์แห่ง ประเทศไทย,วิทยาเขตหลัก,50310139120101A,สำนักวิชาทันตแพทยศาสต์รมหาวิทยาลัยแม่ฟ้าหลวง,ทันตแพทยศาสตรบัณฑิต,,ภาษาไทย,0,31,535,31,65.6339,62.3224
กลุ่มสถาบันแพทยศาสตร์แห่ง ประเทศไทย,วิทยาเขตหลัก,50310140140101A,คณะสัตวแพทยศาสต์รจุฬาลงกรณ์มหาวิทยาลัย,สัตวแพทยศาสตรบัณฑิต,,ภาษาไทย,0,105,768,105,77.9769,61.1885
กลุ่มสถาบันแพทยศาสตร์แห่ง ประเทศไทย,วิทยาเขตหลัก,50310141140101A,คณะสัตวแพทยศาสต์รมหาวิทยาลัยเกษตรศาสตร์,สัตวแพทยศาสตรบัณฑิต,,ภาษาไทย,0,35,510,35,68.4178,60.3868
กลุ่มสถาบันแพทยศาสตร์แห่ง ประเทศไทย,วิทยาเขตหลัก,50310142140101A,คณะสัตวแพทยศาสต์รมหาวิทยาลัยขอนแก่น,สัตวแพทยศาสตรบัณฑิต,,ภาษาไทย,0,20,370,20,59.8227,58.3544
กลุ่มสถาบันแพทยศาสตร์แห่ง ประเทศไทย,วิทยาเขตหลัก,50310143140101A,คณะสัตวแพทยศาสต์รมหาวิทยาลัยเชียงใหม่,สัตวแพทยศาสตรบัณฑิต,,ภาษาไทย,0,10,342,10,62.6770,59.0913
กลุ่มสถาบันแพทยศาสตร์แห่ง ประเทศไทย,วิทยาเขตหลัก,50310144140101A,คณะสัตวแพทยศาสต์รมหาวิทยาลัยมหิดล,สัตวแพทยศาสตรบัณฑิต,,ภาษาไทย,0,50,653,50,63.3512,59.3762
กลุ่มสถาบันแพทยศาสตร์แห่ง ประเทศไทย,วิทยาเขตหลัก,50310145140101A,คณะสัตวแพทยศาสต์รมหาวิทยาลัยเทคโนโลยีมหา นคร (สถาบันเอกชน),สัตวแพทยศาสตรบัณฑิต,,ภาษาไทย,0,10,48,10,56.6037,50.2193
กลุ่มสถาบันแพทยศาสตร์แห่ง ประเทศไทย,วิทยาเขตหลัก,50310146140101A,คณะสัตวแพทยศาสต์รมหาวิทยาลัยมหาสารคาม,สัตวแพทยศาสตรบัณฑิต,,ภาษาไทย,0,10,137,10,58.1057,56.0507
กลุ่มสถาบันแพทยศาสตร์แห่ง ประเทศไทย,วิทยาเขตหลัก,50310147140101A,คณะสัตวแพทยศาสต์รมหาวิทยาลัยเทคโนโลยีราชมงคลตะวันออก,สัตวแพทยศาสตรบัณฑิต,,ภาษาไทย,0,15,88,15,56.0825,53.0674
กลุ่มสถาบันแพทยศาสตร์แห่ง ประเทศไทย,วิทยาเขตหลัก,50310148140101A,คณะสัตวแพทยศาสต์รมหาวิทยาลัยเทคโนโลยีราชมงคลศรีวิชัย,สัตวแพทยศาสตรบัณฑิต,,ภาษาไทย,0,10,69,10,56.2869,51.9752
กลุ่มสถาบันแพทยศาสตร์แห่ง ประเทศไทย,วิทยาเขตหลัก,50310149140101A,คณะสัตวแพทยศาสต์รมหาวิทยาลัยสงขลานครินทร์,สัตวแพทยศาสตรบัณฑิต,,ภาษาไทย,0,12,164,12,65.6033,57.5083
กลุ่มสถาบันแพทยศาสตร์แห่ง ประเทศไทย,วิทยาเขตหลัก,50310150140101A,คณะสัตวแพทยศาสต์รมหาวิทยาลัยเวสเทิร์น(สถาบันเอกชน),สัตวแพทยศาสตรบัณฑิต,,ภาษาไทย,0,10,4,1,40.6926,40.6926
กลุ่มสถาบันแพทยศาสตร์แห่ง ประเทศไทย,วิทยาเขตหลัก,50310151130301A,คณะเภสัชศาสต์รจุฬาลงกรณ์มหาวิทยาลัย (สาขาวิชาการบริบาลทาง เภสัชกรรม),เภสัชศาสตรบัณฑิต (ภ.บ.),,ภาษาไทย,0,88,964,88,72.7689,64.1583
กลุ่มสถาบันแพทยศาสตร์แห่ง ประเทศไทย,วิทยาเขตหลัก,50310152130201A,คณะเภสัชศาสต์รจุฬาลงกรณ์มหาวิทยาลัย (สาขาวิชาเภสัชกรรมอุตสา หการ),เภสัชศาสตรบัณฑิต (ภ.บ.),,ภาษาไทย,0,86,896,86,78.6827,62.9222
กลุ่มสถาบันแพทยศาสตร์แห่ง ประเทศไทย,วิทยาเขตหลัก,50310153130101A,คณะเภสัชศาสต์รมหาวิทยาลัยมหิดล,เภสัชศาสตรบัณฑิต (ภ.บ.),,ภาษาไทย,0,65,"1,236",65,74.4896,63.1773
กลุ่มสถาบันแพทยศาสตร์แห่ง ประเทศไทย,วิทยาเขตหลัก,50310154130101A,คณะเภสัชศาสต์รมหาวิทยาลัยเชียงใหม่,เภสัชศาสตรบัณฑิต (ภ.บ.),,ภาษาไทย,0,100,"1,009",100,65.3288,59.1827
กลุ่มสถาบันแพทยศาสตร์แห่ง ประเทศไทย,วิทยาเขตหลัก,50310155130301A,คณะเภสัชศาสต์รมหาวิทยาลัยศรีนครินทรวิโรฒ (สาขาวิชาการบริบาลทาง เภสัชกรรม),เภสัชศาสตรบัณฑิต (ภ.บ.),,ภาษาไทย,0,20,313,20,62.5165,60.2724
กลุ่มสถาบันแพทยศาสตร์แห่ง ประเทศไทย,วิทยาเขตหลัก,50310156130201A,คณะเภสัชศาสต์รมหาวิทยาลัยศรีนครินทรวิโรฒ (สาขาวิชาเภสัชกรรมอุตสา หการ),เภสัชศาสตรบัณฑิต (ภ.บ.),,ภาษาไทย,0,20,290,20,61.9096,59.1946
กลุ่มสถาบันแพทยศาสตร์แห่ง ประเทศไทย,วิทยาเขตหลัก,50310157130101A,คณะเภสัชศาสต์รมหาวิทยาลัยธรรมศาสตร์,เภสัชศาสตรบัณฑิต (ภ.บ.),,ภาษาไทย,0,30,599,30,67.4871,61.8662
กลุ่มสถาบันแพทยศาสตร์แห่ง ประเทศไทย,วิทยาเขตหลัก,50310158130301A,คณะเภสัชศาสต์รมหาวิทยาลัยมหาสารคาม (สาขาวิชาการบริบาลทาง เภสัชกรรม),เภสัชศาสตรบัณฑิต (ภ.บ.),,ภาษาไทย,0,25,287,25,60.6593,57.5928
กลุ่มสถาบันแพทยศาสตร์แห่ง ประเทศไทย,วิทยาเขตหลัก,50310159130101A,คณะเภสัชศาสต์รมหาวิทยาลัยบูรพา,เภสัชศาสตรบัณฑิต (ภ.บ.),,ภาษาไทย,0,80,525,80,61.2347,55.1633
กลุ่มสถาบันแพทยศาสตร์แห่ง ประเทศไทย,วิทยาเขตหลัก,50310160130301A,คณะเภสัชศาสต์รมหาวิทยาลัยสยาม (สถาบัน เอกชน) (สาขาวิชาการบริบาล ทางเภสัชกรรม),เภสัชศาสตรบัณฑิต (ภ.บ.),,ภาษาไทย,0,15,54,15,55.0158,46.9819
กลุ่มสถาบันแพทยศาสตร์แห่ง ประเทศไทย,วิทยาเขตหลัก,50310161130101A,คณะเภสัชศาสต์รมหาวิทยาลัยหัวเฉียวเฉลิมพระ เกียริต(สถาบันเอกชน),เภสัชศาสตรบัณฑิต (ภ.บ.),,ภาษาไทย,0,20,71,20,55.2255,51.3604
กลุ่มสถาบันแพทยศาสตร์แห่ง ประเทศไทย,วิทยาเขตหลัก,50310162130301A,คณะเภสัชศาสต์รมหาวิทยาลัยพายัพ (สถาบัน เอกชน) (สาขาวิชาการ บริบาลทางเภสัชกรรม),เภสัชศาสตรบัณฑิต (ภ.บ.),,ภาษาไทย,0,10,47,10,55.9783,48.9959
กลุ่มสถาบันแพทยศาสตร์แห่ง ประเทศไทย,วิทยาเขตหลัก,50310163130301A,คณะเภสัชศาสต์รมหาวิทยาลัยอุบลราชธานี (สาขาวิชาการบริบาลทาง เภสัชกรรม),เภสัชศาสตรบัณฑิต (ภ.บ.),,ภาษาไทย,0,10,229,10,59.6298,57.9188
กลุ่มสถาบันแพทยศาสตร์แห่ง ประเทศไทย,วิทยาเขตหลัก,50310164130201A,คณะเภสัชศาสต์รมหาวิทยาลัยอุบลราชธานี (สาขาวิชาเภสัชกรรมอุตสา หการ),เภสัชศาสตรบัณฑิต (ภ.บ.),,ภาษาไทย,0,10,226,10,58.6351,56.4392
กลุ่มสถาบันแพทยศาสตร์แห่ง ประเทศไทย,วิทยาเขตหลัก,50310165130201A,คณะเภสัชศาสต์รมหาวิทยาลัยสงขลานครินท์ร(สาขาวิชาเภสัชกรรมอุตสา หการ),เภสัชศาสตรบัณฑิต (ภ.บ.),,ภาษาไทย,0,15,191,16,62.9131,58.3518
กลุ่มสถาบันแพทยศาสตร์แห่ง ประเทศไทย,วิทยาเขตหลัก,50310166130301A,คณะเภสัชศาสต์รมหาวิทยาลัยสงขลานครินท์ร(สาขาวิชาการบริบาลทาง เภสัชกรรม),เภสัชศาสตรบัณฑิต (ภ.บ.),,ภาษาไทย,0,15,202,15,65.5981,60.6981
กลุ่มสถาบันแพทยศาสตร์แห่ง ประเทศไทย,วิทยาเขตหลัก,50310167130101A,คณะเภสัชศาสต์รมหาวิทยาลัยขอนแก่น (หลักสูตรไทย),เภสัชศาสตรบัณฑิต (ภ.บ.),,ภาษาไทย,0,23,436,23,67.3186,61.3068
กลุ่มสถาบันแพทยศาสตร์แห่ง ประเทศไทย,วิทยาเขตหลัก,50310168130101A,คณะเภสัชศาสต์รมหาวิทยาลัยศิลปากร,เภสัชศาสตรบัณฑิต (ภ.บ.),,ภาษาไทย,0,10,376,10,63.1452,61.6502
กลุ่มสถาบันแพทยศาสตร์แห่ง ประเทศไทย,วิทยาเขตหลัก,50310169130101A,คณะเภสัชศาสต์รมหาวิทยาลัยเวสเทิร์น(สถาบันเอกชน),เภสัชศาสตรบัณฑิต (ภ.บ.),,ภาษาไทย,,10,4,1,39.8490,39.8490
ราชวิทยาลัยจุฬาภรณ์,วิทยาเขตหลัก,10320101220302H,วิทยาลัยแพทยศาสตร์ศรีสวาง ควัฒน,วิทยาศาสตรบัณฑิต สาขาวิชา วิทยาศาสตร์ข้อมูลสุขภาพ,,,0,25,18,12,46.5532,24.9494
ราชวิทยาลัยจุฬาภรณ์,วิทยาเขตหลัก,10320102111701A,วิทยาลัยพยาบาลศาสตร์อัคร ราชกุมารี,พยาบาลศาสตรบัณฑิต,โครงการศรัทธาจุฬาภร์ณ(Admission),,0,62,"1,190",62,71.3496,62.8828
ราชวิทยาลัยจุฬาภรณ์,วิทยาเขตหลัก,10320102111703E,วิทยาลัยพยาบาลศาสตร์อัคร ราชกุมารี,พยาบาลศาสตรบัณฑิต (หลักสูตร นานาชาติ),การรับแบบ Admission,,0,28,94,28,62.1331,51.3828
ราชวิทยาลัยจุฬาภรณ์,วิทยาเขตหลัก,10320103111603A,คณะเทคโนโลยีวิทยาศาสต์รสุขภาพ,วิทยาศาสตรบัณฑิต สาขาวิชาฉุกเฉิน การแพทย์,โครงการศรัทธาจุฬาภรณ์,,0,18,124,18,61.5700,54.6800
ราชวิทยาลัยจุฬาภรณ์,วิทยาเขตหลัก,10320103111901A,คณะเทคโนโลยีวิทยาศาสต์รสุขภาพ,วิทยาศาสตรบัณฑิต สาขาวิชารังสีเทคนิค,โครงการศรัทธาจุฬาภรณ์,,0,16,553,16,59.2450,55.5402
ราชวิทยาลัยจุฬาภรณ์,วิทยาเขตหลัก,10320103112002A,คณะเทคโนโลยีวิทยาศาสต์รสุขภาพ,วิทยาศาสตรบัณฑิต สาขาวิชา วิทยาศาสตร์การเคลื่อนไหวและสุขภาพ,โครงการศรัทธาจุฬาภรณ์,,0,18,13,9,49.9849,40.6664
ราชวิทยาลัยจุฬาภรณ์,วิทยาเขตหลัก,10320104112101A,คณะวิทยาศาสตร์,วิทยาศาสตรบัณฑิต สาขาวิชานวัตกรรม วิทยาศาสตร์การแพทย์,โครงการศรัทธาจุฬาภรณ์,,0,18,139,18,57.3443,44.6250
ราชวิทยาลัยจุฬาภรณ์,วิทยาเขตหลัก,10320104211002A,คณะวิทยาศาสตร์,วิทยาศาสตรบัณฑิต สาขาวิชาเทคโนโลียอาหารทางการแพทย์และสุขภาพ,โครงการศรัทธาจุฬาภรณ์,,0,25,169,25,58.8676,51.6507
ราชวิทยาลัยจุฬาภรณ์,วิทยาเขตหลัก,10320104300903A,คณะวิศวกรรมศาสตร์,วิศวกรรมศาสตรบัณฑิต สาขาวิชา วิศวกรรมชีวการแพทย์,โครงการศรัทธาจุฬาภรณ์,,0,12,285,12,65.1873,55.5709
มหาวิทยาลัยรามคำแหง,วิทยาเขตหลัก หัวหมาก,10340101300501A,คณะวิศวกรรมศาสตร์,หลักสูตรวิศวกรรมศาสตรบัณฑิต สาขาวิชาวิศวกรรมคอมพิวเตอร์(วศ.บ. (วิศวกรรมคอมพิวเตอร)์),หลักสูตรวิศวกรรมศาสตร บัณฑิต สาขาวิชาวิศวกรรม คอมพิวเตอร์(วศ.บ. (วิศวกรรมคอมพิวเตอร)์),,0,80,368,81,97.0000,74.0000
มหาวิทยาลัยรามคำแหง,วิทยาเขตหลัก,10340101300506E,คณะวิศวกรรมศาสคร์,หลักสูตรวิศวกรรมศาสตรบัณฑิต สาขาวิชาวิศวกรรมคอมพิวเตอ์ร(หลักสูตรนานาชาต)ิ (วศ.บ. (วิศวกรรม คอมพิวเตอร)์),หลักสูตรวิศวกรรมศาสตร บัณฑิต สาขาวิชาวิศวกรรม คอมพิวเตอร์(หลักสูตร นานาชาติ) (วศ.บ. (วิศวกรรม คอมพิวเตอร)์),,0,50,33,11,86.0000,0.0000
มหาวิทยาลัยรามคำแหง,วิทยาเขตหลัก หัวหมาก,10340101302103A,คณะวิศวกรรมศาสตร์,หลักสูตรวิศวกรรมศาสตรบัณฑิต สาขาวิชาวิศวกรรมโยธา (วศ.บ. (วิศวกรรมโยธา)),หลักสูตรวิศวกรรมศาสตร บัณฑิต สาขาวิชาวิศวกรรม โยธา (วศ.บ. (วิศวกรรมโยธา)),,0,65,353,65,99.2500,76.2500
มหาวิทยาลัยรามคำแหง,วิทยาเขตหลัก หัวหมาก,10340101303505A,คณะวิศวกรรมศาสตร์,หลักสูตรวิศวกรรมศาสตรบัณฑิต สาขาวิชาวิศวกรรมอุตสาหการ (วศ.บ. (วิศวกรรมอุตสาหการ)),หลักสูตรวิศวกรรมศาสตร บัณฑิต สาขาวิชาวิศวกรรม อุตสาหการ (วศ.บ. (วิศวกรรมอุตสาหการ)),,0,40,91,21,97.2500,52.0000
มหาวิทยาลัยรามคำแหง,วิทยาเขตหลัก หัวหมาก,10340102113001A,คณะทัศนมาตาศาสตร์,ทัศนมาตรศาสตรบัณฑิต,หลักสูตรทัศนมาตรศาสตร บัณฑิต,,0,30,262,30,57.6858,51.1275
มหาวิทยาลัยรามคำแหง,วิทยาเขตหลัก หัวหมาก,10340103110701B,คณะวิทยาศาสตร์,หลักสูตรการแพทย์แผนไทยบัณฑิต,หลักสูตรการแพทย์แผนไทย บัณฑิต,,0,40,214,40,94.4306,82.3048
มหาวิทยาลัยรามคำแหง,วิทยาเขตหลัก หัวหมาก,10340103111101A,คณะวิทยาศาสตร์,หลักสูตรวิทยาศาสตรบัณฑิต สาขาวิชาเคีมเครื่องสำอางและผลิตภัณฑ์ธรรมชาติ,หลักสูตรวิทยาศาสตรบัณฑิต สาขาวิชาเคมีเครื่องสำอาง และผลิตภัณฑ์ธรรมชาติ,,0,150,434,151,99.5000,73.0000
มหาวิทยาลัยรามคำแหง,วิทยาเขตหลัก หัวหมาก,10340103111901B,คณะวิทยาศาสตร์,หลักสูตรวิทยาศาสตรบัณฑิต สาขาวิชารังีสเทคนิค,หลักสูตรวิทยาศาสตรบัณฑิต สาขาวิชารังสีเทคนิค,,0,40,"1,258",40,52.4170,46.8468
มหาวิทยาลัยรามคำแหง,วิทยาเขตหลัก หัวหมาก,10340103210301A,คณะวิทยาศาสตร์,หลักสูตรวิทยาศาสตรบัณฑิต สาขา คณิตศาสตร์,หลักสูตรวิทยาศาสตรบัณฑิต สาขาคณิตศาสตร์,,0,50,36,10,98.7500,0.0000
มหาวิทยาลัยรามคำแหง,วิทยาเขตหลัก หัวหมาก,10340103210401A,คณะวิทยาศาสตร์,หลักสูตรวิทยาศาสตรบัณฑิต สาขาวิชาเคมี,หลักสูตรวิทยาศาสตรบัณฑิต สาขาวิชาเคมี,,0,50,41,9,94.2096,69.5217
มหาวิทยาลัยรามคำแหง,วิทยาเขตหลัก หัวหมาก,10340103210701A,คณะวิทยาศาสตร์,หลักสูตรวิทยาศาสตรบัณฑิต สาขาวิชา ชีววิทยา,หลักสูตรวิทยาศาสตรบัณฑิต สาขาวิชาชีววิทยา,,0,50,108,29,94.1331,48.4875
มหาวิทยาลัยรามคำแหง,วิทยาเขตหลัก หัวหมาก,10340103211001A,คณะวิทยาศาสตร์,หลักสูตรวิทยาศาสตรบัณฑิต สาขาวิชา เทคโนโลยีอาหาร,หลักสูตรวิทยาศาสตรบัณฑิต สาขาวิชาเทคโนโลยีอาหาร,,0,150,85,19,89.8793,55.0931
มหาวิทยาลัยรามคำแหง,วิทยาเขตหลัก หัวหมาก,10340103211201A,คณะวิทยาศาสตร์,หลักสูตรวิทยาศาสตรบัณฑิต สาขาวิชา เทคโนโลยีชีวภาพ,หลักสูตรวิทยาศาสตรบัณฑิต สาขาวิชาเทคโนโลยีชีวภาพ,,0,30,29,9,87.0175,64.7206
มหาวิทยาลัยรามคำแหง,วิทยาเขตหลัก หัวหมาก,10340103212001A,คณะวิทยาศาสตร์,หลักสูตรวิทยาศาสตรบัณฑิต สาขาวิชา เทคโนโลยีอิเล็กทรอนิกส์,หลักสูตรวิทยาศาสตรบัณฑิต สาขาวิชาเทคโนโลียอิเล็กทรอนิกส์,,0,50,23,4,82.2469,46.2675
มหาวิทยาลัยรามคำแหง,วิทยาเขตหลัก หัวหมาก,10340103212701A,คณะวิทยาศาสตร์,หลักสูตรวิทยาศาสตรบัณฑิต สาขาวิชา ฟิสิกส์,หลักสูตรวิทยาศาสตรบัณฑิต สาขาวิชาฟิสิกส์,,0,50,16,6,89.9298,43.2400
มหาวิทยาลัยรามคำแหง,วิทยาเขตหลัก หัวหมาก,10340103212801A,คณะวิทยาศาสตร์,หลักสูตรวิทยาศาสตรบัณฑิต สาขาวิชา เทคโนโลยีวัสดุ,หลักสูตรวิทยาศาสตรบัณฑิต สาขาวิชาเทคโนโลยีวัสดุ,,0,40,5,0,0.0000,0.0000
มหาวิทยาลัยรามคำแหง,วิทยาเขตหลัก หัวหมาก,10340103213101A,คณะวิทยาศาสตร์,หลักสูตรวิทยาศาสตรบัณฑิต สาขาวิชา วิทยาศาสตร์สิ่งแวดล้อม,หลักสูตรวิทยาศาสตรบัณฑิต สาขาวิชาวิทยาศาสต์รสิ่งแวดล้อม,,0,60,44,6,92.0618,59.2794
มหาวิทยาลัยรามคำแหง,วิทยาเขตหลัก หัวหมาก,10340103220301A,คณะวิทยาศาสตร์,หลักสูตรวิทยาศาสตรบัณฑิต สาขาวิชา สถิติศาสตร์และวิทยาการจัดการข้อมูล,หลักสูตรวิทยาศาสตรบัณฑิต สาขาวิชาสถิติศาสตร์และ วิทยาการจัดการข้อมูล,,0,55,45,5,######,67.7500
มหาวิทยาลัยรามคำแหง,วิทยาเขตหลัก หัวหมาก,10340103500401A,คณะวิทยาศาสตร์,หลักสูตรวิทยาศาสตรบัณฑิต สาขาวิชา เทคโนโลยีการเกษตร,หลักสูตรวิทยาศาสตรบัณฑิต สาขาวิชาเทคโนโลยีการเกษตร,,0,50,11,2,75.7369,72.1056
มหาวิทยาลัยรามคำแหง,วิทยาเขตหลัก หัวหมาก,10340104112701A,คณะสาธารณสุขศาสตร์,หลักสูตรสาธารณสุขศาสตรบัณฑิต,หลักสูตรสาธารณสุขศาสตร บัณฑิต,สาธารณสุขชุมชน,0,30,81,24,56.9325,36.3675
มหาวิทยาลัยรามคำแหง,วิทยาเขตหลัก หัวหมาก,10340105901601A,คณะสื่อสารมวลชน,หลักสูตรศิลปศาสตรบัณฑิตสาขาวิชา ภาพยนตร์ดิจิทัลและสื่อสรา้ งสรรค์,หลักสูตรศิลปศาสตรบัณฑิต สาขาวิชาภาพยนตร์ดิจิทัล และสื่อสรา้ งสรรค์,ภาษาไทย,0,70,450,70,79.4250,59.6885
มหาวิทยาลัยรามคำแหง,วิทยาเขตหลัก หัวหมาก,10340106800201A,คณะศิลปกรรมศาสตร์,หลักสูตรศิลปกรรมศาสตรบัณฑิต สาขาวิชาดนตรีสากล,หลักสูตรศิลปกรรมศาสตร บัณฑิต สาขาวิชาดนตรีสากล,สาขาวิชาดนตรีสากล,0,60,63,22,95.2500,0.0000
มหาวิทยาลัยรามคำแหง,วิทยาเขตหลัก หัวหมาก,10340106800202A,คณะศิลปกรรมศาสตร์,หลักสูตรศิลปกรรมศาสตรบัณฑิต สาขาวิชาดนตรีและนาฏกรรม,หลักสูตรศิลปกรรมศาสตร บัณฑิต สาขาวิชาดนตรีและ นาฏกรรม เอกดนตรีไทย,วิชาเอกดนตรีไทย,0,30,12,6,86.2500,57.7500
มหาวิทยาลัยรามคำแหง,วิทยาเขตหลัก หัวหมาก,10340106800401A,คณะศิลปกรรมศาสตร์,หลักสูตรศิลปกรรมศาสตรบัณฑิต สาขาวิชาดนตรีและนาฏกรรม,หลักสูตรศิลปกรรมศาสตร บัณฑิต สาขาวิชาดนตรีและ นาฏกรรม เอกนาฏกรรมไทย,วิชาเอกนาฏกรรมไทย,0,30,26,4,82.7500,0.0000
มหาวิทยาลัยรามคำแหง,วิทยาเขตหลัก,10340108901203A,คณะมนุษยศาสตร์,หลักสูตรศิลปศาสตรบัณฑิต สาขาวิชา สารสนเทศศาสตร์และบรรณารักษศาสตร์,หลักสูตรศิลปศาสตรบัณฑิต สาขาวิชาสารสนเทศศาสต์รและบรรณารักษศาสตร์,สารสนเทศศาสตร์และ บรรณารักษศาสตร์,0,100,72,17,95.2500,62.5000
มหาวิทยาลัยรามคำแหง,วิทยาเขตหลัก หัวหมาก,10340108901502A,คณะมนุษยศาสตร์,หลักสูตรศิลปศาสตรบัณฑิต สาขาวิชา ปรัชญา,หลักสูตรศิลปศาสตรบัณฑิต สาขาวิชาปรัชญา,ปรัชญา,0,100,78,28,96.0000,0.0000
มหาวิทยาลัยรามคำแหง,วิทยาเขตหลัก หัวหมาก,10340108902401D,คณะมนุษยศาสตร์,หลักสูตรศิลปศาสตรบัณฑิต สาขาวิชา ภาษาตะวันตก (สเปน),หลักสูตรศิลปศาสตรบัณฑิต สาขาวิชาภาษาตะวันตก (ภาษาสเปน),ภาษาตะวันตก (ภาษาสเปน),0,70,98,34,99.0000,52.2500
มหาวิทยาลัยรามคำแหง,วิทยาเขตหลัก,10340108903504A,คณะมนุษยศาสตร์,หลักสูตรศิลปศาสตรบัณฑิต สาขาวิชา สังคมวิทยาและมานุษยวิทยา,หลักสูตรศิลปศาสตรบัณฑิต สาขาวิชาสังคมวิทยาและ มานุษยวิทยา,สังคมวิทยาและมานุษยวิทยา,0,100,220,79,98.7500,0.0000
มหาวิทยาลัยรามคำแหง,วิทยาเขตหลัก หัวหมาก,10340109611101A,คณะเศรษฐศาสตร์,เศรษฐศาสตรบัณฑิต,หลักสูตรเศรษฐศาสตรบัณฑิต (ศ.บ.),ภาษาไทย,0,200,243,78,97.0000,0.0000
มหาวิทยาลัยรามคำแหง,วิทยาเขตหลัก หัวหมาก,10340110610803E,สถาบันการศึกษานานาชาติ,หลักสูตรบริหารธุรกิจบัณฑิต สาขาวิชา ธุรกิจระดับโลกและความเป็น ผู้ประกอบการในยุคดิจิทัล (หลักสูตร นานาชาติ),หลักสูตรบริหารธุรกิจบัณฑิต สาขาวิชาธุรกิจระดับโลกและ ความเป็นผู้ประกอบการในยุค ดิจิทัล (หลักสูตรนานาชาต)ิ,,0,60,0,0,0.0000,0.0000
มหาวิทยาลัยรามคำแหง,วิทยาเขตหลัก หัวหมาก,10340110901101E,สถาบันการศึกษานานาชาติ,หลักสูตรศิลปศาสตรบัณฑิต สาขาวิชาสื่อ และนวัตกรรมการสื่อสารระดับโลก (หลักสูตรนานาชาต)ิ,หลักสูตรศิลปศาสตรบัณฑิต สาขาวิชาสื่อและนวัตกรรม การสื่อสารระดับโลก (หลักสูตรนานาชาต)ิ,,0,50,0,0,0.0000,0.0000
มหาวิทยาลัยรามคำแหง,วิทยาเขตหลัก หัวหมาก,10340110902502E,สถาบันการศึกษานานาชาติ,หลักสูตรศิลปศาสตรบัณฑิต สาขาวิชา ภาษาอังกฤษ (หลักสูตรนานาชาต)ิ,หลักสูตรศิลปศาสตรบัณฑิต สาขาวิชาภาษาอังกฤษ (หลักสูตรนานาชาต)ิ,,0,100,0,0,0.0000,0.0000
สถาบันเทคโนโลยีจิตรลดา,วิทยาเขตหลัก,10350101610801A,คณะบริหารธุรกิจ,บริหารธุรกิจบัณฑิต สาขาวิชาการจัดการ ธุรกิจอาหาร,,,0,23,41,11,93.7500,61.2500
สถาบันเทคโนโลยีจิตรลดา,วิทยาเขตหลัก,10350101610802A,คณะบริหารธุรกิจ,บริหารธุรกิจบัณฑิต สาขาวิชาการเป็น ผู้ประกอบการเชิงนวัตกรรม,,,0,28,21,7,92.7500,66.0000
สถาบันเทคโนโลยีจิตรลดา,วิทยาเขตหลัก,10350102211501A,คณะเทคโนโลยีอุตสาหกรรม,เทคโนโลยีบัณฑิต สาขาวิชาวิศวกรรม เทคโนโลยีไฟฟ้า,,,0,29,26,9,91.0000,56.2500
สถาบันเทคโนโลยีจิตรลดา,วิทยาเขตหลัก,10350103300501A,คณะเทคโนโลยีดิจิทัล,วิศวกรรมศาสตรบัณฑิต สาขาวิชา วิศวกรรมคอมพิวเตอร์,,,0,21,0,0,0.0000,0.0000
สถาบันเทคโนโลยีจิตรลดา,วิทยาเขตหลัก,10350103900801A,คณะเทคโนโลยีดิจิทัล,ศิลปศาสตรบัณฑิต สาขาวิชาการ ออกแบบดิจิทัลและเทคโนโลยี,,,0,33,1,0,0.0000,0.0000
สถาบันเทคโนโลยีจิตรลดา,วิทยาเขตหลัก,10350104500401A,สำนักวิชาเกษตรนวตั,วิทยาศาสตรบัณฑิต สาขาวิชาเทคโนโลียเกษตรนวตั,,,0,15,11,2,79.0000,64.5000
มหาวิทยาลัยมหามกุฏราชวิทยาลัย,วิทยาเขตหลัก,10360101901501A,คณะศาสนาและปรัชญา,หลักสูตรศิลปศาสตรบัณฑิต สาขาวิชา พุทธศาสน์ศึกษา,ศิลปศาสตรบัณฑิต สาขาวิชา พุทธศาสน์ศึกษา,,0,5,0,0,0.0000,0.0000
มหาวิทยาลัยมหามกุฏราชวิทยาลัย,วิทยาเขตหลัก,10360101901501A,คณะศาสนาและปรัชญา,หลักสูตรศิลปศาสตรบัณฑิต สาขาวิชา พุทธศาสน์ศึกษา,ศิลปศาสตรบัณฑิต สาขาวิชา พุทธศาสน์ศึกษา,,0,5,1,0,0.0000,0.0000
มหาวิทยาลัยมหามกุฏราชวิทยาลัย,วิทยาเขตหลัก,10360101901502A,คณะศาสนาและปรัชญา,หลักสูตรศิลปศาสตรบัณฑิต สาขาวิชา พุทธศาสตร์เพื่อการพัฒนา,ศิลปศาสตรบัณฑิต สาขาวิชา พุทธศาสตร์เพื่อการพัฒนา,,0,5,0,0,0.0000,0.0000
มหาวิทยาลัยมหามกุฏราชวิทยาลัย,วิทยาเขตหลัก,10360101901503A,คณะศาสนาและปรัชญา,หลักสูตรศิลปศาสตรบัณฑิต สาขาวิชา ปรัชญา ศาสนาและวัฒนธรรม,หลักสูตรศิลปศาสตรบัณฑิต สาขาวิชาปรัชญา ศาสนาและ วัฒนธรรม,,0,10,0,0,0.0000,0.0000
มหาวิทยาลัยมหามกุฏราชวิทยาลัย,วิทยาเขตหลัก,10360101901504A,คณะศาสนาและปรัชญา,หลักสูตรศิลปศาสตรบัณฑิต สาขาวิชา พุทธศาสนาและปรัชญา,หลักสูตรศิลปศาสตรบัณฑิต สาขาวิชาพุทธศาสนาและ ปรัชญา,,0,25,0,0,0.0000,0.0000
มหาวิทยาลัยมหามกุฏราชวิทยาลัย,วิทยาเขตหลัก,10360102902001A,คณะมนุษยศาสตร์,หลักสูตรศิลปศาสตรบัณฑิต สาขาวิชา ภาษาไทย,รู้รักษ์ภาษาไทย รู้ใช้ภาษาเป็น,,0,25,3,0,0.0000,0.0000
มหาวิทยาลัยมหามกุฏราชวิทยาลัย,วิทยาเขตหลัก,10360102902101A,คณะมนุษยศาสตร์,หลักสูตรศิลปศาสตรบัณฑิต สาขาวิชา ภาษาบาลีสันสกฤต วิชาเอกพุทธศาสต์ร(บรรพชิตและบุคคลทั่วไป),-,,0,25,0,0,0.0000,0.0000
มหาวิทยาลัยมหามกุฏราชวิทยาลัย,วิทยาเขตหลัก,10360102902501A,คณะมนุษยศาสตร์,หลักสูตรศิลปศาสตรบัณฑิต สาขาวิชา ภาษาอังกฤษ,-,,0,25,6,3,92.0000,88.5000
มหาวิทยาลัยมหามกุฏราชวิทยาลัย,วิทยาเขตหลัก,10360103903201A,คณะสังคมศาสตร์,หลักสูตรรัฐศาสตรบัณฑิต สาขาวิชา รัฐศาสตร์,หลักสูตรรัฐศาสตรบัณฑิต สาขาวิชารัฐศาสตร์,,0,70,10,0,0.0000,0.0000
มหาวิทยาลัยมหามกุฏราชวิทยาลัย,วิทยาเขตหลัก,10360103903501A,คณะสังคมศาสตร์,หลักสูตรศิลปศาสตรบัณฑิต สาขาวิชา การพัฒนาสังคม,ศิลปศาสตรบัณฑิต สาขาวิชา การพัฒนาสังคม,,0,20,0,0,0.0000,0.0000
มหาวิทยาลัยมหามกุฏราชวิทยาลัย,วิทยาเขตหลัก,10360103903701A,คณะสังคมศาสตร์,หลักสูตรสังคมสงเคราะห์ศาสตรบัณฑิต สาขาวิชาสังคมสงเคราะห์ศาสตร์,หลักสูตรสังคมสงเคราะห์ศา สตรบัณฑิต,,0,30,7,2,86.7500,83.2500
มหาวิทยาลัยมหามกุฏราชวิทยาลัย,วิทยาเขตหลัก,10360104702001A,คณะศึกษาศาสตร์,หลักสูตรศึกษาศาสตรบัณฑิต สาขาวิชา การสอนภาษาไทย (4ปี),หลักสูตรศึกษาศาสตรบัณฑิต สาขาวิชาการสอนภาษาไทย,,0,60,14,6,93.0000,74.2500
มหาวิทยาลัยมหามกุฏราชวิทยาลัย,วิทยาเขตหลัก,10360104702002A,คณะศึกษาศาสตร์,หลักสูตรศึกษาศาสตรบัณฑิต สาขาวิชา การสอนภาษาอังกฤษ (4ปี),หลักสูตรศึกษาศาสตรบัณฑิต สาขาวิชาการสอน ภาษาอังกฤษ : ศษ.บ. (การ สอนภาษาอังกฤษ),,0,60,5,2,82.5000,69.5000
มหาวิทยาลัยมหามกุฏราชวิทยาลัย,วิทยาเขตหลัก,10360104702701A,คณะศึกษาศาสตร์,หลักสูตรศึกษาศาสตรบัณฑิต สาขาวิชา การสอนสังคมศึกษา (4ปี),หลักสูตรศึกษาศาสตรบัณฑิต สาขาวิชาการสอนสังคมศึกษา,,0,60,7,5,94.2500,56.7500
มหาวิทยาลัยมหามกุฏราชวิทยาลัย,วิทยาเขตมหา วชิราลงกรณราช วิทยาลัย,10360201901501A,คณะศาสนาและปรัชญา,หลักสูตรศิลปศาสตรบัณฑิต สาขาวิชา ปรัชญา ศาสนาและวัฒนธรรม,ศิลปศาสตรบัณฑิต สาขาวิชา ปรัชญา ศาสนาและวัฒนธรรม,,0,25,0,0,0.0000,0.0000
มหาวิทยาลัยมหามกุฏราชวิทยาลัย,วิทยาเขตมหา วชิราลงกรณราช วิทยาลัย,10360203903201A,คณะสังคมศาสตร์,หลักสูตรรัฐศาสตรบัณฑิต สาขาวิชา รัฐศาสตร์,หลักสูตรรัฐศาสตรบัณฑิต สาขาวิชารัฐศาสตร์,,0,60,2,0,0.0000,0.0000
มหาวิทยาลัยมหามกุฏราชวิทยาลัย,วิทยาเขตสิรินธร ราชวิทยาลัย,10360301901501A,คณะศาสนาและปรัชญา,หลักสูตรศิลปศาสตรบัณฑิต สาขาวิชา พุทธศาสตร์เพื่อการพัฒนา,โครงการ Admission by mytcas.com,,0,15,0,0,0.0000,0.0000
มหาวิทยาลัยมหามกุฏราชวิทยาลัย,วิทยาเขตสิรินธร ราชวิทยาลัย,10360303903201A,คณะสังคมศาสตร์,หลักสูตรรัฐศาสตรบัณฑิต สาขาวิชา รัฐศาสตร์,โครงการธรรมรัฐพัฒนาผู้นำ ยุคใหม่,,0,25,3,0,0.0000,0.0000
มหาวิทยาลัยมหามกุฏราชวิทยาลัย,วิทยาเขตอีสาน,10360402902501A,คณะมนุษยศาสตร์,หลักสูตรศิลปศาสตรบัณฑิต สาขาวิชา ภาษาอังกฤษ,หลักสูตรศิลปศาสตรบัณฑิต สาขาวิชาภาษาอังกฤษ,,0,2,0,0,0.0000,0.0000
มหาวิทยาลัยมหามกุฏราชวิทยาลัย,วิทยาเขตอีสาน,10360403903101A,คณะสังคมศาสตร์,หลักสูตรรัฐประศาสนศาสตรบัณฑิต สาขาวิชารัฐประศาสนศาสตร์,หลักสูตรรัฐประศาสนศาสต์รบัณฑิต สาขาวิชารัฐประศาสนศาสตร์,,0,2,0,0,0.0000,0.0000
มหาวิทยาลัยมหามกุฏราชวิทยาลัย,วิทยาเขตอีสาน,10360403903201A,คณะสังคมศาสตร์,หลักสูตรรัฐศาสตรบัณฑิต สาขาวิชา รัฐศาสตร์,หลักสูตรรัฐศาสตรบัณฑิต สาขาวิชารัฐศาสตร์,,0,2,1,0,0.0000,0.0000
มหาวิทยาลัยมหามกุฏราชวิทยาลัย,วิทยาเขตอีสาน,10360403903701A,คณะสังคมศาสตร์,หลักสูตรสังคมสงเคราะห์ศาสตรบัณฑิต สาขาวิชาสังคมสงเคราะห์ศาสตร์,หลักสูตรสังคมสงเคราะห์ศา สตรบัณฑิต สาขาวิชาสังคม สงเคราะห์ศาสตร์,,0,2,2,1,58.2500,58.2500
มหาวิทยาลัยมหามกุฏราชวิทยาลัย,วิทยาเขตอีสาน,10360404700001A,คณะศึกษาศาสตร์,หลักสูตรศึกษาศาสตรบัณฑิต สาขาวิชา การสอนพระพุทธศาสนา (4ปี),คณะศึกษาศาสตร์สาขาวิชา การสอนพระพุทธศาสนา,,0,2,1,0,0.0000,0.0000
มหาวิทยาลัยมหามกุฏราชวิทยาลัย,วิทยาเขตอีสาน,10360404700601A,คณะศึกษาศาสตร์,หลักสูตรศึกษาศาสตรบัณฑิต สาขาวิชา การศึกษาปฐมวัย(4ปี),คณะศึกษาศาสตร์สาขาวิชา การศึกษาปฐมวยั,,0,2,7,2,95.7500,92.5000
มหาวิทยาลัยมหามกุฏราชวิทยาลัย,วิทยาเขตอีสาน,10360404702001A,คณะศึกษาศาสตร์,หลักสูตรศึกษาศาสตรบัณฑิต สาขาวิชา การสอนภาษาไทย (4ปี),คณะศึกษาศาสตร์สาขาวิชา การสอนภาษาไทย,,0,2,4,1,97.2500,97.2500
มหาวิทยาลัยมหามกุฏราชวิทยาลัย,วิทยาเขตอีสาน,10360404702002A,คณะศึกษาศาสตร์,หลักสูตรศึกษาศาสตรบัณฑิต สาขาวิชา การสอนภาษาอังกฤษ (4ปี),หลักสูตรศึกษาศาสตรบัณฑิต สาขาวิชาการสอน ภาษาอังกฤษ,,0,2,2,1,84.2500,84.2500
มหาวิทยาลัยมหามกุฏราชวิทยาลัย,วิทยาเขตอีสาน,10360404702701A,คณะศึกษาศาสตร์,หลักสูตรศึกษาศาสตรบัณฑิต สาขาวิชา การสอนสังคมศึกษา (4ปี),หลักสูตรศึกษาศาสตรบัณฑิต สาขาวิชาการสอนสังคม ศึกษา (4ปี),,0,2,3,0,0.0000,0.0000
มหาวิทยาลัยมหามกุฏราชวิทยาลัย,วิทยาเขตล้านนา,10360501901501A,คณะศาสนาและปรัชญา,หลักสูตรศิลปศาสตรบัณฑิต สาขาวิชา พุทธศาสตร์เพื่อการพัฒนา,,,0,15,0,0,0.0000,0.0000
มหาวิทยาลัยมหามกุฏราชวิทยาลัย,วิทยาเขตล้านนา,10360502902501A,คณะมนุษยศาสตร์,หลักสูตรศิลปศาสตรบัณฑิต สาขาวิชา ภาษาอังกฤษ,สมัครสอบเข้า,,0,50,6,3,94.0000,81.2500
มหาวิทยาลัยมหามกุฏราชวิทยาลัย,วิทยาเขตล้านนา,10360503903201A,คณะสังคมศาสตร์,หลักสูตรรัฐศาสตรบัณฑิต สาขาวิชา รัฐศาสตร์,รอบที่ 3 Admission,,0,70,3,1,82.7500,82.7500
มหาวิทยาลัยมหามกุฏราชวิทยาลัย,วิทยาเขตล้านนา,10360504702001A,คณะศึกษาศาสตร์,หลักสูตรศึกษาศาสตรบัณฑิต สาขาวิชา การสอนภาษาไทย (4ปี),ระบบ mytcas.com,,0,60,4,2,93.0000,77.5000
มหาวิทยาลัยมหามกุฏราชวิทยาลัย,วิทยาเขตล้านนา,10360504702002A,คณะศึกษาศาสตร์,หลักสูตรศึกษาศาสตรบัณฑิต สาขาวิชา การสอนภาษาอังกฤษ (4ปี),ศึกษาศาสตรบัณฑิต (การ สอนภาษาอังกฤษ),,0,60,2,0,0.0000,0.0000
มหาวิทยาลัยมหามกุฏราชวิทยาลัย,วิทยาเขตล้านนา,10360504702701A,คณะศึกษาศาสตร์,หลักสูตรศึกษาศาสตรบัณฑิต สาขาวิชา การสอนสังคมศึกษา (4ปี),ศึกษาศาสตรบัณฑิต (การ สอนสังคมศึกษา),,0,60,2,0,0.0000,0.0000
มหาวิทยาลัยมหามกุฏราชวิทยาลัย,วิทยาเขตศรีธรร มาโศกราช,10360601901501A,คณะศาสนาและปรัชญา,หลักสูตรศิลปศาสตรบัณฑิต สาขาวิชา พุทธศาสตร์เพื่อการพัฒนา,Admission,,0,5,0,0,0.0000,0.0000
มหาวิทยาลัยมหามกุฏราชวิทยาลัย,วิทยาเขตศรีธรร มาโศกราช,10360603903201A,คณะสังคมศาสตร์,หลักสูตรรัฐศาสตรบัณฑิต สาขาวิชา รัฐศาสตร์,Admission,,0,10,0,0,0.0000,0.0000
มหาวิทยาลัยมหามกุฏราชวิทยาลัย,วิทยาเขตศรีธรร มาโศกราช,10360604702701A,คณะศึกษาศาสตร์,หลักสูตรศึกษาศาสตรบัณฑิต สาขาวิชา การสอนสังคมศึกษา (4ปี),Admission,,0,5,2,2,71.0000,61.2500
มหาวิทยาลัยมหามกุฏราชวิทยาลัย,วิทยาเขตร้อยเอ็ด,10360701901501A,คณะศาสนาและปรัชญา,หลักสูตรศิลปศาสตรบัณฑิต สาขาวิชา ปรัชญา ศาสนาและวัฒนธรรม,สาขาวิชาปรัชญา ศาสนาและ วัฒนธรรม,,0,25,2,0,0.0000,0.0000
มหาวิทยาลัยมหามกุฏราชวิทยาลัย,วิทยาเขตร้อยเอ็ด,10360703903201A,คณะสังคมศาสตร์,หลักสูตรรัฐศาสตรบัณฑิต สาขาวิชา รัฐศาสตร์,สาขาวิชารัฐศาสต์ร(หลักสูตรปรับปรุงพ.ศ. 2567),,0,70,2,0,0.0000,0.0000
มหาวิทยาลัยมหามกุฏราชวิทยาลัย,วิทยาเขตร้อยเอ็ด,10360704700201A,คณะศึกษาศาสตร์,หลักสูตรศึกษาศาสตรบัณฑิต สาขาวิชา การประถมศึกษา (4ปี),สาขาวิชาการประถมศึกษา (4 ปี),,0,60,56,27,97.7500,57.5000
มหาวิทยาลัยมหามกุฏราชวิทยาลัย,วิทยาเขตร้อยเอ็ด,10360704700601A,คณะศึกษาศาสตร์,หลักสูตรศึกษาศาสตรบัณฑิต สาขาวิชา การศึกษาปฐมวัย(4ปี),สาขาวิชาการศึกษาปฐมวัย(4 ปี),,0,60,37,24,91.0000,62.7500
มหาวิทยาลัยมหามกุฏราชวิทยาลัย,วิทยาเขตร้อยเอ็ด,10360704702001A,คณะศึกษาศาสตร์,หลักสูตรศึกษาศาสตรบัณฑิต สาขาวิชา การสอนภาษาไทย (4ปี),สาขาวิชาการสอนภาษาไทย (4 ปี),,0,60,7,4,89.7500,69.2500
มหาวิทยาลัยมหามกุฏราชวิทยาลัย,วิทยาเขตร้อยเอ็ด,10360704702002A,คณะศึกษาศาสตร์,หลักสูตรศึกษาศาสตรบัณฑิต สาขาวิชา การสอนภาษาอังกฤษ (4ปี),สาขาวิชาการสอน ภาษาอังกฤษ (4 ปี),,0,30,1,0,0.0000,0.0000
มหาวิทยาลัยมหามกุฏราชวิทยาลัย,วิทยาเขตศรีล้าน ช้าง,10360801901501A,คณะศาสนาและปรัชญา,หลักสูตรศิลปศาสตรบัณฑิต สาขาวิชา พุทธศาสตร์เพื่อการพัฒนา,รับผ่านระบบ Admission,,0,10,0,0,0.0000,0.0000
มหาวิทยาลัยมหามกุฏราชวิทยาลัย,วิทยาเขตศรีล้าน ช้าง,10360803903201A,คณะสังคมศาสตร์,หลักสูตรรัฐศาสตรบัณฑิต สาขาวิชา รัฐศาสตร์,รับผ่านระบบ Admission,,0,20,0,0,0.0000,0.0000
มหาวิทยาลัยมหามกุฏราชวิทยาลัย,วิทยาเขตศรีล้าน ช้าง,10360804702001A,คณะศึกษาศาสตร์,หลักสูตรศึกษาศาสตรบัณฑิต สาขาวิชา การสอนภาษาไทย (4ปี),รับผ่านระบบ Admission,,0,30,1,1,79.5000,79.5000
มหาวิทยาลัยมหามกุฏราชวิทยาลัย,วิทยาเขตศรีล้าน ช้าง,10360804702002A,คณะศึกษาศาสตร์,หลักสูตรศึกษาศาสตรบัณฑิต สาขาวิชา การสอนภาษาอังกฤษ (4ปี),รับผ่านระบบ Admission,,0,20,0,0,0.0000,0.0000
มหาวิทยาลัยมหามกุฏราชวิทยาลัย,วิทยาเขตศรีล้าน ช้าง,10360804702701A,คณะศึกษาศาสตร์,หลักสูตรศึกษาศาสตรบัณฑิต สาขาวิชา การสอนสังคมศึกษา (4ปี),รับผ่านระบบ Admission,,0,30,0,0,0.0000,0.0000
มหาวิทยาลัยมหามกุฏราชวิทยาลัย,วิทยาลัยศาสน ศาสต์รนครราชสีมา,10360902902501A,คณะมนุษยศาสตร์,หลักสูตรศิลปศาสตรบัณฑิต สาขาวิชา ภาษาอังกฤษเพื่อการสื่อสาร,ภาษาอังกฤษในศตวรรษที่ 21,,0,30,5,2,87.2500,55.7500
มหาวิทยาลัยมหามกุฏราชวิทยาลัย,วิทยาลัยศาสน ศาสต์รนครราชสีมา,10360903903201A,คณะสังคมศาสตร์,หลักสูตรรัฐศาสตรบัณฑิต สาขาวิชา รัฐศาสตร์,โครงการสิงห์ธรรม รุ่น2,,0,40,5,0,0.0000,0.0000
มหาวิทยาลัยมหามกุฏราชวิทยาลัย,วิทยาลัยศาสน ศาสต์รนครราชสีมา,10360904700001A,คณะศึกษาศาสตร์,หลักสูตรศึกษาศาสตรบัณฑิต สาขาวิชา การสอนพระพุทธศาสนา (4ปี),โครงการขยายโอกาสทาง การศึกษา / ส่งเสริมโอกาส ศึกษาต่อ รอบที่ 2,,0,30,1,1,84.2500,84.2500
มหาวิทยาลัยมหามกุฏราชวิทยาลัย,วิทยาลัยศาสน ศาสตร์ยโสธร,10361001901501A,คณะศาสนาและปรัชญา,หลักสูตรศิลปศาสตรบัณฑิต สาขาวิชา ปรัชญา ศาสนาและวัฒนธรรม,หลักสูตรศิลปศาสตรบัณฑิต สาขาวิชาปรัชญาศาสนาและ วัฒนธรรม คณะศาสนาและ ปรัชญา,,0,25,0,0,0.0000,0.0000
มหาวิทยาลัยมหามกุฏราชวิทยาลัย,วิทยาลัยศาสน ศาสตร์ยโสธร,10361003903201A,คณะสังคมศาสตร์,หลักสูตรรัฐศาสตรบัณฑิต สาขาวิชา รัฐศาสตร์,รัฐศาสตรบัณฑิต สาขาวิชา รัฐศาสตร์คณะสังคมศาสตร์,,0,50,0,0,0.0000,0.0000
มหาวิทยาลัยมหามกุฏราชวิทยาลัย,วิทยาลัยศาสน ศาสตร์ยโสธร,10361004702001A,คณะศึกษาศาสตร์,หลักสูตรศึกษาศาสตรบัณฑิต สาขาวิชา การสอนภาษาไทย (4ปี),ศึกษาศาสตรบัณฑิต สาขาวิชาการสอนภาษาไทย คณะศึกษาศาสตร์,,0,30,4,2,86.5000,81.2500
มหาวิทยาลัยมหามกุฏราชวิทยาลัย,วิทยาลัยศาสน ศาสตร์เฉลิมพระเกียรติกาฬสินธุ์,10361103903201A,คณะสังคมศาสตร์,หลักสูตรรัฐศาสตรบัณฑิต สาขาวิชา รัฐศาสตร์,มมร.กาฬสินธุ์ 2568,,0,30,2,1,70.0000,70.0000
มหาวิทยาลัยมหามกุฏราชวิทยาลัย,วิทยาลัยศาสน ศาสตร์เฉลิมพระเกียรติกาฬสินธุ์,10361104700001A,คณะศึกษาศาสตร์,หลักสูตรศึกษาศาสตรบัณฑิต สาขาวิชา การสอนพระพุทธศาสนา (4ปี),มมร.กาฬสินธุ์ 2568,,0,30,1,0,0.0000,0.0000
มหาวิทยาลัยมหามกุฏราชวิทยาลัย,วิทยาลัยศาสน ศาสตร์เฉลิมพระเกียรติกาฬสินธุ์,10361104702001A,คณะศึกษาศาสตร์,หลักสูตรศึกษาศาสตรบัณฑิต สาขาวิชา การสอนภาษาไทย (4ปี),มมร.กาฬสินธุ์ 2568,,0,30,4,0,0.0000,0.0000
มหาวิทยาลัยมหามกุฏราชวิทยาลัย,วิทยาลัยศาสน ศาสตร์เฉลิมพระเกียรติกาฬสินธุ์,10361104702701A,คณะศึกษาศาสตร์,หลักสูตรศึกษาศาสตรบัณฑิต สาขาวิชา การสอนสังคมศึกษา (4ปี),มมร.กาฬสินธุ์ 2568,,0,30,7,1,82.5000,82.5000
มหาวิทยาลัยมหาจุฬาลงกรณราชวิทยาลัย,วิทยาเขตหลัก พระนครศรีอยุธยา,10370101901501A,คณะพุทธศาสตร์,หลักสูตรพุทธศาสตรบัณฑิต สาขาวิชา พระพุทธศาสนา,"นักเรียน ม.6 ที่กำลังจะสำเร็จการศึกษาหรือสำเร็จการศึกษาแล้ว,กศน.,อาชีวะ ,เปรียญธรรม3ประโยค",,0,50,1,0,0.0000,0.0000
มหาวิทยาลัยมหาจุฬาลงกรณราชวิทยาลัย,วิทยาเขตหลัก พระนครศรีอยุธยา,10370101901502A,คณะพุทธศาสตร์,หลักสูตรพุทธศาสตรบัณฑิต สาขาวิชา ศาสนาและปรัชญา,"นักเรียน ม.6 ที่กำลังจะสำเร็จการศึกษาหรือสำเร็จการศึกษาแล้ว,กศน.,อาชีวะ ,เปรียญธรรม3ประโยค",,0,50,3,0,0.0000,0.0000
มหาวิทยาลัยมหาจุฬาลงกรณราชวิทยาลัย,วิทยาเขตหลัก พระนครศรีอยุธยา,10370101901503A,คณะพุทธศาสตร์,หลักสูตรพุทธศาสตรบัณฑิต สาขาวิชา บาลีสันสกฤต,"นักเรียน ม.6 ที่กำลังจะสำเร็จการศึกษาหรือสำเร็จการศึกษาแล้ว,กศน.,อาชีวะ ,เปรียญธรรม3ประโยค",,0,25,1,1,80.3750,80.3750
มหาวิทยาลัยมหาจุฬาลงกรณราชวิทยาลัย,วิทยาเขตหลัก พระนครศรีอยุธยา,10370101901504A,คณะพุทธศาสตร์,หลักสูตรพุทธศาสตรบัณฑิต สาขาวิชา วิปัสสนาภาวนา,"นักเรียน ม.6 ที่กำลังจะสำเร็จการศึกษาหรือสำเร็จการศึกษาแล้ว,กศน.,อาชีวะ ,เปรียญธรรม3ประโยค",,0,50,0,0,0.0000,0.0000
มหาวิทยาลัยมหาจุฬาลงกรณราชวิทยาลัย,วิทยาเขตหลัก พระนครศรีอยุธยา,10370101901505D,คณะพุทธศาสตร์,หลักสูตรพุทธศาสตรบัณฑิต สาขาวิชา พระพุทธศาสนา (english program),"นักเรียน ม.6 ที่กำลังจะสำเร็จการศึกษาหรือสำเร็จการศึกษาแล้ว,กศน.,อาชีวะ ,เปรียญธรรม3ประโยค",,0,100,1,0,0.0000,0.0000
มหาวิทยาลัยมหาจุฬาลงกรณราชวิทยาลัย,วิทยาเขตหลัก พระนครศรีอยุธยา,10370101901506D,คณะพุทธศาสตร์,หลักสูตรพุทธศาสตรบัณฑิต สาขาวิชา ศาสนาและปรัชญา (english program),"นักเรียน ม.6 ที่กำลังจะสำเร็จการศึกษาหรือสำเร็จการศึกษาแล้ว,กศน.,อาชีวะ ,เปรียญธรรม3ประโยค",,0,50,1,0,0.0000,0.0000
มหาวิทยาลัยมหาจุฬาลงกรณราชวิทยาลัย,วิทยาเขตหลัก พระนครศรีอยุธยา,10370102701205A,คณะครุศาสตร์,หลักสูตรครุศาสตรบัณฑิต สาขาวิชา จิตวิทยาและการแนะแนว,"นักเรียน ม.6 ที่กำลังจะสำเร็จการศึกษาหรือสำเร็จการศึกษาแล้ว,กศน.,อาชีวะ ,เปรียญธรรม3ประโยค",,0,30,28,10,97.1250,55.5000
มหาวิทยาลัยมหาจุฬาลงกรณราชวิทยาลัย,วิทยาเขตหลัก พระนครศรีอยุธยา,10370102701506A,คณะครุศาสตร์,หลักสูตรครุศาสตรบัณฑิต สาขาวิชา เทคโนโลยีสารสนเทศ,"นักเรียน ม.6 ที่กำลังจะสำเร็จการศึกษาหรือสำเร็จการศึกษาแล้ว,กศน.,อาชีวะ ,เปรียญธรรม3ประโยค",,0,30,2,2,89.6250,41.8750
มหาวิทยาลัยมหาจุฬาลงกรณราชวิทยาลัย,วิทยาเขตหลัก พระนครศรีอยุธยา,10370102702002A,คณะครุศาสตร์,หลักสูตรครุศาสตรบัณฑิต สาขาวิชาการ สอนภาษาอังกฤษ,"นักเรียน ม.6 ที่กำลังจะสำเร็จการศึกษาหรือสำเร็จการศึกษาแล้ว,กศน.,อาชีวะ ,เปรียญธรรม3ประโยค",,0,60,5,2,99.0000,84.7500
มหาวิทยาลัยมหาจุฬาลงกรณราชวิทยาลัย,วิทยาเขตหลัก พระนครศรีอยุธยา,10370102702003A,คณะครุศาสตร์,หลักสูตรครุศาสตรบัณฑิต สาขาวิชาการ สอนภาษาไทย,"นักเรียน ม.6 ที่กำลังจะสำเร็จการศึกษาหรือสำเร็จการศึกษาแล้ว,กศน.,อาชีวะ ,เปรียญธรรม3ประโยค",,0,60,9,3,95.6250,86.3750
มหาวิทยาลัยมหาจุฬาลงกรณราชวิทยาลัย,วิทยาเขตหลัก พระนครศรีอยุธยา,10370102702007E,คณะครุศาสตร์,หลักสูตรครุศาสตรบัณฑิต สาขาวิชาการ สอนภาษาอังกฤษ (หลักสูตรนานาชาต)ิ,"นักเรียน ม.6 ที่กำลังจะสำเร็จการศึกษาหรือสำเร็จการศึกษาแล้ว,กศน.,อาชีวะ ,เปรียญธรรม3ประโยค",,0,30,6,4,96.6250,71.6250
มหาวิทยาลัยมหาจุฬาลงกรณราชวิทยาลัย,วิทยาเขตหลัก พระนครศรีอยุธยา,10370102702701A,คณะครุศาสตร์,หลักสูตรครุศาสตรบัณฑิต สาขาวิชาสังคม ศึกษา,"นักเรียน ม.6 ที่กำลังจะสำเร็จการศึกษาหรือสำเร็จการศึกษาแล้ว,กศน.,อาชีวะ ,เปรียญธรรม3ประโยค",,0,60,6,3,89.7500,82.6250
มหาวิทยาลัยมหาจุฬาลงกรณราชวิทยาลัย,วิทยาเขตหลัก พระนครศรีอยุธยา,10370102702704A,คณะครุศาสตร์,หลักสูตรครุศาสตรบัณฑิต สาขาวิชาการ สอนพระพุทธศาสนา,"นักเรียน ม.6 ที่กำลังจะสำเร็จการศึกษาหรือสำเร็จการศึกษาแล้ว,กศน.,อาชีวะ ,เปรียญธรรม3ประโยค",,0,30,2,0,0.0000,0.0000
มหาวิทยาลัยมหาจุฬาลงกรณราชวิทยาลัย,วิทยาเขตหลัก พระนครศรีอยุธยา,10370103900703A,คณะมนุษยศาสตร์,หลักสูตรศิลปศาสตรบัณฑิต สาขาวิชา จิตวิทยา,"นักเรียน ม.6 ที่กำลังจะสำเร็จการศึกษาหรือสำเร็จการศึกษาแล้ว,กศน.,อาชีวะ ,เปรียญธรรม3ประโยค",,0,30,49,18,97.7500,62.2500
มหาวิทยาลัยมหาจุฬาลงกรณราชวิทยาลัย,วิทยาเขตหลัก พระนครศรีอยุธยา,10370103900704A,คณะมนุษยศาสตร์,หลักสูตรศิลปศาสตรบัณฑิต สาขาวิชา พุทธจิตวิทยา,"นักเรียน ม.6 ที่กำลังจะสำเร็จการศึกษาหรือสำเร็จการศึกษาแล้ว,กศน.,อาชีวะ ,เปรียญธรรม3ประโยค",,0,30,5,3,91.7500,78.6250
มหาวิทยาลัยมหาจุฬาลงกรณราชวิทยาลัย,วิทยาเขตหลัก พระนครศรีอยุธยา,10370103902001A,คณะมนุษยศาสตร์,หลักสูตรศิลปศาสตรบัณฑิต สาขาวิชา ภาษาไทย,"นักเรียน ม.6 ที่กำลังจะสำเร็จการศึกษาหรือสำเร็จการศึกษาแล้ว,กศน.,อาชีวะ ,เปรียญธรรม3ประโยค",,0,30,5,3,92.8750,67.8750
มหาวิทยาลัยมหาจุฬาลงกรณราชวิทยาลัย,วิทยาเขตหลัก พระนครศรีอยุธยา,10370103902502A,คณะมนุษยศาสตร์,หลักสูตรศิลปศาสตรบัณฑิต สาขาวิชา ภาษาอังกฤษ,"นักเรียน ม.6 ที่กำลังจะสำเร็จการศึกษาหรือสำเร็จการศึกษาแล้ว,กศน.,อาชีวะ ,เปรียญธรรม3ประโยค",,0,80,15,7,88.6250,69.5000
มหาวิทยาลัยมหาจุฬาลงกรณราชวิทยาลัย,วิทยาเขตหลัก พระนครศรีอยุธยา,10370103902505D,คณะมนุษยศาสตร์,หลักสูตรศิลปศาสตรบัณฑิต สาขาวิชา ภาษาอังกฤษ (english program),"นักเรียน ม.6 ที่กำลังจะสำเร็จการศึกษาหรือสำเร็จการศึกษาแล้ว,กศน.,อาชีวะ ,เปรียญธรรม3ประโยค",,0,100,2,1,67.3750,67.3750
มหาวิทยาลัยมหาจุฬาลงกรณราชวิทยาลัย,วิทยาเขตหลัก พระนครศรีอยุธยา,10370104610203A,คณะสังคมศาสตร์,หลักสูตรพุทธศาสตรบัณฑิต สาขาวิชาการ จัดการเชิงพุทธ,"นักเรียน ม.6 ที่กำลังจะสำเร็จการศึกษาหรือสำเร็จการศึกษาแล้ว,กศน.,อาชีวะ ,เปรียญธรรม3ประโยค",,0,25,3,1,80.5000,80.5000
มหาวิทยาลัยมหาจุฬาลงกรณราชวิทยาลัย,วิทยาเขตหลัก พระนครศรีอยุธยา,10370104611104A,คณะสังคมศาสตร์,หลักสูตรเศรษฐศาสตรบัณฑิต,"นักเรียน ม.6 ที่กำลังจะสำเร็จการศึกษาหรือสำเร็จการศึกษาแล้ว,กศน.,อาชีวะ ,เปรียญธรรม3ประโยค",,0,40,2,2,77.3750,43.6250
มหาวิทยาลัยมหาจุฬาลงกรณราชวิทยาลัย,วิทยาเขตหลัก พระนครศรีอยุธยา,10370104901005A,คณะสังคมศาสตร์,หลักสูตรนิติศาสตรบัณฑิต,"นักเรียน ม.6 ที่กำลังจะสำเร็จการศึกษาหรือสำเร็จการศึกษาแล้ว,กศน.,อาชีวะ ,เปรียญธรรม3ประโยค",,0,50,30,13,91.6250,40.1250
มหาวิทยาลัยมหาจุฬาลงกรณราชวิทยาลัย,วิทยาเขตหลัก พระนครศรีอยุธยา,10370104901008O,คณะสังคมศาสตร์,หลักสูตรนิติศาสตรบัณฑิต (ภาคบัณฑิต),ภาคบัณฑิต ปริญญาตรีใบที่ 2,,0,50,7,2,90.8750,72.6250
มหาวิทยาลัยมหาจุฬาลงกรณราชวิทยาลัย,วิทยาเขตหลัก พระนครศรีอยุธยา,10370104903102A,คณะสังคมศาสตร์,หลักสูตรรัฐประศาสนศาสตรบัณฑิต,"นักเรียน ม.6 ที่กำลังจะสำเร็จการศึกษาหรือสำเร็จการศึกษาแล้ว,กศน.,อาชีวะ ,เปรียญธรรม3ประโยค",,0,30,1,0,0.0000,0.0000
มหาวิทยาลัยมหาจุฬาลงกรณราชวิทยาลัย,วิทยาเขตหลัก พระนครศรีอยุธยา,10370104903201A,คณะสังคมศาสตร์,หลักสูตรรัฐศาสตรบัณฑิต,"นักเรียน ม.6 ที่กำลังจะสำเร็จการศึกษาหรือสำเร็จการศึกษาแล้ว,กศน.,อาชีวะ ,เปรียญธรรม3ประโยค",,0,45,8,1,72.7500,72.7500
มหาวิทยาลัยมหาจุฬาลงกรณราชวิทยาลัย,วิทยาเขตหลัก พระนครศรีอยุธยา,10370104903706A,คณะสังคมศาสตร์,หลักสูตรสังคมสงเคราะห์ศาสตรบัณฑิต,"นักเรียน ม.6 ที่กำลังจะสำเร็จการศึกษาหรือสำเร็จการศึกษาแล้ว,กศน.,อาชีวะ ,เปรียญธรรม3ประโยค",,0,25,5,1,78.1250,78.1250
มหาวิทยาลัยมหาจุฬาลงกรณราชวิทยาลัย,วิทยาเขตหลัก พระนครศรีอยุธยา,10370104903709A,คณะสังคมศาสตร์,หลักสูตรสงคมสงเคราะห์ศาสตรบัณฑิต สาขาวิชาสังคมสงเคราะห์จิตเวช,"นักเรียน ม.6 ที่กำลังจะสำเร็จการศึกษาหรือสำเร็จการศึกษาแล้ว,กศน.,อาชีวะ ,เปรียญธรรม3ประโยค",,0,30,7,4,97.3750,71.1250
มหาวิทยาลัยมหาจุฬาลงกรณราชวิทยาลัย,วิทยาเขตหลัก พระนครศรีอยุธยา,10370104904207A,คณะสังคมศาสตร์,หลักสูตรศิลปศาสตรบัณฑิต สาขาวิชา การพัฒนาสังคม,"นักเรียน ม.6 ที่กำลังจะสำเร็จการศึกษาหรือสำเร็จการศึกษาแล้ว,กศน.,อาชีวะ ,เปรียญธรรม3ประโยค",,0,30,1,0,0.0000,0.0000
มหาวิทยาลัยมหาจุฬาลงกรณราชวิทยาลัย,วิทยาเขตหลัก พระนครศรีอยุธยา,10370106901501E,วิทยาลัยพุทธศาสตร์นานาชาติ,หลักสูตรพุทธศาสตรบัณฑิต สาขาวิชา พระพุทธศาสนา (หลักสูตรนานาชาต)ิ,"นักเรียน ม.6 ที่กำลังจะสำเร็จการศึกษาหรือสำเร็จการศึกษาแล้ว,กศน.,อาชีวะ ,เปรียญธรรม3ประโยค",,0,30,2,2,81.0000,77.8750
มหาวิทยาลัยมหาจุฬาลงกรณราชวิทยาลัย,มจร.วิทยาลัยสง์ฆพุทธโสธร,10370201901501A,คณะพุทธศาสตร์,หลักสูตรพุทธศาสตรบัณฑิต สาขาวิชา พระพุทธศาสนา,"นักเรียน ม.6 ที่กำลังจะสำเร็จการศึกษาหรือสำเร็จการศึกษาแล้ว,กศน.,อาชีวะ ,เปรียญธรรม3ประโยค",,0,50,0,0,0.0000,0.0000
มหาวิทยาลัยมหาจุฬาลงกรณราชวิทยาลัย,มจร.วิทยาลัยสง์ฆพุทธโสธร,10370202702701A,คณะครุศาสตร์,หลักสูตรครุศาสตรบัณฑิต สาขาวิชาสังคม ศึกษา,"นักเรียน ม.6 ที่กำลังจะสำเร็จการศึกษาหรือสำเร็จการศึกษาแล้ว,กศน.,อาชีวะ ,เปรียญธรรม3ประโยค",,0,60,1,0,0.0000,0.0000
มหาวิทยาลัยมหาจุฬาลงกรณราชวิทยาลัย,มจร.วิทยาลัยสง์ฆพุทธโสธร,10370204903102A,คณะสังคมศาสตร์,หลักสูตรรัฐประศาสนศาสตรบัณฑิต,"นักเรียน ม.6 ที่กำลังจะสำเร็จการศึกษาหรือสำเร็จการศึกษาแล้ว,กศน.,อาชีวะ ,เปรียญธรรม3ประโยค",,0,30,1,0,0.0000,0.0000
มหาวิทยาลัยมหาจุฬาลงกรณราชวิทยาลัย,มจร.วิทยาลัยสง์ฆพุทธโสธร,10370204903201A,คณะสังคมศาสตร์,หลักสูตรรัฐศาสตรบัณฑิต,"นักเรียน ม.6 ที่กำลังจะสำเร็จการศึกษาหรือสำเร็จการศึกษาแล้ว,กศน.,อาชีวะ ,เปรียญธรรม3ประโยค",,0,45,4,2,85.5000,63.5000
มหาวิทยาลัยมหาจุฬาลงกรณราชวิทยาลัย,มจร.วัดอินทาราม สมุทรสงคราม,10370304610203A,คณะสังคมศาสตร์,หลักสูตรพุทธศาสตรบัณฑิต สาขาวิชาการ จัดการเชิงพุทธ,"นักเรียน ม.6 ที่กำลังจะสำเร็จการศึกษาหรือสำเร็จการศึกษาแล้ว,กศน.,อาชีวะ ,เปรียญธรรม3ประโยค",,0,25,0,0,0.0000,0.0000
มหาวิทยาลัยมหาจุฬาลงกรณราชวิทยาลัย,มจร.วัดอินทาราม สมุทรสงคราม,10370304903201A,คณะสังคมศาสตร์,หลักสูตรรัฐศาสตรบัณฑิต,"นักเรียน ม.6 ที่กำลังจะสำเร็จการศึกษาหรือสำเร็จการศึกษาแล้ว,กศน.,อาชีวะ ,เปรียญธรรม3ประโยค",,0,45,1,0,0.0000,0.0000
มหาวิทยาลัยศรีปทุม,วิทยาเขตหลัก,40540101300701A,คณะวิศวกรรมศาสตร์(กทม.),วศ.บ. สาขาวิชาวิศวกรรมเครื่องกล,,,j_03,15,56,10,90.2500,68.7500
มหาวิทยาลัยศรีปทุม,วิทยาเขตหลัก,40540101300704A,คณะวิศวกรรมศาสตร์(กทม.),วศ.บ. สาขาวิชาวิศวกรรมเครื่องกล (เทคโนโลยียานยนต์ไฟฟ้า),,,j_03,15,25,6,86.7500,79.2500
มหาวิทยาลัยศรีปทุม,วิทยาเขตหลัก,40540101301601A,คณะวิศวกรรมศาสตร์(กทม.),วศ.บ. สาขาวิชาวิศวกรรมไฟฟ้า,,,j_02,20,88,15,98.2500,71.2500
มหาวิทยาลัยศรีปทุม,วิทยาเขตหลัก,40540101301602A,คณะวิศวกรรมศาสตร์(กทม.),วศ.บ. สาขาวิชาวิศวกรรมไฟฟ้า (ระบบ ควบคุมอัตโนมัติและหุ่นยนต)์,,,j_02,20,17,5,89.7500,72.5000
มหาวิทยาลัยศรีปทุม,วิทยาเขตหลัก,40540101302101A,คณะวิศวกรรมศาสตร์(กทม.),วศ.บ. สาขาวิชาวิศวกรรมโยธา,,,0,20,111,20,97.0000,69.7500
มหาวิทยาลัยศรีปทุม,วิทยาเขตหลัก,40540101302201A,คณะวิศวกรรมศาสตร์(กทม.),วศ.บ. สาขาวิชาวิศวกรรมระบบราง,,,0,15,12,2,84.0000,80.0000
มหาวิทยาลัยศรีปทุม,วิทยาเขตหลัก,40540101303501A,คณะวิศวกรรมศาสตร์(กทม.),วศ.บ. สาขาวิชาวิศวกรรมอุตสาหการและ การจัดการ,,,0,15,11,4,82.7500,64.7500
มหาวิทยาลัยศรีปทุม,วิทยาเขตหลัก,40540102610001A,คณะบริหารธุรกิจ (กทม.),บธ.บ. สาขาวิชาการบริหารและการ จัดการสมัยใหม่,,,0,30,68,19,93.7500,61.0000
มหาวิทยาลัยศรีปทุม,วิทยาเขตหลัก,40540102610601A,คณะบริหารธุรกิจ (กทม.),บธ.บ. สาขาวิชาการตลาดดิจิทัล,,,0,20,90,20,97.0000,75.2500
มหาวิทยาลัยศรีปทุม,วิทยาเขตหลัก,40540102610801A,คณะบริหารธุรกิจ (กทม.),บธ.บ. สาขาวิชาบริหารธุรกิจ,,,0,15,62,15,95.2500,66.7500
มหาวิทยาลัยศรีปทุม,วิทยาเขตหลัก,40540102610803A,คณะบริหารธุรกิจ (กทม.),บธ.บ. สาขาวิชาธุรกิจระหวา่ งประเทศ,,,0,20,65,18,96.7500,63.0000
มหาวิทยาลัยศรีปทุม,วิทยาเขตหลัก,40540103901001A,คณะนิติศาสตร์(กทม.),น.บ.,,,0,30,212,30,97.2500,85.5000
มหาวิทยาลัยศรีปทุม,วิทยาเขตหลัก,40540104610501A,คณะบัญีช(กทม.),บช.บ.,,,0,30,114,30,98.7500,75.0000
มหาวิทยาลัยศรีปทุม,วิทยาเขตหลัก,40540105901801A,คณะศิลปศาสตร์(กทม.),ศศ.บ. สาขาวิชาภาษาจีนสื่อสารธุรกิจ,,,0,20,74,20,99.0000,88.0000
มหาวิทยาลัยศรีปทุม,วิทยาเขตหลัก,40540105901901A,คณะศิลปศาสตร์(กทม.),ศศ.บ. สาขาวิชาภาษาญี่ปุ่นเพื่อการสื่อสาร ธุรกิจ,,,0,15,79,15,99.7500,82.5000
มหาวิทยาลัยศรีปทุม,วิทยาเขตหลัก,40540105902501A,คณะศิลปศาสตร์(กทม.),ศศ.บ. สาขาวิชาภาษาอังกฤษสื่อสารธุรกิจ,,,0,35,110,35,95.5000,62.7500
มหาวิทยาลัยศรีปทุม,วิทยาเขตหลัก,40540106800401A,คณะนิเทศศาสตร์(กทม.),นศ.บ. สาขาวิชาสื่อสารการแสดง,,,0,30,199,32,97.7500,84.2500
มหาวิทยาลัยศรีปทุม,วิทยาเขตหลัก,40540106900102A,คณะนิเทศศาสตร์(กทม.),นศ.บ. สาขาวิชาการออกแบบสื่อสาร ออนไลน์(การออกแบบเนื้อหาเพื่อไล์ฟสตรีมมิ่ง),,,j_04,15,56,7,97.0000,86.2500
มหาวิทยาลัยศรีปทุม,วิทยาเขตหลัก,40540106900103A,คณะนิเทศศาสตร์(กทม.),นศ.บ. สาขาวิชาการออกแบบสื่อสาร ออนไลน์(การสรา้ งสรรค์และออกแบบงาน อีเวนต)์,,,j_04,15,97,8,92.7500,86.5000
มหาวิทยาลัยศรีปทุม,วิทยาเขตหลัก,40540106901601A,คณะนิเทศศาสตร์(กทม.),นศ.บ. สาขาวิชาภาพยนตร์และสื่อดิจิทัล,,,0,15,259,16,99.5000,91.7500
มหาวิทยาลัยศรีปทุม,วิทยาเขตหลัก,40540107620101A,วิทยาลัยการท่องเที่ยวและ การบริการ (กทม.),ศศ.บ. สาขาวิชาการจัดการธุรกิจโรงแรม และการออกแบบประสบการณ์ท่องเที่ยว,,,0,15,45,15,98.2500,70.0000
มหาวิทยาลัยศรีปทุม,วิทยาเขตหลัก,40540107620102A,วิทยาลัยการท่องเที่ยวและ การบริการ (กทม.),ศศ.บ. สาขาวิชาการจัดการบริการธุรกิจ เรือสำราญ,,,0,20,35,13,88.0000,50.7500
มหาวิทยาลัยศรีปทุม,วิทยาเขตหลัก,40540107620201A,วิทยาลัยการท่องเที่ยวและ การบริการ (กทม.),ศศ.บ. สาขาวิชาธุรกิจการบิน,,,0,20,107,20,99.0000,86.0000
มหาวิทยาลัยศรีปทุม,วิทยาเขตหลัก,40540108400501A,คณะการออกแบบและ สถาปัตยกรรมศาสตร์(กทม.),สถ.บ. สาขาวิชาสถาปัตยกรรม,,,0,15,33,10,93.5000,58.0000
มหาวิทยาลัยศรีปทุม,วิทยาเขตหลัก,40540108400701A,คณะการออกแบบและ สถาปัตยกรรมศาสตร์(กทม.),ศป.บ. สาขาวิชาการออกแบบภายใน,,,0,15,41,13,93.2500,51.0000
มหาวิทยาลัยศรีปทุม,วิทยาเขตหลัก,40540109620205A,วิทยาลัยการบินและคมนาคม (กทม.),วท.บ. สาขาวิชาการจัดการความปลอดภัย การบิน,,,0,15,53,15,98.2500,78.5000
มหาวิทยาลัยศรีปทุม,วิทยาเขตหลัก,40540110800101A,คณะดิจิทัลมีเดีย (กทม.),ศป.บ. สาขาวิชาการออกแบบอินเทอ์รแอคทีฟและเกม,,,0,30,59,15,90.7500,66.0000
มหาวิทยาลัยศรีปทุม,วิทยาเขตหลัก,40540110800102A,คณะดิจิทัลมีเดีย (กทม.),ศป.บ. สาขาวิชาการออกแบบกราฟิก,,,0,20,57,10,89.0000,53.0000
มหาวิทยาลัยศรีปทุม,วิทยาเขตหลัก,40540110800103A,คณะดิจิทัลมีเดีย (กทม.),ศป.บ. สาขาวิชาดิจิทัลอาร์ตส์,,,0,30,97,30,97.7500,76.0000
มหาวิทยาลัยศรีปทุม,วิทยาเขตหลัก,40540110800104A,คณะดิจิทัลมีเดีย (กทม.),ศป.บ. สาขาวิชาคอมพิวเตอร์แอนิเมชัน และวิชวลเอฟเฟกต์,,,0,30,83,21,98.0000,55.0000
มหาวิทยาลัยศรีปทุม,วิทยาเขตหลัก,40540111220101A,คณะเทคโนโลยีสารสนเทศ (กทม.),วท.บ. สาขาวิชาเทคโนโลยีสารสนเทศและการสื่อสาร,,,0,15,25,3,87.2500,53.2500
มหาวิทยาลัยศรีปทุม,วิทยาเขตหลัก,40540111220201A,คณะเทคโนโลยีสารสนเทศ (กทม.),วท.บ. สาขาวิชาวิทยาการคอมพิวเตอ์รและนวัตกรรมการพัฒนาซอฟต์แวร์,,,j_01,15,68,5,91.2500,86.5000
มหาวิทยาลัยศรีปทุม,วิทยาเขตหลัก,40540111220202A,คณะเทคโนโลยีสารสนเทศ (กทม.),วท.บ. สาขาวิชาวิทยาการคอมพิวเตอ์รและนวัตกรรมการพัฒนาซอฟต์แว์ร(Software Full Stack Development),,,j_01,15,57,10,94.2500,86.7500
มหาวิทยาลัยศรีปทุม,วิทยาเขตหลัก,40540111300501A,คณะเทคโนโลยีสารสนเทศ (กทม.),วศ.บ. สาขาวิชาวิศวกรรมคอมพิวเตอร์,,,0,20,90,20,96.0000,73.2500
มหาวิทยาลัยศรีปทุม,วิทยาเขตหลัก,40540112212401A,คณะการสรา้ งเจ้าของธุรกิจ (กทม.),วท.บ. สาขาวิชาสหวิทยาการ เทคโนโลียและนวัตกรรม,,,0,10,3,2,79.0000,55.0000
มหาวิทยาลัยศรีปทุม,วิทยาเขตหลัก,40540112610805A,คณะการสรา้ งเจ้าของธุรกิจ (กทม.),บธ.บ. สาขาวิชาการเป็นเจ้าของธุรกิจและ สรา้ งสรรค์นวัตกรรม,,,0,10,23,4,95.0000,56.0000
มหาวิทยาลัยศรีปทุม,วิทยาเขตหลัก,40540113611001A,วิทยาลัยโลจิสติกส์และซัพ พลายเชน (กทม.),บธ.บ. สาขาวิชาการจัดการโลจิสติกส์และ โซ่อุปทาน,,,j_05,35,40,12,95.5000,61.2500
มหาวิทยาลัยศรีปทุม,วิทยาเขตหลัก,40540113611002A,วิทยาลัยโลจิสติกส์และซัพ พลายเชน (กทม.),บธ.บ. สาขาวิชาการจัดการโลจิสติกส์และ โซ่อุปทาน (โลจิสติกส์นำเข้า-ส่งออก),,,j_05,35,41,17,99.0000,51.5000
มหาวิทยาลัยศรีปทุม,วิทยาเขตหลัก,40540114610201E,วิทยาลัยนานาชาติ (กทม.),บธ.บ. (หลักสูตรนานาชาต)ิ,,,0,5,1,1,57.2500,57.2500
มหาวิทยาลัยศรีปทุม,วิทยาเขตหลัก,40540114620203E,วิทยาลัยนานาชาติ (กทม.),ศศ.บ. สาขาวิชาธุรกิจการบิน (หลักสูตร นานาชาติ),,,0,15,15,3,80.7500,78.2500
มหาวิทยาลัยศรีปทุม,วิทยาเขตชลบุรี,40540202610001A,คณะบริหารธุรกิจ (วิทยาเขต ชลบุรี),บธ.บ. สาขาวิชาการบริหารและการ จัดการสมัยใหม่,,,0,40,14,5,83.5000,62.0000
มหาวิทยาลัยศรีปทุม,วิทยาเขตชลบุรี,40540202610601A,คณะบริหารธุรกิจ (วิทยาเขต ชลบุรี),บธ.บ. สาขาวิชาการตลาดดิจิทัล,,,0,40,19,5,85.2500,64.5000
มหาวิทยาลัยศรีปทุม,วิทยาเขตชลบุรี,40540203901001A,คณะนิติศาสตร(์วิทยาเขต ชลบุรี),น.บ.,,,0,35,31,13,86.7500,53.2500
มหาวิทยาลัยศรีปทุม,วิทยาเขตชลบุรี,40540204610501A,คณะบัญีช(วิทยาเขตชลบุรี),บช.บ.,,,0,40,15,3,86.7500,74.0000
มหาวิทยาลัยศรีปทุม,วิทยาเขตชลบุรี,40540205901801A,คณะศิลปศาสตร(์วิทยาเขต ชลบุรี),ศศ.บ. สาขาวิชาภาษาจีนสื่อสารธุรกิจ,,,0,20,13,6,99.5000,83.2500
มหาวิทยาลัยศรีปทุม,วิทยาเขตชลบุรี,40540205902501A,คณะศิลปศาสตร(์วิทยาเขต ชลบุรี),ศศ.บ. สาขาวิชาภาษาอังกฤษสื่อสารธุรกิจ,,,0,30,18,7,93.5000,65.5000
มหาวิทยาลัยศรีปทุม,วิทยาเขตชลบุรี,40540206900101A,คณะนิเทศศาสตร(์วิทยาเขต ชลบุรี),นศ.บ. สาขาวิชาการออกแบบสื่อดิจิทัล,,,0,35,29,16,######,57.5000
มหาวิทยาลัยศรีปทุม,วิทยาเขตชลบุรี,40540211220101A,คณะเทคโนโลยีสารสนเทศ (วิทยาเขตชลบุรี),วท.บ. สาขาวิชาเทคโนโลยีสารสนเทศและการสื่อสาร,,,0,25,6,1,74.5000,74.5000
มหาวิทยาลัยศรีปทุม,วิทยาเขตชลบุรี,40540213611001A,คณะโลจิสติกส์และซัพพลาย เชน (วิทยาเขตชลบุรี),บธ.บ. สาขาวิชาการจัดการโลจิสติกส์และ โซ่อุปทาน,,,0,50,26,6,91.7500,52.7500
มหาวิทยาลัยศรีปทุม,วิทยาเขตขอนแก่น,40540302610001A,คณะบริหารธุรกิจ (วิทยาเขต ขอนแก่น),บธ.บ. สาขาวิชาการบริหารและการ จัดการสมัยใหม่,,,0,5,10,2,85.5000,77.2500
มหาวิทยาลัยศรีปทุม,วิทยาเขตขอนแก่น,40540302610601A,คณะบริหารธุรกิจ (วิทยาเขต ขอนแก่น),บธ.บ. สาขาวิชาการตลาดดิจิทัล,,,0,5,5,1,69.2500,69.2500
มหาวิทยาลัยศรีปทุม,วิทยาเขตขอนแก่น,40540303901001A,คณะนิติศาสตร(์วิทยาเขต ขอนแก่น),น.บ.,,,0,5,30,5,95.5000,79.0000
มหาวิทยาลัยศรีปทุม,วิทยาเขตขอนแก่น,40540304610501A,คณะบัญีช(วิทยาเขตขอนแก่น),บช.บ.,,,0,5,7,2,83.2500,72.7500
มหาวิทยาลัยศรีปทุม,วิทยาเขตขอนแก่น,40540305902501A,คณะศิลปศาสตร(์วิทยาเขต ขอนแก่น),ศศ.บ. สาขาวิชาภาษาอังกฤษสื่อสารธุรกิจ,,,0,5,7,2,92.2500,81.2500
มหาวิทยาลัยศรีปทุม,วิทยาเขตขอนแก่น,40540306800401A,คณะนิเทศศาสตร(์วิทยาเขต ขอนแก่น),นศ.บ. สาขาวิชาสื่อสารการแสดง,,,0,5,16,5,86.7500,71.2500
มหาวิทยาลัยศรีปทุม,วิทยาเขตขอนแก่น,40540306900101A,คณะนิเทศศาสตร(์วิทยาเขต ขอนแก่น),นศ.บ. สาขาวิชาการออกแบบสื่อสาร ออนไลน์,,,0,5,11,5,89.5000,62.7500
มหาวิทยาลัยศรีปทุม,วิทยาเขตขอนแก่น,40540306903401A,คณะนิเทศศาสตร(์วิทยาเขต ขอนแก่น),นศ.บ. สาขาวิชาดิจิทัลทีวีและสื่อออนไลน์,,,0,5,9,1,76.2500,76.2500
มหาวิทยาลัยศรีปทุม,วิทยาเขตขอนแก่น,40540307620101A,วิทยาลัยการท่องเที่ยวและ การบริการ (วิทยาเขต ขอนแก่น),ศศ.บ. สาขาวิชาการจัดการธุรกิจโรงแรม และการออกแบบประสบการณ์ท่องเที่ยว,,,0,5,4,2,84.7500,75.0000
มหาวิทยาลัยศรีปทุม,วิทยาเขตขอนแก่น,40540307620201A,วิทยาลัยการท่องเที่ยวและ การบริการ (วิทยาเขต ขอนแก่น),ศศ.บ. สาขาวิชาธุรกิจการบิน,,,0,5,7,1,87.7500,87.7500
มหาวิทยาลัยศรีปทุม,วิทยาเขตขอนแก่น,40540311211601A,คณะเทคโนโลยีสารสนเทศ (วิทยาเขตขอนแก่น),วท.บ. สาขาวิชาเทคโนโลยีมัลติมีเดีย,,,0,5,1,1,75.7500,75.7500
มหาวิทยาลัยศรีปทุม,วิทยาเขตขอนแก่น,40540311212401A,คณะเทคโนโลยีสารสนเทศ (วิทยาเขตขอนแก่น),ทล.บ. สาขาวิชานวัตกรรมธุรกิจดิจิทัล,,,0,5,2,1,50.7500,50.7500
มหาวิทยาลัยศรีปทุม,วิทยาเขตขอนแก่น,40540313611001A,วิทยาลัยโลจิสติกส์และซัพ พลายเชน (วิทยาเขตขอนแก่น),บธ.บ. สาขาวิชาการจัดการโลจิสติกส์และ โซ่อุปทาน,,,0,5,3,1,80.5000,80.5000
มหาวิทยาลัยหอการค้าไทย,วิทยาเขตหลัก,40560101610101A,คณะบริหารธุรกิจ,หลักสูตรบริหารธุรกิจบัณฑิต (การเงินการ ลงทุน),หลักสูตรบริหารธุรกิจบัณฑิต (การเงินการลงทุน),,0,125,95,28,94.2500,0.0000
มหาวิทยาลัยหอการค้าไทย,วิทยาเขตหลัก,40560101610201A,คณะบริหารธุรกิจ,หลักสูตรบริหารธุรกิจบัณฑิต (การจัดการ),หลักสูตรบริหารธุรกิจบัณฑิต (การจัดการ),,0,250,73,20,95.2500,0.0000
มหาวิทยาลัยหอการค้าไทย,วิทยาเขตหลัก,40560101610601A,คณะบริหารธุรกิจ,หลักสูตรบริหารธุรกิจบัณฑิต (การตลาด),หลักสูตรบริหารธุรกิจบัณฑิต (การตลาด),,0,125,132,43,97.5000,33.2500
มหาวิทยาลัยหอการค้าไทย,วิทยาเขตหลัก,40560101610701A,คณะบริหารธุรกิจ,หลักสูตรบริหารธุรกิจบัณฑิต (ธุรกิจ ดิจิทัลและนวัตกรรม),หลักสูตรบริหารธุรกิจบัณฑิต (ธุรกิจดิจิทัลและนวัตกรรม),,0,125,43,9,92.2500,46.7500
มหาวิทยาลัยหอการค้าไทย,วิทยาเขตหลัก,40560101610801A,คณะบริหารธุรกิจ,หลักสูตรบริหารธุรกิจบัณฑิต (การ บริหารธุรกิจระหวา่ งประเทศ),หลักสูตรบริหารธุรกิจบัณฑิต (การบริหารธุรกิจระหวา่ ง ประเทศ),,0,125,70,26,93.2500,46.2500
มหาวิทยาลัยหอการค้าไทย,วิทยาเขตหลัก,40560101610802A,คณะบริหารธุรกิจ,หลักสูตรบริหารธุรกิจบัณฑิต (ธุรกิจเกม และอีสปอร์ต),หลักสูตรบริหารธุรกิจบัณฑิต (ธุรกิจเกมและอีสปอร์ต),,0,100,22,6,89.2500,59.2500
มหาวิทยาลัยหอการค้าไทย,วิทยาเขตหลัก,40560101611001A,คณะบริหารธุรกิจ,หลักสูตรบริหารธุรกิจบัณฑิต (การ จัดการโลจิสติกส)์,หลักสูตรบริหารธุรกิจบัณฑิต (การจัดการโลจิสติกส์),,0,125,69,27,97.5000,0.0000
มหาวิทยาลัยหอการค้าไทย,วิทยาเขตหลัก,40560102610501A,คณะบัญชี,หลักสูตรบัญชีบัณฑิต,หลักสูตรบัญชีบัณฑิต,,0,600,252,99,######,0.0000
มหาวิทยาลัยหอการค้าไทย,วิทยาเขตหลัก,40560103611101A,คณะเศรษฐศาสตร์,หลักสูตรเศรษฐศาสตรบัณฑิต,หลักสูตรเศรษฐศาสตรบัณฑิต,,0,200,52,20,98.0000,57.2500
มหาวิทยาลัยหอการค้าไทย,วิทยาเขตหลัก,40560104800401A,คณะมนุษยศาสตร์,หลักสูตรศิลปศาสตรบัณฑิต (ศิลปะและ ธุรกิจการแสดง),หลักสูตรศิลปศาสตรบัณฑิต (ศิลปะและธุรกิจการแสดง),,0,50,25,7,97.7500,54.7500
มหาวิทยาลัยหอการค้าไทย,วิทยาเขตหลัก,40560104901701A,คณะมนุษยศาสตร์,หลักสูตรศิลปศาสตรบัณฑิต (ภาษาเกาหลี),หลักสูตรศิลปศาสตรบัณฑิต (ภาษาเกาหล)ี,,0,70,58,25,98.0000,63.7500
มหาวิทยาลัยหอการค้าไทย,วิทยาเขตหลัก,40560104901801A,คณะมนุษยศาสตร์,หลักสูตรศิลปศาสตรบัณฑิต (ภาษาจีน),หลักสูตรศิลปศาสตรบัณฑิต (ภาษาจีน),,0,70,54,33,99.0000,58.0000
มหาวิทยาลัยหอการค้าไทย,วิทยาเขตหลัก,40560104901901A,คณะมนุษยศาสตร์,หลักสูตรศิลปศาสตรบัณฑิต (ภาษาญี่ปุ่น),หลักสูตรศิลปศาสตรบัณฑิต (ภาษาญี่ปุ่น),,0,80,52,25,96.7500,0.0000
มหาวิทยาลัยหอการค้าไทย,วิทยาเขตหลัก,40560104902001A,คณะมนุษยศาสตร์,หลักสูตรศิลปศาสตรบัณฑิต (ภาษาไทย เพื่อการสื่อสาร),หลักสูตรศิลปศาสตรบัณฑิต (ภาษาไทยเพื่อการสื่อสาร),,0,80,16,3,77.7500,64.2500
มหาวิทยาลัยหอการค้าไทย,วิทยาเขตหลัก,40560104902501A,คณะมนุษยศาสตร์,หลักสูตรศิลปศาสตรบัณฑิต (ภาษาอังกฤษ เพื่ออาชีพและการสื่อสารนานาชาติ),หลักสูตรศิลปศาสตรบัณฑิต (ภาษาอังกฤษเพื่ออาชีพและการสื่อสารนานาชาติ),,0,300,72,32,98.2500,0.0000
มหาวิทยาลัยหอการค้าไทย,วิทยาเขตหลัก,40560105210801A,คณะวิทยาศาสตร์และเทคโนโลยี,หลักสูตรเทคโนโลยีบัณฑิต (เทคโนโลียดิจิทัล),หลักสูตรเทคโนโลยีบัณฑิต (เทคโนโลยีดิจิทัล),,0,25,5,2,90.2500,68.7500
มหาวิทยาลัยหอการค้าไทย,วิทยาเขตหลัก,40560105211001A,คณะวิทยาศาสตร์และเทคโนโลยี,หลักสูตรวิทยาศาสตรบัณฑิต (เทคโนโลียการอาหารและนวัตกรรม),หลักสูตรวิทยาศาสตรบัณฑิต (เทคโนโลยีการอาหารและนวัตกรรม),,0,40,12,1,70.7500,70.7500
มหาวิทยาลัยหอการค้าไทย,วิทยาเขตหลัก,40560105220101A,คณะวิทยาศาสตร์และเทคโนโลยี,หลักสูตรวิทยาศาสตรบัณฑิต (เทคโนโลียสารสนเทศ),หลักสูตรวิทยาศาสตรบัณฑิต (เทคโนโลยีสารสนเทศ),,0,60,7,0,0.0000,0.0000
มหาวิทยาลัยหอการค้าไทย,วิทยาเขตหลัก,40560105220201A,คณะวิทยาศาสตร์และเทคโนโลยี,หลักสูตรวิทยาศาสตรบัณฑิต (วิทยาการ คอมพิวเตอร)์,หลักสูตรวิทยาศาสตรบัณฑิต (วิทยาการคอมพิวเตอร์),,0,60,37,10,91.2500,40.0000
มหาวิทยาลัยหอการค้าไทย,วิทยาเขตหลัก,40560105220501A,คณะวิทยาศาสตร์และเทคโนโลยี,หลักสูตรวิทยาศาสตรบัณฑิต (ดิจิทัลเกม ซิมูเลชัน),หลักสูตรวิทยาศาสตรบัณฑิต (ดิจิทัลเกมซิมูเลชัน),,0,55,26,5,84.0000,63.5000
มหาวิทยาลัยหอการค้าไทย,วิทยาเขตหลัก,40560105300201A,คณะวิทยาศาสตร์และเทคโนโลยี,หลักสูตรวิทยาศาสตรบัณฑิต (วิศวกรรม การเงิน),หลักสูตรวิทยาศาสตรบัณฑิต (วิศวกรรมการเงิน),,0,70,13,2,######,93.5000
มหาวิทยาลัยหอการค้าไทย,วิทยาเขตหลัก,40560106901101A,คณะนิเทศศาสตร์,หลักสูตรนิเทศศาสตรบัณฑิต (นิเทศ ศาสตร์การตลาดดิจิทัล),หลักสูตรนิเทศศาสตรบัณฑิต (นิเทศศาสตร์การตลาดดิจิทัล),,0,150,67,28,99.5000,0.0000
มหาวิทยาลัยหอการค้าไทย,วิทยาเขตหลัก,40560106901102A,คณะนิเทศศาสตร์,หลักสูตรนิเทศศาสตรบัณฑิต (ภาพยนต์รดิจิทัล),หลักสูตรนิเทศศาสตรบัณฑิต (ภาพยนตร์ดิจิทัล),,0,150,142,51,99.0000,0.0000
มหาวิทยาลัยหอการค้าไทย,วิทยาเขตหลัก,40560106903401A,คณะนิเทศศาสตร์,หลักสูตรนิเทศศาสตรบัณฑิต (การกระจาย เสียงแพร่ภาพและสตรีมมิ่ง),หลักสูตรนิเทศศาสตรบัณฑิต (การกระจายเสียงแพร่ภาพ และสตรีมมิ่ง),,0,150,34,13,99.5000,0.0000
มหาวิทยาลัยหอการค้าไทย,วิทยาเขตหลัก,40560107300501A,คณะวิศวกรรมศาสตร์,หลักสูตรวิศวกรรมศาสตรบัณฑิต (วิศวกรรมคอมพิวเตอร์และ ปัญญาประดิษฐ)์,หลักสูตรวิศวกรรมศาสตร บัณฑิต (วิศวกรรม คอมพิวเตอร์และ ปัญญาประดิษฐ)์,,0,60,41,21,95.7500,0.0000
มหาวิทยาลัยหอการค้าไทย,วิทยาเขตหลัก,40560107301601A,คณะวิศวกรรมศาสตร์,หลักสูตรวิศวกรรมศาสตรบัณฑิต (วิศวกรรมไฟฟ้าและพลังงาน),หลักสูตรวิศวกรรมศาสตร บัณฑิต (วิศวกรรมไฟฟ้าและ พลังงาน),,0,60,14,0,0.0000,0.0000
มหาวิทยาลัยหอการค้าไทย,วิทยาเขตหลัก,40560107302401A,คณะวิศวกรรมศาสตร์,หลักสูตรวิศวกรรมศาสตรบัณฑิต (วิศวกรรมโลจิสติกส์),หลักสูตรวิศวกรรมศาสตร บัณฑิต (วิศวกรรมโลจิสติกส์),,0,60,17,4,87.7500,52.5000
มหาวิทยาลัยหอการค้าไทย,วิทยาเขตหลัก,40560108901001A,คณะนิติศาสตร์,หลักสูตรนิติศาสตรบัณฑิต,หลักสูตรนิติศาสตรบัณฑิต,,0,300,77,28,93.5000,45.2500
มหาวิทยาลัยหอการค้าไทย,วิทยาเขตหลัก,40560109610501E,วิทยาลัยนานาชาติเพื่อการ จัดการ,บัญชีบัณฑิต หลักสูตรนานาชาติ,บัญชีบัณฑิต หลักสูตร นานาชาติ,,0,50,4,3,86.0000,0.0000
มหาวิทยาลัยหอการค้าไทย,วิทยาเขตหลัก,40560109610801E,วิทยาลัยนานาชาติเพื่อการ จัดการ,บริหารธุรกิจบัณฑิต นานาชาติ (การ บริหารธุรกิจระหวา่ งประเทศ),บริหารธุรกิจบัณฑิต นานาชาติ (การบริหารธุรกิจ ระหวา่ งประเทศ),,0,60,8,2,73.7500,56.7500
มหาวิทยาลัยหอการค้าไทย,วิทยาเขตหลัก,40560109620101E,วิทยาลัยนานาชาติเพื่อการ จัดการ,บริหารธุรกิจบัณฑิต หลักสูตรนานาชาติ (การจัดการธุรกิจการบริการ),บริหารธุรกิจบัณฑิต หลักสูตร นานาชาติ (การจัดการธุรกิจ การบริการ),,0,50,5,1,85.7500,85.7500
มหาวิทยาลัยหอการค้าไทย,วิทยาเขตหลัก,40560110900301A,วิทยาลัยผู้ประกอบการ,หลักสูตรบริหารธุรกิจบัณฑิต (การ ประกอบการ),หลักสูตรบริหารธุรกิจบัณฑิต (การประกอบการ),,0,100,19,4,83.2500,55.0000
มหาวิทยาลัยหอการค้าไทย,วิทยาเขตหลัก,40560111610201A,คณะการท่องเที่ยวและอุตสาหกรรมบริการ,หลักสูตรศิลปศาสตรบัณฑิต (การผลิตและ การจัดการอีเว้นท์),หลักสูตรศิลปศาสตรบัณฑิต (การผลิตและการจัดการีอเว้นท์),,0,230,123,58,98.5000,59.2500
มหาวิทยาลัยหอการค้าไทย,วิทยาเขตหลัก,40560111620101A,คณะการท่องเที่ยวและอุตสาหกรรมบริการ,หลักสูตรบริหารธุรกิจบัณฑิต (การจัดการ การโรงแรม),หลักสูตรบริหารธุรกิจบัณฑิต (การจัดการการโรงแรม),,0,60,18,5,97.0000,66.7500
มหาวิทยาลัยหอการค้าไทย,วิทยาเขตหลัก,40560111620102A,คณะการท่องเที่ยวและอุตสาหกรรมบริการ,หลักสูตรศิลปศาสตรบัณฑิต (การจัดการ การท่องเที่ยวและนวัตกรรมบริการ),หลักสูตรศิลปศาสตรบัณฑิต (การจัดการการท่องเที่ยวและนวัตกรรมบริการ),,0,50,17,4,89.2500,63.7500
มหาวิทยาลัยหอการค้าไทย,วิทยาเขตหลัก,40560111620103A,คณะการท่องเที่ยวและอุตสาหกรรมบริการ,หลักสูตรบริหารธุรกิจบัณฑิต (ศิลปะการ ประกอบอาหารและการจัดการภัตตาคาร),หลักสูตรบริหารธุรกิจบัณฑิต (ศิลปะการประกอบอาหาร และการจัดการภัตตาคาร),,0,70,11,3,98.7500,48.0000
มหาวิทยาลัยหอการค้าไทย,วิทยาเขตหลัก,40560111620201A,คณะการท่องเที่ยวและอุตสาหกรรมบริการ,หลักสูตรศิลปศาสตรบัณฑิต (การจัดการ ธุรกิจการบิน),หลักสูตรศิลปศาสตรบัณฑิต (การจัดการธุรกิจการบิน),,0,100,67,26,97.2500,0.0000
มหาวิทยาลัยหอการค้าไทย,วิทยาเขตหลัก,40560112700601A,คณะการศึกษาปฐมวยั,หลักสูตรศึกษาศาสตรบัณฑิต(การศึกษา ปฐมวัย),หลักสูตรศึกษาศาสตรบัณฑิต (การศึกษาปฐมวัย),,0,60,60,28,96.5000,0.0000
มหาวิทยาลัยหอการค้าไทย,วิทยาเขตหลัก,40560113800101A,คณะศิลปะและการออกแบบ ดิจิทัล,หลักสูตรศิลปกรรมศาสตรบัณฑิต (ดิจิทัล อาร์ต),หลักสูตรศิลปกรรมศาสตร บัณฑิต (ดิจิทัลอาร์ต),,0,50,38,8,86.0000,0.0000
มหาวิทยาลัยเทคโนโลยีมหานคร,วิทยาเขตหลัก,40610111112901A,สหเวชศาสตร์สาธารณสุข ศาสตร์เทคนิคการแพท์ยพยาบาลศาสตร์วิทยาศาสต์รการกีฬา,วท.บ.การพยาบาลสัตว์,,วท.บ.การพยาบาลสัตว์,0,50,83,40,47.6616,9.7083
มหาวิทยาลัยเทคโนโลยีมหานคร,วิทยาเขตหลัก,40610114140101A,สัตวแพทยศาสตร์,สพ.บ.สัตวแพทยศาสตร์,,สพ.บ.สัตวแพทยศาสตร์,0,40,505,40,63.9266,55.3165
มหาวิทยาลัยเทคโนโลยีมหานคร,วิทยาเขตหลัก,40610130300501A,วิศวกรรมศาสตร์,วศ.บ. วิศวกรรมคอมพิวเตอร์และ ปัญญาประดิษฐ์,,วศ.บ. วิศวกรรม คอมพิวเตอร์และ ปัญญาประดิษฐ์,0,50,15,5,51.1410,28.5830
มหาวิทยาลัยเทคโนโลยีมหานคร,วิทยาเขตหลัก,40610130300702A,วิศวกรรมศาสตร์,วศ.บ. วิศวกรรมเครื่องกล,,วศ.บ. วิศวกรรมเครื่องกล,0,50,9,1,28.4080,28.4080
มหาวิทยาลัยเทคโนโลยีมหานคร,วิทยาเขตหลัก,40610130301703A,วิศวกรรมศาสตร์,วศ.บ. วิศวกรรมไฟฟ้ากำลัง,,วศ.บ. วิศวกรรมไฟฟ้ากำลัง,0,50,4,0,0.0000,0.0000
มหาวิทยาลัยเทคโนโลยีมหานคร,วิทยาเขตหลัก,40610130301804A,วิศวกรรมศาสตร์,วศ.บ. วิศวกรรมไฟฟ้าสื่อสารและ อิเล็กทรอนิกส์,,วศ.บ. วิศวกรรมไฟฟ้า สื่อสารและอิเล็กทรอนิกส์,0,50,2,1,34.0940,34.0940
มหาวิทยาลัยเทคโนโลยีมหานคร,วิทยาเขตหลัก,40610130301905A,วิศวกรรมศาสตร์,วศ.บ. วิศวกรรมเมคคาทรอนิกส์และออโต เมชัน,,วศ.บ. วิศวกรรมเมคคาทรอ นิกส์และออโตเมชัน,0,50,4,1,0.0000,0.0000
มหาวิทยาลัยเทคโนโลยีมหานคร,วิทยาเขตหลัก,40610130302106A,วิศวกรรมศาสตร์,วศ.บ. วิศวกรรมโยธา,,วศ.บ. วิศวกรรมโยธา,0,50,17,8,52.5440,33.6805
มหาวิทยาลัยเทคโนโลยีมหานคร,วิทยาเขตหลัก,40610130302307A,วิศวกรรมศาสตร์,วศ.บ. วิศวกรรมควบคุมอุตสาหกรรมและ เครื่องมือวดั,,วศ.บ. วิศวกรรมควบคุม อุตสาหกรรมและเครื่องมือวดั,0,50,1,1,48.9970,48.9970
มหาวิทยาลัยเทคโนโลยีมหานคร,วิทยาเขตหลัก,40610161610801A,บริหารธุรกิจ พาณิชยศาสต์รการบัญีชและเศรษฐศาสตร์,บธ.บ.บริหารธุรกิจเพื่อเศรษฐกิจดิจิทัล,,บธ.บ.บริหารธุรกิจเพื่อ เศรษฐกิจดิจิทัล,0,50,7,3,46.1360,26.1330
มหาวิทยาลัยรังสิต,วิทยาเขตหลัก,40680101901701A,วิทยาลัยศิลปศาสตร์,ศศ.บ.ภาษาและวัฒนธรรมเกาหลี,,,0,70,54,23,57.5000,0.0000
มหาวิทยาลัยรังสิต,วิทยาเขตหลัก,40680101901801A,วิทยาลัยศิลปศาสตร์,ศศ.บ.ภาษาจีน,,,0,30,58,27,64.4440,14.1660
มหาวิทยาลัยรังสิต,วิทยาเขตหลัก,40680101901901A,วิทยาลัยศิลปศาสตร์,ศศ.บ.ภาษาญี่ปุ่น,,,0,30,75,30,60.5550,39.5830
มหาวิทยาลัยรังสิต,วิทยาเขตหลัก,40680101902001A,วิทยาลัยศิลปศาสตร์,ศศ.บ.ภาษาไทยเพื่อการสื่อสาร,,,0,30,24,10,52.3610,33.3330
มหาวิทยาลัยรังสิต,วิทยาเขตหลัก,40680101902401A,วิทยาลัยศิลปศาสตร์,ศศ.บ.ภาษาฝรั่งเศส,,,0,30,15,6,60.9720,0.0000
มหาวิทยาลัยรังสิต,วิทยาเขตหลัก,40680101902501A,วิทยาลัยศิลปศาสตร์,ศศ.บ.ภาษาอังกฤษ,,,0,70,121,35,65.0000,36.6660
มหาวิทยาลัยรังสิต,วิทยาเขตหลัก,40680102610101A,คณะบริหารธุรกิจ,บธ.บ.การเงินและการลงทุน,,,0,60,63,25,60.6662,0.0000
มหาวิทยาลัยรังสิต,วิทยาเขตหลัก,40680102610201A,คณะบริหารธุรกิจ,บธ.บ.การจัดการ,,,0,80,56,15,52.3328,18.9996
มหาวิทยาลัยรังสิต,วิทยาเขตหลัก,40680102610601A,คณะบริหารธุรกิจ,บธ.บ.การตลาดดิจิทัลและนวัตกรรมค้าปลีก,,,0,80,54,16,57.3830,17.6664
มหาวิทยาลัยรังสิต,วิทยาเขตหลัก,40680102610701A,คณะบริหารธุรกิจ,บธ.บ.ธุรกิจดิจิทัล,,,0,60,21,2,52.4664,49.6666
มหาวิทยาลัยรังสิต,วิทยาเขตหลัก,40680102610801A,คณะบริหารธุรกิจ,บธ.บ.การบริหารธุรกิจระหวา่ งประเทศ,,,0,60,44,12,56.1500,37.3164
มหาวิทยาลัยรังสิต,วิทยาเขตหลัก,40680102610802A,คณะบริหารธุรกิจ,บธ.บ.การเป็นผู้ประกอบการ,,,0,60,23,8,50.4500,23.3496
มหาวิทยาลัยรังสิต,วิทยาเขตหลัก,40680102611001A,คณะบริหารธุรกิจ,บธ.บ.การจัดการโลจิสติกส์และซัพพลาย เชน,,,0,80,60,16,55.3330,21.4998
มหาวิทยาลัยรังสิต,วิทยาเขตหลัก,40680103111701A,คณะพยาบาลศาสตร์,พย.บ.,,,0,50,426,50,51.9364,40.5732
มหาวิทยาลัยรังสิต,วิทยาเขตหลัก,40680104900401A,วิทยาลัยนิเทศศาสตร์,นศ.บ.การสรา้ งสรรค์อีเว้นท์และการ ประชาสัมพันธ์ดิจิทัล,,,0,50,86,26,66.9440,0.0000
มหาวิทยาลัยรังสิต,วิทยาเขตหลัก,40680104900601A,วิทยาลัยนิเทศศาสตร์,นศ.บ.การโฆษณาและสื่อสรา้ งสรรค์,,,0,50,52,15,55.6940,33.7500
มหาวิทยาลัยรังสิต,วิทยาเขตหลัก,40680104901101A,วิทยาลัยนิเทศศาสตร์,นศ.บ.สื่อสารการแสดง,,,0,50,131,50,60.5550,34.0270
มหาวิทยาลัยรังสิต,วิทยาเขตหลัก,40680104901101E,วิทยาลัยนิเทศศาสตร์,นศ.บ.,,,0,30,13,5,54.2360,0.0000
มหาวิทยาลัยรังสิต,วิทยาเขตหลัก,40680104901102A,วิทยาลัยนิเทศศาสตร์,นศ.บ.การสื่อสารการตลาดดิจิทัลและแบ รนด์ดิ้ง,,,0,50,46,18,62.9160,30.1380
มหาวิทยาลัยรังสิต,วิทยาเขตหลัก,40680104901103A,วิทยาลัยนิเทศศาสตร์,นศ.บ.มัลติมีเดีย,,,0,50,27,7,65.4160,47.3610
มหาวิทยาลัยรังสิต,วิทยาเขตหลัก,40680104901104A,วิทยาลัยนิเทศศาสตร์,นศ.บ.นิเทศศาสตร์การกีฬา,,,0,50,34,18,55.5550,21.1110
มหาวิทยาลัยรังสิต,วิทยาเขตหลัก,40680104901601A,วิทยาลัยนิเทศศาสตร์,นศ.บ.การภาพยนตร์ดิจิทัล,,,0,50,148,50,66.5270,33.8880
มหาวิทยาลัยรังสิต,วิทยาเขตหลัก,40680104903401A,วิทยาลัยนิเทศศาสตร์,นศ.บ.วิทยุและโทรทัศน์มัลติแพลตฟอรม์,,,0,50,15,4,62.3610,44.5830
มหาวิทยาลัยรังสิต,วิทยาเขตหลัก,40680104903802A,วิทยาลัยนิเทศศาสตร์,นศ.บ.การเขียนบทและการกำกับ ภาพยนตร์และซีรี่ส์,,,0,50,85,34,61.8050,0.0000
มหาวิทยาลัยรังสิต,วิทยาเขตหลัก,40680104903803A,วิทยาลัยนิเทศศาสตร์,นศ.บ.การสรา้ งสรรค์คอนเทนต์ดิจิทัล,,,0,50,58,20,62.6380,34.3050
มหาวิทยาลัยรังสิต,วิทยาเขตหลัก,40680106800101A,วิทยาลัยการออกแบบ,ศล.บ.การออกแบบภายใน,,,0,30,9,4,60.4331,0.0000
มหาวิทยาลัยรังสิต,วิทยาเขตหลัก,40680106800102A,วิทยาลัยการออกแบบ,ศล.บ.ศิลปะภาพถ่ายและมีเดียอารต์,,,0,30,15,1,10.3749,10.3749
มหาวิทยาลัยรังสิต,วิทยาเขตหลัก,40680106800103A,วิทยาลัยการออกแบบ,ศล.บ.การออกแบบนิเทศศิลป์,,,0,30,15,7,64.9914,0.0000
มหาวิทยาลัยรังสิต,วิทยาเขตหลัก,40680106800104A,วิทยาลัยการออกแบบ,ศล.บ.ออกแบบผลิตภัณฑ์สรา้ งสรรค์,,,0,30,6,0,0.0000,0.0000
มหาวิทยาลัยรังสิต,วิทยาเขตหลัก,40680106800105A,วิทยาลัยการออกแบบ,ศล.บ.แฟชั่นดีไซน์,,,0,30,22,8,56.7833,0.0000
มหาวิทยาลัยรังสิต,วิทยาเขตหลัก,40680107110101A,คณะกายภาพบำบัดและเวช ศาสตร์การกีฬา,วท.บ.กายภาพบำบัด,,,0,40,395,40,56.1470,48.3526
มหาวิทยาลัยรังสิต,วิทยาเขตหลัก,40680107112001A,คณะกายภาพบำบัดและเวช ศาสตร์การกีฬา,วท.บ. วิทยาศาสตร์การออกกำลังกายและ สมรรถภาพทางการกีฬา,,,0,60,198,60,68.7216,45.1328
มหาวิทยาลัยรังสิต,วิทยาเขตหลัก,40680107112501A,คณะกายภาพบำบัดและเวช ศาสตร์การกีฬา,วท.บ.ชรัณสุขศาสตร์,,,0,30,84,30,69.5830,0.0000
มหาวิทยาลัยรังสิต,วิทยาเขตหลัก,40680108111301A,คณะเทคนิคการแพทย์,วท.บ.เทคนิคการแพทย์,,,0,50,676,50,53.1350,43.2266
มหาวิทยาลัยรังสิต,วิทยาเขตหลัก,40680110400501A,คณะสถาปัตยกรรมศาสตร์,สถ.บ.,,,0,50,86,27,71.0000,34.0000
มหาวิทยาลัยรังสิต,วิทยาเขตหลัก,40680111300501A,วิทยาลัยวิศวกรรมศาสตร์,วศ.บ.วิศวกรรมคอมพิวเตอร์,,,0,30,99,30,43.1330,25.4750
มหาวิทยาลัยรังสิต,วิทยาเขตหลัก,40680111300601A,วิทยาลัยวิศวกรรมศาสตร์,วศ.บ.วิศวกรรมเคมี,,,0,30,34,10,38.0582,11.7250
มหาวิทยาลัยรังสิต,วิทยาเขตหลัก,40680111300701A,วิทยาลัยวิศวกรรมศาสตร์,วศ.บ.วิศวกรรมเครื่องกล,,,0,30,36,9,44.7665,0.0000
มหาวิทยาลัยรังสิต,วิทยาเขตหลัก,40680111301601A,วิทยาลัยวิศวกรรมศาสตร์,วศ.บ.วิศวกรรมไฟฟ้า,,,0,30,37,12,36.8915,19.6665
มหาวิทยาลัยรังสิต,วิทยาเขตหลัก,40680111302001A,วิทยาลัยวิศวกรรมศาสตร์,วศ.บ.วิศวกรรมยานยนต์และมอเตอ์รสปอรต์,,,0,30,11,5,49.0330,0.0000
มหาวิทยาลัยรังสิต,วิทยาเขตหลัก,40680111302101A,วิทยาลัยวิศวกรรมศาสตร์,วศ.บ.วิศวกรรมโยธา,,,0,30,73,29,38.7915,0.0000
มหาวิทยาลัยรังสิต,วิทยาเขตหลัก,40680111302201A,วิทยาลัยวิศวกรรมศาสตร์,วศ.บ.วิศวกรรมระบบราง,,,0,30,3,0,0.0000,0.0000
มหาวิทยาลัยรังสิต,วิทยาเขตหลัก,40680111303501A,วิทยาลัยวิศวกรรมศาสตร์,วศ.บ.วิศวกรรมอุตสาหการ,,,0,30,20,5,30.6080,24.0000
มหาวิทยาลัยรังสิต,วิทยาเขตหลัก,40680113112101A,คณะวิทยาศาสตร์,วท.บ.วิทยาศาสตร์ชีวการแพทย์,,,0,30,179,30,67.6380,55.4160
มหาวิทยาลัยรังสิต,วิทยาเขตหลัก,40680114220101A,วิทยาลัยนวัตกรรมดิจิทัล เทคโนโลยี,วท.บ.นวัตกรรมดิจิทัล,,,0,30,11,2,47.2249,46.7164
มหาวิทยาลัยรังสิต,วิทยาเขตหลัก,40680114220102A,วิทยาลัยนวัตกรรมดิจิทัล เทคโนโลยี,วท.บ.คอมพิวเตอร์เกมและอีสปอรต์,,,0,30,27,9,48.1581,22.0000
มหาวิทยาลัยรังสิต,วิทยาเขตหลัก,40680114220103A,วิทยาลัยนวัตกรรมดิจิทัล เทคโนโลยี,วท.บ.สารสนเทศการลงทุน,,,0,30,0,0,0.0000,0.0000
มหาวิทยาลัยรังสิต,วิทยาเขตหลัก,40680114220104A,วิทยาลัยนวัตกรรมดิจิทัล เทคโนโลยี,วท.บ.เทคโนโลยีสื่อสังคม,,,0,30,2,0,0.0000,0.0000
มหาวิทยาลัยรังสิต,วิทยาเขตหลัก,40680114220201A,วิทยาลัยนวัตกรรมดิจิทัล เทคโนโลยี,วท.บ.วิทยาการคอมพิวเตอร์,,,0,30,44,13,61.1500,12.7083
มหาวิทยาลัยรังสิต,วิทยาเขตหลัก,40680115220101E,วิทยาลัยนานาชาติ,วท.บ.เทคโนโลยีสารสนเทศและการสื่อสาร,,,0,30,1,1,42.5965,42.5965
มหาวิทยาลัยรังสิต,วิทยาเขตหลัก,40680115610801E,วิทยาลัยนานาชาติ,บธ.บ.ธุรกิจระหวา่ งประเทศ,,,0,50,14,3,53.2635,47.0830
มหาวิทยาลัยรังสิต,วิทยาเขตหลัก,40680116620101A,วิทยาลัยการท่องเที่ยวและอุตสาหกรรมการบริการ,ศศ.บ.การจัดการการท่องเที่ยวและการ บริการ,,,0,40,20,3,52.5000,35.2770
มหาวิทยาลัยรังสิต,วิทยาเขตหลัก,40680116620101E,วิทยาลัยการท่องเที่ยวและอุตสาหกรรมการบริการ,ศศ.บ.การท่องเที่ยว การบริการ และกีฬา,,,0,20,0,0,0.0000,0.0000
มหาวิทยาลัยรังสิต,วิทยาเขตหลัก,40680116620102A,วิทยาลัยการท่องเที่ยวและอุตสาหกรรมการบริการ,ศศ.บ.การจัดการโรงแรมและภัตตาคาร,,,0,40,15,3,47.7770,42.0830
มหาวิทยาลัยรังสิต,วิทยาเขตหลัก,40680116620103A,วิทยาลัยการท่องเที่ยวและอุตสาหกรรมการบริการ,ทล.บ.ศิลปะและเทคโนโลยีการประกอบ อาหาร,,,0,40,19,4,41.6660,38.7500
มหาวิทยาลัยรังสิต,วิทยาเขตหลัก,40680116620201A,วิทยาลัยการท่องเที่ยวและอุตสาหกรรมการบริการ,บธ.บ.การจัดการธุรกิจการบินและการขนส่ง,,,0,40,52,23,62.3610,0.0000
มหาวิทยาลัยรังสิต,วิทยาเขตหลัก,40680117901001A,คณะนิติศาสตร์,น.บ.,,,0,50,152,51,62.5000,41.9440
มหาวิทยาลัยรังสิต,วิทยาเขตหลัก,40680118611101A,คณะเศรษฐศาสตร์,ศ.บ.เศรษฐกิจดิจิทัล,,,0,40,33,9,53.1830,16.2500
มหาวิทยาลัยรังสิต,วิทยาเขตหลัก,40680119110501A,วิทยาลัยการแพทย์แผน ตะวันออก,พจ.บ.,,,0,30,71,25,52.1720,18.9580
มหาวิทยาลัยรังสิต,วิทยาเขตหลัก,40680119110601A,วิทยาลัยการแพทย์แผน ตะวันออก,วท.บ.การแพทย์แผนตะวันออก,,,0,30,37,14,49.8255,19.7915
มหาวิทยาลัยรังสิต,วิทยาเขตหลัก,40680119110701A,วิทยาลัยการแพทย์แผน ตะวันออก,พท.บ.,,,0,30,80,30,51.8133,21.2500
มหาวิทยาลัยรังสิต,วิทยาเขตหลัก,40680120800201A,วิทยาลัยดนตรี,ดศ.บ.,,,0,20,29,7,42.2998,0.0000
มหาวิทยาลัยรังสิต,วิทยาเขตหลัก,40680121903601A,วิทยาลัยผู้นำและนวัตกรรม สังคม,ศศ.บ.ผู้นำทางสังคมธุรกิจและการเมือง,,,0,50,4,2,42.6680,39.4400
มหาวิทยาลัยรังสิต,วิทยาเขตหลัก,40680122610501A,คณะบัญชี,บช.บ.,,,0,50,130,43,61.8635,15.8750
มหาวิทยาลัยรังสิต,วิทยาเขตหลัก,40680123120101C,วิทยาลัยทันตแพทยศาสตร์,ท.บ.,,,0,30,423,30,63.4358,53.0625
มหาวิทยาลัยรังสิต,วิทยาเขตหลัก,40680126620202A,สถาบันการบิน,วท.บ.นักบินพาณิชย์,,,0,20,21,6,37.9000,20.9000
มหาวิทยาลัยรังสิต,วิทยาเขตหลัก,40680130611101E,คณะการทูตและการ ต่างประเทศ,ศศ.บ.ความสัมพันธ์ระหวา่ งประเทศและการพัฒนา,,,0,20,37,8,65.3470,11.2500
มหาวิทยาลัยรังสิต,วิทยาเขตหลัก,40680132610801D,วิทยาลัยนานาชาติจีน,บธ.บ.,,,0,30,2,1,50.4160,50.4160
มหาวิทยาลัยรังสิต,วิทยาเขตหลัก,40680134800107A,คณะดิจิทัลอารต์,ศล.บ.คอมพิวเตอร์อารต์,,,0,10,32,9,64.0749,42.2914
มหาวิทยาลัยรังสิต,วิทยาเขตหลัก,40680135903201A,คณะรัฐศาสตร์,ร.บ.,,,0,50,79,30,55.6815,23.3750
มหาวิทยาลัยรังสิต,วิทยาเขตหลัก,40680136500401A,คณะนวัตกรรมเกษตร,ทล.บ.นวัตกรรมเกษตร,,,0,30,7,1,46.1104,46.1104
มหาวิทยาลัยรังสิต,วิทยาเขตหลัก,40680137211001A,คณะเทคโนโลยีอาหาร,วท.บ.เทคโนโลยีอาหาร,,,0,20,49,11,51.6688,24.5800
มหาวิทยาลัยรังสิต,วิทยาเขตหลัก,40680137211002A,คณะเทคโนโลยีอาหาร,ทล.บ.ธุรกิจอาหาร,,,0,50,11,3,45.6940,39.1660
มหาวิทยาลัยรังสิต,วิทยาเขตหลัก,40680139112701A,คณะอาชญาวิทยาและการ บริหารงานยุติธรรม,วท.บ.อาชญาวิทยาและนิติวิทยาศาสตร์,,,0,30,289,30,72.2220,57.9160
มหาวิทยาลัยรังสิต,วิทยาเขตหลัก,40680139903501A,คณะอาชญาวิทยาและการ บริหารงานยุติธรรม,ศศ.บ.อาชญาวิทยาและงานยุติธรรม,,,0,50,105,49,66.3880,0.0000
มหาวิทยาลัยรังสิต,วิทยาเขตหลัก,40680140111901A,คณะรังสีเทคนิค,วท.บ.รังสีเทคนิค,,,0,30,565,30,46.2225,38.7416
มหาวิทยาลัยรังสิต,วิทยาเขตหลัก,40680141300901A,วิทยาลัยวิศวกรรมชีวการแพทย์,วศ.บ.วิศวกรรมชีวการแพทย์,,,0,30,148,30,41.5722,33.1664
มหาวิทยาลัยรังสิต,วิทยาเขตหลัก,40680142702801A,วิทยาลัยการกีฬา,วท.บ.กีฬากอล์ฟ,,,0,40,11,5,48.8880,36.5270
มหาวิทยาลัยหัวเฉียวเฉลิมพระเกียรติ,วิทยาเขตหลัก,40730101111701A,คณะพยาบาลศาสตร์,หลักสูตรพยาบาลศาสตรบัณฑิต,หลักสูตรพยาบาลศาสตร บัณฑิต,,0,30,448,30,48.4331,41.3832
มหาวิทยาลัยหัวเฉียวเฉลิมพระเกียรติ,วิทยาเขตหลัก,40730102903701A,คณะสังคมสงเคราะห์ศาสต์รและสวัสดิการสังคม,หลักสูตรสังคมสงเคราะห์ศาสตรบัณฑิต,หลักสูตรสังคมสงเคราะห์ศา สตรบัณฑิต,,0,50,50,22,96.7500,67.7500
มหาวิทยาลัยหัวเฉียวเฉลิมพระเกียรติ,วิทยาเขตหลัก,40730103902501A,คณะศิลปศาสตร์,หลักสูตรศิลปศาสตรบัณฑิต (ภาษาอังกฤษ),หลักสูตรศิลปศาสตรบัณฑิต (ภาษาอังกฤษ),,0,50,66,18,98.0000,48.7500
มหาวิทยาลัยหัวเฉียวเฉลิมพระเกียรติ,วิทยาเขตหลัก,40730103902502I,คณะศิลปศาสตร์,หลักสูตรศิลปศาสตรบัณฑิต (ภาษาอังกฤษและภาษาจีน),หลักสูตรศิลปศาสตรบัณฑิต (ภาษาอังกฤษ-ภาษาจีน),,0,50,32,16,97.2500,0.0000
มหาวิทยาลัยหัวเฉียวเฉลิมพระเกียรติ,วิทยาเขตหลัก,40730104610501A,คณะบริหารธุรกิจ,หลักสูตรบัญชีบัณฑิต,หลักสูตรบัญชีบัณฑิต,,0,50,57,17,94.5000,58.7500
มหาวิทยาลัยหัวเฉียวเฉลิมพระเกียรติ,วิทยาเขตหลัก,40730104610805A,คณะบริหารธุรกิจ,หลักสูตรบริหารธุรกิจบัณฑิต,หลักสูตรบริหารธุรกิจบัณฑิต,,0,50,59,19,96.2500,49.0000
มหาวิทยาลัยหัวเฉียวเฉลิมพระเกียรติ,วิทยาเขตหลัก,40730104610806A,คณะบริหารธุรกิจ,หลักสูตรบริหารธุรกิจบัณฑิต (ธุรกิจจีน),หลักสูตรบริหารธุรกิจบัณฑิต,,0,50,45,17,96.2500,67.7500
มหาวิทยาลัยหัวเฉียวเฉลิมพระเกียรติ,วิทยาเขตหลัก,40730104610807A,คณะบริหารธุรกิจ,หลักสูตรบริหารธุรกิจบัณฑิต (การจัดการ ธุรกิจการบิน),หลักสูตรบริหารธุรกิจบัณฑิต (การจัดการธุรกิจการบิน),,0,50,22,7,94.2500,0.0000
มหาวิทยาลัยหัวเฉียวเฉลิมพระเกียรติ,วิทยาเขตหลัก,40730104611004A,คณะบริหารธุรกิจ,หลักสูตรบริหารธุรกิจบัณฑิต (การ จัดการโลจิสติกส์และโซ่อุปทาน),หลักสูตรบริหารธุรกิจบัณฑิต (การจัดการโลจิสติกส์และโซ่ อุปทาน),,0,50,50,15,95.5000,59.5000
มหาวิทยาลัยหัวเฉียวเฉลิมพระเกียรติ,วิทยาเขตหลัก,40730105112103A,คณะวิทยาศาสตร์และเทคโนโลยี,หลักสูตรวิทยาศาสตรบัณฑิต (วิทยาศาสตร์การแพทย์),หลักสูตรวิทยาศาสตรบัณฑิต (วิทยาศาสตร์การแพทย์),,0,50,203,51,99.5000,85.0000
มหาวิทยาลัยหัวเฉียวเฉลิมพระเกียรติ,วิทยาเขตหลัก,40730105213702A,คณะวิทยาศาสตร์และเทคโนโลยี,หลักสูตรวิทยาศาสตรบัณฑิต (ปัญญาประดิษฐ)์,หลักสูตรวิทยาศาสตรบัณฑิต (ปัญญาประดิษฐ)์,,0,50,6,1,73.7500,73.7500
มหาวิทยาลัยหัวเฉียวเฉลิมพระเกียรติ,วิทยาเขตหลัก,40730105220201A,คณะวิทยาศาสตร์และเทคโนโลยี,หลักสูตรวิทยาศาสตรบัณฑิต (วิทยาการ คอมพิวเตอร)์,หลักสูตรวิทยาศาสตรบัณฑิต (วิทยาการคอมพิวเตอร์),,0,50,35,6,88.2500,62.5000
มหาวิทยาลัยหัวเฉียวเฉลิมพระเกียรติ,วิทยาเขตหลัก,40730105302904I,คณะวิทยาศาสตร์และเทคโนโลยี,หลักสูตรวิทยาศาสตรบัณฑิต (วิทยาการ หุ่นยนต์สุขภาพ),หลักสูตรวิทยาศาสตรบัณฑิต (วิทยาการหุ่นยนต์สุขภาพ),,0,20,1,0,0.0000,0.0000
มหาวิทยาลัยหัวเฉียวเฉลิมพระเกียรติ,วิทยาเขตหลัก,40730106130101A,คณะเภสัชศาสตร์,หลักสูตรเภสัชศาสตรบัณฑิต,หลักสูตรเภสัชศาสตรบัณฑิต,,0,20,586,20,53.5177,49.1455
มหาวิทยาลัยหัวเฉียวเฉลิมพระเกียรติ,วิทยาเขตหลัก,40730107111301A,คณะเทคนิคการแพทย์,หลักสูตรวิทยาศาสตรบัณฑิต (เทคนิค การแพทย์),หลักสูตรวิทยาศาสตรบัณฑิต (เทคนิคการแพทย)์,,0,50,570,50,49.6126,41.0088
มหาวิทยาลัยหัวเฉียวเฉลิมพระเกียรติ,วิทยาเขตหลัก,40730108110101A,คณะกายภาพบำบัด,หลักสูตรวิทยาศาสตรบัณฑิต (กายภาพบำบัด),หลักสูตรวิทยาศาสตรบัณฑิต (กายภาพบำบัด),,0,50,344,50,54.8470,47.5470
มหาวิทยาลัยหัวเฉียวเฉลิมพระเกียรติ,วิทยาเขตหลัก,40730109110305A,คณะสาธารณสุขศาสตร์และ สิงแวดล้อม,หลักสูตรวิทยาศาสตรบัณฑิต (การจัดการ และบรรเทาสาธารณภัย),หลักสูตรวิทยาศาสตรบัณฑิต (การจัดการและบรรเทาสา ธารณภัย),,0,50,21,7,93.0000,0.0000
มหาวิทยาลัยหัวเฉียวเฉลิมพระเกียรติ,วิทยาเขตหลัก,40730109110403A,คณะสาธารณสุขศาสตร์และ สิงแวดล้อม,หลักสูตรการจัดการบัณฑิต (การบริการ ทางการแพทย์),หลักสูตรการจัดการบัณฑิต (การบริการทางการแพทย์),,0,50,117,35,95.2500,47.0000
มหาวิทยาลัยหัวเฉียวเฉลิมพระเกียรติ,วิทยาเขตหลัก,40730109112404A,คณะสาธารณสุขศาสตร์และ สิงแวดล้อม,หลักสูตรวิทยาศาสตรบัณฑิต (การจัดการ เวชระเบียนและสถิติโรงพยาบาล),หลักสูตรวิทยาศาสตรบัณฑิต (การจัดการเวชระเบียนและ สถิติโรงพยาบาล),,0,50,124,50,96.2500,43.2500
มหาวิทยาลัยหัวเฉียวเฉลิมพระเกียรติ,วิทยาเขตหลัก,40730109112701A,คณะสาธารณสุขศาสตร์และ สิงแวดล้อม,หลักสูตรวิทยาศาสตรบัณฑิต (อาชีวอนา มัยและความปลอดภัย),หลักสูตรวิทยาศาสตรบัณฑิต (อาชีวอนามัยและความ ปลอดภัย),,0,50,74,21,35.2054,14.8888
มหาวิทยาลัยหัวเฉียวเฉลิมพระเกียรติ,วิทยาเขตหลัก,40730109112702A,คณะสาธารณสุขศาสตร์และ สิงแวดล้อม,หลักสูตรสาธารณสุขศาสตรบัณฑิต (สาธารณสุขชุมชน),หลักสูตรสาธารณสุขศาสตร บัณฑิต (สาธารณสุขชุมชน),,0,50,81,34,36.9654,6.2222
มหาวิทยาลัยหัวเฉียวเฉลิมพระเกียรติ,วิทยาเขตหลัก,40730111110501A,คณะการแพทย์แผนจีน,หลักสูตรการแพทย์แผนจีนบัณฑิต,หลักสูตรการแพทย์แผนจีน บัณฑิต,,0,50,247,51,######,91.5000
มหาวิทยาลัยหัวเฉียวเฉลิมพระเกียรติ,วิทยาเขตหลัก,40730112901001A,คณะนิติศาสตร์,หลักสูตรนิติศาสตรบัณฑิต,หลักสูตรนิติศาสตรบัณฑิต,,0,50,59,23,96.5000,52.0000
มหาวิทยาลัยหัวเฉียวเฉลิมพระเกียรติ,วิทยาเขตหลัก,40730113901101A,คณะนิเทศศาสตร์,หลักสุตรนิเทศศาสตรบัณฑิต,หลักสุตรนิเทศศาสตรบัณฑิต,,0,50,42,13,95.5000,50.0000
มหาวิทยาลัยหัวเฉียวเฉลิมพระเกียรติ,วิทยาเขตหลัก,40730115901801A,วิทยาลัยจีนศึกษา,หลักสูตรศิลปศาสตรบัณฑิต (ภาษาและ วัฒนธรรมจีน),หลักสูตรศิลปศาสตรบัณฑิต (ภาษาและวัฒนธรรมจีน),,0,50,53,17,98.0000,60.0000
มหาวิทยาลัยหัวเฉียวเฉลิมพระเกียรติ,วิทยาเขตหลัก,40730115901802A,วิทยาลัยจีนศึกษา,หลักสูตรศิลปศาสตรบัณฑิต (ภาษาจีน ธุรกิจ),หลักสูตรศิลปศาสตรบัณฑิต (ภาษาจีนธุรกิจ),,0,50,90,32,97.7500,59.7500
มหาวิทยาลัยหัวเฉียวเฉลิมพระเกียรติ,วิทยาเขตหลัก,40730115901803A,วิทยาลัยจีนศึกษา,หลักสูตรศิลปศาสตรบัณฑิต (จีนศึกษา),หลักสูตรศิลปศาสตรบัณฑิต (จีนศึกษา),,0,50,16,0,0.0000,0.0000
มหาวิทยาลัยเวสเทิรน์,กาญจนบุรี,41020103140100A,คณะสัตวแพทยศาสตร์,สัตวแพทยศาสตรบัณฑิต,นักเรียน ม.6 ที่กำลังจะสำเร็จการศึกษาหรือสำเร็จการศึกษาแล้ว,,0,50,57,39,52.4835,19.3750
มหาวิทยาลัยเวสเทิรน์,กาญจนบุรี,41020104111700A,คณะพยาบาลศาสตร์,พยาบาลศาสตรบัณฑิต,นักเรียน ม.6 ที่กำลังจะสำเร็จการศึกษาหรือสำเร็จการศึกษาแล้ว,,0,300,40,24,31.4914,0.0000
มหาวิทยาลัยเวสเทิรน์,กาญจนบุรี,41020106112700A,คณะสาธารณสุขศาสตร์,สาธารณสุขศาสตรบัณฑิต,นักเรียน ม.6 ที่กำลังจะสำเร็จการศึกษาหรือสำเร็จการศึกษาแล้ว,,0,200,2,1,8.2500,8.2500
มหาวิทยาลัยเวสเทิรน์,วัชรพล,41020201120100A,คณะทันตแพทยศาสตร์,ทันตแพทยศาสตรบัณฑิต,นักเรียน ม.6 สำเร็จการศึกษา แล้ว,,0,120,103,66,47.0332,11.6483
มหาวิทยาลัยเวสเทิรน์,วัชรพล,41020202130100A,คณะเภสัชศาสตร์,เภสัชศาสตรบัณฑิต,นักเรียน ม.6 ที่กำลังจะสำเร็จการศึกษาหรือสำเร็จการศึกษาแล้ว,,0,30,214,30,45.7011,41.1643
มหาวิทยาลัยเวสเทิรน์,วัชรพล,41020204111700A,คณะพยาบาลศาสตร์,พยาบาลศาสตรบัณฑิต,นักเรียน ม.6 ที่กำลังจะสำเร็จการศึกษาหรือสำเร็จการศึกษาแล้ว,,0,200,95,52,35.7916,0.0000
มหาวิทยาลัยเวสเทิรน์,วัชรพล,41020205111300A,คณะเทคนิคการแพทย์,วิทยาศาสตรบัณฑิตสาขาวิชาเทคนิค การแพทย์,นักเรียน ม.6 ที่กำลังจะสำเร็จการศึกษาหรือสำเร็จการศึกษาแล้ว,,0,50,49,30,43.1072,21.4382
มหาวิทยาลัยเวสเทิรน์,บุรีรัมย์,41020304111700A,คณะพยาบาลศาสตร์,พยาบาลศาสตรบัณฑิต,นักเรียน ม.6 ที่กำลังจะสำเร็จการศึกษาหรือสำเร็จการศึกษาแล้ว,,0,100,51,24,32.9998,0.0000
มหาวิทยาลัยธุรกิจบัณฑิตย์,วิทยาเขตหลัก,41030101610101A,วิทยาลัยบริหารธุรกิจ นวัตกรรมและการบัญชี,หลักสูตรบริหารธุรกิจบัณฑิต สาขาวิชา การเงิน การลงทุน และเทคโนโลยีการเงิน,,,0,50,17,6,82.2500,56.7500
มหาวิทยาลัยธุรกิจบัณฑิตย์,วิทยาเขตหลัก,41030101610201A,วิทยาลัยบริหารธุรกิจ นวัตกรรมและการบัญชี,หลักสูตรบริหารธุรกิจบัณฑิต สาขาวิชา การจัดการ,,,0,100,12,3,95.7500,0.0000
มหาวิทยาลัยธุรกิจบัณฑิตย์,วิทยาเขตหลัก,41030101610501A,วิทยาลัยบริหารธุรกิจ นวัตกรรมและการบัญชี,หลักสูตรบัญชีบัณฑิต,,,0,220,20,5,93.2500,74.2500
มหาวิทยาลัยธุรกิจบัณฑิตย์,วิทยาเขตหลัก,41030101610601A,วิทยาลัยบริหารธุรกิจ นวัตกรรมและการบัญชี,หลักสูตรบริหารธุรกิจบัณฑิต สาขาวิชา การตลาดและการสรา้ งแบรนด์ในยุคดิจิทัล,,,0,300,18,5,92.7500,0.0000
มหาวิทยาลัยธุรกิจบัณฑิตย์,วิทยาเขตหลัก,41030101610801A,วิทยาลัยบริหารธุรกิจ นวัตกรรมและการบัญชี,หลักสูตรบริหารธุรกิจบัณฑิต สาขาวิชา ธุรกิจระหวา่ งประเทศ,,,0,100,10,2,97.2500,86.5000
มหาวิทยาลัยธุรกิจบัณฑิตย์,วิทยาเขตหลัก,41030101610901A,วิทยาลัยบริหารธุรกิจ นวัตกรรมและการบัญชี,หลักสูตรเทคโนโลยีบัณฑิต สาขาวิชา ระบบสารสนเทศเพื่อธุรกิจดิจิทัล,,,0,80,3,1,80.5000,80.5000
มหาวิทยาลัยธุรกิจบัณฑิตย์,วิทยาเขตหลัก,41030101611001A,วิทยาลัยบริหารธุรกิจ นวัตกรรมและการบัญชี,หลักสูตรบริหารธุรกิจบัณฑิต สาขาวิชา การจัดการโลจิสติกส์และโซ่อุปทาน,,,0,200,9,2,91.2500,44.7500
มหาวิทยาลัยธุรกิจบัณฑิตย์,วิทยาเขตหลัก,41030102220101A,วิทยาลัยวิศวกรรมศาสตร์และเทคโนโลยี,หลักสูตรวิทยาศาสตรบัณฑิต สาขาวิชา เทคโนโลยีสารสนเทศและปัญญาประดิษฐ์,,,0,40,5,2,71.2500,69.7500
มหาวิทยาลัยธุรกิจบัณฑิตย์,วิทยาเขตหลัก,41030102300501A,วิทยาลัยวิศวกรรมศาสตร์และเทคโนโลยี,หลักสูตรวิศวกรรมศาสตรบัณฑิต สาขาวิชาวิศวกรรมคอมพิวเตอร์,,,0,30,15,7,84.2500,0.0000
มหาวิทยาลัยธุรกิจบัณฑิตย์,วิทยาเขตหลัก,41030102302001A,วิทยาลัยวิศวกรรมศาสตร์และเทคโนโลยี,หลักสูตรวิศวกรรมศาสตรบัณฑิต สาขาวิชาวิศวกรรมยานยนต์สมัยใหม่,,,0,40,7,0,0.0000,0.0000
มหาวิทยาลัยธุรกิจบัณฑิตย์,วิทยาเขตหลัก,41030102302401A,วิทยาลัยวิศวกรรมศาสตร์และเทคโนโลยี,หลักสูตรวิศวกรรมศาสตรบัณฑิต สาขาวิชาวิศวกรรมโลจิสติกส์,,,0,40,8,4,74.5000,54.2500
มหาวิทยาลัยธุรกิจบัณฑิตย์,วิทยาเขตหลัก,41030103111101A,วิทยาลัยการแพทย์แบบบูรณา การ,หลักสูตรวิทยาศาสตรบัณฑิต สาขาวิชา บูรณาการสุขภาพและความงาม,,,0,80,26,13,91.7500,59.7500
มหาวิทยาลัยธุรกิจบัณฑิตย์,วิทยาเขตหลัก,41030104620201A,วิทยาลัยการพัฒนาและ ฝึกอบรมด้านการบิน,หลักสูตรศิลปศาสตรบัณฑิต สาขาวิชา ธุรกิจการบิน,,,0,100,19,5,86.7500,0.0000
มหาวิทยาลัยธุรกิจบัณฑิตย์,วิทยาเขตหลัก,41030104620202C,วิทยาลัยการพัฒนาและ ฝึกอบรมด้านการบิน,หลักสูตรศิลปศาสตรบัณฑิต สาขาวิชาการ จัดการเทคโนโลยีการบินและการ อำนวยการบิน (หลักสูตร 2 ภาษา),,,0,50,1,1,73.7500,73.7500
มหาวิทยาลัยธุรกิจบัณฑิตย์,วิทยาเขตหลัก,41030105211601A,วิทยาลัยครีเอทีฟดีไซ์นแอน์ดเอ็นเตอร์เทนเมนต์เทคโนโลยี,หลักสูตรวิทยาศาสตรบัณฑิต สาขาวิชา การออกแบบเชิงโต้ตอบและการพัฒนาเกม,,,0,100,13,2,85.2500,60.5000
มหาวิทยาลัยธุรกิจบัณฑิตย์,วิทยาเขตหลัก,41030105211602A,วิทยาลัยครีเอทีฟดีไซ์นแอน์ดเอ็นเตอร์เทนเมนต์เทคโนโลยี,หลักสูตรศิลปศาสตรบัณฑิต อินเทอร์แอค ทีฟดิจิทัลอารต์,,,0,60,11,0,0.0000,0.0000
มหาวิทยาลัยธุรกิจบัณฑิตย์,วิทยาเขตหลัก,41030106901001A,คณะนิติศาสตร์ปรีดี พนมยงค์,หลักสูตรนิติศาสตรบัณฑิต,,,0,100,10,7,95.7500,64.5000
มหาวิทยาลัยธุรกิจบัณฑิตย์,วิทยาเขตหลัก,41030107800404A,คณะนิเทศศาสตร์,หลักสูตรนิเทศศาสตรบัณฑิต สาขาวิชา การสื่อสารการแสดงดิจิทัล,,,0,40,40,19,98.5000,0.0000
มหาวิทยาลัยธุรกิจบัณฑิตย์,วิทยาเขตหลัก,41030107900101A,คณะนิเทศศาสตร์,หลักสูตรนิเทศศาสตรบัณฑิต สาขาวิชา การสื่อสารการตลาดดิจิทัล,,,0,50,15,3,83.7500,0.0000
มหาวิทยาลัยธุรกิจบัณฑิตย์,วิทยาเขตหลัก,41030107901601A,คณะนิเทศศาสตร์,หลักสูตรนิเทศศาสตรบัณฑิต สาขาวิชา ภาพยนตร์และสื่อดิจิทัล,,,0,120,51,15,99.5000,0.0000
มหาวิทยาลัยธุรกิจบัณฑิตย์,วิทยาเขตหลัก,41030107903401A,คณะนิเทศศาสตร์,หลักสูตรนิเทศศาสตรบัณฑิต สาขาวิชา การสรา้ งสรรค์ดิจิทัลคอนเทนต์และสื่อ,,,0,80,9,3,79.7500,74.5000
มหาวิทยาลัยธุรกิจบัณฑิตย์,วิทยาเขตหลัก,41030108211602A,คณะศิลปกรรมศาสตร์,หลักสูตรศิลปกรรมศาสตรบัณฑิต สาขาวิชาการออกแบบเชิงสรา้ งสรรค์,,วิชาเอกการออกแบบกราฟิก,0,33,16,5,99.2500,58.0000
มหาวิทยาลัยธุรกิจบัณฑิตย์,วิทยาเขตหลัก,41030108800101A,คณะศิลปกรรมศาสตร์,หลักสูตรศิลปกรรมศาสตรบัณฑิต สาขาวิชาการออกแบบเชิงสรา้ งสรรค์,,วิชาเอกการออกแบบ สภาพแวดล้อมภายใน,0,33,6,1,75.7500,75.7500
มหาวิทยาลัยธุรกิจบัณฑิตย์,วิทยาเขตหลัก,41030108800102A,คณะศิลปกรรมศาสตร์,หลักสูตรศิลปกรรมศาสตรบัณฑิต สาขาวิชาการออกแบบเชิงสรา้ งสรรค์,,วิชาเอกการออกแบบและ ธุรกิจแฟชั่น,0,34,8,2,79.7500,67.0000
มหาวิทยาลัยธุรกิจบัณฑิตย์,วิทยาเขตหลัก,41030109903101A,คณะรัฐประศาสนศาสตร์,หลักสูตรรัฐประศาสนศาสตรบัณฑิต,,,0,130,11,4,86.2500,47.7500
มหาวิทยาลัยธุรกิจบัณฑิตย์,วิทยาเขตหลัก,41030110620101A,คณะการท่องเที่ยวและการ โรงแรม,หลักสูตรศิลปศาสตรบัณฑิต สาขาวิชาการ ท่องเที่ยวและธุรกิจอีเวนต์,,,0,70,6,2,80.0000,69.0000
มหาวิทยาลัยธุรกิจบัณฑิตย์,วิทยาเขตหลัก,41030110620102A,คณะการท่องเที่ยวและการ โรงแรม,หลักสูตรศิลปศาสตรบัณฑิต สาขาวิชา การโรงแรมและธุรกิจอาหาร,,,0,125,6,1,82.5000,82.5000
มหาวิทยาลัยธุรกิจบัณฑิตย์,วิทยาเขตหลัก,41030110800103A,คณะการท่องเที่ยวและการ โรงแรม,หลักสูตรศิลปศาสตรบัณฑิต สาขาวิชา ศิลปะการประกอบอาหาร,,,0,40,4,2,87.2500,47.0000
มหาวิทยาลัยธุรกิจบัณฑิตย์,วิทยาเขตหลัก,41030111610802C,วิทยาลัยนานาชาติ,หลักสูตรบริหารธุรกิจบัณฑิต สาขาวิชา ธุรกิจระหวา่ งประเทศ (หลักสูตร ภาษาไทย-ภาษาอังกฤษ),,,0,13,5,1,93.2500,93.2500
มหาวิทยาลัยธุรกิจบัณฑิตย์,วิทยาเขตหลัก,41030111610803E,วิทยาลัยนานาชาติ,หลักสูตรบริหารธุรกิจบัณฑิต สาขาวิชา ธุรกิจระหวา่ งประเทศ (หลักสูตร ภาษาอังกฤษ),,,0,13,0,0,0.0000,0.0000
มหาวิทยาลัยธุรกิจบัณฑิตย์,วิทยาเขตหลัก,41030111610804C,วิทยาลัยนานาชาติ,หลักสูตรบริหารธุรกิจบัณฑิต สาขาวิชา ธุรกิจระหวา่ งประเทศ (หลักสูตร ภาษาอังกฤษ-ภาษาจีน),,,0,14,3,1,87.5000,87.5000
มหาวิทยาลัยธุรกิจบัณฑิตย์,วิทยาเขตหลัก,41030111610805A,วิทยาลัยนานาชาติ,หลักสูตรบริหารธุรกิจบัณฑิต สาขาวิชา การจัดการธุรกิจระหวา่ งประเทศ (ระบบ การศึกษาทางไกลทางอินเทอร์เน็ต),,,0,35,1,1,87.7500,87.7500
มหาวิทยาลัยธุรกิจบัณฑิตย์,วิทยาเขตหลัก,41030111610806C,วิทยาลัยนานาชาติ,หลักสูตรบริหารธุรกิจบัณฑิต สาขาวิชา นวัตกรรมธุรกิจดิจิทัล (หลักสูตร ภาษาอังกฤษ-ภาษาจีน),,,0,40,0,0,0.0000,0.0000
มหาวิทยาลัยธุรกิจบัณฑิตย์,วิทยาเขตหลัก,41030111610902E,วิทยาลัยนานาชาติ,หลักสูตรเทคโนโลยีบัณฑิต สาขาวิชา ระบบสารสนเทศเพื่อธุรกิจดิจิทัล (หลักสูตรภาษาอังกฤษ),,,0,20,0,0,0.0000,0.0000
มหาวิทยาลัยธุรกิจบัณฑิตย์,วิทยาเขตหลัก,41030111901701A,วิทยาลัยนานาชาติ,หลักสูตรศิลปศาสตรบัณฑิต สาขาวิชา ภาษาตะวันออกเพื่อธุรกิจ,,วิชาเอกภาษาเกาหลี,0,15,11,3,89.5000,0.0000
มหาวิทยาลัยธุรกิจบัณฑิตย์,วิทยาเขตหลัก,41030111901801A,วิทยาลัยนานาชาติ,หลักสูตรศิลปศาสตรบัณฑิต สาขาวิชา ภาษาจีนธุรกิจ,,,0,80,21,9,95.5000,68.7500
มหาวิทยาลัยธุรกิจบัณฑิตย์,วิทยาเขตหลัก,41030111901901A,วิทยาลัยนานาชาติ,หลักสูตรศิลปศาสตรบัณฑิต สาขาวิชา ภาษาตะวันออกเพื่อธุรกิจ,,วิชาเอกภาษาญี่ปุ่น,0,15,9,4,94.5000,76.5000
มหาวิทยาลัยธุรกิจบัณฑิตย์,วิทยาเขตหลัก,41030111902501E,วิทยาลัยนานาชาติ,หลักสูตรศิลปศาสตรบัณฑิต สาขาวิชา ภาษาอังกฤษเพื่อการสื่อสารธุรกิจ (หลักสูตรภาษาอังกฤษ),,,0,30,2,0,0.0000,0.0000
มหาวิทยาลัยธุรกิจบัณฑิตย์,วิทยาเขตหลัก,41030111902502A,วิทยาลัยนานาชาติ,หลักสูตรศิลปศาสตรบัณฑิต สาขาวิชา ภาษาอังกฤษธุรกิจ,,,0,90,1,0,0.0000,0.0000
มหาวิทยาลัยธุรกิจบัณฑิตย์,วิทยาเขตหลัก,41030111902901A,วิทยาลัยนานาชาติ,หลักสูตรศิลปศาสตรบัณฑิต สาขาวิชา อิสลามศึกษา (ระบบการศึกษาทางไกล ผ่านอินเทอร์เน็ต),,,0,100,0,0,0.0000,0.0000
มหาวิทยาลัยธุรกิจบัณฑิตย์,วิทยาเขตหลัก,41030112110701A,วิทยาลัยเฮลท์แอนด์เวลเนส,หลักสูตรวิทยาศาสตรบัณฑิต สาขาวิชา การแพทย์แผนไทย,,,0,40,5,1,80.2500,80.2500
มหาวิทยาลัยธุรกิจบัณฑิตย์,วิทยาเขตหลัก,41030112111102A,วิทยาลัยเฮลท์แอนด์เวลเนส,หลักสูตรวิทยาศาสตรบัณฑิต สาขาวิชา วิทยาศาสตร์เครื่องสำอางและผลิตภัณ์ฑเสริมอาหาร,,,0,50,26,12,98.0000,66.2500
มหาวิทยาลัยอีสเทิร์นเอเชีย,วิทยาเขตหลัก,41120101301601C,คณะวิศวกรรมศาสตร์,วศ.บ. วิศวกรรมไฟฟ้าและพลังงาน,,ภาษาไทย,0,40,0,0,0.0000,0.0000
มหาวิทยาลัยอีสเทิร์นเอเชีย,วิทยาเขตหลัก,41120101303501C,คณะวิศวกรรมศาสตร์,วศ.บ. วิศวกรรมอุตสาหการ,,ภาษาไทย,0,50,1,1,63.7500,63.7500
มหาวิทยาลัยอีสเทิร์นเอเชีย,วิทยาเขตหลัก,41120102610801C,คณะบริหารธุรกิจ,บธ.บ,,ภาษาไทย,0,100,2,1,78.5000,78.5000
มหาวิทยาลัยอีสเทิร์นเอเชีย,วิทยาเขตหลัก,41120102610802D,คณะบริหารธุรกิจ,บธ.บ,,ภาษาไทย,0,100,0,0,0.0000,0.0000
มหาวิทยาลัยอีสเทิร์นเอเชีย,วิทยาเขตหลัก,41120105620101C,คณะศิลปศาสตร์,ศศ.บ. การท่องเที่ยว,,ภาษาไทย,0,80,0,0,0.0000,0.0000
มหาวิทยาลัยอีสเทิร์นเอเชีย,วิทยาเขตหลัก,41120105901801C,คณะศิลปศาสตร์,ศศ.บ. ภาษาจีนธุรกิจ,,ภาษาไทย,0,30,2,2,89.7500,78.0000
มหาวิทยาลัยอีสเทิร์นเอเชีย,วิทยาเขตหลัก,41120105901901C,คณะศิลปศาสตร์,ศศ.บ. ภาษาญี่ปุ่นธุรกิจ,,ภาษาไทย,0,30,4,1,75.0000,75.0000
มหาวิทยาลัยอีสเทิร์นเอเชีย,วิทยาเขตหลัก,41120105902501C,คณะศิลปศาสตร์,ศศ.บ. ภาษาอังกฤษธุรกิจ,,ภาษาไทย,0,50,3,0,0.0000,0.0000
มหาวิทยาลัยอีสเทิร์นเอเชีย,วิทยาเขตหลัก,41120107111701C,คณะพยาบาล,พย.บ. พยาบาลศาสตร์,,ภาษาไทย,0,10,300,10,98.0000,95.0000
มหาวิทยาลัยอีสเทิร์นเอเชีย,วิทยาเขตหลัก,41120109220101C,คณะเทคโนโลยีสารสนเทศ,วท.บ. เทคโนโลยีสารสนเทศ,,ภาษาไทย,0,50,0,0,0.0000,0.0000
มหาวิทยาลัยอีสเทิร์นเอเชีย,วิทยาเขตหลัก,41120113620201C,คณะการบิน,วท.บ. การบิน,,ภาษาไทย,0,250,4,1,80.7500,80.7500
มหาวิทยาลัยอีสเทิร์นเอเชีย,วิทยาเขตหลัก,41120114112701C,คณะสาธารณสุขศาสตร์,ส.บ. สาธารณสุขชุมชน,,ภาษาไทย,0,60,3,2,77.7500,69.0000
วิทยาลัยเซนต์หลุยส์,หลัก,41150101111701A,พยาบาลศาสตร์,พย.บ. พยาบาลศาสตรบัณฑิต,,,0,20,161,20,59.8583,48.7748
วิทยาลัยเซนต์หลุยส์,หลัก,41150102900701A,จิตวิทยา,วท.บ. วิทยาศาสตรบัณฑิต สาขาวิชา จิตวิทยา,,,0,10,83,10,64.4600,56.1600
วิทยาลัยเซนต์หลุยส์,หลัก,41150105110101A,กายภาพบำบัด,กภ.บ. กายภาพบำบัดบัณฑิต,,,0,20,152,20,51.6052,44.3000
วิทยาลัยดุสิตธานี,วิทยาเขตหลัก,41170101610201A,คณะศิลปะการประกอบอาหาร,บธ.บ. สาขาวิชาศิลปะการประกอบอาหาร,,,0,20,7,2,76.5830,60.5135
วิทยาลัยดุสิตธานี,วิทยาเขตหลัก,41170101610202I,คณะศิลปะการประกอบอาหาร,บธ.บ. สาขาวิชาศิลปะการประกอบอาหาร อย่างมืออาชีพ (หลักสูตรนานาชาต)ิ,,,0,20,0,0,0.0000,0.0000
วิทยาลัยดุสิตธานี,วิทยาเขตหลัก,41170101620101A,คณะการจัดการบริการ,บธ.บ. สาขาวิชาการจัดการโรงแรม,,,0,20,7,1,68.9305,68.9305
วิทยาลัยดุสิตธานี,วิทยาเขตหลัก,41170101620102E,คณะการจัดการบริการ,บธ.บ. สาขาวิชาการจัดการการบริการ (หลักสูตรนานาชาต)ิ,,,0,20,0,0,0.0000,0.0000
มหาวิทยาลัยนานาชาติเอเชีย- แปซิฟิก,สระบุรี,41290102902501A,คณะศิลปศาสตร์และ มนุษยศาสตร์,ศิลปศาสตรบัณฑิต สาขาวิชาภาษาอังกฤษ เพื่อการสื่อสารในงานอาชีพ,,,0,30,0,0,0.0000,0.0000
มหาวิทยาลัยนานาชาติเอเชีย- แปซิฟิก,สระบุรี,41290102902501E,คณะศิลปศาสตร์และ มนุษยศาสตร์,ศิลปศาสตรบัณฑิต สาขาวิชาภาษาอังกฤษ เพื่อวัตถุประสงค์ทางวิชาชีพ,,,0,15,0,0,0.0000,0.0000
มหาวิทยาลัยนานาชาติเอเชีย- แปซิฟิก,สระบุรี,41290103610501A,คณะบริหารธุรกิจ,บัญชีบัณฑิต,,,0,20,1,0,0.0000,0.0000
มหาวิทยาลัยนานาชาติเอเชีย- แปซิฟิก,สระบุรี,41290103610801E,คณะบริหารธุรกิจ,บริหารธุรกิจบัณฑิต,,,0,15,0,0,0.0000,0.0000
มหาวิทยาลัยนานาชาติเอเชีย- แปซิฟิก,สระบุรี,41290104700201E,คณะศึกษาศาสตร์,ศึกษาศาสตรบัณฑิต สาขาวิชาการ ประถมศึกษา,,,0,15,0,0,0.0000,0.0000
มหาวิทยาลัยนานาชาติเอเชีย- แปซิฟิก,สระบุรี,41290105220101E,คณะเทคโนโลยีสารสนเทศ,วิทยาศาสตรบัณฑิต สาขาวิชาเทคโนโลียสารสนเทศ,,,0,15,0,0,0.0000,0.0000
มหาวิทยาลัยนานาชาติเอเชีย- แปซิฟิก,สระบุรี,41290106210701E,คณะวิทยาศาสตร์,วิทยาศาสตรบัณฑิต สาขาวิชา วิทยาศาสตร์ชีวภาพ,,,0,15,0,0,0.0000,0.0000
มหาวิทยาลัยนานาชาติเอเชีย- แปซิฟิก,สระบุรี,41290107901501E,คณะศาสนศึกษา,ศิลปศาสตรบัณฑิต สาขาวิชาคริสตศาสน ศึกษา,,,0,10,0,0,0.0000,0.0000
มหาวิทยาลัยนานาชาติเอเชีย- แปซิฟิก,กรุงเทพ,41290201111701A,คณะพยาบาลศาสตร์มิชชั่น,พยาบาลศาสตรบัณฑิต,,,0,40,51,29,36.9882,23.5931
มหาวิทยาลัยนานาชาติเอเชีย- แปซิฟิก,กรุงเทพ,41290201111701E,คณะพยาบาลศาสตร์มิชชั่น,พยาบาลศาสตรบัณฑิต,,,0,15,0,0,0.0000,0.0000
มหาวิทยาลัยหาดใหญ่,วิทยาเขตหลัก,41300100112701A,คณะวิทยาศาตร์และเทคโนโลยี,สาธารณสุขบัณฑิต (ส.บ.) (สาธารณสุข ชุมชน),,สาธารณสุข,0,20,50,20,95.7500,70.0000
มหาวิทยาลัยหาดใหญ่,วิทยาเขตหลัก,41300100112702A,คณะวิทยาศาตร์และเทคโนโลยี,วิทยาศาสตรบัณฑิต (วท.บ.) (อาชีวอนา มัยและความปลอดภัย),,อาชีวอนามัยและความ ปลอดภัย,0,20,18,7,81.7500,57.7500
มหาวิทยาลัยหาดใหญ่,วิทยาเขตหลัก,41300100220101A,คณะวิทยาศาตร์และเทคโนโลยี,วิทยาศาสตรบัณฑิต (วท.บ.) (เทคโนโลียสารสนเทศ),,เทคโนโลยีสารสนเทศ,0,20,4,1,63.7500,63.7500
มหาวิทยาลัยหาดใหญ่,วิทยาเขตหลัก,41300100610201A,คณะบริหารธุรกิจ,บริหารธุรกิจบัณฑิต (บธ.บ.) (การจัดการ),,การจัดการ,0,20,6,2,79.7500,51.0000
มหาวิทยาลัยหาดใหญ่,วิทยาเขตหลัก,41300100610506A,คณะบริหารธุรกิจ,บัญชีบัณฑิต (บช.บ.),,การบัญชี,0,20,7,0,0.0000,0.0000
มหาวิทยาลัยหาดใหญ่,วิทยาเขตหลัก,41300100610602A,คณะบริหารธุรกิจ,บริหารธุรกิจบัณฑิต (บธ.บ.)(การตลาด),,การตลาด,0,20,10,5,89.0000,50.0000
มหาวิทยาลัยหาดใหญ่,วิทยาเขตหลัก,41300100610804A,คณะบริหารธุรกิจ,บริหารธุรกิจบัณฑิต (บธ.บ.) (ผู้ประกอบการฐานนวัตกรรมและการ ออกแบบ),,ผู้ประกอบการฐานนวัตกรรม และการออกแบบ),0,20,4,2,72.0000,61.7500
มหาวิทยาลัยหาดใหญ่,วิทยาเขตหลัก,41300100610808E,วิทยาลัยนานาชาติดิษยศรนิ,บริหารธุรกิจบัณฑิต (บธ.บ.) (การจัดการ ธุรกิจระหวา่ งประเทศ),,การจัดการธุรกิจระหวา่ ง ประเทศ,0,20,2,0,0.0000,0.0000
มหาวิทยาลัยหาดใหญ่,วิทยาเขตหลัก,41300100620105A,คณะบริหารธุรกิจ,บริหารธุรกิจบัณฑิต (บธ.บ.) (การเป็น ผู้ประกอบการท่องเที่ยวและบริการดิจิทัล),,การเป็นผู้ประกอบการการ ท่องเที่ยวและบริการดิจิทัล,0,20,7,0,0.0000,0.0000
มหาวิทยาลัยหาดใหญ่,วิทยาเขตหลัก,41300100620207E,วิทยาลัยนานาชาติดิษยศรนิ,ศิลปศาสตรบัณฑิต (ศศ.บ.)(อุตสาหกรรม การท่องเที่ยว),,อุตสาหกรรมการท่องเที่ยว,0,20,6,0,0.0000,0.0000
มหาวิทยาลัยหาดใหญ่,วิทยาเขตหลัก,41300100700204A,คณะศึกษาศาสตร์และศิลป ศาสตร์,ศึกษาศาสตรบัณฑิต (ศษ.บ.)(การ ประถมศึกษา),,การประถมศึกษา,0,10,101,10,95.7500,90.2500
มหาวิทยาลัยหาดใหญ่,วิทยาเขตหลัก,41300100701207A,คณะศึกษาศาสตร์และศิลป ศาสตร์,ศึกษาศาสตรบัณฑิต(ศษ.บ.)(จิตวิทยาการ แนะแนวและให้คำปรึกษา),,จิตวิทยาการแนะแนวและให้ คำปรึกษา,0,10,45,10,88.0000,73.7500
มหาวิทยาลัยหาดใหญ่,วิทยาเขตหลัก,41300100702001A,คณะศึกษาศาสตร์และศิลป ศาสตร์,ศึกษาศาสตรบัณฑิต (ศษ.บ.) (ภาษาไทย),,ภาษาไทย,0,10,43,10,95.5000,81.5000
มหาวิทยาลัยหาดใหญ่,วิทยาเขตหลัก,41300100702002E,วิทยาลัยนานาชาติดิษยศรนิ,ศึกษาศาสตรบัณฑิต (ศษ.บ.)(ภาษาอังกฤษ),,ภาษาอังกฤษ,0,5,10,4,94.2500,64.2500
มหาวิทยาลัยหาดใหญ่,วิทยาเขตหลัก,41300100702705A,คณะศึกษาศาสตร์และศิลป ศาสตร์,ศึกษาศาสตรบัณฑิต (ศษ.บ.)(สังคมศึกษา),,สังคมศึกษา,0,10,19,10,83.7500,53.2500
มหาวิทยาลัยหาดใหญ่,วิทยาเขตหลัก,41300100703806A,คณะศึกษาศาสตร์และศิลป ศาสตร์,ศึกษาศาสตรบัณฑิต(ศษ.บ.)(วิทยาศาสต์รทั่วไป),,วิทยาศาสตร์ทั่วไป,0,10,12,8,74.2500,64.0000
มหาวิทยาลัยหาดใหญ่,วิทยาเขตหลัก,41300100800201A,คณะศึกษาศาสตร์และศิลป ศาสตร์,ดุริยางคศาสตรบัณฑิต (ดศ.บ.) (ดนตีรสากล),,ดนตรีสากล,0,10,5,0,0.0000,0.0000
มหาวิทยาลัยหาดใหญ่,วิทยาเขตหลัก,41300100900201A,คณะรัฐศาสตร์,รัฐศาสตรบัณฑิต (ร.บ.) (การเมืองการ ปกครอง),,การเมืองการปกครอง,0,10,11,3,80.0000,71.0000
มหาวิทยาลัยหาดใหญ่,วิทยาเขตหลัก,41300100900202A,คณะรัฐศาสตร์,รัฐศาสตรบัณฑิต (ร.บ.)(การบริหารจัดการ ท้องถิ่น),,การบริหารจัดการท้องถิ่น,0,10,10,0,0.0000,0.0000
มหาวิทยาลัยหาดใหญ่,วิทยาเขตหลัก,41300100900801A,คณะนิเทศศาสตร์,ศิลปกรรมศาสตรบัณฑิต (ศป.บ.),,ดิจิทัลมีเดียดีไซน์,0,20,10,2,81.0000,76.7500
มหาวิทยาลัยหาดใหญ่,วิทยาเขตหลัก,41300100901001A,คณะนิติศาสตร์,นิติศาสตรบัณฑิต (น.บ.),,นิติศาสตร์,0,20,15,3,79.0000,52.5000
มหาวิทยาลัยหาดใหญ่,วิทยาเขตหลัก,41300100901101A,คณะนิเทศศาสตร์,นิเทศศาสตรบัณฑิต (นศ.บ.),,การสื่อสารและสื่อดิจิทัล,0,20,6,2,82.7500,69.5000
มหาวิทยาลัยราชภัฏชัยภูมิ,วิทยาเขตหลัก,21420101110404A,คณะศิลปศาสตร์และวิทยาศาสตร์,ส.บ. วิชาเอกการจัดการสุขภาพผู้สูงอายุ,,การจัดการสุขภาพผู้สูงอายุ,0,38,20,8,87.7500,0.0000
มหาวิทยาลัยราชภัฏชัยภูมิ,วิทยาเขตหลัก,21420101112703A,คณะศิลปศาสตร์และวิทยาศาสตร์,ส.บ. วิชาเอกสาธารณสุขศาสตร์,,สาธารณสุขศาสตร์,0,5,107,5,95.2500,89.2500
มหาวิทยาลัยราชภัฏชัยภูมิ,วิทยาเขตหลัก,21420101220201A,คณะศิลปศาสตร์และวิทยาศาสตร์,วท.บ. สาขาวิทยาการคอมพิวเตอร์,,วิทยาการคอมพิวเตอร์,0,19,18,8,97.7500,0.0000
มหาวิทยาลัยราชภัฏชัยภูมิ,วิทยาเขตหลัก,21420101300314A,คณะศิลปศาสตร์และวิทยาศาสตร์,วศ.บ. สาขาวิชาวิศวกรรมการผลิตและ ระบบอัตโนมัติ,,วิศวกรรมการผลิตและระบบ อัตโนมัติ,0,21,5,1,58.2500,58.2500
มหาวิทยาลัยราชภัฏชัยภูมิ,วิทยาเขตหลัก,21420101300713A,คณะศิลปศาสตร์และวิทยาศาสตร์,วศ.บ. สาขาวิชาวิศวกรรมเครื่องกล,,วิศวกรรมเครื่องกล,0,10,8,2,80.0000,68.2500
มหาวิทยาลัยราชภัฏชัยภูมิ,วิทยาเขตหลัก,21420101302415A,คณะศิลปศาสตร์และวิทยาศาสตร์,วศ.บ. สาขาวิชาวิศวกรรมอุตสาหการ และโลจิสติกส์,,วิศวกรรมอุตสาหการและโล จิสติกส์,0,18,18,3,98.5000,79.5000
มหาวิทยาลัยราชภัฏชัยภูมิ,วิทยาเขตหลัก,21420101610809A,คณะศิลปศาสตร์และวิทยาศาสตร์,บธ.บ. สาขาวิชาบริหารธุรกิจ วิชาเอกการ จัดการ,,การจัดการ,0,33,25,7,87.5000,48.5000
มหาวิทยาลัยราชภัฏชัยภูมิ,วิทยาเขตหลัก,21420101610810A,คณะศิลปศาสตร์และวิทยาศาสตร์,บธ.บ. สาขาวิชาบริหารธุรกิจ วิชาเอก ธุรกิจดิจิทัล,,ธุรกิจดิจิทัล,0,23,5,0,0.0000,0.0000
มหาวิทยาลัยราชภัฏชัยภูมิ,วิทยาเขตหลัก,21420101620112A,คณะศิลปศาสตร์และวิทยาศาสตร์,บธ.บ. การเป็นผู้ประกอบการสตาร์ทอัพ ด้านการท่องเที่ยวและโรงแรม,,การเป็นผู้ประกอบการ สตาร์ทอัพด้านการท่องเที่ยว และโรงแรม,0,33,23,12,91.5000,0.0000
มหาวิทยาลัยราชภัฏชัยภูมิ,วิทยาเขตหลัก,21420101800102A,คณะศิลปศาสตร์และวิทยาศาสตร์,ศป.บ. สาขาวิชาศิลปะและนวัตกรรมการ ออกแบบ,,ศิลปะและนวัตกรรมการ ออกแบบ,0,35,12,2,88.7500,0.0000
มหาวิทยาลัยราชภัฏชัยภูมิ,วิทยาเขตหลัก,21420101901007A,คณะศิลปศาสตร์และวิทยาศาสตร์,น.บ. สาขาวิชานิติศาสตร์,,นิติศาสตร์,0,27,37,14,90.7500,33.2500
มหาวิทยาลัยราชภัฏชัยภูมิ,วิทยาเขตหลัก,21420101903105A,คณะศิลปศาสตร์และวิทยาศาสตร์,รป.บ. สาขาวิชารัฐประศาสนศาสตร์,,รัฐประศาสนศาสตร์,0,65,27,10,95.5000,0.0000
มหาวิทยาลัยราชภัฏชัยภูมิ,วิทยาเขตหลัก,21420101903206A,คณะศิลปศาสตร์และวิทยาศาสตร์,ร.บ. สาขาวิชารัฐศาสตร์,,รัฐศาสตร์,0,43,22,7,90.5000,0.0000
มหาวิทยาลัยราชภัฏชัยภูมิ,วิทยาเขตหลัก,21420101903508A,คณะศิลปศาสตร์และวิทยาศาสตร์,ศศ.บ. สาขาวิชาสหวิทยาการเพื่อการ พัฒนาท้องถิ่น,,สหวิทยาการเพื่อการพัฒนา ท้องถิ่น,0,57,8,2,73.0000,71.0000
มหาวิทยาลัยราชภัฏชัยภูมิ,วิทยาเขตหลัก,21420102111701A,คณะพยาบาลศาสตร์,พย.บ. หลักสูตรพยาบาลศาสตรบัณฑิต,,พยาบาลศาสตร์,0,5,862,5,66.7053,62.8468
มหาวิทยาลัยราชภัฏชัยภูมิ,วิทยาเขตหลัก,21420103700212A,คณะครุศาสตร์และการพัฒนา มนุษย์,ค.บ. วิชาเอกการประถมศึกษา,,การประถมศึกษา,0,10,175,10,53.2166,48.6539
มหาวิทยาลัยราชภัฏชัยภูมิ,วิทยาเขตหลัก,21420103700805A,คณะครุศาสตร์และการพัฒนา มนุษย์,ค.บ. วิชาเอกคณิตศาสตร์,,คณิตศาสตร์,0,5,57,5,53.4750,52.5750
มหาวิทยาลัยราชภัฏชัยภูมิ,วิทยาเขตหลัก,21420103700906A,คณะครุศาสตร์และการพัฒนา มนุษย์,ค.บ. วิชาเอกคอมพิวเตอร์ศึกษา,,คอมพิวเตอร์ศึกษา,0,10,10,5,69.0000,0.0000
มหาวิทยาลัยราชภัฏชัยภูมิ,วิทยาเขตหลัก,21420103702008A,คณะครุศาสตร์และการพัฒนา มนุษย์,ค.บ. วิชาเอกภาษาอังกฤษ,,ภาษาอังกฤษ,0,10,47,10,64.1400,57.2400
มหาวิทยาลัยราชภัฏชัยภูมิ,วิทยาเขตหลัก,21420103702410A,คณะครุศาสตร์และการพัฒนา มนุษย์,ค.บ. วิชาเอกวิทยาศาสตร์ทั่วไป,,วิทยาศาสตร์ทั่วไป,0,10,14,9,37.8750,0.0000
มหาวิทยาลัยราชภัฏชัยภูมิ,วิทยาเขตหลัก,21420103702502A,คณะครุศาสตร์และการพัฒนา มนุษย์,ค.บ. วิชาเอกศิลปศึกษา,,ศิลปศึกษา,0,10,2,0,0.0000,0.0000
มหาวิทยาลัยราชภัฏชัยภูมิ,วิทยาเขตหลัก,21420103702711A,คณะครุศาสตร์และการพัฒนา มนุษย์,ค.บ. วิชาเอกสังคมศึกษา,,สังคมศึกษา,0,10,76,10,52.9749,46.4650
มหาวิทยาลัยราชภัฏชัยภูมิ,วิทยาเขตหลัก,21420103703303A,คณะครุศาสตร์และการพัฒนา มนุษย์,ค.บ. วิชาเอกอุตสาหกรรมศิลป์,,อุตสาหกรรมศิลป์,0,10,2,0,0.0000,0.0000
มหาวิทยาลัยราชภัฏชัยภูมิ,วิทยาเขตหลัก,21420103703601A,คณะครุศาสตร์และการพัฒนา มนุษย์,ค.บ. วิชาเอกคหกรรมศาสตร์,,คหกรรมศาสตร์,0,10,3,1,53.0000,53.0000
มหาวิทยาลัยราชภัฏเชียงใหม่,เชียงใหม่,21440101700201A,คณะครุศาสตร์,ครุศาสตรบัณฑิต สาขาวิชาการ ประถมศึกษา,,,0,10,595,10,79.4888,73.5332
มหาวิทยาลัยราชภัฏเชียงใหม่,เชียงใหม่,21440101700601A,คณะครุศาสตร์,ครุศาสตรบัณฑิต สาขาวิชาการศึกษา ปฐมวยั,,,0,6,410,6,73.8108,71.5444
มหาวิทยาลัยราชภัฏเชียงใหม่,เชียงใหม่,21440101700701A,คณะครุศาสตร์,ครุศาสตรบัณฑิต สาขาวิชาการศึกษาพิเศษ,,,0,14,68,14,68.7776,61.9552
มหาวิทยาลัยราชภัฏเชียงใหม่,เชียงใหม่,21440101700801A,คณะครุศาสตร์,ครุศาสตรบัณฑิต สาขาวิชาคณิตศาสตร์,,,0,13,232,13,79.7332,75.8000
มหาวิทยาลัยราชภัฏเชียงใหม่,เชียงใหม่,21440101700901A,คณะครุศาสตร์,ครุศาสตรบัณฑิต สาขาวิชาคอมพิวเตอ์รศึกษา,,,0,41,101,41,73.5776,27.5000
มหาวิทยาลัยราชภัฏเชียงใหม่,เชียงใหม่,21440101701001A,คณะครุศาสตร์,ครุศาสตรบัณฑิต สาขาวิชาเคมี,,,0,26,85,26,73.2108,54.0664
มหาวิทยาลัยราชภัฏเชียงใหม่,เชียงใหม่,21440101701201A,คณะครุศาสตร์,ครุศาสตรบัณฑิต สาขาวิชาจิตวิทยา การศึกษาและการแนะแนว,,,0,17,172,17,76.4220,65.3108
มหาวิทยาลัยราชภัฏเชียงใหม่,เชียงใหม่,21440101701301A,คณะครุศาสตร์,ครุศาสตรบัณฑิต สาขาวิชาชีววิทยา,,,0,39,229,39,72.2444,62.6108
มหาวิทยาลัยราชภัฏเชียงใหม่,เชียงใหม่,21440101701401A,คณะครุศาสตร์,ครุศาสตรบัณฑิต สาขาวิชาเกษตรศาสตร์,,,0,14,34,14,69.2444,27.9444
มหาวิทยาลัยราชภัฏเชียงใหม่,เชียงใหม่,21440101701801A,คณะครุศาสตร์,ครุศาสตรบัณฑิต สาขาวิชาฟิสิกส์,,,0,30,68,17,71.2552,20.7000
มหาวิทยาลัยราชภัฏเชียงใหม่,เชียงใหม่,21440101702001A,คณะครุศาสตร์,ครุศาสตรบัณฑิต สาขาวิชาภาษาจีน,,,0,24,101,24,73.3444,50.1332
มหาวิทยาลัยราชภัฏเชียงใหม่,เชียงใหม่,21440101702002A,คณะครุศาสตร์,ครุศาสตรบัณฑิต สาขาวิชาภาษาไทย,,,0,16,338,16,75.7552,71.6888
มหาวิทยาลัยราชภัฏเชียงใหม่,เชียงใหม่,21440101702003A,คณะครุศาสตร์,ครุศาสตรบัณฑิต สาขาวิชาภาษาอังกฤษ,,,0,11,182,11,78.0776,73.1444
มหาวิทยาลัยราชภัฏเชียงใหม่,เชียงใหม่,21440101702501A,คณะครุศาสตร์,ครุศาสตรบัณฑิต สาขาวิชาดนตรีศึกษา,,,0,8,32,8,66.3444,54.7888
มหาวิทยาลัยราชภัฏเชียงใหม่,เชียงใหม่,21440101702502A,คณะครุศาสตร์,ครุศาสตรบัณฑิต สาขาวิชานาฏศิลป์ศึกษา,,,0,27,28,12,65.6220,25.1444
มหาวิทยาลัยราชภัฏเชียงใหม่,เชียงใหม่,21440101702503A,คณะครุศาสตร์,ครุศาสตรบัณฑิต สาขาวิชาศิลปศึกษา,,,0,26,49,23,68.0444,15.1664
มหาวิทยาลัยราชภัฏเชียงใหม่,เชียงใหม่,21440101702701A,คณะครุศาสตร์,ครุศาสตรบัณฑิต สาขาวิชาสังคมศึกษา,,,0,13,260,13,77.2108,70.9108
มหาวิทยาลัยราชภัฏเชียงใหม่,เชียงใหม่,21440101702801A,คณะครุศาสตร์,ครุศาสตรบัณฑิต สาขาวิชาพลศึกษา,,,0,6,238,6,71.4664,69.4888
มหาวิทยาลัยราชภัฏเชียงใหม่,เชียงใหม่,21440101703301A,คณะครุศาสตร์,ครุศาสตรบัณฑิต สาขาวิชาอุตสาหกรรม ศิลป์,,,0,16,18,6,67.4888,0.0000
มหาวิทยาลัยราชภัฏเชียงใหม่,เชียงใหม่,21440101703801A,คณะครุศาสตร์,ครุศาสตรบัณฑิต สาขาวิชาวิทยาศาสต์รทั่วไป,,,0,39,214,39,71.9888,64.5444
มหาวิทยาลัยราชภัฏเชียงใหม่,เชียงใหม่,21440101900701A,คณะครุศาสตร์,ศิลปศาสตรบัณฑิต สาขาวิชาจิตวิทยา,,จิตวิทยาการปรึกษาและการ แนะแนว,0,25,122,25,97.9500,85.3000
มหาวิทยาลัยราชภัฏเชียงใหม่,เชียงใหม่,21440101900701A,คณะครุศาสตร์,ศิลปศาสตรบัณฑิต สาขาวิชาจิตวิทยา,,จิตวิทยาองค์การ,0,35,71,34,99.7000,37.2000
มหาวิทยาลัยราชภัฏเชียงใหม่,เชียงใหม่,21440102620101A,คณะมนุษยศาสตร์และ สังคมศษสตร์,ศิลปศาสตรบัณฑิต สาขาวิชาการท่องเที่ยว,,,0,55,287,55,98.9000,88.2000
มหาวิทยาลัยราชภัฏเชียงใหม่,เชียงใหม่,21440102800101A,คณะมนุษยศาสตร์และ สังคมศษสตร์,ศิลปกรรมศาสตรบัณฑิต สาขาวิชาศิลปะ และการออกแบบ,,,0,25,100,25,98.1500,64.4000
มหาวิทยาลัยราชภัฏเชียงใหม่,เชียงใหม่,21440102800201A,คณะมนุษยศาสตร์และ สังคมศษสตร์,ศิลปกรรมศาสตรบัณฑิต สาขาวิชาดนตีรสากล,,,0,6,34,6,99.0000,94.6000
มหาวิทยาลัยราชภัฏเชียงใหม่,เชียงใหม่,21440102800401A,คณะมนุษยศาสตร์และ สังคมศษสตร์,ศิลปกรรมศาสตรบัณฑิต สาขาวิชา ศิลปะการแสดง,,,0,35,68,28,99.7500,8.0000
มหาวิทยาลัยราชภัฏเชียงใหม่,เชียงใหม่,21440102901001A,คณะมนุษยศาสตร์และ สังคมศษสตร์,นิติศาสตรบัณฑิต สาขาวิชานิติศาสตร์,,,0,40,263,41,97.9500,91.6500
มหาวิทยาลัยราชภัฏเชียงใหม่,เชียงใหม่,21440102901201A,คณะมนุษยศาสตร์และ สังคมศษสตร์,ศิลปศาสตรบัณฑิต สาขาวิชาสารสนเทศ ศาสตร์,,,0,55,37,10,86.7000,20.7500
มหาวิทยาลัยราชภัฏเชียงใหม่,เชียงใหม่,21440102901701A,คณะมนุษยศาสตร์และ สังคมศษสตร์,ศิลปศาสตรบัณฑิต สาขาวิชาภาษาเกาหลี,,,0,70,55,19,98.4500,53.2000
มหาวิทยาลัยราชภัฏเชียงใหม่,เชียงใหม่,21440102901801A,คณะมนุษยศาสตร์และ สังคมศษสตร์,ศิลปศาสตรบัณฑิต สาขาวิชาภาษาจีน,,,0,8,171,8,99.4500,97.8500
มหาวิทยาลัยราชภัฏเชียงใหม่,เชียงใหม่,21440102901901A,คณะมนุษยศาสตร์และ สังคมศษสตร์,ศิลปศาสตรบัณฑิต สาขาวิชาภาษาญี่ปุ่น,,,0,45,73,32,98.8000,19.2500
มหาวิทยาลัยราชภัฏเชียงใหม่,เชียงใหม่,21440102902001A,คณะมนุษยศาสตร์และ สังคมศษสตร์,ศิลปศาสตรบัณฑิต สาขาวิชาภาษาไทย,,,0,25,82,25,98.4500,71.1500
มหาวิทยาลัยราชภัฏเชียงใหม่,เชียงใหม่,21440102902501A,คณะมนุษยศาสตร์และ สังคมศษสตร์,ศิลปศาสตรบัณฑิต สาขาวิชาภาษาอังกฤษ,,,0,25,212,25,99.7000,96.3000
มหาวิทยาลัยราชภัฏเชียงใหม่,เชียงใหม่,21440102902502A,คณะมนุษยศาสตร์และ สังคมศษสตร์,ศิลปศาสตรบัณฑิต สาขาวิชาภาษาอังกฤษ เพื่อธุรกิจบริการ,,,0,40,110,40,98.4000,69.4000
มหาวิทยาลัยราชภัฏเชียงใหม่,เชียงใหม่,21440102903001A,คณะมนุษยศาสตร์และ สังคมศษสตร์,วิทยาศาสตรบัณฑิต สาขาวิชาภูมิศาสต์รและภูมิสารสนเทศ,,,0,50,37,7,96.6500,36.6500
มหาวิทยาลัยราชภัฏเชียงใหม่,เชียงใหม่,21440102903101A,คณะมนุษยศาสตร์และ สังคมศษสตร์,รัฐประศาสนศาสตรบัณฑิต สาขาวิชารัฐประศาสนศาสตร์,,,0,20,193,22,97.9000,94.3500
มหาวิทยาลัยราชภัฏเชียงใหม่,เชียงใหม่,21440102904001A,คณะมนุษยศาสตร์และ สังคมศษสตร์,ศิลปศาสตรบัณฑิต สาขาวิชา ประวัติศาสตร์และมรดกวัฒนธรรม,,,0,50,55,16,98.7000,8.0000
มหาวิทยาลัยราชภัฏเชียงใหม่,เชียงใหม่,21440102904201A,คณะมนุษยศาสตร์และ สังคมศษสตร์,ศิลปศาสตรบัณฑิต สาขาวิชาการพัฒนา ชุมชน,,,0,55,156,55,97.9000,57.8000
มหาวิทยาลัยราชภัฏเชียงใหม่,เชียงใหม่,21440103112702A,คณะวิทยาศาสตร์และเทคโนโลยี,วิทยาศาสตรบัณฑิต สาขาวิชาอาชีวอนา มัยและความปลอดภัย,,,0,20,230,20,99.5000,95.3500
มหาวิทยาลัยราชภัฏเชียงใหม่,เชียงใหม่,21440103210301A,คณะวิทยาศาสตร์และเทคโนโลยี,วิทยาศาสตรบัณฑิต สาขาวิชาคณิตศาสตร์,,,0,40,14,7,99.6500,53.0500
มหาวิทยาลัยราชภัฏเชียงใหม่,เชียงใหม่,21440103210401A,คณะวิทยาศาสตร์และเทคโนโลยี,วิทยาศาสตรบัณฑิต สาขาวิชาเคมี,,,0,45,24,10,95.7000,40.7000
มหาวิทยาลัยราชภัฏเชียงใหม่,เชียงใหม่,21440103210701A,คณะวิทยาศาสตร์และเทคโนโลยี,วิทยาศาสตรบัณฑิต สาขาวิชาชีววิทยา,,,0,45,45,19,99.1500,31.3500
มหาวิทยาลัยราชภัฏเชียงใหม่,เชียงใหม่,21440103211701A,คณะวิทยาศาสตร์และเทคโนโลยี,วิทยาศาสตรบัณฑิต สาขาวิชาเทคโนโลยีวิ ศกรรมการก่อสรา้ ง,,,0,35,59,26,96.4000,24.0000
มหาวิทยาลัยราชภัฏเชียงใหม่,เชียงใหม่,21440103212101A,คณะวิทยาศาสตร์และเทคโนโลยี,เทคโนโลยีบัณฑิต สาขาวิชาเทคโนโลียอุตสาหกรรม,,,0,40,28,7,97.5000,46.0500
มหาวิทยาลัยราชภัฏเชียงใหม่,เชียงใหม่,21440103213101A,คณะวิทยาศาสตร์และเทคโนโลยี,วิทยาศาสตรบัณฑิต สาขาวิชา วิทยาศาสตร์สิ่งแวดล้อม,,,0,45,26,5,97.7000,62.1000
มหาวิทยาลัยราชภัฏเชียงใหม่,เชียงใหม่,21440103213301A,คณะวิทยาศาสตร์และเทคโนโลยี,วิทยาศาสตรบัณฑิต สาขาวิชาวิทยาการ ข้อมูลเชิงสถิติ,,,0,45,2,0,0.0000,0.0000
มหาวิทยาลัยราชภัฏเชียงใหม่,เชียงใหม่,21440103220101A,คณะวิทยาศาสตร์และเทคโนโลยี,วิทยาศาสตรบัณฑิต สาขาวิชาเทคโนโลียคอมพิวเตอร์และดิจิทัล,,,0,25,48,15,95.5000,27.5500
มหาวิทยาลัยราชภัฏเชียงใหม่,เชียงใหม่,21440103220102A,คณะวิทยาศาสตร์และเทคโนโลยี,วิทยาศาสตรบัณฑิต สาขาวิชาเทคโนโลียสารสนเทศ,,,0,40,34,10,97.7000,28.9500
มหาวิทยาลัยราชภัฏเชียงใหม่,เชียงใหม่,21440103220201A,คณะวิทยาศาสตร์และเทคโนโลยี,วิทยาศาสตรบัณฑิต สาขาวิชาวิทยาการ คอมพิวเตอร์,,,0,60,86,36,######,19.3500
มหาวิทยาลัยราชภัฏเชียงใหม่,เชียงใหม่,21440103302101A,คณะวิทยาศาสตร์และเทคโนโลยี,วิศวกรรมศาสตรบัณฑิต สาขาวิชา วิศวกรรมโยธา,,,0,29,3,1,21.0000,21.0000
มหาวิทยาลัยราชภัฏเชียงใหม่,เชียงใหม่,21440103400501A,คณะวิทยาศาสตร์และเทคโนโลยี,วิทยาศาสตรบัณฑิต สาขาวิชาเทคโนโลียสถาปัตยกรรม,,,0,25,55,25,97.4500,24.7000
มหาวิทยาลัยราชภัฏเชียงใหม่,เชียงใหม่,21440103500301A,คณะวิทยาศาสตร์และเทคโนโลยี,วิทยาศาสตรบัณฑิต สาขาวิชาคหกรรม ศาสตร์,,การออกแบบแฟชั่นและสิ่งทอ,0,25,28,8,94.7500,32.0000
มหาวิทยาลัยราชภัฏเชียงใหม่,เชียงใหม่,21440103500301A,คณะวิทยาศาสตร์และเทคโนโลยี,วิทยาศาสตรบัณฑิต สาขาวิชาคหกรรม ศาสตร์,,อาหารและโภชนาการ,0,35,64,25,98.3500,25.9000
มหาวิทยาลัยราชภัฏเชียงใหม่,เชียงใหม่,21440103800101A,คณะวิทยาศาสตร์และเทคโนโลยี,วิทยาศาสตรบัณฑิต สาขาวิชาการ ออกแบบผลิตภัณฑ์,,,0,15,33,5,92.2500,20.7000
มหาวิทยาลัยราชภัฏเชียงใหม่,เชียงใหม่,21440104610201A,คณะวิทยาการจัดการ,บริหารธุรกิจบัณฑิต สาขาวิชาการจัดการ,,,0,35,197,35,99.6000,89.3000
มหาวิทยาลัยราชภัฏเชียงใหม่,เชียงใหม่,21440104610401A,คณะวิทยาการจัดการ,บริหารธุรกิจบัณฑิต สาขาวิชาการจัดการ ทรัพยากรมนุษย์,,,0,45,77,22,96.4000,32.6500
มหาวิทยาลัยราชภัฏเชียงใหม่,เชียงใหม่,21440104610501A,คณะวิทยาการจัดการ,บัญชีบัญฑิต การบัญชี,,,0,20,251,20,99.4500,95.3500
มหาวิทยาลัยราชภัฏเชียงใหม่,เชียงใหม่,21440104610601A,คณะวิทยาการจัดการ,บริหารธุรกิจบัณฑิต สาขาวิชาการตลาด,,,0,85,244,85,98.8000,58.0000
มหาวิทยาลัยราชภัฏเชียงใหม่,เชียงใหม่,21440104610701A,คณะวิทยาการจัดการ,บริหารธุรกิจบัณฑิต สาขาวิชาธุรกิจดิจิทัล,,พาณิชย์ดิจิทัล,0,25,51,17,97.9000,27.9500
มหาวิทยาลัยราชภัฏเชียงใหม่,เชียงใหม่,21440104610701A,คณะวิทยาการจัดการ,บริหารธุรกิจบัณฑิต สาขาวิชาธุรกิจดิจิทัล,,เทคโนโลยีธุรกิจดิจิทัล,0,35,70,22,98.9500,20.1000
มหาวิทยาลัยราชภัฏเชียงใหม่,เชียงใหม่,21440104610801A,คณะวิทยาการจัดการ,บริหารธุรกิจบัณฑิต สาขาวิชาการเป็น ผู้ประกอบการ,,,0,90,170,64,98.2500,18.9000
มหาวิทยาลัยราชภัฏเชียงใหม่,เชียงใหม่,21440104610802A,คณะวิทยาการจัดการ,บริหารธุรกิจบัณฑิต สาขาวิชาธุรกิจ ระหวา่ งประเทศ,,,0,35,123,35,98.0000,55.6500
มหาวิทยาลัยราชภัฏเชียงใหม่,เชียงใหม่,21440104611101A,คณะวิทยาการจัดการ,เศรษฐศาสตรบัณฑิต สาขาวิชา เศรษฐศาสตร์,,,0,35,84,35,95.9000,42.8000
มหาวิทยาลัยราชภัฏเชียงใหม่,เชียงใหม่,21440104901101A,คณะวิทยาการจัดการ,นิเทศศาสตรบัณฑิต สาขาวิชานิเทศศาสตร์,,,0,65,352,65,99.1500,85.6500
มหาวิทยาลัยราชภัฏเชียงใหม่,เชียงใหม่,21440105211001A,คณะเทคโนโลยีการเกษตร,วิทยาศาสตรบัณฑิต สาขาวิชา วิทยาศาสตร์และเทคโนโลยีการอาหาร,,,0,35,33,11,97.1000,54.2000
มหาวิทยาลัยราชภัฏเชียงใหม่,เชียงใหม่,21440105500201A,คณะเทคโนโลยีการเกษตร,วิทยาศาสตรบัณฑิต สาขาวิชา เกษตรศาสตร์,,,0,35,21,4,94.2500,80.0000
มหาวิทยาลัยราชภัฏเชียงใหม่,เชียงใหม่,21440105501201A,คณะเทคโนโลยีการเกษตร,วิทยาศาสตรบัณฑิต สาขาวิชาสัตวศาสตร์,,,0,30,77,30,99.1500,43.2500
มหาวิทยาลัยราชภัฏเชียงใหม่,เชียงใหม่,21440107610301E,วิทยาลัยนานาชาติ,บริหารธุรกิจบัณฑิต สาขาวิชาการจัดการ ธุรกิจนานาชาติ (หลักสูตรนานาชาต)ิ,,,0,85,31,11,96.3000,35.7500
มหาวิทยาลัยราชภัฏเชียงใหม่,เชียงใหม่,21440107620201E,วิทยาลัยนานาชาติ,บริหารธุรกิจบัณฑิต สาขาวิชาการจัดการ ธุรกิจการบิน (หลักสูตรนานาชาต)ิ,,,0,70,109,54,98.2500,21.6000
มหาวิทยาลัยราชภัฏเชียงใหม่,เชียงใหม่,21440107901801E,วิทยาลัยนานาชาติ,ศิลปศาสตรบัณฑิต สาขาวิชาภาษาจีน ธุรกิจ (หลักสูตรนานาชาต)ิ,,,0,80,90,62,98.3500,35.2500
มหาวิทยาลัยราชภัฏเชียงใหม่,เชียงใหม่,21440107902001E,วิทยาลัยนานาชาติ,ศิลปศาสตรบัณฑิต สาขาวิชาภาษาไทย เพื่อการสื่อสารทางธุรกิจ (หลักสูตร นานาชาติ),,,0,44,8,1,88.2000,88.2000
มหาวิทยาลัยราชภัฏเชียงใหม่,เชียงใหม่,21440107902501E,วิทยาลัยนานาชาติ,ศิลปศาสตรบัณฑิต สาขาวิชาภาษาอังกฤษ เพื่อการสื่อสารระหวา่ งประเทศ (หลักสูตร นานาชาติ),,,0,110,74,36,99.0000,22.3500
มหาวิทยาลัยราชภัฏเชียงใหม่,แม่ฮ่องสอน,21440206112701A,วิทยาลัยแม่ฮ่องสอน,สาธารณสุขศาสตรบัณฑิต สาขาวิชา สาธารณสุขชุมชน,,,0,30,111,30,99.3500,86.9500
มหาวิทยาลัยราชภัฏเชียงใหม่,แม่ฮ่องสอน,21440206610201A,วิทยาลัยแม่ฮ่องสอน,บริหารธุรกิจบัณฑิต สาขาวิชาการจัดการ,,,0,55,8,2,94.5000,90.7500
มหาวิทยาลัยราชภัฏเชียงใหม่,แม่ฮ่องสอน,21440206620101A,วิทยาลัยแม่ฮ่องสอน,ศิลปศาสตรบัณฑิต สาขาวิชาการ ท่องเที่ยวและการโรงแรม,,,0,55,9,2,66.6500,64.0000
มหาวิทยาลัยราชภัฏเชียงใหม่,แม่ฮ่องสอน,21440206700201A,วิทยาลัยแม่ฮ่องสอน,ครุศาสตรบัณฑิต สาขาวิชาการ ประถมศึกษา,,,0,6,78,6,68.6000,66.1220
มหาวิทยาลัยราชภัฏเชียงใหม่,แม่ฮ่องสอน,21440206700601A,วิทยาลัยแม่ฮ่องสอน,ครุศาสตรบัณฑิต สาขาวิชาการศึกษา ปฐมวยั,,,0,24,69,24,70.0332,57.5888
มหาวิทยาลัยราชภัฏเชียงใหม่,แม่ฮ่องสอน,21440206700901A,วิทยาลัยแม่ฮ่องสอน,ครุศาสตรบัณฑิต สาขาวิชาคอมพิวเตอร์,,,0,28,8,5,73.7000,0.0000
มหาวิทยาลัยราชภัฏเชียงใหม่,แม่ฮ่องสอน,21440206702003A,วิทยาลัยแม่ฮ่องสอน,ครุศาสตรบัณฑิต สาขาวิชาภาษาอังกฤษ,,,0,24,15,5,65.5220,0.0000
มหาวิทยาลัยราชภัฏธนบุรี,กรุงเทพฯ,21460101700801A,คณะครุศาสตร์,ครุศาสตรบัณฑิต สาขาวิชาคณิตศาสตร์,,,0,32,127,32,76.0666,67.5916
มหาวิทยาลัยราชภัฏธนบุรี,กรุงเทพฯ,21460101700901A,คณะครุศาสตร์,ครุศาสตรบัณฑิต สาขาวิชาคอมพิวเตอ์รศึกษา,,,0,27,21,7,57.9915,24.7664
มหาวิทยาลัยราชภัฏธนบุรี,กรุงเทพฯ,21460101702001A,คณะครุศาสตร์,ครุศาสตรบัณฑิต สาขาวิชาภาษาอังกฤษ,,,0,48,20,9,71.4153,60.0609
มหาวิทยาลัยราชภัฏธนบุรี,กรุงเทพฯ,21460101703801A,คณะครุศาสตร์,ครุศาสตรบัณฑิต สาขาวิชาวิทยาศาสต์รทั่วไป,,,0,54,41,13,71.1083,49.7666
มหาวิทยาลัยราชภัฏธนบุรี,กรุงเทพฯ,21460102400101A,คณะมนุษยศาสตร์และสังคมศาสตร์,ศิลปกรรมศาสตรบัณฑิต สาขาวิชา ออกแบบนิเทศศิลป์และออกแบบดิจิทัล,,,0,3,61,3,92.0000,88.5000
มหาวิทยาลัยราชภัฏธนบุรี,กรุงเทพฯ,21460102800301A,คณะมนุษยศาสตร์และสังคมศาสตร์,ศิลปกรรมศาสตรบัณฑิต สาขาวิชา ออกแบบทัศนศิลป์,,สตรีทอาร์ตและการออกแบบ เชิงบูรณาการ,0,30,17,3,74.0000,37.5000
มหาวิทยาลัยราชภัฏธนบุรี,กรุงเทพฯ,21460102901801A,คณะมนุษยศาสตร์และสังคมศาสตร์,ศิลปศาสตรบัณฑิต สาขาวิชาภาษาจีนเพือ การสื่อสาร,,,0,26,35,12,89.0000,51.0000
มหาวิทยาลัยราชภัฏธนบุรี,กรุงเทพฯ,21460103610301A,คณะวิทยาการจัดการ,บริหารธุรกิจบัณฑิต สาขาวิชาการจัดการ งานบริการสถานพยาบาล,,,0,20,36,17,98.0000,0.0000
มหาวิทยาลัยราชภัฏธนบุรี,กรุงเทพฯ,21460103610501A,คณะวิทยาการจัดการ,บัญชีบัณฑิต,,,0,20,79,20,92.0000,60.2500
มหาวิทยาลัยราชภัฏธนบุรี,กรุงเทพฯ,21460103610701A,คณะวิทยาการจัดการ,บริหารธุรกิจบัณฑิต สาขาวิชาเทคโนโลียดิจิทัลทางธุรกิจ,,,0,30,27,5,70.2500,0.0000
มหาวิทยาลัยราชภัฏธนบุรี,กรุงเทพฯ,21460103620101A,คณะวิทยาการจัดการ,ศิลปศาสตรบัณฑิต สาขาวิชาอุตสาหกรรม บริการ,,การจัดการโรงแรมและ ภัตตาคาร,0,20,55,9,84.7500,54.0000
มหาวิทยาลัยราชภัฏธนบุรี,กรุงเทพฯ,21460103620201A,คณะวิทยาการจัดการ,ศิลปศาสตรบัณฑิต สาขาวิชาอุตสาหกรรม บริการ,,อุตสาหกรรมท่องเที่ยวและ ธุรกิจการบิน,0,20,32,5,85.0000,0.0000
มหาวิทยาลัยราชภัฏธนบุรี,กรุงเทพฯ,21460104211001A,คณะวิทยาศาสตร์และเทคโนโลยี,วิทยาศาสตรบัณฑิต สาขาวิชา อุตสาหกรรมอาหาร,,,0,20,19,5,77.0000,0.0000
มหาวิทยาลัยราชภัฏธนบุรี,กรุงเทพฯ,21460104211501A,คณะวิทยาศาสตร์และเทคโนโลยี,วิทยาศาสตรบัณฑิต สาขาวิชาเทคโนโลียไฟฟ้า,,,0,20,5,1,65.7500,65.7500
มหาวิทยาลัยราชภัฏธนบุรี,กรุงเทพฯ,21460104220101A,คณะวิทยาศาสตร์และเทคโนโลยี,วิทยาศาสตรบัณฑิต สาขาวิชาเทคโนโลียดิจิทัล,,,0,30,21,1,84.5000,84.5000
มหาวิทยาลัยราชภัฏธนบุรี,กรุงเทพฯ,21460104220201A,คณะวิทยาศาสตร์และเทคโนโลยี,วิทยาศาสตรบัณฑิต สาขาวิชาวิทยาการ คอมพิวเตอร์,,,0,40,53,12,93.5000,53.2500
มหาวิทยาลัยราชภัฏธนบุรี,กรุงเทพฯ,21460104302201A,คณะวิทยาศาสตร์และเทคโนโลยี,วิศวกรรมศาสตรบัณฑิต สาขาวิศวกรรม การจัดการระบบราง,,,0,10,9,1,73.5000,73.5000
มหาวิทยาลัยราชภัฏธนบุรี,กรุงเทพฯ,21460104500301A,คณะวิทยาศาสตร์และเทคโนโลยี,วิทยาศาสตรบัณฑิต สาขาวิชาคหกรรม ศาสตร์,,,0,20,12,4,85.5000,60.7500
มหาวิทยาลัยราชภัฏธนบุรี,สมุทรปราการ,21460201700601A,คณะครุศาสตร์,ครุศาสตรบัณฑิต สาขาวิชาการศึกษา ปฐมวยั,,,0,18,175,18,76.1888,69.2500
มหาวิทยาลัยราชภัฏธนบุรี,สมุทรปราการ,21460201700901A,คณะครุศาสตร์,ครุศาสตรบัณฑิต สาขาวิชาคอมพิวเตอ์รศึกษา,,,0,27,6,2,40.2164,24.7331
มหาวิทยาลัยราชภัฏธนบุรี,สมุทรปราการ,21460202400101A,คณะมนุษยศาสตร์และสังคมศาสตร์,ศิลปกรรมศาสตรบัณฑิต สาขาวิชา ออกแบบนิเทศศิลป์และออกแบบดิจิทัล,,,0,3,20,2,81.0000,56.7500
มหาวิทยาลัยราชภัฏธนบุรี,สมุทรปราการ,21460202800301A,คณะมนุษยศาสตร์และสังคมศาสตร์,ศิลปกรรมศาสตรบัณฑิต สาขาวิชา ออกแบบทัศนศิลป์,,สตรีทอาร์ตและการออกแบบ เชิงบูรณาการ,0,30,7,1,77.2500,77.2500
มหาวิทยาลัยราชภัฏธนบุรี,สมุทรปราการ,21460202901801A,คณะมนุษยศาสตร์และสังคมศาสตร์,ศิลปศาสตรบัณฑิต สาขาวิชาภาษาจีนเพือ การสื่อสาร,,,0,26,12,7,99.5000,80.8750
มหาวิทยาลัยราชภัฏธนบุรี,สมุทรปราการ,21460203610301A,คณะวิทยาการจัดการ,บริหารธุรกิจบัณฑิต สาขาวิชาการจัดการ งานบริการสถานพยาบาล,,,0,20,17,8,85.0000,50.7500
มหาวิทยาลัยราชภัฏธนบุรี,สมุทรปราการ,21460203610501A,คณะวิทยาการจัดการ,บัญชีบัณฑิต,,,0,20,23,5,93.2500,85.0000
มหาวิทยาลัยราชภัฏธนบุรี,สมุทรปราการ,21460203610701A,คณะวิทยาการจัดการ,บริหารธุรกิจบัณฑิต สาขาวิชาเทคโนโลียดิจิทัลทางธุรกิจ,,,0,30,17,0,0.0000,0.0000
มหาวิทยาลัยราชภัฏธนบุรี,สมุทรปราการ,21460203620101A,คณะวิทยาการจัดการ,ศิลปศาสตรบัณฑิต สาขาวิชาอุตสาหกรรม บริการ,,การจัดการโรงแรมและ ภัตตาคาร,0,20,28,7,92.7500,66.5000
มหาวิทยาลัยราชภัฏธนบุรี,สมุทรปราการ,21460203620201A,คณะวิทยาการจัดการ,ศิลปศาสตรบัณฑิต สาขาวิชาอุตสาหกรรม บริการ,,อุตสาหกรรมท่องเที่ยวและ ธุรกิจการบิน,0,20,9,3,81.5000,45.5000
มหาวิทยาลัยราชภัฏธนบุรี,สมุทรปราการ,21460204211001A,คณะวิทยาศาสตร์และเทคโนโลยี,วิทยาศาสตรบัณฑิต สาขาวิชา อุตสาหกรรมอาหาร,,,0,20,7,1,92.2500,92.2500
มหาวิทยาลัยราชภัฏธนบุรี,สมุทรปราการ,21460204211501A,คณะวิทยาศาสตร์และเทคโนโลยี,วิทยาศาสตรบัณฑิต สาขาวิชาเทคโนโลียไฟฟ้า,,,0,20,4,0,0.0000,0.0000
มหาวิทยาลัยราชภัฏธนบุรี,สมุทรปราการ,21460204220101A,คณะวิทยาศาสตร์และเทคโนโลยี,วิทยาศาสตรบัณฑิต สาขาวิชาเทคโนโลียดิจิทัล,,,0,30,11,4,89.7500,74.5000
มหาวิทยาลัยราชภัฏธนบุรี,สมุทรปราการ,21460204220201A,คณะวิทยาศาสตร์และเทคโนโลยี,วิทยาศาสตรบัณฑิต สาขาวิชาวิทยาการ คอมพิวเตอร์,,,0,40,22,8,92.0000,0.0000
มหาวิทยาลัยราชภัฏธนบุรี,สมุทรปราการ,21460204302201A,คณะวิทยาศาสตร์และเทคโนโลยี,วิศวกรรมศาสตรบัณฑิต สาขาวิศวกรรม การจัดการระบบราง,,,0,10,5,1,74.2500,74.2500
มหาวิทยาลัยราชภัฏธนบุรี,สมุทรปราการ,21460204500301A,คณะวิทยาศาสตร์และเทคโนโลยี,วิทยาศาสตรบัณฑิต สาขาวิชาคหกรรม ศาสตร์,,,0,20,5,0,0.0000,0.0000
มหาวิทยาลัยราชภัฏนครราชสีมา,หลัก,21480101700201A,คณะครุศาสตร์,หลักสูตรครุศาสตรบัณฑิต (การ ประถมศึกษา),,,0,7,365,7,61.7716,57.0250
มหาวิทยาลัยราชภัฏนครราชสีมา,หลัก,21480101700601A,คณะครุศาสตร์,หลักสูตรครุศาสตรบัณฑิต (การศึกษา ปฐมวัย),,,0,5,308,5,65.6400,61.2350
มหาวิทยาลัยราชภัฏนครราชสีมา,หลัก,21480101700701A,คณะครุศาสตร์,หลักสูตรครุศาสตรบัณฑิต (การศึกษา พิเศษ),,,0,20,44,20,59.0430,40.2500
มหาวิทยาลัยราชภัฏนครราชสีมา,หลัก,21480101700801A,คณะครุศาสตร์,หลักสูตรครุศาสตรบัณฑิต (คณิตศาสตร)์,,,0,25,267,25,51.9525,40.0066
มหาวิทยาลัยราชภัฏนครราชสีมา,หลัก,21480101700901A,คณะครุศาสตร์,หลักสูตรครุศาสตรบัณฑิต (คอมพิวเตอ์รศึกษา),,,0,16,123,16,60.5750,49.1250
มหาวิทยาลัยราชภัฏนครราชสีมา,หลัก,21480101701001A,คณะครุศาสตร์,หลักสูตรครุศาสตรบัณฑิต (เคม)ี,,,0,10,77,10,46.9526,42.3832
มหาวิทยาลัยราชภัฏนครราชสีมา,หลัก,21480101701201A,คณะครุศาสตร์,หลักสูตรครุศาสตรบัณฑิต (จิตวิทยาการ ปรึกษาและการแนะแนว),,,0,4,139,4,63.3250,60.9925
มหาวิทยาลัยราชภัฏนครราชสีมา,หลัก,21480101701301A,คณะครุศาสตร์,หลักสูตรครุศาสตรบัณฑิต (ชีววิทยา),,,0,2,115,2,77.5300,75.4600
มหาวิทยาลัยราชภัฏนครราชสีมา,หลัก,21480101701501A,คณะครุศาสตร์,หลักสูตรครุศาสตรบัณฑิต (เทคโนโลยีและ สื่อสารการศึกษา),,,0,0,4,0,0.0000,0.0000
มหาวิทยาลัยราชภัฏนครราชสีมา,หลัก,21480101701801A,คณะครุศาสตร์,หลักสูตรครุศาสตรบัณฑิต (ฟิสิกส์),,,0,14,81,15,65.2000,46.1000
มหาวิทยาลัยราชภัฏนครราชสีมา,หลัก,21480101702001A,คณะครุศาสตร์,หลักสูตรครุศาสตรบัณฑิต (ภาษาไทย),,,0,5,192,5,67.3250,64.6000
มหาวิทยาลัยราชภัฏนครราชสีมา,หลัก,21480101702003A,คณะครุศาสตร์,หลักสูตรครุศาสตรบัณฑิต (ภาษาจีน),,,0,10,83,10,65.3500,55.1000
มหาวิทยาลัยราชภัฏนครราชสีมา,หลัก,21480101702401A,คณะครุศาสตร์,หลักสูตรครุศาสตรบัณฑิต (วิทยาศาสต์รทั่วไป),,,0,6,85,6,61.0100,59.6000
มหาวิทยาลัยราชภัฏนครราชสีมา,หลัก,21480101702501A,คณะครุศาสตร์,หลักสูตรครุศาสตรบัณฑิต (ศิลปศึกษา),,,0,5,47,5,70.7000,63.2500
มหาวิทยาลัยราชภัฏนครราชสีมา,หลัก,21480101702502A,คณะครุศาสตร์,หลักสูตรครุศาสตรบัณฑิต (นาฏศิลป์ไทย),,,0,15,26,15,57.5500,19.7250
มหาวิทยาลัยราชภัฏนครราชสีมา,หลัก,21480101702505A,คณะครุศาสตร์,หลักสูตรครุศาสตรบัณฑิต (ดนตรีศึกษา),,,0,5,22,5,67.1825,48.7944
มหาวิทยาลัยราชภัฏนครราชสีมา,หลัก,21480101702701A,คณะครุศาสตร์,หลักสูตรครุศาสตรบัณฑิต (สังคมศึกษา),,,0,10,279,10,76.8500,73.0500
มหาวิทยาลัยราชภัฏนครราชสีมา,หลัก,21480101702702A,คณะครุศาสตร์,หลักสูตรครุศาสตรบัณฑิต (พระพุทธศาสนา),,,0,11,69,11,66.0000,57.9000
มหาวิทยาลัยราชภัฏนครราชสีมา,หลัก,21480101703301A,คณะครุศาสตร์,หลักสูตรครุศาสตร์อุตสาหกรรมบัณฑิต (อุตสาหกรรมศิลป)์,,วิชาเอกโยธาและการก่อสรา้ ง,0,5,40,5,85.0000,76.4000
มหาวิทยาลัยราชภัฏนครราชสีมา,หลัก,21480101703302A,คณะครุศาสตร์,หลักสูตรครุศาสตร์อุตสาหกรรมบัณฑิต (อุตสาหกรรมศิลป)์,,วิชาเอกไฟฟ้า,0,16,25,14,92.2000,47.6000
มหาวิทยาลัยราชภัฏนครราชสีมา,หลัก,21480101703303A,คณะครุศาสตร์,หลักสูตรครุศาสตร์อุตสาหกรรมบัณฑิต (อุตสาหกรรมศิลป)์,,วิชาเอกหัตถศิลป์,0,17,18,10,83.0000,57.0000
มหาวิทยาลัยราชภัฏนครราชสีมา,หลัก,21480102800101A,คณะมนุษยศาสตร์และสังคมศาสตร์,หลักสูตรศิลปกรรมศาสตรบัณฑิต (ออกแบบนิเทศศิลป์),,,0,5,66,5,95.2500,87.0000
มหาวิทยาลัยราชภัฏนครราชสีมา,หลัก,21480102800301A,คณะมนุษยศาสตร์และสังคมศาสตร์,หลักสูตรศิลปกรรมศาสตรบัณฑิต (ทัศนศิลป์),,,0,24,13,10,43.1860,16.0500
มหาวิทยาลัยราชภัฏนครราชสีมา,หลัก,21480102901001A,คณะมนุษยศาสตร์และสังคมศาสตร์,หลักสูตรนิติศาสตรบัณฑิต (นิติศาสตร)์,,,0,25,117,25,76.7500,59.0000
มหาวิทยาลัยราชภัฏนครราชสีมา,หลัก,21480102901201A,คณะมนุษยศาสตร์และสังคมศาสตร์,หลักสูตรศิลปศาสตรบัณฑิต (สารสนเทศ ศาสตร์และการจัดการแหล่งเรียนรู้),,,0,13,21,9,83.5000,0.0000
มหาวิทยาลัยราชภัฏนครราชสีมา,หลัก,21480102901801A,คณะมนุษยศาสตร์และสังคมศาสตร์,หลักสูตรศิลปศาสตรบัณฑิต (ภาษาจีน),,,0,5,84,5,75.5000,71.8610
มหาวิทยาลัยราชภัฏนครราชสีมา,หลัก,21480102901901A,คณะมนุษยศาสตร์และสังคมศาสตร์,หลักสูตรศิลปศาสตรบัณฑิต (ภาษาญี่ปุ่น),,,0,5,60,5,98.5000,90.2500
มหาวิทยาลัยราชภัฏนครราชสีมา,หลัก,21480102902001A,คณะมนุษยศาสตร์และสังคมศาสตร์,หลักสูตรศิลปศาสตรบัณฑิต (ภาษาไทย),,,0,5,136,6,99.2500,91.2500
มหาวิทยาลัยราชภัฏนครราชสีมา,หลัก,21480102902501A,คณะมนุษยศาสตร์และสังคมศาสตร์,หลักสูตรศิลปศาสตรบัณฑิต (ภาษาอังกฤษ),,,0,10,178,10,79.6940,72.4860
มหาวิทยาลัยราชภัฏนครราชสีมา,หลัก,21480102902502A,คณะมนุษยศาสตร์และสังคมศาสตร์,หลักสูตรศิลปศาสตรบัณฑิต (ภาษาอังกฤษธุรกิจ),,,0,31,146,31,96.2500,85.2500
มหาวิทยาลัยราชภัฏนครราชสีมา,หลัก,21480102903101A,คณะมนุษยศาสตร์และสังคมศาสตร์,หลักสูตรรัฐประศาสนศาสตรบัณฑิต (รัฐประศาสนศาสตร)์,,,0,10,138,10,96.2500,91.0000
มหาวิทยาลัยราชภัฏนครราชสีมา,หลัก,21480102903201A,คณะมนุษยศาสตร์และสังคมศาสตร์,หลักสูตรรัฐศาสตรบัณฑิต (รัฐศาสตร์),,,0,10,163,10,98.5000,92.0000
มหาวิทยาลัยราชภัฏนครราชสีมา,หลัก,21480102903501A,คณะมนุษยศาสตร์และสังคมศาสตร์,หลักสูตรศิลปศาสตรบัณฑิต (นวัตกรรม การพัฒนาสังคม),,,0,17,37,17,67.3885,0.0000
มหาวิทยาลัยราชภัฏนครราชสีมา,หลัก,21480103610203A,คณะวิทยาการจัดการ,หลักสูตรบริหารธุรกิจบัณฑิต (การจัดการ),,การเป็นผู้ประกอบการ สมัยใหม่,0,27,69,26,92.2500,64.0000
มหาวิทยาลัยราชภัฏนครราชสีมา,หลัก,21480103610204A,คณะวิทยาการจัดการ,หลักสูตรบริหารธุรกิจบัณฑิต (การจัดการ),,การจัดการทั่วไป,0,53,157,53,96.2500,71.7500
มหาวิทยาลัยราชภัฏนครราชสีมา,หลัก,21480103610401A,คณะวิทยาการจัดการ,หลักสูตรบริหารธุรกิจบัณฑิต (การจัดการ ทรัพยากรมนุษย์),,,0,15,65,15,91.2500,58.2500
มหาวิทยาลัยราชภัฏนครราชสีมา,หลัก,21480103610601A,คณะวิทยาการจัดการ,หลักสูตรบริหารธุรกิจบัณฑิต (การตลาด),,,0,5,142,5,90.7500,86.7500
มหาวิทยาลัยราชภัฏนครราชสีมา,หลัก,21480103610701A,คณะวิทยาการจัดการ,หลักสูตรบริหารธุรกิจบัณฑิต (คอมพิวเตอร์ธุรกิจ),,,0,39,82,39,91.7500,55.5000
มหาวิทยาลัยราชภัฏนครราชสีมา,หลัก,21480103611001A,คณะวิทยาการจัดการ,หลักสูตรบริหารธุรกิจบัณฑิต (การ จัดการโลจิสติกส์และโซ่อุปทาน),,,0,5,117,5,99.2500,93.7500
มหาวิทยาลัยราชภัฏนครราชสีมา,หลัก,21480103611102A,คณะวิทยาการจัดการ,หลักสูตรเศรษฐศาสตรบัณฑิต (เศรษฐศาสตร)์,,เศรษฐศาสตร์โลจิสติกส์,0,9,29,7,95.5000,61.7500
มหาวิทยาลัยราชภัฏนครราชสีมา,หลัก,21480103611103A,คณะวิทยาการจัดการ,หลักสูตรเศรษฐศาสตรบัณฑิต (เศรษฐศาสตร)์,,เศรษฐศาสตร์การจัดการ ภาครฐั,0,12,17,7,93.2500,57.5000
มหาวิทยาลัยราชภัฏนครราชสีมา,หลัก,21480103620101A,คณะวิทยาการจัดการ,หลักสูตรศิลปศาสตรบัณฑิต (การจัดการ โรงแรมและนวัตกรรมการบริการ),,,0,5,110,5,92.7500,84.7500
มหาวิทยาลัยราชภัฏนครราชสีมา,หลัก,21480103620102A,คณะวิทยาการจัดการ,หลักสูตรศิลปศาสตรบัณฑิต (การจัดการ ท่องเที่ยว การจัดประชุมและนิทรรศการ),,,0,20,68,20,88.7500,61.5000
มหาวิทยาลัยราชภัฏนครราชสีมา,หลัก,21480103901103A,คณะวิทยาการจัดการ,หลักสูตรนิเทศศาสตรบัณฑิต (นิเทศศาสตร)์,,นิเทศศาสตร์ดิจิทัล,0,10,119,10,98.2500,88.7500
มหาวิทยาลัยราชภัฏนครราชสีมา,หลัก,21480104112001A,คณะวิทยาศาสตร์และเทคโนโลยี,หลักสูตรวิทยาศาสตรบัณฑิต (วิทยาศาสตร์การกีฬาและการออกกำลัง กาย),,,0,10,193,10,96.7500,91.2500
มหาวิทยาลัยราชภัฏนครราชสีมา,หลัก,21480104112901A,คณะวิทยาศาสตร์และเทคโนโลยี,หลักสูตรวิทยาศาสตรบัณฑิต (เทคนิคการ สัตวแพทย)์,,,0,5,203,5,96.5000,95.2500
มหาวิทยาลัยราชภัฏนครราชสีมา,หลัก,21480104210401A,คณะวิทยาศาสตร์และเทคโนโลยี,หลักสูตรวิทยาศาสตรบัณฑิต (เคม)ี,,,0,21,34,14,93.7500,53.2500
มหาวิทยาลัยราชภัฏนครราชสีมา,หลัก,21480104210701A,คณะวิทยาศาสตร์และเทคโนโลยี,หลักสูตรวิทยาศาสตรบัณฑิต (ชีววิทยา),,,0,2,34,2,62.1282,61.8133
มหาวิทยาลัยราชภัฏนครราชสีมา,หลัก,21480104210801A,คณะวิทยาศาสตร์และเทคโนโลยี,หลักสูตรวิทยาศาสตรบัณฑิต (เทคโนโลียดิจิทัลมีเดีย),,,0,5,37,5,75.8083,61.3581
มหาวิทยาลัยราชภัฏนครราชสีมา,หลัก,21480104212301A,คณะวิทยาศาสตร์และเทคโนโลยี,หลักสูตรวิทยาศาสตรบัณฑิต (ภูมิศาสต์รและภูมิสารสนเทศ),,,0,18,7,2,38.0040,29.9028
มหาวิทยาลัยราชภัฏนครราชสีมา,หลัก,21480104212701A,คณะวิทยาศาสตร์และเทคโนโลยี,หลักสูตรวิทยาศาสตรบัณฑิต (ฟิสิกส์),,,0,24,8,1,89.7500,89.7500
มหาวิทยาลัยราชภัฏนครราชสีมา,หลัก,21480104213101A,คณะวิทยาศาสตร์และเทคโนโลยี,หลักสูตรวิทยาศาสตรบัณฑิต (วิทยาศาสตร์และเทคโนโลยีสิ่งแวดล้อม),,,0,20,57,18,94.0000,50.2500
มหาวิทยาลัยราชภัฏนครราชสีมา,หลัก,21480104213301A,คณะวิทยาศาสตร์และเทคโนโลยี,หลักสูตรวิทยาศาสตรบัณฑิต (สถิติ ประยุกต์และวิทยาการข้อมูล),,,0,15,21,7,97.7500,54.0000
มหาวิทยาลัยราชภัฏนครราชสีมา,หลัก,21480104220101A,คณะวิทยาศาสตร์และเทคโนโลยี,หลักสูตรวิทยาศาสตรบัณฑิต (เทคโนโลียสารสนเทศ),,,0,11,14,8,32.1333,15.4500
มหาวิทยาลัยราชภัฏนครราชสีมา,หลัก,21480104220201A,คณะวิทยาศาสตร์และเทคโนโลยี,หลักสูตรวิทยาศาสตรบัณฑิต (วิทยาการ คอมพิวเตอร)์,,,0,14,42,14,69.8330,40.1250
มหาวิทยาลัยราชภัฏนครราชสีมา,หลัก,21480104220301A,คณะวิทยาศาสตร์และเทคโนโลยี,หลักสูตรวิทยาศาสตรบัณฑิต (ระบบ สารสนเทศเพื่อการจัดการ),,,0,15,12,3,40.4580,18.5000
มหาวิทยาลัยราชภัฏนครราชสีมา,หลัก,21480104500201A,คณะวิทยาศาสตร์และเทคโนโลยี,หลักสูตรวิทยาศาสตรบัณฑิต (เกษตรศาสตร)์,,,0,7,19,7,57.0666,42.7500
มหาวิทยาลัยราชภัฏนครราชสีมา,หลัก,21480104500301A,คณะวิทยาศาสตร์และเทคโนโลยี,หลักสูตรวิทยาศาสตรบัณฑิต (คหกรรม ศาสตร)์,,,0,5,34,5,92.0000,87.0000
มหาวิทยาลัยราชภัฏนครราชสีมา,หลัก,21480105301601A,คณะ เทคโนโลยีอุตสาหกรรม,หลักสูตรวิศวกรรมศาสตรบัณฑิต (วิศวกรรมไฟฟ้าอุตสาหกรรม),,,0,16,92,16,94.0000,70.2500
มหาวิทยาลัยราชภัฏนครราชสีมา,หลัก,21480105302101A,คณะ เทคโนโลยีอุตสาหกรรม,หลักสูตรวิศวกรรมศาสตรบัณฑิต (วิศวกรรมการก่อสรา้ ง ขนส่งและโลิจสติกส์),,,0,24,119,24,97.5000,72.5000
มหาวิทยาลัยราชภัฏนครราชสีมา,หลัก,21480105303501A,คณะ เทคโนโลยีอุตสาหกรรม,หลักสูตรวิศวกรรมศาสตรบัณฑิต (วิศวกรรมการจัดการอุตสาหกรรม),,,0,4,48,4,83.2500,76.7500
มหาวิทยาลัยราชภัฏนครราชสีมา,หลัก,21480105400501A,คณะ เทคโนโลยีอุตสาหกรรม,หลักสูตรสถาปัตยกรรมศาสตรบัณฑิต (สถาปัตยกรรม (5ปี)),,,0,19,33,12,75.1944,31.6500
มหาวิทยาลัยราชภัฏนครราชสีมา,หลัก,21480105800101A,คณะ เทคโนโลยีอุตสาหกรรม,หลักสูตรอุตสาหกรรมศาสตรบัณฑิต (ออกแบบผลิตภัณฑ์อุตสาหกรรม),,,0,29,14,3,68.0220,49.9052
มหาวิทยาลัยราชภัฏนครราชสีมา,หลัก,21480108112701A,คณะสาธารณสุขศาสตร์,หลักสูตรสาธารณสุขศาสตรบัณฑิต (สาธารณสุขชุมชน),,,0,15,642,17,98.5000,95.2500
มหาวิทยาลัยราชภัฏนครราชสีมา,หลัก,21480108112702A,คณะสาธารณสุขศาสตร์,หลักสูตรวิทยาศาสตรบัณฑิต (อาชีวอนา มัยและความปลอดภัย),,,0,2,172,2,70.7500,67.4700
มหาวิทยาลัยราชภัฏนครราชสีมา,หลัก,21480108112703A,คณะสาธารณสุขศาสตร์,หลักสูตรวิทยาศาสตรบัณฑิต (อนามัย สิ่งแวดล้อม),,,0,2,175,2,98.2500,96.7500
มหาวิทยาลัยราชภัฏพระนคร,หลัก,21500101110801A,คณะวิทยาศาสตร์และเทคโนโลยี,พทป.บ. 4 ปี การแพทย์แผนไทยประยุก์ตบัณฑิต,,,0,8,55,8,41.7073,33.7820
มหาวิทยาลัยราชภัฏพระนคร,หลัก,21500101111101A,คณะวิทยาศาสตร์และเทคโนโลยี,วท.บ. 4 ปี วิทยาศาสตร์เครื่องสำอาง,,,0,5,104,5,98.5000,96.5000
มหาวิทยาลัยราชภัฏพระนคร,หลัก,21500101210101A,คณะวิทยาศาสตร์และเทคโนโลยี,วท.บ. 4 ปี การจัดการสิ่งแวดล้อมและทรัพยากรธรรมชาติ,,,0,5,38,5,92.5000,72.7500
มหาวิทยาลัยราชภัฏพระนคร,หลัก,21500101210301A,คณะวิทยาศาสตร์และเทคโนโลยี,วท.บ.4 ปี คณิตศาสตร์,,,0,4,22,4,99.0000,83.0000
มหาวิทยาลัยราชภัฏพระนคร,หลัก,21500101211001A,คณะวิทยาศาสตร์และเทคโนโลยี,วท.บ. 4 ปี เทคโนโลยีอาหารและความ เป็นผู้ประกอบการสมัยใหม่,,,0,3,34,3,93.5000,81.5000
มหาวิทยาลัยราชภัฏพระนคร,หลัก,21500101213501A,คณะวิทยาศาสตร์และเทคโนโลยี,วท.บ. 4 ปี เทคโนโลยีผลิตภัณฑ์ชีวภาพ กับการประกอบธุรกิจ,,,0,10,8,2,79.0000,63.0000
มหาวิทยาลัยราชภัฏพระนคร,หลัก,21500101220101A,คณะวิทยาศาสตร์และเทคโนโลยี,วท.บ. 4 ปี เทคโนโลยีสารสนเทศ,,,0,10,53,8,98.7500,71.5000
มหาวิทยาลัยราชภัฏพระนคร,หลัก,21500101220201A,คณะวิทยาศาสตร์และเทคโนโลยี,วท.บ. 4 ปี วิทยาการคอมพิวเตอร์,,,0,6,103,6,95.0000,87.2500
มหาวิทยาลัยราชภัฏพระนคร,หลัก,21500101500401A,คณะวิทยาศาสตร์และเทคโนโลยี,วท.บ.4 ปี การจัดการเทคโนโลยีเกษตร สมัยใหม่,,,0,5,16,4,89.2500,0.0000
มหาวิทยาลัยราชภัฏพระนคร,หลัก,21500101800501A,คณะวิทยาศาสตร์และเทคโนโลยี,ศศ.บ.4 ปี คหกรรมศาสตร์,,,0,12,45,12,95.5000,72.2500
มหาวิทยาลัยราชภัฏพระนคร,หลัก,21500101900801A,คณะวิทยาศาสตร์และเทคโนโลยี,วท.บ. 4 ปี คอมพิวเตอร์แอนิเมชันและ มัลติมีเดีย,,,0,20,119,20,97.0000,79.7500
มหาวิทยาลัยราชภัฏพระนคร,หลัก,21500102700201A,วิทยาลัยการฝึกหัดครู,ค.บ. 4 ปี การประถมศึกษา,,,0,5,233,5,72.2552,70.1552
มหาวิทยาลัยราชภัฏพระนคร,หลัก,21500102702401A,วิทยาลัยการฝึกหัดครู,ค.บ.4 ปี การสอนวิทยาศาสตร์และเทคโนโลยี,,,0,20,32,16,65.9164,13.7000
มหาวิทยาลัยราชภัฏพระนคร,หลัก,21500102702501A,วิทยาลัยการฝึกหัดครู,ค.บ. 4 ปี ดนตรีศึกษา,,,0,5,21,5,86.0000,79.7500
มหาวิทยาลัยราชภัฏพระนคร,หลัก,21500102702502A,วิทยาลัยการฝึกหัดครู,ค.บ. 4 ปี นาฏศิลป์ศึกษา,,,0,5,18,5,90.7500,73.0000
มหาวิทยาลัยราชภัฏพระนคร,หลัก,21500102703801A,วิทยาลัยการฝึกหัดครู,ค.บ. 4 ปี วิทยาศาสตร์ทั่วไป,,,0,10,96,11,93.2500,86.2500
มหาวิทยาลัยราชภัฏพระนคร,หลัก,21500103701701A,คณะมนุษยศาสตร์และสังคมศาสตร์,ค.บ.4 ปี บรรณารักษศาสตร์และ สารสนเทศศาสตร์,,,0,6,35,6,84.0000,80.2500
มหาวิทยาลัยราชภัฏพระนคร,หลัก,21500103800101A,คณะมนุษยศาสตร์และสังคมศาสตร์,ศป.บ. 4 ปี การออกแบบ,,,0,6,36,6,82.5000,73.5000
มหาวิทยาลัยราชภัฏพระนคร,หลัก,21500103800201A,คณะมนุษยศาสตร์และสังคมศาสตร์,ดศ.บ. 4 ปี ดุริยางคศิลป์ตะวันตก,,,0,6,27,6,73.7500,0.0000
มหาวิทยาลัยราชภัฏพระนคร,หลัก,21500103800401A,คณะมนุษยศาสตร์และสังคมศาสตร์,ศล.บ. 4 ปี นาฏศิลป์และการละคร,,,0,4,20,4,80.0000,67.2500
มหาวิทยาลัยราชภัฏพระนคร,หลัก,21500103901801A,คณะมนุษยศาสตร์และสังคมศาสตร์,ศศ.บ. 4 ปี ภาษาจีนธุรกิจ,,,0,15,113,16,97.5000,90.0000
มหาวิทยาลัยราชภัฏพระนคร,หลัก,21500103902001A,คณะมนุษยศาสตร์และสังคมศาสตร์,ศศ.บ. 4 ปี ภาษาไทย,,,0,10,99,10,95.7500,82.7500
มหาวิทยาลัยราชภัฏพระนคร,หลัก,21500103902501A,คณะมนุษยศาสตร์และสังคมศาสตร์,ศศ.บ. 4 ปี ภาษาอังกฤษ,,,0,10,172,10,99.2500,93.5000
มหาวิทยาลัยราชภัฏพระนคร,หลัก,21500103902502A,คณะมนุษยศาสตร์และสังคมศาสตร์,ศศ.บ. 4 ปี ภาษาอังกฤษธุรกิจเพื่อการ สื่อสารนานาชาติ,,,0,10,103,10,98.5000,90.0000
มหาวิทยาลัยราชภัฏพระนคร,หลัก,21500103903001A,คณะมนุษยศาสตร์และสังคมศาสตร์,วท.บ. 4 ปี ภูมิศาสตร์และภูมิสารสนเทศ,,,0,4,27,4,82.0000,77.7500
มหาวิทยาลัยราชภัฏพระนคร,หลัก,21500103903101A,คณะมนุษยศาสตร์และสังคมศาสตร์,รป.บ. 4 ปี รัฐประศาสนศาสตร์,,,0,5,85,5,91.2500,86.0000
มหาวิทยาลัยราชภัฏพระนคร,หลัก,21500103903201A,คณะมนุษยศาสตร์และสังคมศาสตร์,ร.บ. 4 ปี รัฐศาสตร์,,,0,10,126,10,99.0000,89.0000
มหาวิทยาลัยราชภัฏพระนคร,หลัก,21500103904201A,คณะมนุษยศาสตร์และสังคมศาสตร์,ศศ.บ. 4 ปี การพัฒนาชุมชน,,,0,6,54,6,91.2500,84.7500
มหาวิทยาลัยราชภัฏพระนคร,หลัก,21500104610201A,คณะวิทยาการจัดการ,บธ.บ.4 ปี การจัดการทั่วไป,,,0,20,126,20,95.5000,75.7500
มหาวิทยาลัยราชภัฏพระนคร,หลัก,21500104610202A,คณะวิทยาการจัดการ,บธ.บ. 4 ปี การจัดการธุรกิจการค้าสมัยใหม่,,,0,5,91,5,95.5000,89.5000
มหาวิทยาลัยราชภัฏพระนคร,หลัก,21500104610401A,คณะวิทยาการจัดการ,บธ.บ.4 ปี การจัดการและการพัฒนา ทรัพยากรมนุษย์,,,0,5,48,5,94.5000,88.0000
มหาวิทยาลัยราชภัฏพระนคร,หลัก,21500104610501A,คณะวิทยาการจัดการ,บช.บ.4 ปี บัญชีบัณฑิต,,,0,20,179,20,99.5000,85.2500
มหาวิทยาลัยราชภัฏพระนคร,หลัก,21500104610601A,คณะวิทยาการจัดการ,บธ.บ.4 ปี การตลาด,,,0,10,148,11,97.5000,88.2500
มหาวิทยาลัยราชภัฏพระนคร,หลัก,21500104611101A,คณะวิทยาการจัดการ,ศ.บ. 4 ปี เศรษฐศาสตร์ธุรกิจดิจิทัล,,,0,5,48,5,87.5000,74.0000
มหาวิทยาลัยราชภัฏพระนคร,หลัก,21500104620101A,คณะวิทยาการจัดการ,ศศ.บ.4 ปี การท่องเที่ยวและการโรงแรม,,,0,20,166,21,96.7500,84.5000
มหาวิทยาลัยราชภัฏพระนคร,หลัก,21500104620101C,คณะวิทยาการจัดการ,ศศ.บ.4 ปี การท่องเที่ยว (หลักสูตรสอง ภาษา),,,0,5,40,5,95.7500,86.5000
มหาวิทยาลัยราชภัฏพระนคร,หลัก,21500105211701A,คณะเทคโนโลยีอุตสาหกรรม,วท.บ.4 ปี เทคโนโลยีวิศวกรรมโยธา,,,0,5,57,5,92.0000,87.5000
มหาวิทยาลัยราชภัฏพระนคร,หลัก,21500105212101A,คณะเทคโนโลยีอุตสาหกรรม,วท.บ. 4 ปี เทคโนโลยีการจัดการ อุตสาหกรรม,,,0,5,28,5,70.7500,65.0000
มหาวิทยาลัยราชภัฏพระนคร,หลัก,21500105212201A,คณะเทคโนโลยีอุตสาหกรรม,ทล.บ.4 ปี เทคโนโลยีอุตสาหการ,,,0,4,18,3,46.0000,0.0000
มหาวิทยาลัยราชภัฏพระนคร,หลัก,21500105220102A,คณะเทคโนโลยีอุตสาหกรรม,วท.บ. 4 ปี การจัดการเทคโนโลยีดิจิทัล และสารสนเทศ,,,0,8,19,6,88.0000,45.0000
มหาวิทยาลัยราชภัฏพระนคร,หลัก,21500105301601A,คณะเทคโนโลยีอุตสาหกรรม,วศ.บ. 4 ปี เทคโนโลยีวิศวกรรมไฟฟ้า,,,0,10,74,10,98.5000,78.2500
มหาวิทยาลัยราชภัฏพระนคร,หลัก,21500105303401A,คณะเทคโนโลยีอุตสาหกรรม,วศ.บ. 4 ปี วิศวกรรมอิเล็กทรอนิก์สอัจฉริยะและคอมพิวเตอร์,,,0,4,37,4,93.2500,86.5000
มหาวิทยาลัยราชภัฏพระนคร,หลัก,21500105400201A,คณะเทคโนโลยีอุตสาหกรรม,วท.บ. 4 ปี ออกแบบ ผลิตภัณฑ์อุตสาหกรรม,,,0,4,20,3,72.0000,49.2500
มหาวิทยาลัยราชภัฏพระนคร,หลัก,21500105400501A,คณะเทคโนโลยีอุตสาหกรรม,สถ.บ. 5 ปี สถาปัตยกรรม,,,0,10,70,11,97.2500,73.5000
มหาวิทยาลัยราชภัฏพระนคร,หลัก,21500105610201A,คณะเทคโนโลยีอุตสาหกรรม,ทล.บ.4 ปี การบริหารทรัพย์สินและเทคโนโลยีอาคาร,,,0,5,14,6,84.0000,0.0000
มหาวิทยาลัยราชภัฏพระนคร,หลัก,21500105611001A,คณะเทคโนโลยีอุตสาหกรรม,วท.บ. 4 ปี การจัดการโลจิสติกส์,,,0,20,172,20,97.0000,81.2500
มหาวิทยาลัยราชภัฏพิบูลสงคราม,วิทยาเขตหลัก,21520101210301A,คณะวิทยาศาสตร์และเทคโนโลยี,หลักสูตรวิทยาศาสตรบัณฑิต สาขาวิชา คณิตศาสตร์,,,0,30,41,13,95.7500,65.2500
มหาวิทยาลัยราชภัฏพิบูลสงคราม,วิทยาเขตหลัก,21520101210401A,คณะวิทยาศาสตร์และเทคโนโลยี,หลักสูตรวิทยาศาสตรบัณฑิต สาขาวิชาเคมี,,,0,30,43,8,90.7500,68.5000
มหาวิทยาลัยราชภัฏพิบูลสงคราม,วิทยาเขตหลัก,21520101210501A,คณะวิทยาศาสตร์และเทคโนโลยี,หลักสูตรวิทยาศาสตรบัณฑิต สาขาวิชาจุล ชีววิทยา,,,0,30,101,30,98.2500,70.2500
มหาวิทยาลัยราชภัฏพิบูลสงคราม,วิทยาเขตหลัก,21520101210701A,คณะวิทยาศาสตร์และเทคโนโลยี,หลักสูตรวิทยาศาสตรบัณฑิต สาขาวิชา ชีววิทยา,,,0,30,58,17,95.5000,58.7500
มหาวิทยาลัยราชภัฏพิบูลสงคราม,วิทยาเขตหลัก,21520101211901A,คณะวิทยาศาสตร์และเทคโนโลยี,หลักสูตรวิทยาศาสตรบัณฑิต สาขาวิชา วิทยาศาสตร์สิ่งแวดล้อม,,,0,30,36,7,86.2500,59.7500
มหาวิทยาลัยราชภัฏพิบูลสงคราม,วิทยาเขตหลัก,21520101212701A,คณะวิทยาศาสตร์และเทคโนโลยี,หลักสูตรวิทยาศาสตรบัณฑิต สาขาวิชา ฟิสิกส์,,,0,30,17,4,88.0000,60.2500
มหาวิทยาลัยราชภัฏพิบูลสงคราม,วิทยาเขตหลัก,21520101220101A,คณะวิทยาศาสตร์และเทคโนโลยี,หลักสูตรวิทยาศาสตรบัณฑิต สาขาวิชา เทคโนโลยีสารสนเทศ,,,0,40,40,8,91.5000,52.5000
มหาวิทยาลัยราชภัฏพิบูลสงคราม,วิทยาเขตหลัก,21520101220201A,คณะวิทยาศาสตร์และเทคโนโลยี,หลักสูตรวิทยาศาสตรบัณฑิต สาขาวิชา วิทยาการคอมพิวเตอร์,,,0,35,79,18,89.0000,51.2500
มหาวิทยาลัยราชภัฏพิบูลสงคราม,วิทยาเขตหลัก,21520101500301A,คณะวิทยาศาสตร์และเทคโนโลยี,หลักสูตรศิลปศาสตรบัณฑิต สาขาวิชาค หกรรมศาสตร์,,,0,40,26,4,78.7500,57.7500
มหาวิทยาลัยราชภัฏพิบูลสงคราม,วิทยาเขตหลัก,21520102700001A,คณะครุศาสตร์,หลักสูตรครุศาสตรบัณฑิต สาขาวิชา การศึกษา วิชาเอกดนตรีและนาฏศิล์ปศึกษา,,วิชาเอกดนตรีและนาฏศิล์ปศึกษา,0,1,16,1,87.2500,87.2500
มหาวิทยาลัยราชภัฏพิบูลสงคราม,วิทยาเขตหลัก,21520103800201A,คณะมนุษยศาสตร์และสังคมศาสตร์,หลักสูตรศิลปกรรมศาสตรบัณฑิต สาขาวิชาดนตรีสากล,,,0,10,31,10,88.0000,42.2500
มหาวิทยาลัยราชภัฏพิบูลสงคราม,วิทยาเขตหลัก,21520103901201A,คณะมนุษยศาสตร์และสังคมศาสตร์,หลักสูตรศิลปศาสตรบัณฑิต สาขาวิชา สารสนเทศศาสตร์,,,0,40,23,6,91.0000,48.7500
มหาวิทยาลัยราชภัฏพิบูลสงคราม,วิทยาเขตหลัก,21520103901801A,คณะมนุษยศาสตร์และสังคมศาสตร์,หลักสูตรศิลปศาสตรบัณฑิต สาขาวิชา ภาษาจีน,,,0,20,49,20,97.0000,80.0000
มหาวิทยาลัยราชภัฏพิบูลสงคราม,วิทยาเขตหลัก,21520103901802A,คณะมนุษยศาสตร์และสังคมศาสตร์,หลักสูตรศิลปศาสตรบัณฑิต สาขาวิชา ภาษาจีนธุรกิจ,,,0,10,47,10,98.2500,68.5000
มหาวิทยาลัยราชภัฏพิบูลสงคราม,วิทยาเขตหลัก,21520103901901A,คณะมนุษยศาสตร์และสังคมศาสตร์,หลักสูตรศิลปศาสตรบัณฑิต สาขาวิชา ภาษาญี่ปุ่น,,,0,40,48,10,90.7500,60.7500
มหาวิทยาลัยราชภัฏพิบูลสงคราม,วิทยาเขตหลัก,21520103902001A,คณะมนุษยศาสตร์และสังคมศาสตร์,หลักสูตรศิลปศาสตรบัณฑิต สาขาวิชา ภาษาไทย,,,0,40,119,40,95.5000,77.0000
มหาวิทยาลัยราชภัฏพิบูลสงคราม,วิทยาเขตหลัก,21520103902501A,คณะมนุษยศาสตร์และสังคมศาสตร์,หลักสูตรศิลปศาสตรบัณฑิต สาขาวิชา ภาษาอังกฤษ,,,0,40,154,40,95.7500,72.0000
มหาวิทยาลัยราชภัฏพิบูลสงคราม,วิทยาเขตหลัก,21520103902502A,คณะมนุษยศาสตร์และสังคมศาสตร์,หลักสูตรศิลปศาสตรบัณฑิต สาขาวิชา ภาษาอังกฤษธุรกิจ,,,0,10,52,10,95.7500,77.5000
มหาวิทยาลัยราชภัฏพิบูลสงคราม,วิทยาเขตหลัก,21520104610201A,คณะวิทยาการจัดการ,หลักสูตรบริหารธุรกิจบัณฑิต สาขาวิชา การจัดการ,,,0,45,186,45,99.0000,66.5000
มหาวิทยาลัยราชภัฏพิบูลสงคราม,วิทยาเขตหลัก,21520104610401A,คณะวิทยาการจัดการ,หลักสูตรบริหารธุรกิจบัณฑิต สาขาวิชา การจัดการทรัพยากรมนุษย์และองค์การ,,,0,30,65,12,92.7500,0.0000
มหาวิทยาลัยราชภัฏพิบูลสงคราม,วิทยาเขตหลัก,21520104610601A,คณะวิทยาการจัดการ,หลักสูตรบริหารธุรกิจบัณฑิต สาขาวิชา การตลาดเชิงสรา้ งสรรค์และดิจิทัล,,,0,35,167,35,96.7500,63.5000
มหาวิทยาลัยราชภัฏพิบูลสงคราม,วิทยาเขตหลัก,21520104610701A,คณะวิทยาการจัดการ,หลักสูตรบริหารธุรกิจบัณฑิต สาขาวิชา การจัดการเทคโนโลยีสารสนเทศทางธุรกิจ,,,0,40,87,23,92.7500,0.0000
มหาวิทยาลัยราชภัฏพิบูลสงคราม,วิทยาเขตหลัก,21520104610801A,คณะวิทยาการจัดการ,หลักสูตรบริหารธุรกิจบัณฑิต สาขาวิชา ธุรกิจการค้าสมัยใหม่,,,0,25,152,25,94.5000,60.0000
มหาวิทยาลัยราชภัฏพิบูลสงคราม,วิทยาเขตหลัก,21520104611101A,คณะวิทยาการจัดการ,หลักสูตรเศรษฐศาสตรบัณฑิต สาขาวิชา เศรษฐศาสตร์ธุรกิจและภาครฐั,,,0,40,60,17,92.2500,0.0000
มหาวิทยาลัยราชภัฏพิบูลสงคราม,วิทยาเขตหลัก,21520104620101A,คณะวิทยาการจัดการ,หลักสูตรศิลปศาสตรบัณฑิต สาขาวิชาการ ท่องเที่ยวและบริการยุคดิจิทัล,,,0,35,74,21,89.2500,51.2500
มหาวิทยาลัยราชภัฏพิบูลสงคราม,วิทยาเขตหลัก,21520104620102A,คณะวิทยาการจัดการ,หลักสูตรศิลปศาสตรบัณฑิต สาขาวิชาการ จัดการการท่องเที่ยวระหวา่ งประเทศ,,,0,10,75,10,91.5000,82.2500
มหาวิทยาลัยราชภัฏพิบูลสงคราม,วิทยาเขตหลัก,21520104901101A,คณะวิทยาการจัดการ,หลักสูตรนิเทศศาสตรบัณฑิต สาขาวิชา นิเทศศาสตร์,,,0,30,125,30,94.5000,70.2500
มหาวิทยาลัยราชภัฏพิบูลสงคราม,วิทยาเขตหลัก,21520105111101A,คณะเทคโนโลยีการเกษตร และอาหาร,หลักสูตรวิทยาศาสตรบัณฑิต สาขาวิชา พัฒนาผลิตภัณฑ์เพื่อสุขภาพและ เครื่องสำอาง,,,0,30,106,30,90.2500,0.0000
มหาวิทยาลัยราชภัฏพิบูลสงคราม,วิทยาเขตหลัก,21520105211001A,คณะเทคโนโลยีการเกษตร และอาหาร,หลักสูตรวิทยาศาสตรบัณฑิต สาขาวิชา วิทยาศาสตร์และเทคโนโลยีการอาหาร,,,0,30,60,8,92.5000,42.7500
มหาวิทยาลัยราชภัฏพิบูลสงคราม,วิทยาเขตหลัก,21520105500201A,คณะเทคโนโลยีการเกษตร และอาหาร,หลักสูตรวิทยาศาสตรบัณฑิต สาขาวิชา เกษตรศาสตร์,,,0,50,47,8,83.5000,0.0000
มหาวิทยาลัยราชภัฏพิบูลสงคราม,วิทยาเขตหลัก,21520105500401A,คณะเทคโนโลยีการเกษตร และอาหาร,หลักสูตรวิทยาศาสตรบัณฑิต สาขาวิชา เทคโนโลยีระบบเกษตร,,,0,30,21,2,68.2500,0.0000
มหาวิทยาลัยราชภัฏพิบูลสงคราม,วิทยาเขตหลัก,21520105501201A,คณะเทคโนโลยีการเกษตร และอาหาร,หลักสูตรวิทยาศาสตรบัณฑิต สาขาวิชา สัตวศาสตร์และการเพาะเลี้ยงสัตว์น้ า,,,0,20,40,10,92.2500,0.0000
มหาวิทยาลัยราชภัฏพิบูลสงคราม,วิทยาเขตหลัก,21520106211301A,คณะเทคโนโลยีอุตสาหกรรม,หลักสูตรเทคโนโลยีบัณฑิต สาขาวิชา นวัตกรรมเซรามิกส์สรา้ งสรรค์,,,0,30,10,2,68.7500,54.5000
มหาวิทยาลัยราชภัฏพิบูลสงคราม,วิทยาเขตหลัก,21520106300501A,คณะเทคโนโลยีอุตสาหกรรม,หลักสูตรวิศวกรรมศาสตรบัณฑิต สาขาวิชาวิศวกรรมคอมพิวเตอร์,,,0,20,75,20,92.0000,68.0000
มหาวิทยาลัยราชภัฏพิบูลสงคราม,วิทยาเขตหลัก,21520106300701A,คณะเทคโนโลยีอุตสาหกรรม,หลักสูตรวิศวกรรมศาสตรบัณฑิต สาขาวิชาวิศวกรรมเครื่องกล,,,0,5,41,5,85.5000,83.2500
มหาวิทยาลัยราชภัฏพิบูลสงคราม,วิทยาเขตหลัก,21520106302401A,คณะเทคโนโลยีอุตสาหกรรม,หลักสูตรวิศวกรรมศาสตรบัณฑิต สาขาวิชาวิศวกรรมโลจิสติกส์,,,0,40,111,40,93.5000,62.0000
มหาวิทยาลัยราชภัฏพิบูลสงคราม,วิทยาเขตหลัก,21520106303401A,คณะเทคโนโลยีอุตสาหกรรม,หลักสูตรวิศวกรรมศาสตรบัณฑิต สาขาวิชาวิศวกรรมไฟฟ้าสื่อสารและ อิเล็กทรอนิกส์,,,0,10,43,10,94.0000,62.5000
มหาวิทยาลัยราชภัฏพิบูลสงคราม,วิทยาเขตหลัก,21520106400201A,คณะเทคโนโลยีอุตสาหกรรม,หลักสูตรสถาปัตยกรรมศาสตรบัณฑิต สาขาวิชาศิลปะและนวัตกรรมการ ออกแบบสรา้ งสรรค์,,,0,25,49,17,85.2500,0.0000
มหาวิทยาลัยราชภัฏพิบูลสงคราม,วิทยาเขตหลัก,21520107903101A,คณะสังคมศาสตร์และการ พัฒนาท้องถิ่น,หลักสูตรรัฐประศาสนศาสตรบัณฑิต สาขาวิชารัฐประศาสนศาสตร์วิชาเอกการ บริหารจัดการภาครฐั,,วิชาเอกการบริหารจัดการ ภาครฐั,0,10,111,10,95.5000,81.7500
มหาวิทยาลัยราชภัฏพิบูลสงคราม,วิทยาเขตหลัก,21520107903101A,คณะสังคมศาสตร์และการ พัฒนาท้องถิ่น,หลักสูตรรัฐประศาสนศาสตรบัณฑิต สาขาวิชารัฐประศาสนศาสตร์วิชาเอกการ ปกครองท้องถิ่น,,วิชาเอกการปกครองท้องถิ่น,0,10,137,10,95.0000,83.0000
มหาวิทยาลัยราชภัฏพิบูลสงคราม,วิทยาเขตหลัก,21520107903101A,คณะสังคมศาสตร์และการ พัฒนาท้องถิ่น,หลักสูตรรัฐประศาสนศาสตรบัณฑิต สาขาวิชารัฐประศาสนศาสตร์วิชาเอกการ บริหารงานยุติธรรมและสังคม,,วิชาเอกการบริหารงาน ยุติธรรมและสังคม,0,35,81,26,90.7500,0.0000
มหาวิทยาลัยราชภัฏพิบูลสงคราม,วิทยาเขตหลัก,21520107903201A,คณะสังคมศาสตร์และการ พัฒนาท้องถิ่น,หลักสูตรรัฐศาสตรบัณฑิต สาขาวิชา รัฐศาสตร์,,,0,50,206,52,96.2500,78.0000
มหาวิทยาลัยราชภัฏพิบูลสงคราม,วิทยาเขตหลัก,21520107903701A,คณะสังคมศาสตร์และการ พัฒนาท้องถิ่น,หลักสูตรสังคมสงเคราะห์ศาสตรบัณฑิต สาขาวิชาสังคมสงเคราะห์ศาสตร์,,,0,15,68,14,93.7500,55.2500
มหาวิทยาลัยราชภัฏพิบูลสงคราม,วิทยาเขตหลัก,21520107904201A,คณะสังคมศาสตร์และการ พัฒนาท้องถิ่น,หลักสตรศิลปศาสตรบัณฑิต สาขาวิชา การพัฒนาชุมชน,,,0,40,120,39,97.0000,0.0000
มหาวิทยาลัยราชภัฏพิบูลสงคราม,วิทยาเขตหลัก,21520108111701A,คณะพยาบาลศาสตร์,หลักสูตรพยาบาลศาสตรบัณฑิต,,,0,3,148,3,47.2666,44.6110
มหาวิทยาลัยราชภัฏวไลยอลงกรณ์ในพระบรมราชูปถัมภ์,วิทยาเขตหลัก,21530112800301A,มนุษยศาสตร์และสังคมศาสตร์,ศป.บ. ทัศนศิลป์,,,0,40,19,6,75.7500,60.7500
มหาวิทยาลัยราชภัฏวไลยอลงกรณ์ในพระบรมราชูปถัมภ์,วิทยาเขตหลัก,21530112900701A,คณะมนุษยศาสตร์และสังคมศาสตร์,ศศ.บ.จิตวิทยา,,,0,60,247,60,97.7500,80.0000
มหาวิทยาลัยราชภัฏวไลยอลงกรณ์ในพระบรมราชูปถัมภ์,วิทยาเขตหลัก,21530112901001A,คณะมนุษยศาสตร์และสังคมศาสตร์,น.บ.นิติศาสตร์,,,0,50,86,31,95.5000,0.0000
มหาวิทยาลัยราชภัฏวไลยอลงกรณ์ในพระบรมราชูปถัมภ์,วิทยาเขตหลัก,21530112902001A,มนุษยศาสตร์และสังคมศาสตร์,ศศ.บ. ภาษาไทย,,,0,30,43,16,92.5000,51.2500
มหาวิทยาลัยราชภัฏวไลยอลงกรณ์ในพระบรมราชูปถัมภ์,วิทยาเขตหลัก,21530112902501A,คณะมนุษยศาสตร์และสังคมศาสตร์,ศศ.บ.ภาษาอังกฤษ,,,0,50,59,25,91.5000,59.0000
มหาวิทยาลัยราชภัฏวไลยอลงกรณ์ในพระบรมราชูปถัมภ์,วิทยาเขตหลัก,21530112903201A,คณะมนุษยศาสตร์และสังคมศาสตร์,ร.บ.รัฐศาสตร์,,,0,30,56,11,98.2500,67.0000
มหาวิทยาลัยราชภัฏสงขลา,สงขลา,21640101700601A,คณะครุศาสตร์,ค.บ. การศึกษาปฐมวยั,,,0,11,"1,090",11,75.4554,70.8388
มหาวิทยาลัยราชภัฏสงขลา,สงขลา,21640101700701A,คณะครุศาสตร์,ค.บ. การศึกษาพิเศษ-ภาษาไทย,,,0,8,153,8,65.9540,61.3305
มหาวิทยาลัยราชภัฏสงขลา,สงขลา,21640101700801A,คณะครุศาสตร์,ค.บ. คณิตศาสตร์,,,0,4,220,4,53.5805,49.1722
มหาวิทยาลัยราชภัฏสงขลา,สงขลา,21640101701201A,คณะครุศาสตร์,ค.บ. จิตวิทยาการปรึกษาและการแนะแนว,,,0,7,198,7,65.5776,62.7720
มหาวิทยาลัยราชภัฏสงขลา,สงขลา,21640101702001A,คณะครุศาสตร์,ค.บ. ภาษาไทย,,,0,5,345,5,70.8777,69.4972
มหาวิทยาลัยราชภัฏสงขลา,สงขลา,21640101702002A,คณะครุศาสตร์,ค.บ. ภาษาอังกฤษ,,,0,1,169,1,68.6777,68.6777
มหาวิทยาลัยราชภัฏสงขลา,สงขลา,21640101702401A,คณะครุศาสตร์,ค.บ. วิทยาศาสตร์ทั่วไป,,,0,17,119,17,64.5583,52.2165
มหาวิทยาลัยราชภัฏสงขลา,สงขลา,21640101702701A,คณะครุศาสตร์,ค.บ. สังคมศึกษา,,,0,2,241,2,67.7498,63.8414
มหาวิทยาลัยราชภัฏสงขลา,สงขลา,21640101702801A,คณะครุศาสตร์,ค.บ. พลศึกษา,,,0,5,317,5,72.5414,70.6414
มหาวิทยาลัยราชภัฏสงขลา,สงขลา,21640102900501A,คณะมนุษยศาสตร์และสังคมศาสตร์,ศศ.บ. อินโดนีเซีย-มาเลเซียศึกษาเพื่องาน ระหวา่ งประเทศ,,,0,16,80,16,98.0000,74.7500
มหาวิทยาลัยราชภัฏสงขลา,สงขลา,21640102901401A,คณะมนุษยศาสตร์และสังคมศาสตร์,ศศ.บ. ประวัติศาสตร์เพื่อการสื่อสารสังคม,,,0,13,121,13,96.5000,83.0000
มหาวิทยาลัยราชภัฏสงขลา,สงขลา,21640102902001A,คณะมนุษยศาสตร์และสังคมศาสตร์,ศศ.บ. ภาษาไทย,,,0,19,328,19,72.1525,65.7220
มหาวิทยาลัยราชภัฏสงขลา,สงขลา,21640102902501A,คณะมนุษยศาสตร์และสังคมศาสตร์,ศศ.บ. ภาษาอังกฤษ,,,0,18,205,18,73.2220,65.7080
มหาวิทยาลัยราชภัฏสงขลา,สงขลา,21640102902502A,คณะมนุษยศาสตร์และสังคมศาสตร์,ศศ.บ. ภาษาอังกฤษเพื่อธุรกิจบริการ,,,0,15,133,15,74.8610,63.2220
มหาวิทยาลัยราชภัฏสงขลา,สงขลา,21640102903001A,คณะมนุษยศาสตร์และสังคมศาสตร์,วท.บ. ภูมิสารสนเทศ,,,0,25,46,20,88.0000,50.0000
มหาวิทยาลัยราชภัฏสงขลา,สงขลา,21640102903101A,คณะมนุษยศาสตร์และสังคมศาสตร์,รป.บ. รัฐประศาสนศาสตร์,,นโยบายสาธารณะและนวัตกรรมทางการบริหาร,0,21,217,21,50.8828,44.5888
มหาวิทยาลัยราชภัฏสงขลา,สงขลา,21640102903101A,คณะมนุษยศาสตร์และสังคมศาสตร์,รป.บ. รัฐประศาสนศาสตร์,,การจัดการปกครองท้องถิ่น,0,24,523,24,55.9440,51.4104
มหาวิทยาลัยราชภัฏสงขลา,สงขลา,21640102903101A,คณะมนุษยศาสตร์และสังคมศาสตร์,รป.บ. รัฐประศาสนศาสตร์,,การบริหารงานยุติธรรมและ กฎหมาย,0,27,303,27,56.0716,47.6052
มหาวิทยาลัยราชภัฏสงขลา,สงขลา,21640102903601A,คณะมนุษยศาสตร์และสังคมศาสตร์,ศศ.บ. สวัสดิการสังคม,,,0,45,102,38,92.7500,50.0000
มหาวิทยาลัยราชภัฏสงขลา,สงขลา,21640102904201A,คณะมนุษยศาสตร์และสังคมศาสตร์,ศศ.บ. การพัฒนาชุมชน,,,0,30,293,33,94.5000,81.0000
มหาวิทยาลัยราชภัฏสงขลา,สงขลา,21640103112701A,คณะวิทยาศาสตร์และเทคโนโลยี,ส.บ. สาธารณสุขชุมชน,,,0,5,730,5,99.5000,98.0000
มหาวิทยาลัยราชภัฏสงขลา,สงขลา,21640103210301A,คณะวิทยาศาสตร์และเทคโนโลยี,วท.บ. คณิตศาสตร์,,,0,20,52,20,45.0108,30.8388
มหาวิทยาลัยราชภัฏสงขลา,สงขลา,21640103210401A,คณะวิทยาศาสตร์และเทคโนโลยี,วท.บ. เคมี,,,0,21,63,21,96.0000,66.5000
มหาวิทยาลัยราชภัฏสงขลา,สงขลา,21640103210701A,คณะวิทยาศาสตร์และเทคโนโลยี,วท.บ. ชีววิทยา,,,0,18,123,18,96.7500,84.2500
มหาวิทยาลัยราชภัฏสงขลา,สงขลา,21640103211201A,คณะวิทยาศาสตร์และเทคโนโลยี,วท.บ. เทคโนโลยีชีวภาพ,,,0,2,31,2,96.5000,92.7500
มหาวิทยาลัยราชภัฏสงขลา,สงขลา,21640103213101A,คณะวิทยาศาสตร์และเทคโนโลยี,วท.บ. วิทยาศาสตร์สิ่งแวดล้อม,,,0,12,57,12,92.2500,77.2500
มหาวิทยาลัยราชภัฏสงขลา,สงขลา,21640103213501A,คณะวิทยาศาสตร์และเทคโนโลยี,วท.บ. ฟิสิกส์ประยุกต์,,,0,29,13,4,79.0000,55.5000
มหาวิทยาลัยราชภัฏสงขลา,สงขลา,21640103220101A,คณะวิทยาศาสตร์และเทคโนโลยี,วท.บ. เทคโนโลยีสารสนเทศและนวัตกรรมดิจิทัล,,,0,19,52,18,98.7500,51.2500
มหาวิทยาลัยราชภัฏสงขลา,สงขลา,21640103220201A,คณะวิทยาศาสตร์และเทคโนโลยี,วท.บ. วิทยาการคอมพิวเตอร์,,,0,15,82,15,91.7500,71.2500
มหาวิทยาลัยราชภัฏสงขลา,สงขลา,21640103500301A,คณะวิทยาศาสตร์และเทคโนโลยี,วท.บ. คหกรรมศาสตร์,,,0,10,24,8,79.0000,56.0000
มหาวิทยาลัยราชภัฏสงขลา,สงขลา,21640103700901A,คณะวิทยาศาสตร์และเทคโนโลยี,ค.บ. คอมพิวเตอร์ศึกษา,,,0,11,66,11,77.3000,68.7250
มหาวิทยาลัยราชภัฏสงขลา,สงขลา,21640103701801A,คณะวิทยาศาสตร์และเทคโนโลยี,ค.บ. ฟิสิกส์,,,0,8,41,8,74.1000,70.5000
มหาวิทยาลัยราชภัฏสงขลา,สงขลา,21640104610201A,คณะวิทยาการจัดการ,บธ.บ. การจัดการ,เกณฑ์การคัดเลือกรูปแบบที่ 1,,0,35,84,35,59.2164,35.2000
มหาวิทยาลัยราชภัฏสงขลา,สงขลา,21640104610201A,คณะวิทยาการจัดการ,บธ.บ. การจัดการ,เกณฑ์การคัดเลือกรูปแบบที่ 2,,0,15,124,15,89.5000,76.2500
มหาวิทยาลัยราชภัฏสงขลา,สงขลา,21640104610301A,คณะวิทยาการจัดการ,กจ.บ. ผู้ประกอบการท้องถิ่น,,,0,5,64,5,87.7500,68.2500
มหาวิทยาลัยราชภัฏสงขลา,สงขลา,21640104610401A,คณะวิทยาการจัดการ,บธ.บ. การบริหารทรัพยากรมนุษย์,,,0,55,132,54,95.5000,52.7500
มหาวิทยาลัยราชภัฏสงขลา,สงขลา,21640104610501A,คณะวิทยาการจัดการ,บช.บ. การบัญชี,,,0,50,337,51,98.0000,82.0000
มหาวิทยาลัยราชภัฏสงขลา,สงขลา,21640104610601A,คณะวิทยาการจัดการ,บธ.บ. การตลาด,,,0,10,205,10,91.7500,84.0000
มหาวิทยาลัยราชภัฏสงขลา,สงขลา,21640104610701A,คณะวิทยาการจัดการ,บธ.บ. คอมพิวเตอร์ธุรกิจ,เกณฑ์การคัดเลือกรูปแบบที่ 1,,0,36,94,36,91.7500,43.0000
มหาวิทยาลัยราชภัฏสงขลา,สงขลา,21640104610701A,คณะวิทยาการจัดการ,บธ.บ. คอมพิวเตอร์ธุรกิจ,เกณฑ์การคัดเลือกรูปแบบที่ 2,,0,15,38,8,84.7500,51.5000
มหาวิทยาลัยราชภัฏสงขลา,สงขลา,21640104611101A,คณะวิทยาการจัดการ,ศ.บ. พัฒนาธุรกิจ,,,0,10,50,10,52.7828,14.4000
มหาวิทยาลัยราชภัฏสงขลา,สงขลา,21640104620101A,คณะวิทยาการจัดการ,กจ.บ. การจัดการอุตสาหกรรมท่องเที่ยว,,,0,45,185,45,96.7500,64.7500
มหาวิทยาลัยราชภัฏสงขลา,สงขลา,21640104901101A,คณะวิทยาการจัดการ,นศ.บ. นิเทศศาสตร์,,,0,31,123,31,91.0000,61.5000
มหาวิทยาลัยราชภัฏสงขลา,สงขลา,21640105500201A,คณะเทคโนโลยีการเกษตร,วท.บ. เกษตรศาสตร์,,เกษตรศาสตร์,0,2,23,2,73.7500,72.0000
มหาวิทยาลัยราชภัฏสงขลา,สงขลา,21640105500301A,คณะเทคโนโลยีการเกษตร,ทล.บ. นวัตกรรมอาหารและการจัดการ ธุรกิจ (หลักสูตรสหวิทยาการ),,นวัตกรรมอาหารและการ จัดการธุรกิจ (หลักสูตรสห วิทยาการ),0,13,26,8,91.2500,0.0000
มหาวิทยาลัยราชภัฏสงขลา,สงขลา,21640105500302A,คณะเทคโนโลยีการเกษตร,วท.บ. เทคโนโลยีอุตสาหกรรมอาหาร,,เทคโนโลยีอุตสาหกรรม อาหาร,0,3,26,3,88.0000,51.5000
มหาวิทยาลัยราชภัฏสงขลา,สงขลา,21640105501201A,คณะเทคโนโลยีการเกษตร,ทล.บ. เทคโนโลยีการผลิตสัตว์,,,0,4,39,4,91.0000,76.5000
มหาวิทยาลัยราชภัฏสงขลา,สงขลา,21640105501202A,คณะเทคโนโลยีการเกษตร,วท.บ. เทคโนโลยีการผลิตสัตว์น้ า,,เทคโนโลยีการผลิตสัตว์น้ า,0,9,29,10,82.7500,0.0000
มหาวิทยาลัยราชภัฏสงขลา,สงขลา,21640105501301A,คณะเทคโนโลยีการเกษตร,ทล.บ. เทคโนโลยีการผลิตพืช,,,0,4,32,4,89.5000,71.0000
มหาวิทยาลัยราชภัฏสงขลา,สงขลา,21640106702501A,คณะศิลปกรรมศาสตร์,ค.บ. นาฏศิลป์ศึกษา,,,0,10,28,10,80.6000,46.4000
มหาวิทยาลัยราชภัฏสงขลา,สงขลา,21640106800101A,คณะศิลปกรรมศาสตร์,ศป.บ. การออกแบบ,,,0,18,60,18,93.5000,44.7500
มหาวิทยาลัยราชภัฏสงขลา,สงขลา,21640106800201A,คณะศิลปกรรมศาสตร์,ศป.บ. ดนตรีไทยและดนตรีพื้นบ้าน,,,0,12,4,1,47.0000,47.0000
มหาวิทยาลัยราชภัฏสงขลา,สงขลา,21640106800301A,คณะศิลปกรรมศาสตร์,ศป.บ. ทัศนศิลป์,,,0,19,37,15,57.3000,0.0000
มหาวิทยาลัยราชภัฏสงขลา,สงขลา,21640107212201A,คณะเทคโนโลยีอุตสาหกรรม,ทล.บ. เทคโนโลยีอุตสาหการ,,,0,4,35,4,92.5000,78.5000
มหาวิทยาลัยราชภัฏสงขลา,สงขลา,21640107212202A,คณะเทคโนโลยีอุตสาหกรรม,อส.บ. เทคโนโลยีการผลิต,,,0,32,47,29,84.2500,38.7500
มหาวิทยาลัยราชภัฏสงขลา,สงขลา,21640107302401A,คณะเทคโนโลยีอุตสาหกรรม,วศ.บ. วิศวกรรมโลจิสติกส์,,,0,10,131,11,92.2500,83.7500
มหาวิทยาลัยสวนดุสิต,หลัก,11650101112101A,คณะวิทยาศาสตร์และเทคโนโลยี,หลักสูตรวิทยาศาสตรบัณฑิต สาขาวิชา วิทยาศาสตร์การแพทย์,,,0,30,45,17,36.7622,26.7032
มหาวิทยาลัยสวนดุสิต,หลัก,11650101112701A,คณะวิทยาศาสตร์และเทคโนโลยี,หลักสูตรวิทยาศาสตรบัณฑิต สาขาวิชาอา ชีวอนามัยและความปลอดภัย,,,0,30,115,30,55.7438,46.3610
มหาวิทยาลัยสวนดุสิต,หลัก,11650101112702A,คณะวิทยาศาสตร์และเทคโนโลยี,หลักสูตรวิทยาศาสตรบัณฑิต สาขาวิชา อนามัยสิ่งแวดล้อมและสาธารณภัย,,,0,30,48,26,68.4138,44.9161
มหาวิทยาลัยสวนดุสิต,หลัก,11650101211201A,คณะวิทยาศาสตร์และเทคโนโลยี,หลักสูตรวิทยาศาสตรบัณฑิต สาขาวิชา อุตสาหกรรมชีวภาพเพื่อธุรกิจ,,,0,40,19,5,43.8444,38.7254
มหาวิทยาลัยสวนดุสิต,หลัก,11650101220101A,คณะวิทยาศาสตร์และเทคโนโลยี,หลักสูตรเทคโนโลยีบัณฑิต สาขาวิชา เทคโนโลยีสารสนเทศ,,,0,50,417,52,98.7500,80.7500
มหาวิทยาลัยสวนดุสิต,หลัก,11650101220201A,คณะวิทยาศาสตร์และเทคโนโลยี,หลักสูตรวิทยาศาสตรบัณฑิต สาขาวิชา วิทยาการคอมพิวเตอร์,,,0,50,19,7,50.6458,41.6180
มหาวิทยาลัยสวนดุสิต,หลัก,11650101220202A,คณะวิทยาศาสตร์และเทคโนโลยี,หลักสูตรวิทยาศาสตรบัณฑิต สาขาวิชา ความมั่นคงปลอดภัยไซเบอร์,มัธยมศึกษาตอนปลาย,,1002,20,18,9,41.8193,28.6318
มหาวิทยาลัยสวนดุสิต,หลัก,11650101220202A,คณะวิทยาศาสตร์และเทคโนโลยี,หลักสูตรวิทยาศาสตรบัณฑิต สาขาวิชา ความมั่นคงปลอดภัยไซเบอร์,ประกาศนียบัตรวิชาชีพ (ปวช.),,1002,20,2,0,0.0000,0.0000
มหาวิทยาลัยสวนดุสิต,หลัก,11650101703801A,คณะวิทยาศาสตร์และเทคโนโลยี,หลักสูตรศึกษาศาสตรบัณฑิต สาขาวิชา วิทยาศาสตร์ทั่วไป,,,0,20,83,20,71.5083,62.1331
มหาวิทยาลัยสวนดุสิต,หลัก,11650102700201A,คณะครุศาสตร์,หลักสูตรศึกษาศาสตรบัณฑิต สาขาวิชา การประถมศึกษา,,,0,25,173,25,70.3665,60.3028
มหาวิทยาลัยสวนดุสิต,หลัก,11650102700601A,คณะครุศาสตร์,หลักสูตรศึกษาศาสตรบัณฑิต สาขาวิชา การศึกษาปฐมวยั,,,0,9,126,9,66.7914,58.8332
มหาวิทยาลัยสวนดุสิต,หลัก,11650103800101A,คณะมนุษยศาสตร์และสังคมศาสตร์,หลักสูตรศิลปศาสตรบัณฑิต สาขาวิชาการ ออกแบบศิลปะสรา้ งสรรค์ด้วย ปัญญาประดิษฐ์,,,0,40,13,5,65.9653,46.2638
มหาวิทยาลัยสวนดุสิต,หลัก,11650103900101A,คณะมนุษยศาสตร์และสังคมศาสตร์,หลักสูตรศิลปศาสตรบัณฑิต สาขาวิชา ภาษาและการสื่อสาร,,,0,40,200,40,71.9583,62.0305
มหาวิทยาลัยสวนดุสิต,หลัก,11650103900701A,คณะมนุษยศาสตร์และสังคมศาสตร์,หลักสูตรศิลปศาสตรบัณฑิต สาขาวิชา จิตวิทยาอุตสาหกรรมและองค์การ,,,0,60,269,60,70.7582,55.5331
มหาวิทยาลัยสวนดุสิต,หลัก,11650103901801A,คณะมนุษยศาสตร์และสังคมศาสตร์,หลักสูตรศิลปศาสตรบัณฑิต สาขาวิชา ภาษาจีนเพื่องานบริการ,,,0,30,96,30,65.5110,55.1250
มหาวิทยาลัยสวนดุสิต,หลัก,11650103902001A,คณะมนุษยศาสตร์และสังคมศาสตร์,หลักสูตรศิลปศาสตรบัณฑิต สาขาวิชา ภาษาและวัฒนธรรมไทย,,,0,30,90,30,60.2500,43.1250
มหาวิทยาลัยสวนดุสิต,หลัก,11650103902501A,คณะมนุษยศาสตร์และสังคมศาสตร์,หลักสูตรศิลปศาสตรบัณฑิต สาขาวิชา ภาษาอังกฤษเพื่อการสื่อสาร,,,0,40,414,40,77.8328,58.6664
มหาวิทยาลัยสวนดุสิต,หลัก,11650103902502A,คณะมนุษยศาสตร์และสังคมศาสตร์,หลักสูตรศิลปศาสตรบัณฑิต สาขาวิชา ภาษาอังกฤษและภาษาเกาหลีเพื่อการ สื่อสารข้ามวัฒนธรรม,,,0,50,149,50,59.7915,45.2430
มหาวิทยาลัยสวนดุสิต,หลัก,11650106610201A,คณะวิทยาการจัดการ,หลักสูตรการจัดการบัณฑิต,,,0,50,466,50,79.2080,62.3190
มหาวิทยาลัยสวนดุสิต,หลัก,11650106610501A,คณะวิทยาการจัดการ,หลักสูตรบัญชีบัณฑิต,,,0,80,791,80,88.1164,78.5415
มหาวิทยาลัยสวนดุสิต,หลัก,11650106610601A,คณะวิทยาการจัดการ,หลักสูตรบริหารธุรกิจบัณฑิต สาขาวิชา การตลาดและการสรา้ งแบรนด์บุคคล,,,0,80,821,80,90.4832,78.1054
มหาวิทยาลัยสวนดุสิต,หลัก,11650106610801A,คณะวิทยาการจัดการ,หลักสูตรบริหารธุรกิจบัณฑิต สาขาวิชา ธุรกิจระหวา่ งประเทศ ธุรกิจจีน-อาเซียน (แผนการเรียนที่ 1),,,0,30,218,30,63.6499,51.7916
มหาวิทยาลัยสวนดุสิต,หลัก,11650106610802A,คณะวิทยาการจัดการ,หลักสูตรบริหารธุรกิจบัณฑิต สาขาวิชา เลขานุการทางการแพทย์,,,0,30,181,30,78.4583,64.3333
มหาวิทยาลัยสวนดุสิต,หลัก,11650106610803A,คณะวิทยาการจัดการ,หลักสูตรบริหารธุรกิจบัณฑิต สาขาวิชา ธุรกิจสรา้ งสรรค์และเทคโนโลยีดิจิทัล,,,0,40,440,40,72.5555,61.7500
มหาวิทยาลัยสวนดุสิต,หลัก,11650106610804A,คณะวิทยาการจัดการ,หลักสูตรบริหารธุรกิจบัณฑิต สาขาวิชา บริหารธุรกิจ,,,0,150,759,150,82.3164,64.8608
มหาวิทยาลัยสวนดุสิต,หลัก,11650106610805A,คณะวิทยาการจัดการ,หลักสูตรบริหารธุรกิจบัณฑิต สาขาวิชา ธุรกิจระหวา่ งประเทศ ธุรกิจจีน-อาเซียน (แผนการเรียนที่ 2),,,0,30,77,30,64.6333,41.1916
มหาวิทยาลัยสวนดุสิต,หลัก,11650106610806A,คณะวิทยาการจัดการ,หลักสูตรบริหารธุรกิจบัณฑิต สาขาวิชา การจัดการธุรกิจบันเทิง,มัธยมศึกษาตอนปลาย หรือเทียบเท่า,,1001,30,80,21,70.9165,53.5555
มหาวิทยาลัยสวนดุสิต,หลัก,11650106610806A,คณะวิทยาการจัดการ,หลักสูตรบริหารธุรกิจบัณฑิต สาขาวิชา การจัดการธุรกิจบันเทิง,ประกาศนียบัตรวิชาชีพ (ปวช.),,1001,30,2,0,0.0000,0.0000
มหาวิทยาลัยสวนดุสิต,หลัก,11650106901101A,คณะวิทยาการจัดการ,หลักสูตรนิเทศศาสตรบัณฑิต สาขาวิชา นิเทศศาสตร์นวัตกรรมและการเป็น ผู้ประกอบการธุรกิจ,,,0,70,365,70,78.7635,64.5000
มหาวิทยาลัยสวนดุสิต,หลัก,11650106901102A,คณะวิทยาการจัดการ,หลักสูตรนิเทศศาสตรบัณฑิต สาขาวิชา การสื่อสารดิจิทัลและการสรา้ งสรรค์คอน เทนต์,,,0,50,796,50,80.4305,69.2915
มหาวิทยาลัยสวนดุสิต,หลัก,11650110111801A,โรงเรียนการเรือน,หลักสูตรวิทยาศาสตรบัณฑิต สาขาวิชา โภชนาการและการประกอบอาหารเพื่อ สุขภาพและการชะลอวยั,,,0,40,86,32,54.5666,31.5831
มหาวิทยาลัยสวนดุสิต,หลัก,11650110211001A,โรงเรียนการเรือน,หลักสูตรวิทยาศาสตรบัณฑิต สาขาวิชา นวัตกรรมเทคโนโลยีเพื่อผู้ประกอบการ อาหาร,,,0,40,131,40,74.8541,45.8290
มหาวิทยาลัยสวนดุสิต,หลัก,11650110211002A,โรงเรียนการเรือน,หลักสูตรวิทยาศาสตรบัณฑิต สาขาวิชา เทคโนโลยีการประกอบอาหารและการ บริการ,,,0,30,181,30,70.6089,45.4964
มหาวิทยาลัยสวนดุสิต,หลัก,11650110500301A,โรงเรียนการเรือน,หลักสูตรศิลปศาสตรบัณฑิต สาขาวิชาค หกรรมศาสตร์,,,0,30,146,30,61.1426,44.5132
มหาวิทยาลัยสวนดุสิต,หลัก,11650111620101A,โรงเรียนการท่องเที่ยวและ การบริการ,หลักสูตรศิลปศาสตรบัณฑิต สาขาวิชา ผู้ประกอบการธุรกิจบริการและการ ท่องเที่ยว,,,0,30,440,30,88.7332,76.5332
มหาวิทยาลัยสวนดุสิต,หลัก,11650111620102A,โรงเรียนการท่องเที่ยวและ การบริการ,หลักสูตรศิลปศาสตรบัณฑิต สาขาวิชาสห วิทยาการการท่องเที่ยว,,,0,30,226,30,90.8000,76.0000
มหาวิทยาลัยสวนดุสิต,หลัก,11650111620103A,โรงเรียนการท่องเที่ยวและ การบริการ,หลักสูตรศิลปศาสตรบัณฑิต สาขาวิชา ธุรกิจการโรงแรม,,,0,60,365,60,89.0666,74.7332
มหาวิทยาลัยสวนดุสิต,หลัก,11650111620104A,โรงเรียนการท่องเที่ยวและ การบริการ,หลักสูตรศิลปศาสตรบัณฑิต สาขาวิชาการ จัดการไมซ์และอีเวนต์,,,0,20,255,20,90.9332,77.8000
มหาวิทยาลัยสวนดุสิต,หลัก,11650111620201A,โรงเรียนการท่องเที่ยวและ การบริการ,หลักสูตรศิลปศาสตรบัณฑิต สาขาวิชา ธุรกิจการบิน,,,0,40,275,40,93.2666,77.6000
มหาวิทยาลัยสวนดุสิต,หลัก,11650113901001A,โรงเรียนกฎหมายและการเมือง,หลักสูตรนิติศาสตรบัณฑิต,,,0,20,438,20,72.7916,63.9746
มหาวิทยาลัยสวนดุสิต,หลัก,11650113903101A,โรงเรียนกฎหมายและการเมือง,หลักสูตรรัฐประศาสนศาสตรบัณฑิต,,,0,20,206,20,64.2830,57.2162
มหาวิทยาลัยสวนดุสิต,หลัก,11650113903201A,โรงเรียนกฎหมายและการเมือง,หลักสูตรรัฐศาสตรบัณฑิต,,,0,20,204,20,68.1578,59.0082
มหาวิทยาลัยสวนดุสิต,สุพรรณบุรี,11650201213501A,คณะวิทยาศาสตร์และเทคโนโลยี,หลักสูตรวิทยาศาสตรบัณฑิต สาขาวิชา วิทยาศาสตร์เครื่องสำอาง,,,0,30,39,23,60.8332,42.8632
มหาวิทยาลัยสวนดุสิต,สุพรรณบุรี,11650202700201A,คณะครุศาสตร์,หลักสูตรศึกษาศาสตรบัณฑิต สาขาวิชา การประถมศึกษา,,,0,5,24,5,66.3750,55.3110
มหาวิทยาลัยสวนดุสิต,สุพรรณบุรี,11650202700601A,คณะครุศาสตร์,หลักสูตรศึกษาศาสตรบัณฑิต สาขาวิชา การศึกษาปฐมวยั,,,0,5,15,5,57.6333,46.0750
มหาวิทยาลัยสวนดุสิต,สุพรรณบุรี,11650210211002A,โรงเรียนการเรือน,หลักสูตรวิทยาศาสตรบัณฑิต สาขาวิชา เทคโนโลยีการประกอบอาหารและการ บริการ,,,0,30,10,2,44.2289,19.1875
มหาวิทยาลัยสวนดุสิต,สุพรรณบุรี,11650210500301A,โรงเรียนการเรือน,หลักสูตรศิลปศาสตรบัณฑิต สาขาวิชาค หกรรมศาสตร์,,,0,20,6,1,50.0102,50.0102
มหาวิทยาลัยสวนดุสิต,นครนายก,11650302700201A,คณะครุศาสตร์,หลักสูตรศึกษาศาสตรบัณฑิต สาขาวิชา การประถมศึกษา,,,0,10,63,10,64.2970,55.9180
มหาวิทยาลัยสวนดุสิต,นครนายก,11650302700601A,คณะครุศาสตร์,หลักสูตรศึกษาศาสตรบัณฑิต สาขาวิชา การศึกษาปฐมวยั,,,0,13,32,13,57.7249,43.8414
มหาวิทยาลัยสวนดุสิต,ตรงั,11650406610201A,คณะวิทยาการจัดการ,หลักสูตรการจัดการบัณฑิต กลุ่มวิชาการ จัดการธุรกิจอาหาร,,,0,20,10,3,64.0830,51.4165
มหาวิทยาลัยสวนดุสิต,ตรงั,11650410211002A,โรงเรียนการเรือน,หลักสูตรวิทยาศาสตรบัณฑิต สาขาวิชา เทคโนโลยีการประกอบอาหารและการ บริการ,,,0,30,1,0,0.0000,0.0000
มหาวิทยาลัยสวนดุสิต,ลำปาง,11650502700201A,คณะครุศาสตร์,หลักสูตรศึกษาศาสตรบัณฑิต สาขาวิชา การประถมศึกษา,,,0,5,17,5,59.5208,52.9388
มหาวิทยาลัยสวนดุสิต,ลำปาง,11650502700601A,คณะครุศาสตร์,หลักสูตรศึกษาศาสตรบัณฑิต สาขาวิชา การศึกษาปฐมวยั,,,0,15,15,4,52.6499,47.0248
มหาวิทยาลัยสวนดุสิต,ลำปาง,11650510211002A,โรงเรียนการเรือน,หลักสูตรวิทยาศาสตรบัณฑิต สาขาวิชา เทคโนโลยีการประกอบอาหารและการ บริการ,,,0,30,10,3,52.9491,17.8125
มหาวิทยาลัยสวนดุสิต,ลำปาง,11650511620201A,โรงเรียนการท่องเที่ยวและ การบริการ,หลักสูตรศิลปศาสตรบัณฑิต สาขาวิชา ธุรกิจการบิน,,,0,20,20,5,74.7332,51.8000
มหาวิทยาลัยสวนดุสิต,หัวหิน,11650611620201A,โรงเรียนการท่องเที่ยวและ การบริการ,หลักสูตรศิลปศาสตรบัณฑิต สาขาวิชา ธุรกิจการบิน,,,0,20,62,20,85.2666,54.7332
มหาวิทยาลัยราชภัฏสวนสุนันทา,หลัก,21660101700201A,คณะครุศาสตร์,ค.บ.ประถมศึกษา,,,0,30,"1,519",30,84.4666,80.0860
มหาวิทยาลัยราชภัฏสวนสุนันทา,หลัก,21660101700601A,คณะครุศาสตร์,ค.บ.การศึกษาปฐมวยั,,,0,9,738,9,83.2500,81.2194
มหาวิทยาลัยราชภัฏสวนสุนันทา,หลัก,21660101700801A,คณะครุศาสตร์,ค.บ.คณิตศาสตร์,,,0,9,406,9,87.3638,84.9944
มหาวิทยาลัยราชภัฏสวนสุนันทา,หลัก,21660101701501A,คณะครุศาสตร์,ค.บ.เทคโนโลยีดิจิทัลเพื่อการศึกษา,,,0,30,175,30,80.8860,72.9054
มหาวิทยาลัยราชภัฏสวนสุนันทา,หลัก,21660101702001A,คณะครุศาสตร์,ค.บ.ภาษาไทย,,,0,9,560,9,84.2776,83.1722
มหาวิทยาลัยราชภัฏสวนสุนันทา,หลัก,21660101702002A,คณะครุศาสตร์,ค.บ.ภาษาอังกฤษ,,,0,9,325,9,88.0138,84.0944
มหาวิทยาลัยราชภัฏสวนสุนันทา,หลัก,21660101702701A,คณะครุศาสตร์,ค.บ.สังคมศึกษา,,,0,9,384,9,82.4944,80.3832
มหาวิทยาลัยราชภัฏสวนสุนันทา,หลัก,21660101703801A,คณะครุศาสตร์,ค.บ.วิทยาศาสตร์ทั่วไป,,,0,20,179,20,85.9472,78.9360
มหาวิทยาลัยราชภัฏสวนสุนันทา,หลัก,21660102112702A,คณะวิทยาศาสตร์และเทคโนโลยี,วท.บ.นิติวิทยาศาสตร์,,,0,50,442,51,99.0000,90.0000
มหาวิทยาลัยราชภัฏสวนสุนันทา,หลัก,21660102210402A,คณะวิทยาศาสตร์และเทคโนโลยี,วท.บ.วิทยาศาสตร์และนวัตกรรม (เคมี),,,0,30,60,26,91.2500,54.8750
มหาวิทยาลัยราชภัฏสวนสุนันทา,หลัก,21660102210702A,คณะวิทยาศาสตร์และเทคโนโลยี,วท.บ.ชีววิทยา,,,0,40,107,40,98.6250,70.1250
มหาวิทยาลัยราชภัฏสวนสุนันทา,หลัก,21660102211001A,คณะวิทยาศาสตร์และเทคโนโลยี,วท.บ.วิทยาศาสตร์และเทคโนโลยีการ อาหาร,,,0,40,125,40,96.6250,65.2500
มหาวิทยาลัยราชภัฏสวนสุนันทา,หลัก,21660102211002A,คณะวิทยาศาสตร์และเทคโนโลยี,วท.บ.นวัตกรรมอาหารและเชฟมืออาชีพ,,,0,40,123,40,97.8750,68.1250
มหาวิทยาลัยราชภัฏสวนสุนันทา,หลัก,21660102213102A,คณะวิทยาศาสตร์และเทคโนโลยี,วท.บ.วิทยาศาสตร์และเทคโนโลียสิ่งแวดล้อม,,,0,40,79,29,97.2500,54.8750
มหาวิทยาลัยราชภัฏสวนสุนันทา,หลัก,21660102220102A,คณะวิทยาศาสตร์และเทคโนโลยี,วท.บ.เทคโนโลยีสารสนเทศ,,,0,70,155,70,98.2500,53.0000
มหาวิทยาลัยราชภัฏสวนสุนันทา,หลัก,21660102220202A,คณะวิทยาศาสตร์และเทคโนโลยี,วท.บ.วิทยาการคอมพิวเตอร์และนวัตกรรมข้อมูล(วิทยาการคอมพิวเตอร์),,,0,70,276,70,98.8750,79.2500
มหาวิทยาลัยราชภัฏสวนสุนันทา,หลัก,21660102500302A,คณะวิทยาศาสตร์และเทคโนโลยี,วท.บ.คหกรรมศาสตร์,,,0,80,112,48,94.3750,55.8750
มหาวิทยาลัยราชภัฏสวนสุนันทา,หลัก,21660102900819A,คณะวิทยาศาสตร์และเทคโนโลยี,สท.บ.การจัดการนวัตกรรมดิจิทัลและคอน เทนท์(การจัดการนวัตกรรมดิจิทัล),,,0,50,97,32,97.2500,38.7500
มหาวิทยาลัยราชภัฏสวนสุนันทา,หลัก,21660102900820A,คณะวิทยาศาสตร์และเทคโนโลยี,สท.บ.การจัดการนวัตกรรมดิจิทัลและคอน เทนท์(การจัดการดิจิทัลคอนเทนท)์,,,0,50,129,50,95.2500,62.2500
มหาวิทยาลัยราชภัฏสวนสุนันทา,หลัก,21660103610107A,คณะวิทยาการจัดการ,บธ.บ.บริหารธุรกิจ(การเงินการธนาคาร),,,0,60,193,60,97.1250,70.5000
มหาวิทยาลัยราชภัฏสวนสุนันทา,หลัก,21660103610207A,คณะวิทยาการจัดการ,บธ.บ.บริหารธุรกิจ(การจัดการธุรกิจบริการ),,,0,80,280,80,93.8750,70.2500
มหาวิทยาลัยราชภัฏสวนสุนันทา,หลัก,21660103610307A,คณะวิทยาการจัดการ,บธ.บ.บริหารธุรกิจ(การประกอบการธุรกิจ),,,0,80,202,79,95.1250,45.1250
มหาวิทยาลัยราชภัฏสวนสุนันทา,หลัก,21660103610407A,คณะวิทยาการจัดการ,บธ.บ.บริหารธุรกิจ(การบริหารทรัพยากร มนุษย)์,,,0,80,170,66,99.3750,49.8750
มหาวิทยาลัยราชภัฏสวนสุนันทา,หลัก,21660103610508A,คณะวิทยาการจัดการ,บช.บ.บัญชี,,,0,100,595,102,99.6250,89.3750
มหาวิทยาลัยราชภัฏสวนสุนันทา,หลัก,21660103610607A,คณะวิทยาการจัดการ,บธ.บ.บริหารธุรกิจ(การตลาด),,,0,100,484,100,98.1250,83.0000
มหาวิทยาลัยราชภัฏสวนสุนันทา,หลัก,21660103610807A,คณะวิทยาการจัดการ,บธ.บ.บริหารธุรกิจ(ธุรกิจระหวา่ งประเทศ),,,0,100,338,100,99.1250,75.7500
มหาวิทยาลัยราชภัฏสวนสุนันทา,หลัก,21660103611118A,คณะวิทยาการจัดการ,ศ.บ.เศรษฐศาสตร์ธุรกิจ,,,0,40,98,40,97.2500,64.6250
มหาวิทยาลัยราชภัฏสวนสุนันทา,หลัก,21660104901803A,คณะมนุษยศาสตร์และสังคมศาสตร์,ศศ.บ.ภาษาจีน,,,0,30,364,30,99.7500,96.6250
มหาวิทยาลัยราชภัฏสวนสุนันทา,หลัก,21660104901903A,คณะมนุษยศาสตร์และสังคมศาสตร์,ศศ.บ.ภาษาญี่ปุ่น,,,0,30,206,31,99.5000,91.7500
มหาวิทยาลัยราชภัฏสวนสุนันทา,หลัก,21660104902003A,คณะมนุษยศาสตร์และสังคมศาสตร์,ศศ.บ.ภาษาไทย,,,0,40,230,40,98.8750,87.1250
มหาวิทยาลัยราชภัฏสวนสุนันทา,หลัก,21660104902503A,คณะมนุษยศาสตร์และสังคมศาสตร์,ศศ.บ.ภาษาอังกฤษ,,,0,30,507,30,98.7500,94.6250
มหาวิทยาลัยราชภัฏสวนสุนันทา,หลัก,21660104902504A,คณะมนุษยศาสตร์และสังคมศาสตร์,ศศ.บ.ภาษาอังกฤษธุรกิจ,,,0,100,260,100,99.3750,74.3750
มหาวิทยาลัยราชภัฏสวนสุนันทา,หลัก,21660104903002A,คณะมนุษยศาสตร์และสังคมศาสตร์,วท.บ.ภูมิศาสตร์และภูมิสารสนเทศ,,,0,30,48,21,89.6250,56.2500
มหาวิทยาลัยราชภัฏสวนสุนันทา,หลัก,21660104904203A,คณะมนุษยศาสตร์และสังคมศาสตร์,ศศ.บ.การจัดการพัฒนาสังคมและ วัฒนธรรม(การจัดการพัฒนาสังคม),,,0,50,157,50,95.6250,75.3750
มหาวิทยาลัยราชภัฏสวนสุนันทา,หลัก,21660105112702A,คณะวิศวกรรมศาสตร์และเทคโนโลยีอุตสาหกรรม,วท.บ.เทคโนโลยีความปลอดภัยและอาชี วอนามัย,,,0,70,293,70,98.6250,86.2500
มหาวิทยาลัยราชภัฏสวนสุนันทา,หลัก,21660105211502A,คณะวิศวกรรมศาสตร์และเทคโนโลยีอุตสาหกรรม,วท.บ.เทคโนโลยีไฟฟ้า,,,0,50,131,50,96.2500,66.0000
มหาวิทยาลัยราชภัฏสวนสุนันทา,หลัก,21660105211602A,คณะวิศวกรรมศาสตร์และเทคโนโลยีอุตสาหกรรม,วท.บ.การออกแบบกราฟิกและมัลติมีเดีย,,,0,45,150,45,97.5000,80.0000
มหาวิทยาลัยราชภัฏสวนสุนันทา,หลัก,21660105212103A,คณะวิศวกรรมศาสตร์และเทคโนโลยีอุตสาหกรรม,วท.บ.การจัดการอสังหาริมทรัพย์และทรัพยากรอาคาร,,,0,40,51,18,98.0000,51.3750
มหาวิทยาลัยราชภัฏสวนสุนันทา,หลัก,21660105300016A,คณะวิศวกรรมศาสตร์และเทคโนโลยีอุตสาหกรรม,วศ.บ.การจัดการวิศวกรรม,,,0,40,98,38,91.8750,49.5000
มหาวิทยาลัยราชภัฏสวนสุนันทา,หลัก,21660105300516A,คณะวิศวกรรมศาสตร์และเทคโนโลยีอุตสาหกรรม,วศ.บ.วิศวกรรมคอมพิวเตอร์,,,0,80,243,81,98.1250,78.1250
มหาวิทยาลัยราชภัฏสวนสุนันทา,หลัก,21660105302916A,คณะวิศวกรรมศาสตร์และเทคโนโลยีอุตสาหกรรม,วศ.บ.วิศวกรรมหุ่นยนต์,,,0,40,46,13,95.8750,63.7500
มหาวิทยาลัยราชภัฏสวนสุนันทา,หลัก,21660105800121A,คณะวิศวกรรมศาสตร์และเทคโนโลยีอุตสาหกรรม,อบ.บ.การออกแบบผลิตภัณฑ์และบรรุจภัณฑ์,,,0,40,63,20,95.1250,50.8750
มหาวิทยาลัยราชภัฏสวนสุนันทา,หลัก,21660105800122A,คณะวิศวกรรมศาสตร์และเทคโนโลยีอุตสาหกรรม,อบ.บ.การออกแบบนิทรรศการและอินเมชั่นสามมิติ,,,0,40,68,16,89.3750,59.1250
มหาวิทยาลัยราชภัฏสวนสุนันทา,หลัก,21660106800106A,คณะศิลปกรรมศาสตร์,ศป.บ.การออกแบบนิเทศศิลป์,,,0,30,206,30,97.8750,85.3750
มหาวิทยาลัยราชภัฏสวนสุนันทา,หลัก,21660106800107A,คณะศิลปกรรมศาสตร์,ศป.บ.การออกแบบแฟชั่นและสินค้าไล์ฟสไตล์(การออกแบบแฟชั่น),,,0,40,144,40,97.3750,79.3750
มหาวิทยาลัยราชภัฏสวนสุนันทา,หลัก,21660106800108A,คณะศิลปกรรมศาสตร์,ศป.บ.การออกแบบแฟชั่นและสินค้าไล์ฟสไตล์(การออกแบบสินค้าไลฟ์สไตล์),,,0,30,50,18,92.3750,54.0000
มหาวิทยาลัยราชภัฏสวนสุนันทา,หลัก,21660106800109A,คณะศิลปกรรมศาสตร์,ศป.บ.การออกแบบและนวัตกรรมดิจิทัล,,,0,35,78,30,97.8750,43.5000
มหาวิทยาลัยราชภัฏสวนสุนันทา,หลัก,21660106800206A,คณะศิลปกรรมศาสตร์,ศป.บ.ดนตรี,,,0,40,84,40,96.1250,76.2500
มหาวิทยาลัยราชภัฏสวนสุนันทา,หลัก,21660106800306A,คณะศิลปกรรมศาสตร์,ศป.บ.จิตรกรรม,,,0,40,110,40,98.2500,76.6250
มหาวิทยาลัยราชภัฏสวนสุนันทา,หลัก,21660106800406A,คณะศิลปกรรมศาสตร์,ศป.บ.ศิลปะการแสดง(นาฏศิลป์ไทย),,,0,30,53,30,97.2500,63.2500
มหาวิทยาลัยราชภัฏสวนสุนันทา,หลัก,21660106800407A,คณะศิลปกรรมศาสตร์,ศป.บ.ศิลปะการแสดง(ศิลปะการละคร และความเป็นผู้ประกอบการสรา้ งสรรค์),,,0,20,179,20,99.7500,93.1250
มหาวิทยาลัยราชภัฏสวนสุนันทา,หลัก,21660109610209A,วิทยาลัยนวัตกรรมและการ จัดการ,บธ.บ.นวัตกรรมการจัดการคุณภาพ,,,0,40,23,7,70.8750,58.6250
มหาวิทยาลัยราชภัฏสวนสุนันทา,หลัก,21660109610210A,วิทยาลัยนวัตกรรมและการ จัดการ,บธ.บ.การจัดการอีสปอร์ตและธุรกิจเกม (ธุรกิจและการจัดการแข่งขันอีสปอร์ต),,,0,100,106,40,98.2500,62.5000
มหาวิทยาลัยราชภัฏสวนสุนันทา,หลัก,21660109610211A,วิทยาลัยนวัตกรรมและการ จัดการ,บธ.บ.การจัดการอีสปอร์ตและธุรกิจเกม (การออกแบบสื่อสรา้ งสรรค์และเกม),,,0,100,72,21,96.2500,55.2500
มหาวิทยาลัยราชภัฏสวนสุนันทา,หลัก,21660109610607A,วิทยาลัยนวัตกรรมและการ จัดการ,บธ.บ.การตลาดดิจิทัล,,,0,80,166,75,98.8750,48.2500
มหาวิทยาลัยราชภัฏสวนสุนันทา,หลัก,21660110400517A,วิทยาลัยสถาปัตยกรรมศาสตร์,สถ.บ.สถาปัตยกรรม,,,0,60,174,60,96.0000,76.1250
มหาวิทยาลัยราชภัฏสวนสุนันทา,หลัก,21660110400717A,วิทยาลัยสถาปัตยกรรมศาสตร์,สถ.บ.สถาปัตยกรรมภายใน,,,0,50,131,50,95.8750,67.3750
มหาวิทยาลัยราชภัฏสวนสุนันทา,หลัก,21660111620103A,วิทยาลัยการจัดการ อุตสาหกรรมบริการ,ศศ.บ.การจัดการอุตสาหกรรมท่องเที่ยว และบริการ,,,0,80,253,80,99.2500,72.7500
มหาวิทยาลัยราชภัฏสวนสุนันทา,หลัก,21660111620103C,วิทยาลัยการจัดการ อุตสาหกรรมบริการ,ศศ.บ.การจัดการการท่องเที่ยว โรงแรม และอีเวนต์,,,0,50,120,50,99.5000,59.6250
มหาวิทยาลัยราชภัฏสวนสุนันทา,หลัก,21660111620104A,วิทยาลัยการจัดการ อุตสาหกรรมบริการ,ศศ.บ.การจัดการโรงแรมและธุรกิจที่พัก,,,0,80,122,49,96.1250,50.8750
มหาวิทยาลัยราชภัฏสวนสุนันทา,หลัก,21660111620203E,วิทยาลัยการจัดการ อุตสาหกรรมบริการ,ศศ.บ.ธุรกิจการบิน,,,0,50,88,44,96.7500,55.3750
มหาวิทยาลัยราชภัฏสวนสุนันทา,หลัก,21660115903110A,วิทยาลัยการเมืองและการ ปกครอง,รป.บ.รัฐประศาสนศาสตร(์การปกครอง ท้องถิ่น),,,0,60,187,60,96.0000,65.5000
มหาวิทยาลัยราชภัฏสวนสุนันทา,หลัก,21660115903112A,วิทยาลัยการเมืองและการ ปกครอง,รป.บ.รัฐประศาสนศาสตร(์การบริหาร ภาครัฐและเอกชน),,,0,80,177,80,99.5000,52.1250
มหาวิทยาลัยราชภัฏสวนสุนันทา,หลัก,21660115903113A,วิทยาลัยการเมืองและการ ปกครอง,รป.บ.การบริหารงานตำรวจ,,,0,180,199,130,97.6250,43.1250
มหาวิทยาลัยราชภัฏสวนสุนันทา,หลัก,21660115903215A,วิทยาลัยการเมืองและการ ปกครอง,ร.บ.รัฐศาสตร์(การเมืองการปกครอง),,,0,150,298,151,96.3750,58.3750
มหาวิทยาลัยราชภัฏสวนสุนันทา,หลัก,21660115903216A,วิทยาลัยการเมืองและการ ปกครอง,ร.บ.รัฐศาสตร์(ความสัมพันธ์ระหวา่ ง ประเทศ),,,0,50,141,50,97.6250,75.3750
มหาวิทยาลัยราชภัฏสวนสุนันทา,หลัก,21660116901011A,คณะนิติศาสตร์,น.บ.นิติศาสตร์,,,0,100,624,100,99.7500,87.7500
มหาวิทยาลัยราชภัฏสวนสุนันทา,ศูนย์การศึกษา จังหวัดระนอง,21661808611007A,วิทยาลัยโลจิสติกส์และซัพ พลายเชน,บธ.บ.การจัดการโลจิสติก์ส(ศูน์ยการศึกษาจังหวัดระนอง),,,0,30,14,9,89.3750,50.5000
มหาวิทยาลัยราชภัฏสวนสุนันทา,ศูนย์การศึกษา จังหวัดระนอง,21661815903215A,วิทยาลัยการเมืองและการ ปกครอง,ร.บ.รัฐศาสตร์(ศูนย์การศึกษาจังหวัดระนอง),,,0,30,6,2,88.7500,68.2500
มหาวิทยาลัยราชภัฏสวนสุนันทา,ศูนย์การศึกษา จังหวัดรอุดรธานี,21662424610207A,ศูนย์การศึกษาจังหวัดรอุดรธานี,บธ.บ.การจัดการการค้า (ศูนย์การศึกษา จังหวัดอุดรธาน)ี,,,0,30,2,2,82.8750,77.1250
มหาวิทยาลัยราชภัฏสวนสุนันทา,ศูนย์การศึกษา จังหวัดรอุดรธานี,21662424611007A,ศูนย์การศึกษาจังหวัดรอุดรธานี,บธ.บ.การจัดการโลจิสติกส์และโซ่อุปทาน (ศูนย์การศึกษาจังหวัดอุดรธาน)ี,,,0,60,8,3,93.8750,64.2500
มหาวิทยาลัยราชภัฏสวนสุนันทา,ศูนย์การศึกษา จังหวัดรอุดรธานี,21662424903215A,ศูนย์การศึกษาจังหวัดรอุดรธานี,ร.บ.รัฐศาสตร์(ศูนย์การศึกษาจังหวัดอุดรธาน)ี,,,0,40,8,5,91.1250,53.5000
มหาวิทยาลัยราชภัฏสวนสุนันทา,วิทยาเขตนครปฐม จังหวัดนครปฐม,21662502112002A,คณะวิทยาศาสตร์และเทคโนโลยี,วท.บ.วิทยาศาสตร์การกีฬาและสุขภาพ (วิทยาเขตนครปฐม),,,0,100,317,101,99.2500,78.6250
มหาวิทยาลัยราชภัฏสวนสุนันทา,วิทยาเขตนครปฐม จังหวัดนครปฐม,21662508610209A,วิทยาลัยโลจิสติกส์และซัพ พลายเชน,บธ.บ.การจัดการซัพพลายเชนธุรกิจ(การ จัดการการขนส่ง) (วิทยาเขตนครปฐม),,,0,50,151,45,98.1250,58.5000
มหาวิทยาลัยราชภัฏสวนสุนันทา,วิทยาเขตนครปฐม จังหวัดนครปฐม,21662508610210A,วิทยาลัยโลจิสติกส์และซัพ พลายเชน,บธ.บ.การจัดการซัพพลายเชนธุรกิจ(การ จัดการขนส่งสินค้าทางอากาศ) (วิทยาเขต นครปฐม),,,0,80,106,42,94.5000,50.7500
มหาวิทยาลัยราชภัฏสวนสุนันทา,วิทยาเขตนครปฐม จังหวัดนครปฐม,21662508610307A,วิทยาลัยโลจิสติกส์และซัพ พลายเชน,บธ.บ.การจัดการซัพพลายเชนธุรกิจ(ธุรกิจ พาณิชยนาวี) (วิทยาเขตนครปฐม),,,0,100,206,100,98.6250,71.0000
มหาวิทยาลัยราชภัฏสวนสุนันทา,วิทยาเขตนครปฐม จังหวัดนครปฐม,21662508611007A,วิทยาลัยโลจิสติกส์และซัพ พลายเชน,บธ.บ.การจัดการโลจิสติก์ส(วิทยาเขต นครปฐม),,,0,100,135,51,96.6250,54.8750
มหาวิทยาลัยราชภัฏสวนสุนันทา,วิทยาเขตนครปฐม จังหวัดนครปฐม,21662508611007E,วิทยาลัยโลจิสติกส์และซัพ พลายเชน,บธ.บ.การจัดการโลจิสติก์ส(หลักสูตร นานาชาติ) (วิทยาเขตนครปฐม),,,0,20,9,4,97.5000,63.5000
มหาวิทยาลัยราชภัฏสวนสุนันทา,วิทยาเขตนครปฐม จังหวัดนครปฐม,21662508611009A,วิทยาลัยโลจิสติกส์และซัพ พลายเชน,บธ.บ.การจัดการโลจิสติกส์สำหรับธุรกิจ ออนไลน์(วิทยาเขตนครปฐม),,,0,30,29,10,89.6250,55.0000
มหาวิทยาลัยราชภัฏสวนสุนันทา,วิทยาเขตนครปฐม จังหวัดนครปฐม,21662511620103A,วิทยาลัยการจัดการ อุตสาหกรรมบริการ,ศศ.บ.การจัดการอุตสาหกรรมท่องเที่ยว และบริการ (วิทยาเขตนครปฐม),,,0,60,35,8,92.6250,60.3750
มหาวิทยาลัยราชภัฏสวนสุนันทา,วิทยาเขตนครปฐม จังหวัดนครปฐม,21662511620103C,วิทยาลัยการจัดการ อุตสาหกรรมบริการ,ศศ.บ.การจัดการการท่องเที่ยว โรงแรม และอีเวน์ต(วิทยาเขตนครปฐม),,,0,50,22,8,93.5000,62.3750
มหาวิทยาลัยราชภัฏสวนสุนันทา,วิทยาเขตนครปฐม จังหวัดนครปฐม,21662511620104A,วิทยาลัยการจัดการ อุตสาหกรรมบริการ,ศศ.บ.การจัดการโรงแรมและธุรกิจที่พัก (วิทยาเขตนครปฐม),,,0,60,25,5,92.7500,51.6250
มหาวิทยาลัยราชภัฏสวนสุนันทา,วิทยาเขตนครปฐม จังหวัดนครปฐม,21662511620203E,วิทยาลัยการจัดการ อุตสาหกรรมบริการ,ศศ.บ.ธุรกิจการบิน(วิทยาเขตนครปฐม),,,0,50,26,9,91.3750,50.1250
มหาวิทยาลัยราชภัฏสวนสุนันทา,วิทยาเขตนครปฐม จังหวัดนครปฐม,21662513900404A,วิทยาลัยนิเทศศาสตร์,นศ.บ.นิเทศศาสตร(์การประชาสัมพัน์ธและการสื่อสารเชิงกลยุทธ์) (วิทยาเขต นครปฐม),,,0,40,32,11,85.2500,62.8750
มหาวิทยาลัยราชภัฏสวนสุนันทา,วิทยาเขตนครปฐม จังหวัดนครปฐม,21662513900604A,วิทยาลัยนิเทศศาสตร์,นศ.บ.นิเทศศาสตร(์การโฆษณาและการ สื่อสารการตลาด) (วิทยาเขตนครปฐม),,,0,70,97,39,98.0000,51.7500
มหาวิทยาลัยราชภัฏสวนสุนันทา,วิทยาเขตนครปฐม จังหวัดนครปฐม,21662513901604A,วิทยาลัยนิเทศศาสตร์,นศ.บ.นิเทศศาสตร(์ภาพยนตร์และสื่อ ดิจิทัล) (วิทยาเขตนครปฐม),,,0,100,363,102,98.6250,82.1250
มหาวิทยาลัยราชภัฏสวนสุนันทา,วิทยาเขตนครปฐม จังหวัดนครปฐม,21662513903404A,วิทยาลัยนิเทศศาสตร์,นศ.บ.นิเทศศาสตร(์การผลิตสื่อดิจิทัลและ สตรีมมิ่งมีเดีย) (วิทยาเขตนครปฐม),,,0,80,88,44,97.5000,54.6250
มหาวิทยาลัยราชภัฏสวนสุนันทา,วิทยาเขตนครปฐม จังหวัดนครปฐม,21662513903804A,วิทยาลัยนิเทศศาสตร์,นศ.บ.นิเทศศาสตร(์การสรา้ งสรรค์เนื้อหา และงานข่าว) (วิทยาเขตนครปฐม),,,0,30,40,19,98.6250,58.6250
มหาวิทยาลัยราชภัฏสวนสุนันทา,วิทยาเขตนครปฐม จังหวัดนครปฐม,21662515903110A,วิทยาลัยการเมืองและการ ปกครอง,รป.บ.รัฐประศาสนศาสตร(์การปกครอง ท้องถิ่น) (วิทยาเขตนครปฐม),,,0,60,61,11,97.8750,72.6250
มหาวิทยาลัยราชภัฏสวนสุนันทา,วิทยาเขตนครปฐม จังหวัดนครปฐม,21662515903112A,วิทยาลัยการเมืองและการ ปกครอง,รป.บ.รัฐประศาสนศาสตร(์การบริหาร ภาครัฐและเอกชน) (วิทยาเขตนครปฐม),,,0,80,41,11,91.6250,57.7500
มหาวิทยาลัยราชภัฏสวนสุนันทา,วิทยาเขตนครปฐม จังหวัดนครปฐม,21662515903113A,วิทยาลัยการเมืองและการ ปกครอง,รป.บ.การบริหารงานตำรวจ (วิทยาเขต นครปฐม),,,0,50,98,47,98.1250,52.6250
มหาวิทยาลัยราชภัฏสวนสุนันทา,วิทยาเขตนครปฐม จังหวัดนครปฐม,21662515903215A,วิทยาลัยการเมืองและการ ปกครอง,ร.บ.รัฐศาสตร์(การเมืองการปกครอง) (วิทยาเขตนครปฐม),,,0,100,69,25,96.3750,49.6250
มหาวิทยาลัยราชภัฏสวนสุนันทา,วิทยาเขตนครปฐม จังหวัดนครปฐม,21662515903216A,วิทยาลัยการเมืองและการ ปกครอง,ร.บ.รัฐศาสตร์(ความสัมพันธ์ระหวา่ ง ประเทศ) (วิทยาเขตนครปฐม),,,0,50,32,12,88.1250,47.7500
มหาวิทยาลัยราชภัฏสวนสุนันทา,ศูนย์การศึกษา จังหวัดสมุทรสงคราม,21662612111712A,วิทยาลัยพยาบาลและสุขภาพ,พย.บ.พยาบาลศาสตร์(ศูนย์การศึกษา จังหวัดสมุทรสงคราม),,,0,20,57,20,45.2804,32.3847
มหาวิทยาลัยราชภัฏสวนสุนันทา,วิทยาเขต สมุทรสงคราม จังหวัดสมุทรสงคราม,21662614110303A,วิทยาลัยสหเวชศาสตร์,วท.บ.เลขานุการการแพทย์และสาธารณสุข (ศูนย์การศึกษาจังหวัดสมุทรสงคราม),,,0,30,88,30,96.2500,72.6250
มหาวิทยาลัยราชภัฏสวนสุนันทา,วิทยาเขต สมุทรสงคราม จังหวัดสมุทรสงคราม,21662614110805A,วิทยาลัยสหเวชศาสตร์,พทป.บ.การแพทย์แผนไทยประยุก์ต(ศูน์ยการศึกษาจังหวัดสมุทรสงคราม),,,0,50,127,50,98.1250,79.2500
มหาวิทยาลัยราชภัฏสวนสุนันทา,วิทยาเขต สมุทรสงคราม จังหวัดสมุทรสงคราม,21662614111102A,วิทยาลัยสหเวชศาสตร์,วท.บ.วิทยาศาสตร์สุขภาพและความงาม (ศูนย์การศึกษาจังหวัดสมุทรสงคราม),,,0,30,60,30,96.2500,59.1250
มหาวิทยาลัยราชภัฏสวนสุนันทา,วิทยาเขต สมุทรสงคราม จังหวัดสมุทรสงคราม,21662614112514A,วิทยาลัยสหเวชศาสตร์,ส.บ.สาธารณสุขศาสตร์และการส่งเสริมสุขภาพ (ศูนย์การศึกษาจังหวัดสมุทรสงคราม),,,0,50,73,34,######,59.1250
มหาวิทยาลัยราชภัฏสวนสุนันทา,วิทยาเขต สมุทรสงคราม จังหวัดสมุทรสงคราม,21662614112714A,วิทยาลัยสหเวชศาสตร์,ส.บ.สาธารณสุขชุมชน (ศูนย์การศึกษา จังหวัดสมุทรสงคราม),,,0,80,187,80,94.7500,72.1250
มหาวิทยาลัยราชภัฏอุบลราชธานี,วิทยาเขตหลัก,21710101112101A,คณะวิทยาศาสตร์,วท.บ.วิทยาศาสตร์การกีฬาและการออก กำลังกาย,,วิทยาศาสตร์การกีฬาและ การออกกำลังกาย,0,20,142,20,96.0000,83.5000
มหาวิทยาลัยราชภัฏอุบลราชธานี,วิทยาเขตหลัก,21710101210304A,คณะวิทยาศาสตร์,วท.บ.คณิตศาสตร์,,คณิตศาสตร์,0,20,46,18,96.7500,0.0000
มหาวิทยาลัยราชภัฏอุบลราชธานี,วิทยาเขตหลัก,21710101210408A,คณะวิทยาศาสตร์,วท.บ.เคมี,,เคมี,0,15,23,7,94.7500,0.0000
มหาวิทยาลัยราชภัฏอุบลราชธานี,วิทยาเขตหลัก,21710101210505A,คณะวิทยาศาสตร์,วท.บ.จุลชีววิทยา,,จุลชีววิทยา,0,20,44,17,96.7500,70.5000
มหาวิทยาลัยราชภัฏอุบลราชธานี,วิทยาเขตหลัก,21710101210706A,คณะวิทยาศาสตร์,วท.บ.ชีววิทยา,,ชีววิทยา,0,10,39,10,95.0000,0.0000
มหาวิทยาลัยราชภัฏอุบลราชธานี,วิทยาเขตหลัก,21710101213107A,คณะวิทยาศาสตร์,วท.บ.วิทยาศาสตร์สิ่งแวดล้อม,,วิทยาศาสตร์สิ่งแวดล้อม,0,25,22,6,92.7500,73.2500
มหาวิทยาลัยราชภัฏอุบลราชธานี,วิทยาเขตหลัก,21710101701072A,คณะวิทยาศาสตร์,ค.บ.เคมี,,เคมี,0,20,7,2,70.4250,67.3250
มหาวิทยาลัยราชภัฏอุบลราชธานี,วิทยาเขตหลัก,21710101701373A,คณะวิทยาศาสตร์,ค.บ.ชีววิทยา,,ชีววิทยา,0,7,36,7,74.3500,69.2875
มหาวิทยาลัยราชภัฏอุบลราชธานี,วิทยาเขตหลัก,21710101701879A,คณะวิทยาศาสตร์,ค.บ.ฟิสิกส์,,ฟิสิกส์,0,12,12,3,71.3250,65.5500
มหาวิทยาลัยราชภัฏอุบลราชธานี,วิทยาเขตหลัก,21710102700215A,คณะครุศาสตร์,ค.บ.การประถมศึกษา,,การประถมศึกษา,0,7,256,6,84.6625,78.8125
มหาวิทยาลัยราชภัฏอุบลราชธานี,วิทยาเขตหลัก,21710102700614A,คณะครุศาสตร์,ค.บ.การศึกษาปฐมวยั,,การศึกษาปฐมวยั,0,5,201,5,78.6875,77.5875
มหาวิทยาลัยราชภัฏอุบลราชธานี,วิทยาเขตหลัก,21710102700716A,คณะครุศาสตร์,ค.บ.การศึกษาพิเศษ,,การศึกษาพิเศษ,0,2,37,2,70.3625,70.1500
มหาวิทยาลัยราชภัฏอุบลราชธานี,วิทยาเขตหลัก,21710102700813A,คณะครุศาสตร์,ค.บ.คณิตศาสตร์,,คณิตศาสตร์,0,15,153,15,73.7750,66.1124
มหาวิทยาลัยราชภัฏอุบลราชธานี,วิทยาเขตหลัก,21710102700917A,คณะครุศาสตร์,ค.บ.คอมพิวเตอร์ศึกษา,,คอมพิวเตอร์ศึกษา,0,12,45,12,69.7000,63.4000
มหาวิทยาลัยราชภัฏอุบลราชธานี,วิทยาเขตหลัก,21710102701518A,คณะครุศาสตร์,ค.บ.เทคโนโลยีดิจิทัลเพื่อการศึกษา,,เทคโนโลยีดิจิทัลเพื่อ การศึกษา,0,4,12,4,73.7000,53.7875
มหาวิทยาลัยราชภัฏอุบลราชธานี,วิทยาเขตหลัก,21710102702009A,คณะครุศาสตร์,ค.บ.ภาษาอังกฤษ,,ภาษาอังกฤษ,0,15,74,15,70.2000,63.6499
มหาวิทยาลัยราชภัฏอุบลราชธานี,วิทยาเขตหลัก,21710102702412A,คณะครุศาสตร์,ค.บ.วิทยาศาสตร์ทั่วไป,,วิทยาศาสตร์ทั่วไป,0,5,120,5,75.8750,73.3125
มหาวิทยาลัยราชภัฏอุบลราชธานี,วิทยาเขตหลัก,21710102702711A,คณะครุศาสตร์,ค.บ.สังคมศึกษา,,สังคมศึกษา,0,10,132,10,82.4125,74.7000
มหาวิทยาลัยราชภัฏอุบลราชธานี,วิทยาเขตหลัก,21710102702810A,คณะครุศาสตร์,ค.บ.พลศึกษา,,พลศึกษา,0,8,116,8,75.1750,71.7250
มหาวิทยาลัยราชภัฏอุบลราชธานี,วิทยาเขตหลัก,21710103620126A,คณะมนุษยศาสตร์และสังคมศาสตร์,ศศ.บ.การจัดการการท่องเที่ยวและการ บริการ,,การจัดการการท่องเที่ยวและ การบริการ,0,20,49,15,95.7500,0.0000
มหาวิทยาลัยราชภัฏอุบลราชธานี,วิทยาเขตหลัก,21710103620167A,คณะมนุษยศาสตร์และสังคมศาสตร์,ศศ.บ.ธุรกิจโรงแรมและที่พัก,,ธุรกิจโรงแรมและที่พัก,0,20,25,5,82.5000,0.0000
มหาวิทยาลัยราชภัฏอุบลราชธานี,วิทยาเขตหลัก,21710103701787A,คณะมนุษยศาสตร์และสังคมศาสตร์,ค.บ.ภาษาอังกฤษและบรรณารักษ์ศึกษา,,ภาษาอังกฤษและ บรรณารักษ์ศึกษา,0,27,11,6,77.1750,58.5625
มหาวิทยาลัยราชภัฏอุบลราชธานี,วิทยาเขตหลัก,21710103702075A,คณะมนุษยศาสตร์และสังคมศาสตร์,ค.บ.ภาษาไทย,,ภาษาไทย,0,3,66,3,79.4375,78.8125
มหาวิทยาลัยราชภัฏอุบลราชธานี,วิทยาเขตหลัก,21710103702574A,คณะมนุษยศาสตร์และสังคมศาสตร์,ค.บ.ดนตรีศึกษา,,ดนตรีศึกษา,0,4,5,1,2.9000,2.9000
มหาวิทยาลัยราชภัฏอุบลราชธานี,วิทยาเขตหลัก,21710103800230A,คณะมนุษยศาสตร์และสังคมศาสตร์,ศป.บ.ดนตรี,,ดนตรี,0,20,9,5,77.7500,0.0000
มหาวิทยาลัยราชภัฏอุบลราชธานี,วิทยาเขตหลัก,21710103800328A,คณะมนุษยศาสตร์และสังคมศาสตร์,ศป.บ.ทัศนศิลป์,,ทัศนศิลป์,0,15,16,6,88.7500,46.5000
มหาวิทยาลัยราชภัฏอุบลราชธานี,วิทยาเขตหลัก,21710103800429A,คณะมนุษยศาสตร์และสังคมศาสตร์,ศป.บ.นาฏศิลป์และการละคร,,นาฏศิลป์และการละคร,0,30,18,6,74.0000,45.7500
มหาวิทยาลัยราชภัฏอุบลราชธานี,วิทยาเขตหลัก,21710103900227A,คณะมนุษยศาสตร์และสังคมศาสตร์,รป.บ.การปกครองท้องถิ่น,,การปกครองท้องถิ่น,0,60,53,17,94.2500,0.0000
มหาวิทยาลัยราชภัฏอุบลราชธานี,วิทยาเขตหลัก,21710103900281A,คณะมนุษยศาสตร์และสังคมศาสตร์,ร.บ.การเมืองการปกครอง,,การเมืองการปกครอง,0,50,58,23,82.2500,0.0000
มหาวิทยาลัยราชภัฏอุบลราชธานี,วิทยาเขตหลัก,21710103902019A,คณะมนุษยศาสตร์และสังคมศาสตร์,ศศ.บ.ภาษาไทย,,ภาษาไทย,0,30,90,31,97.0000,77.5000
มหาวิทยาลัยราชภัฏอุบลราชธานี,วิทยาเขตหลัก,21710103902520A,คณะมนุษยศาสตร์และสังคมศาสตร์,ศศ.บ.ภาษาอังกฤษ,,ภาษาอังกฤษ,0,90,90,31,92.5000,57.5000
มหาวิทยาลัยราชภัฏอุบลราชธานี,วิทยาเขตหลัก,21710103902522A,คณะมนุษยศาสตร์และสังคมศาสตร์,ศศ.บ.ภาษาอังกฤษธุรกิจ,,ภาษาอังกฤษธุรกิจ,0,70,39,14,92.5000,50.0000
มหาวิทยาลัยราชภัฏอุบลราชธานี,วิทยาเขตหลัก,21710103903164A,คณะมนุษยศาสตร์และสังคมศาสตร์,รป.บ.รัฐประศาสนศาสตร์,,รัฐประศาสนศาสตร์,0,40,63,23,96.0000,0.0000
มหาวิทยาลัยราชภัฏอุบลราชธานี,วิทยาเขตหลัก,21710103903525A,คณะมนุษยศาสตร์และสังคมศาสตร์,ศศ.บ.การพัฒนาชุมชน,,การพัฒนาชุมชน,0,30,19,7,82.0000,0.0000
มหาวิทยาลัยราชภัฏอุบลราชธานี,วิทยาเขตหลัก,21710104610235A,คณะบริหารธุรกิจและการ จัดการ,บธ.บ.การจัดการธุรกิจดิจิทัล,,การจัดการธุรกิจดิจิทัล,0,15,32,11,88.0000,0.0000
มหาวิทยาลัยราชภัฏอุบลราชธานี,วิทยาเขตหลัก,21710104610236A,คณะบริหารธุรกิจและการ จัดการ,บธ.บ.การจัดการทั่วไป,,การจัดการทั่วไป,0,25,46,14,85.5000,0.0000
มหาวิทยาลัยราชภัฏอุบลราชธานี,วิทยาเขตหลัก,21710104610237A,คณะบริหารธุรกิจและการ จัดการ,บธ.บ.การจัดการธุรกิจระหวา่ งประเทศ,,การจัดการธุรกิจระหวา่ ง ประเทศ,0,10,33,10,88.5000,0.0000
มหาวิทยาลัยราชภัฏอุบลราชธานี,วิทยาเขตหลัก,21710104610271A,คณะบริหารธุรกิจและการ จัดการ,บธ.บ.การจัดการการค้าและการเป็น ผู้ประกอบการ,,การจัดการการค้าและการ เป็นผู้ประกอบการ,0,30,29,8,75.5000,0.0000
มหาวิทยาลัยราชภัฏอุบลราชธานี,วิทยาเขตหลัก,21710104610532A,คณะบริหารธุรกิจและการ จัดการ,บธ.บ.การบัญชี,,การบัญชี,0,50,67,27,96.5000,0.0000
มหาวิทยาลัยราชภัฏอุบลราชธานี,วิทยาเขตหลัก,21710104610538A,คณะบริหารธุรกิจและการ จัดการ,บช.บ.หลักสูตรบัญชีบัณฑิต,,หลักสูตรบัญชีบัณฑิต,0,20,64,20,99.0000,69.7500
มหาวิทยาลัยราชภัฏอุบลราชธานี,วิทยาเขตหลัก,21710104610586A,คณะบริหารธุรกิจและการ จัดการ,บธ.บ.การบัญีช(ต่อเนื่อง),,การบัญีช(ต่อเนื่อง),0,35,6,6,92.5000,72.2500
มหาวิทยาลัยราชภัฏอุบลราชธานี,วิทยาเขตหลัก,21710104610633A,คณะบริหารธุรกิจและการ จัดการ,บธ.บ.การตลาด,,การตลาด,0,25,62,19,93.5000,0.0000
มหาวิทยาลัยราชภัฏอุบลราชธานี,วิทยาเขตหลัก,21710104901131A,คณะบริหารธุรกิจและการ จัดการ,ศศ.บ.นิเทศศาสตร์,,นิเทศศาสตร์,0,10,63,10,83.5000,72.0000
มหาวิทยาลัยราชภัฏอุบลราชธานี,วิทยาเขตหลัก,21710105110489A,คณะเทคโนโลยีอุตสาหกรรม,วท.บ.การจัดการโลจิสติกส์และซัพพลาย เซน,,การจัดการโลจิสติกส์และซัพ พลายเซน,0,15,49,15,96.5000,53.2500
มหาวิทยาลัยราชภัฏอุบลราชธานี,วิทยาเขตหลัก,21710105210891A,คณะเทคโนโลยีอุตสาหกรรม,วท.บ.เทคโนโลยีดิจิทัล,,เทคโนโลยีดิจิทัล,0,30,6,0,0.0000,0.0000
มหาวิทยาลัยราชภัฏอุบลราชธานี,วิทยาเขตหลัก,21710105211584A,คณะเทคโนโลยีอุตสาหกรรม,วท.บ.เทคโนโลยีไฟฟ้า,,เทคโนโลยีไฟฟ้า,0,15,29,14,92.0000,0.0000
มหาวิทยาลัยราชภัฏอุบลราชธานี,วิทยาเขตหลัก,21710105211783A,คณะเทคโนโลยีอุตสาหกรรม,วท.บ.เทคโนโลยีโยธาและสถาปัตยกรรม,,เทคโนโลยีโยธาและ สถาปัตยกรรม,0,15,29,9,93.5000,62.7500
มหาวิทยาลัยราชภัฏอุบลราชธานี,วิทยาเขตหลัก,21710105212085A,คณะเทคโนโลยีอุตสาหกรรม,วท.บ. เทคโนโลยีอิเล็กทรอนิกส์และออโต เมชัน,,เทคโนโลยีอิเล็กทรอนิก์สและออโตเมชัน,0,10,7,2,96.5000,92.2500
มหาวิทยาลัยราชภัฏอุบลราชธานี,วิทยาเขตหลัก,21710105212141A,คณะเทคโนโลยีอุตสาหกรรม,วท.บ.เทคโนโลยีคอมพิวเตอร์,,เทคโนโลยีคอมพิวเตอร์,0,15,15,3,72.0000,0.0000
มหาวิทยาลัยราชภัฏอุบลราชธานี,วิทยาเขตหลัก,21710105212169A,คณะเทคโนโลยีอุตสาหกรรม,วท.บ.การจัดการอุตสาหกรรมและนวัตกรรม CWIE,,การจัดการอุตสาหกรรมและนวัตกรรม CWIE,0,10,7,1,59.5000,59.5000
มหาวิทยาลัยราชภัฏอุบลราชธานี,วิทยาเขตหลัก,21710105220140A,คณะเทคโนโลยีอุตสาหกรรม,วท.บ.เทคโนโลยีสารสนเทศ,,เทคโนโลยีสารสนเทศ,0,10,6,3,84.5000,70.7500
มหาวิทยาลัยราชภัฏอุบลราชธานี,วิทยาเขตหลัก,21710105220592A,คณะเทคโนโลยีอุตสาหกรรม,วท.บ.เทคโนโลยีเกม,,เทคโนโลยีเกม,0,10,18,4,88.0000,55.2500
มหาวิทยาลัยราชภัฏอุบลราชธานี,วิทยาเขตหลัก,21710105300590A,คณะเทคโนโลยีอุตสาหกรรม,วศ.บ.วิศวกรรมคอมพิวเตอร์และเครือข่าย,,วิศวกรรมคอมพิวเตอร์และ เครือข่าย,0,10,27,5,87.5000,0.0000
มหาวิทยาลัยราชภัฏอุบลราชธานี,วิทยาเขตหลัก,21710105400265A,คณะเทคโนโลยีอุตสาหกรรม,วท.บ.เทคโนโลยีการออกแบบผลิตภัณฑ์,,เทคโนโลยีการออกแบบ ผลิตภัณฑ์,0,15,7,1,61.5000,61.5000
มหาวิทยาลัยราชภัฏอุบลราชธานี,วิทยาเขตหลัก,21710106111846A,คณะเกษตรศาสตร์,วท.บ.เทคโนโลยีอาหาร,,เทคโนโลยีอาหาร,0,20,11,1,80.5000,80.5000
มหาวิทยาลัยราชภัฏอุบลราชธานี,วิทยาเขตหลัก,21710106111849A,คณะเกษตรศาสตร์,วท.บ.ธุรกิจอาหารและโภชนาการ,,ธุรกิจอาหารและโภชนาการ,0,25,15,9,97.5000,0.0000
มหาวิทยาลัยราชภัฏอุบลราชธานี,วิทยาเขตหลัก,21710106213248A,คณะเกษตรศาสตร์,วท.บ.สัตวศาสตร์,,สัตวศาสตร์,0,5,44,5,83.7500,74.7500
มหาวิทยาลัยราชภัฏอุบลราชธานี,วิทยาเขตหลัก,21710106500147A,คณะเกษตรศาสตร์,วท.บ.เกษตรศาสตร์,,เกษตรศาสตร์,0,25,19,2,89.0000,86.5000
มหาวิทยาลัยราชภัฏอุบลราชธานี,วิทยาเขตหลัก,21710107901050A,คณะนิติศาสตร์,น.บ.หลักสูตรนิติศาสตรบัณฑิต,,หลักสูตรนิติศาสตรบัณฑิต,0,21,110,22,90.2500,78.0000
มหาวิทยาลัยราชภัฏอุบลราชธานี,วิทยาเขตหลัก,21710108110752A,คณะแพทย์แผนไทยและ แพทย์ทางเลือก,พท.บ.การแพทย์แผนไทย,,การแพทย์แผนไทย,0,25,107,26,99.7500,85.2500
มหาวิทยาลัยราชภัฏอุบลราชธานี,วิทยาเขตหลัก,21710108111188A,คณะแพทย์แผนไทยและ แพทย์ทางเลือก,วท.บ.วิทยาศาสตร์เครื่องสำอางและสปา,,วิทยาศาสตร์เครื่องสำอาง และสปา,0,25,56,17,97.5000,61.7500
มหาวิทยาลัยราชภัฏอุบลราชธานี,วิทยาเขตหลัก,21710109112753A,คณะสาธารณสุขศาสตร์,ส.บ.สาธารณสุขชุมชน,,สาธารณสุขชุมชน,0,10,302,9,######,97.0000
มหาวิทยาลัยราชภัฏอุบลราชธานี,วิทยาเขตหลัก,21710109112754A,คณะสาธารณสุขศาสตร์,วท.บ.อาชีวอนามัยและความปลอดภัย,,อาชีวอนามัยและความ ปลอดภัย,0,10,162,8,98.0000,94.0000
มหาวิทยาลัยราชภัฏอุบลราชธานี,วิทยาเขตหลัก,21710110111755A,คณะพยาบาลศาสตร์,พย.บ.พยาบาลศาสตร์,,พยาบาลศาสตร์,0,39,"1,052",39,56.4100,49.4948
มหาวิทยาลัยราชภัฏอุบลราชธานี,วิทยาเขตหลัก,21710111211657A,คณะวิทยาการคอมพิวเตอร์,วท.บ.เทคโนโลยีมัลติมีเดียและแอนิเมชัน,,เทคโนโลยีมัลติมีเดียและ แอนิเมชัน,0,20,37,10,93.7500,0.0000
มหาวิทยาลัยราชภัฏอุบลราชธานี,วิทยาเขตหลัก,21710111220256A,คณะวิทยาการคอมพิวเตอร์,วท.บ.วิทยาการคอมพิวเตอร์,,วิทยาการคอมพิวเตอร์,0,25,35,11,95.2500,0.0000
มหาวิทยาลัยราชภัฏอุบลราชธานี,วิทยาเขตหลัก,21710111220458A,คณะวิทยาการคอมพิวเตอร์,วท.บ.วิศวกรรมซอฟต์แวร์,,วิศวกรรมซอฟต์แวร์,0,25,28,7,89.7500,64.5000
มหาวิทยาลัยราชภัฏบ้านสมเด็จเจ้าพระยา,วิทยาเขตหลัก,21740101700201A,คณะครุศาสตร์,หลักสูตรครุศาสตรบัณฑิต สาขาวิชาการ ประถมศึกษา,,,0,9,414,9,74.4914,72.2748
มหาวิทยาลัยราชภัฏบ้านสมเด็จเจ้าพระยา,วิทยาเขตหลัก,21740101700401A,คณะครุศาสตร์,หลักสูตรครุศาสตรบัณฑิต สาขาวิชาวัดผล การศึกษาและการสอนคณิตศาสตร์,,,0,21,159,23,99.0000,86.2500
มหาวิทยาลัยราชภัฏบ้านสมเด็จเจ้าพระยา,วิทยาเขตหลัก,21740101700601A,คณะครุศาสตร์,หลักสูตรครุศาสตรบัณฑิต สาขาวิชา การศึกษาปฐมวยั,,,0,23,391,23,76.6332,72.3498
มหาวิทยาลัยราชภัฏบ้านสมเด็จเจ้าพระยา,วิทยาเขตหลัก,21740101700801A,คณะครุศาสตร์,หลักสูตรครุศาสตรบัณฑิต สาขาวิชา คณิตศาสตร์,,,0,29,321,29,78.7583,69.7166
มหาวิทยาลัยราชภัฏบ้านสมเด็จเจ้าพระยา,วิทยาเขตหลัก,21740101700901A,คณะครุศาสตร์,หลักสูตรครุศาสตรบัณฑิต สาขาวิชา คอมพิวเตอร์ศึกษา,,,0,10,80,10,72.6318,66.0625
มหาวิทยาลัยราชภัฏบ้านสมเด็จเจ้าพระยา,วิทยาเขตหลัก,21740101701201A,คณะครุศาสตร์,หลักสูตรครุศาสตรบัณฑิต สาขาวิชา จิตวิทยาและการแนะแนว,,,0,7,74,7,75.6220,66.7138
มหาวิทยาลัยราชภัฏบ้านสมเด็จเจ้าพระยา,วิทยาเขตหลัก,21740101701301A,คณะครุศาสตร์,หลักสูตรครุศาสตรบัณฑิต สาขาวิชา ชีววิทยา,,,0,35,345,35,99.7500,89.2500
มหาวิทยาลัยราชภัฏบ้านสมเด็จเจ้าพระยา,วิทยาเขตหลัก,21740101701501A,คณะครุศาสตร์,หลักสูตรครุศาสตรบัณฑิต สาขาวิชา เทคโนโลยีดิจิทัลเพื่อการศึกษา,,,0,28,17,6,64.0833,35.5583
มหาวิทยาลัยราชภัฏบ้านสมเด็จเจ้าพระยา,วิทยาเขตหลัก,21740101702001A,คณะครุศาสตร์,หลักสูตรครุศาสตรบัณฑิต สาขาวิชา ภาษาไทย,,,0,25,676,25,93.2000,87.3000
มหาวิทยาลัยราชภัฏบ้านสมเด็จเจ้าพระยา,วิทยาเขตหลัก,21740101702002A,คณะครุศาสตร์,หลักสูตรครุศาสตรบัณฑิต สาขาวิชา ภาษาอังกฤษ,,,0,53,249,53,82.1914,71.1664
มหาวิทยาลัยราชภัฏบ้านสมเด็จเจ้าพระยา,วิทยาเขตหลัก,21740101702401A,คณะครุศาสตร์,หลักสูตรครุศาสตรบัณฑิต สาขาวิชา วิทยาศาสตร์ทั่วไป,,,0,45,140,45,70.5608,55.5179
มหาวิทยาลัยราชภัฏบ้านสมเด็จเจ้าพระยา,วิทยาเขตหลัก,21740101702501A,คณะครุศาสตร์,หลักสูตรครุศาสตรบัณฑิต สาขาวิชา ศิลปศึกษา,,,0,7,32,7,69.8748,65.1332
มหาวิทยาลัยราชภัฏบ้านสมเด็จเจ้าพระยา,วิทยาเขตหลัก,21740101702502A,คณะครุศาสตร์,หลักสูตรครุศาสตรบัณฑิต สาขาวิชา นาฏยศิลป์ศึกษา,,,0,14,33,8,80.9000,30.6250
มหาวิทยาลัยราชภัฏบ้านสมเด็จเจ้าพระยา,วิทยาเขตหลัก,21740101702701A,คณะครุศาสตร์,หลักสูตรครุศาสตรบัณฑิต สาขาวิชาสังคม ศึกษา,,,0,36,267,37,69.3500,62.7500
มหาวิทยาลัยราชภัฏบ้านสมเด็จเจ้าพระยา,วิทยาเขตหลัก,21740102800101A,คณะมนุษยศาสตร์และสังคมศาสตร์,หลักสูตรศิลปกรรมศาสตรบัณฑิต สาขาวิชาครีเอทีฟกราฟิก,,,0,60,52,18,81.6110,56.2000
มหาวิทยาลัยราชภัฏบ้านสมเด็จเจ้าพระยา,วิทยาเขตหลัก,21740102800401A,คณะมนุษยศาสตร์และสังคมศาสตร์,หลักสูตรศิลปกรรมศาสตรบัณฑิต สาขาวิชานาฏยศาสตร์และการแสดง,,,0,25,29,7,88.7500,61.2500
มหาวิทยาลัยราชภัฏบ้านสมเด็จเจ้าพระยา,วิทยาเขตหลัก,21740102901001A,คณะมนุษยศาสตร์และสังคมศาสตร์,หลักสูตรนิติศาสตรบัณฑิต สาขาวิชา นิติศาสตร์,,,0,80,264,80,96.2500,65.5000
มหาวิทยาลัยราชภัฏบ้านสมเด็จเจ้าพระยา,วิทยาเขตหลัก,21740102901801A,คณะมนุษยศาสตร์และสังคมศาสตร์,หลักสูตรศิลปศาสตรบัณฑิต สาขาวิชา ภาษาจีน,,,0,60,161,53,96.7500,65.0000
มหาวิทยาลัยราชภัฏบ้านสมเด็จเจ้าพระยา,วิทยาเขตหลัก,21740102902001A,คณะมนุษยศาสตร์และสังคมศาสตร์,หลักสูตรศิลปศาสตรบัณฑิต สาขาวิชา ภาษาไทย,,,0,80,150,62,92.5000,50.0000
มหาวิทยาลัยราชภัฏบ้านสมเด็จเจ้าพระยา,วิทยาเขตหลัก,21740102902501A,คณะมนุษยศาสตร์และสังคมศาสตร์,หลักสูตรศิลปศาสตรบัณฑิต สาขาวิชา ภาษาอังกฤษ,,,0,80,224,65,99.5000,64.0000
มหาวิทยาลัยราชภัฏบ้านสมเด็จเจ้าพระยา,วิทยาเขตหลัก,21740102902801A,คณะมนุษยศาสตร์และสังคมศาสตร์,หลักสูตรศิลปศาสตรบัณฑิต สาขาวิชา ภาษาและวัฒนธรรมเอเชียตะวันออก (แขนงวิชาภาษาและวัฒนธรรมเกาหลี),,,0,30,70,24,98.0000,63.2500
มหาวิทยาลัยราชภัฏบ้านสมเด็จเจ้าพระยา,วิทยาเขตหลัก,21740102903101A,คณะมนุษยศาสตร์และสังคมศาสตร์,หลักสูตรรัฐประศาสนศาสตรบัณฑิต สาขาวิชารัฐประศาสนศาสตร์,,,0,120,173,43,99.7500,51.7500
มหาวิทยาลัยราชภัฏบ้านสมเด็จเจ้าพระยา,วิทยาเขตหลัก,21740102903501A,คณะมนุษยศาสตร์และสังคมศาสตร์,หลักสูตรศิลปศาสตรบัณฑิต สาขาวิชา สังคมศาสตร์เพื่อการพัฒนา,,,0,60,75,13,94.7500,60.2500
มหาวิทยาลัยราชภัฏบ้านสมเด็จเจ้าพระยา,วิทยาเขตหลัก,21740103610301E,คณะวิทยาการจัดการ,หลักสูตรบริหารธุรกิจบัณฑิต สาขาวิชา การจัดการธุรกิจระหวา่ งประเทศ (หลักสูตรนานาชาต)ิ,,,0,20,22,2,65.7500,54.2500
มหาวิทยาลัยราชภัฏบ้านสมเด็จเจ้าพระยา,วิทยาเขตหลัก,21740103610401A,คณะวิทยาการจัดการ,หลักสูตรบริหารธุรกิจบัณฑิต สาขาวิชา การจัดการธุรกิจและทรัพยากรมนุษย์,,,0,80,76,11,92.7500,52.2500
มหาวิทยาลัยราชภัฏบ้านสมเด็จเจ้าพระยา,วิทยาเขตหลัก,21740103610501A,คณะวิทยาการจัดการ,หลักสูตรบัญชีบัณฑิต สาขาวิชาการบัญชี,,,0,100,320,84,99.0000,0.0000
มหาวิทยาลัยราชภัฏบ้านสมเด็จเจ้าพระยา,วิทยาเขตหลัก,21740103610601A,คณะวิทยาการจัดการ,หลักสูตรบริหารธุรกิจบัณฑิต สาขาวิชา การตลาดดิจิทัลเชิงสรา้ งสรรค์,,,0,80,164,45,97.2500,0.0000
มหาวิทยาลัยราชภัฏบ้านสมเด็จเจ้าพระยา,วิทยาเขตหลัก,21740103610701A,คณะวิทยาการจัดการ,หลักสูตรบริหารธุรกิจบัณฑิต สาขาวิชา ธุรกิจดิจิทัล,,,0,60,54,8,92.0000,0.0000
มหาวิทยาลัยราชภัฏบ้านสมเด็จเจ้าพระยา,วิทยาเขตหลัก,21740103610801A,คณะวิทยาการจัดการ,หลักสูตรบริหารธุรกิจบัณฑิต สาขาวิชาการ เป็นผู้ประกอบการ,,,0,60,95,15,85.0000,54.2500
มหาวิทยาลัยราชภัฏบ้านสมเด็จเจ้าพระยา,วิทยาเขตหลัก,21740103611001A,คณะวิทยาการจัดการ,หลักสูตรบริหารธุรกิจบัณฑิต สาขาวิชา การจัดการโลจิสติกส์และโซ่อุปทาน,,,0,40,160,35,93.5000,54.5000
มหาวิทยาลัยราชภัฏบ้านสมเด็จเจ้าพระยา,วิทยาเขตหลัก,21740103611101A,คณะวิทยาการจัดการ,หลักสูตรเศรษฐศาสตรบัณฑิต สาขาวิชา นวัตกรรมทางเศรษฐกิจ การเงินและการ ลงทุน,,,0,50,54,12,89.5000,68.2500
มหาวิทยาลัยราชภัฏบ้านสมเด็จเจ้าพระยา,วิทยาเขตหลัก,21740103620101A,คณะวิทยาการจัดการ,หลักสูตรศิลปศาสตรบัณฑิต สาขาวิชา นวัตกรรมการท่องเที่ยว,,,0,60,112,21,97.2500,52.2500
มหาวิทยาลัยราชภัฏบ้านสมเด็จเจ้าพระยา,วิทยาเขตหลัก,21740103900401A,คณะวิทยาการจัดการ,หลักสูตรนิเทศศาสตรบัณฑิต สาขาวิชา การสื่อสารดิจิทัลคอนเทนต์,,,0,80,113,24,94.2500,0.0000
มหาวิทยาลัยราชภัฏบ้านสมเด็จเจ้าพระยา,วิทยาเขตหลัก,21740103901101A,คณะวิทยาการจัดการ,หลักสูตรนิเทศศาสตรบัณฑิต สาขาวิชา การสื่อสารการตลาดและธุรกิจบันเทิง,,,0,60,174,52,95.7500,55.5000
มหาวิทยาลัยราชภัฏบ้านสมเด็จเจ้าพระยา,วิทยาเขตหลัก,21740103901601A,คณะวิทยาการจัดการ,หลักสูตรนิเทศศาสตรบัณฑิต สาขาวิชา ภาพยนตร์,,,0,70,285,70,95.5000,65.7500
มหาวิทยาลัยราชภัฏบ้านสมเด็จเจ้าพระยา,วิทยาเขตหลัก,21740103903801A,คณะวิทยาการจัดการ,หลักสูตรนิเทศศาสตรบัณฑิต สาขาวิชาบ รอดคาสติงและสื่อสตรีมมิง,,,0,80,85,17,94.0000,45.7500
มหาวิทยาลัยราชภัฏบ้านสมเด็จเจ้าพระยา,วิทยาเขตหลัก,21740104110701A,คณะวิทยาศาสตร์และเทคโนโลยี,หลักสูตรการแพทย์แผนไทยบัณฑิต สาขาวิชาการแพทย์แผนไทย,,,0,20,213,23,99.0000,91.5000
มหาวิทยาลัยราชภัฏบ้านสมเด็จเจ้าพระยา,วิทยาเขตหลัก,21740104111101A,คณะวิทยาศาสตร์และเทคโนโลยี,หลักสูตรวิทยาศาสตรบัณฑิต สาขาวิชา วิทยาการธุรกิจสุขภาพและความงาม,,,0,30,100,25,83.0081,11.4999
มหาวิทยาลัยราชภัฏบ้านสมเด็จเจ้าพระยา,วิทยาเขตหลัก,21740104111102A,คณะวิทยาศาสตร์และเทคโนโลยี,หลักสูตรวิทยาศาสตรบัณฑิต สาขาวิชา เทคโนโลยีสุขภาพ,,,0,30,59,14,94.7500,71.0000
มหาวิทยาลัยราชภัฏบ้านสมเด็จเจ้าพระยา,วิทยาเขตหลัก,21740104111301A,คณะวิทยาศาสตร์และเทคโนโลยี,หลักสูตรวิทยาศาสตรบัณฑิต สาขาวิชา เทคนิคการแพทย์,,,0,30,553,30,49.4066,42.3658
มหาวิทยาลัยราชภัฏบ้านสมเด็จเจ้าพระยา,วิทยาเขตหลัก,21740104112101A,คณะวิทยาศาสตร์และเทคโนโลยี,หลักสูตรวิทยาศาสตรบัณฑิต สาขาวิชา วิทยาศาสตร์การแพทย์,,,0,50,313,50,81.6875,71.1291
มหาวิทยาลัยราชภัฏบ้านสมเด็จเจ้าพระยา,วิทยาเขตหลัก,21740104112102A,คณะวิทยาศาสตร์และเทคโนโลยี,หลักสูตรวิทยาศาสตรบัณฑิต สาขาวิชา สมุนไพรและกัญชาศาสตร์,,,0,30,24,9,87.5000,56.7500
มหาวิทยาลัยราชภัฏบ้านสมเด็จเจ้าพระยา,วิทยาเขตหลัก,21740104112201A,คณะวิทยาศาสตร์และเทคโนโลยี,หลักสูตรวิทยาศาสตรบัณฑิต สาขาวิชา ชีววิทยาการแพทย์,,,0,40,330,43,98.5000,88.0000
มหาวิทยาลัยราชภัฏบ้านสมเด็จเจ้าพระยา,วิทยาเขตหลัก,21740104112701A,คณะวิทยาศาสตร์และเทคโนโลยี,หลักสูตรวิทยาศาสตรบัณฑิต สาขาวิชาอา ชีวอนามัยและความปลอดภัย,,,0,60,306,62,97.7500,82.7500
มหาวิทยาลัยราชภัฏบ้านสมเด็จเจ้าพระยา,วิทยาเขตหลัก,21740104112702A,คณะวิทยาศาสตร์และเทคโนโลยี,หลักสูตรสาธารณสุขศาสตรบัณฑิต สาขาวิชาสาธารณสุขศาสตร์,,,0,40,507,41,88.0666,79.1500
มหาวิทยาลัยราชภัฏบ้านสมเด็จเจ้าพระยา,วิทยาเขตหลัก,21740104211001A,คณะวิทยาศาสตร์และเทคโนโลยี,หลักสูตรวิทยาศาสตรบัณฑิต สาขาวิชา เทคโนโลยีการอาหาร,,,0,60,49,5,96.5000,72.0000
มหาวิทยาลัยราชภัฏบ้านสมเด็จเจ้าพระยา,วิทยาเขตหลัก,21740104211601A,คณะวิทยาศาสตร์และเทคโนโลยี,หลักสูตรวิทยาศาสตรบัณฑิต สาขาวิชา แอนิเมชัน เกม และดิจิทัลมีเดีย,,,0,30,128,32,97.7500,49.2500
มหาวิทยาลัยราชภัฏบ้านสมเด็จเจ้าพระยา,วิทยาเขตหลัก,21740104211901A,คณะวิทยาศาสตร์และเทคโนโลยี,หลักสูตรวิทยาศาสตรบัณฑิต สาขาวิชา การจัดการทรัพยากรธรรมชาติและ สิ่งแวดล้อม,,,0,30,24,3,82.2500,76.7500
มหาวิทยาลัยราชภัฏบ้านสมเด็จเจ้าพระยา,วิทยาเขตหลัก,21740104212003A,คณะวิทยาศาสตร์และเทคโนโลยี,หลักสูตรวิทยาศาสตรบัณฑิต สาขาวิชา คอมพิวเตอร์อิเล็กทรอนิกส์,,,0,40,27,4,89.5000,57.7500
มหาวิทยาลัยราชภัฏบ้านสมเด็จเจ้าพระยา,วิทยาเขตหลัก,21740104220101A,คณะวิทยาศาสตร์และเทคโนโลยี,หลักสูตรวิทยาศาสตรบัณฑิต สาขาวิชา เทคโนโลยีสารสนเทศและวิทยาการข้อมูล,,,0,40,32,3,76.7500,56.0000
มหาวิทยาลัยราชภัฏบ้านสมเด็จเจ้าพระยา,วิทยาเขตหลัก,21740104220201A,คณะวิทยาศาสตร์และเทคโนโลยี,หลักสูตรวิทยาศาสตรบัณฑิต สาขาวิชา วิทยาการคอมพิวเตอร์,,,0,60,83,19,99.2500,50.0000
มหาวิทยาลัยราชภัฏบ้านสมเด็จเจ้าพระยา,วิทยาเขตหลัก,21740104500201A,คณะวิทยาศาสตร์และเทคโนโลยี,หลักสูตรวิทยาศาสตรบัณฑิต สาขาวิชา เทคโนโลยีการเกษตร,,,0,40,9,1,67.0000,67.0000
มหาวิทยาลัยราชภัฏบ้านสมเด็จเจ้าพระยา,วิทยาเขตหลัก,21740105111801A,คณะวิศวกรรมศาสตร์และเทคโนโลยีอุตสาหกรรม,หลักสูตรวิทยาศาสตรบัณฑิต สาขาวิชา การประกอบและบริการอาหาร,,,0,30,23,3,93.2500,78.2500
มหาวิทยาลัยราชภัฏบ้านสมเด็จเจ้าพระยา,วิทยาเขตหลัก,21740105210201A,คณะวิศวกรรมศาสตร์และเทคโนโลยีอุตสาหกรรม,หลักสูตรวิทยาศาสตรบัณฑิต สาขาวิชา เทคโนโลยีโลจิสติกส์,,,0,40,64,13,88.2500,50.7500
มหาวิทยาลัยราชภัฏบ้านสมเด็จเจ้าพระยา,วิทยาเขตหลัก,21740105212103A,คณะวิศวกรรมศาสตร์และเทคโนโลยีอุตสาหกรรม,หลักสูตรเทคโนโลยีบัณฑิต สาขาวิชาการ จัดการอุตสาหกรรม (ต่อเนื่อง),,,0,30,2,0,0.0000,0.0000
มหาวิทยาลัยราชภัฏบ้านสมเด็จเจ้าพระยา,วิทยาเขตหลัก,21740105212201A,คณะวิศวกรรมศาสตร์และเทคโนโลยีอุตสาหกรรม,หลักสูตรอุตสาหกรรมศาสตรบัณฑิต สาขาวิชาการจัดการวิศวกรรมการผลิต และโลจิสติก์ส(แขนงวิชาการจัดการผลิต และคุณภาพ),,,0,30,24,3,83.2500,72.7500
มหาวิทยาลัยราชภัฏบ้านสมเด็จเจ้าพระยา,วิทยาเขตหลัก,21740105212202A,คณะวิศวกรรมศาสตร์และเทคโนโลยีอุตสาหกรรม,หลักสูตรอุตสาหกรรมศาสตรบัณฑิต สาขาวิชาการจัดการวิศวกรรมการผลิต และโลจิสติก์ส(แขนงวิชาการจัดการ คลังสินค้า),,,0,30,34,7,96.0000,59.2500
มหาวิทยาลัยราชภัฏบ้านสมเด็จเจ้าพระยา,วิทยาเขตหลัก,21740105212203A,คณะวิศวกรรมศาสตร์และเทคโนโลยีอุตสาหกรรม,หลักสูตรอุตสาหกรรมศาสตรบัณฑิต สาขาวิชาการจัดการวิศวกรรมการผลิต และโลจิสติก์ส(แขนงวิชาการจัดการ ดิจิทัลโลจิสติกส)์,,,0,30,26,4,82.2500,60.7500
มหาวิทยาลัยราชภัฏบ้านสมเด็จเจ้าพระยา,วิทยาเขตหลัก,21740105301501A,คณะวิศวกรรมศาสตร์และเทคโนโลยีอุตสาหกรรม,หลักสูตรวิศวกรรมศาสตรบัณฑิต สาขาวิชาวิศวกรรมพลังงาน,,,0,25,23,8,82.7500,48.5000
มหาวิทยาลัยราชภัฏบ้านสมเด็จเจ้าพระยา,วิทยาเขตหลัก,21740105301601A,คณะวิศวกรรมศาสตร์และเทคโนโลยีอุตสาหกรรม,หลักสูตรวิศวกรรมศาสตรบัณฑิต สาขาวิชาวิศวกรรมไฟฟ้าและระบบ ควบคุมอัตโนมัติ,,,0,30,74,18,93.0000,56.2500
มหาวิทยาลัยราชภัฏบ้านสมเด็จเจ้าพระยา,วิทยาเขตหลัก,21740105303501A,คณะวิศวกรรมศาสตร์และเทคโนโลยีอุตสาหกรรม,หลักสูตรวิศวกรรมศาสตรบัณฑิต สาขาวิชาวิศวกรรมอุตสาหการและการ จัดการโซ่อุปทาน,,,0,25,16,2,82.5000,75.5000
มหาวิทยาลัยราชภัฏบ้านสมเด็จเจ้าพระยา,วิทยาเขตหลัก,21740105800101A,คณะวิศวกรรมศาสตร์และเทคโนโลยีอุตสาหกรรม,หลักสูตรวิทยาศาสตรบัณฑิต สาขาวิชา ออกแบบและพัฒนาผลิตภัณฑ์,,,0,30,22,2,85.5000,65.2500
มหาวิทยาลัยราชภัฏจันทรเกษม,วิทยาเขตหลัก,21770101211001A,เกษตรและชีวภาพ,วิทยาศาสตร์และเทคโนโลยีการอาหาร (วท.บ),,,0,15,43,11,50.5550,26.3880
มหาวิทยาลัยราชภัฏจันทรเกษม,วิทยาเขตหลัก,21770101500201A,เกษตรและชีวภาพ,เกษตรศาสตร์(วท.บ),,,0,15,24,7,47.5000,31.8050
มหาวิทยาลัยราชภัฏจันทรเกษม,วิทยาเขตหลัก,21770102700601A,ศึกษาศาสตร์,การศึกษาปฐมวัย(ค.บ. 4 ปี),,,0,15,192,13,80.0000,75.0000
มหาวิทยาลัยราชภัฏจันทรเกษม,วิทยาเขตหลัก,21770102701501A,ศึกษาศาสตร์,เทคโนโลยีดิจิทัลเพื่อการศึกษา (ค.บ. 4 ปี),,,0,5,43,4,74.0000,68.0000
มหาวิทยาลัยราชภัฏจันทรเกษม,วิทยาเขตหลัก,21770102702801A,ศึกษาศาสตร์,พลศึกษา (ค.บ. 4 ปี),,,0,1,199,1,79.0000,79.0000
มหาวิทยาลัยราชภัฏจันทรเกษม,วิทยาเขตหลัก,21770102900701A,ศึกษาศาสตร์,จิตวิทยา (ศศ.บ.),,,0,5,81,5,62.3610,57.9160
มหาวิทยาลัยราชภัฏจันทรเกษม,วิทยาเขตหลัก,21770103620201A,มนุษยศาสตร์และสังคมศาสตร์,การบริการการบิน (ศศ.บ),,,0,5,53,5,68.3330,54.4440
มหาวิทยาลัยราชภัฏจันทรเกษม,วิทยาเขตหลัก,21770103702001A,มนุษยศาสตร์และสังคมศาสตร์,ภาษาจีน (ค.บ. 4 ปี),,,0,10,18,7,74.0000,53.0000
มหาวิทยาลัยราชภัฏจันทรเกษม,วิทยาเขตหลัก,21770103702002A,มนุษยศาสตร์และสังคมศาสตร์,ภาษาอังกฤษ (ค.บ. 4 ปี),,,0,15,24,13,82.0000,63.0000
มหาวิทยาลัยราชภัฏจันทรเกษม,วิทยาเขตหลัก,21770103702003A,มนุษยศาสตร์และสังคมศาสตร์,ภาษาไทย (ค.บ. 4 ปี),,,0,15,33,15,81.0000,73.0000
มหาวิทยาลัยราชภัฏจันทรเกษม,วิทยาเขตหลัก,21770103702701A,มนุษยศาสตร์และสังคมศาสตร์,สังคมศึกษา (ค.บ. 4 ปี),,,0,10,33,9,81.0000,69.0000
มหาวิทยาลัยราชภัฏจันทรเกษม,วิทยาเขตหลัก,21770103800401A,มนุษยศาสตร์และสังคมศาสตร์,นาฏศิลป์และศิลปการแสดง (ศศ.บ),,,0,5,29,3,51.8050,30.6940
มหาวิทยาลัยราชภัฏจันทรเกษม,วิทยาเขตหลัก,21770103800501A,มนุษยศาสตร์และสังคมศาสตร์,ศิลปะและการออกแบบ แขนงวิชา ออกแบบนิเทศศิล์ป(ศป.บ),,,0,5,19,5,72.0000,67.0000
มหาวิทยาลัยราชภัฏจันทรเกษม,วิทยาเขตหลัก,21770103800502A,มนุษยศาสตร์และสังคมศาสตร์,ศิลปะและการออกแบบ แขนงวิชา ออกแบบทัศนศิล์ป(ศป.บ),,,0,5,11,3,61.0000,50.0000
มหาวิทยาลัยราชภัฏจันทรเกษม,วิทยาเขตหลัก,21770103901001A,มนุษยศาสตร์และสังคมศาสตร์,นิติศาสตร์(น.บ.),,,0,5,75,5,62.0830,54.8610
มหาวิทยาลัยราชภัฏจันทรเกษม,วิทยาเขตหลัก,21770103901901A,มนุษยศาสตร์และสังคมศาสตร์,ภาษาญี่ปุ่นธุรกิจ (ศศ.บ),,,0,5,41,5,61.1110,58.3330
มหาวิทยาลัยราชภัฏจันทรเกษม,วิทยาเขตหลัก,21770103902501A,มนุษยศาสตร์และสังคมศาสตร์,ภาษาอังกฤษ (ศศ.บ.),,,0,10,103,10,66.1110,54.0270
มหาวิทยาลัยราชภัฏจันทรเกษม,วิทยาเขตหลัก,21770103903001A,มนุษยศาสตร์และสังคมศาสตร์,ภูมิศาสตร์และประวัติศาสตร์เชิงการ ท่องเที่ยว (ศศ.บ),,,0,10,27,9,55.4160,40.4160
มหาวิทยาลัยราชภัฏจันทรเกษม,วิทยาเขตหลัก,21770103903101A,มนุษยศาสตร์และสังคมศาสตร์,รัฐประศาสนศาสตร์(รป.บ),,,0,20,96,20,54.5830,42.3610
มหาวิทยาลัยราชภัฏจันทรเกษม,วิทยาเขตหลัก,21770103904201A,มนุษยศาสตร์และสังคมศาสตร์,การพัฒนาชุมชน (ศศ.บ),,,0,1,30,1,50.9720,50.9720
มหาวิทยาลัยราชภัฏจันทรเกษม,วิทยาเขตหลัก,21770104610101A,วิทยาการจัดการ,การเงินและการลงทุน (บธ.บ),,,0,10,55,10,55.8330,43.7500
มหาวิทยาลัยราชภัฏจันทรเกษม,วิทยาเขตหลัก,21770104610201A,วิทยาการจัดการ,การจัดการธุรกิจ (บธ.บ),,,0,10,68,10,54.4440,45.8330
มหาวิทยาลัยราชภัฏจันทรเกษม,วิทยาเขตหลัก,21770104610401A,วิทยาการจัดการ,การจัดการทรัพยากรมนุษ์ย(บธ.บ),,,0,10,43,10,51.9440,40.9720
มหาวิทยาลัยราชภัฏจันทรเกษม,วิทยาเขตหลัก,21770104610501A,วิทยาการจัดการ,บัญชีบัณฑิต (บช.บ),,,0,20,114,20,60.2770,44.1660
มหาวิทยาลัยราชภัฏจันทรเกษม,วิทยาเขตหลัก,21770104610601A,วิทยาการจัดการ,การตลาดดิจิทัล (บธ.บ),,,0,10,78,11,59.5830,44.4440
มหาวิทยาลัยราชภัฏจันทรเกษม,วิทยาเขตหลัก,21770104610901A,วิทยาการจัดการ,ระบบสารสนเทศทางธุรกิจ (บธ.บ),,,0,10,28,10,45.6940,35.0000
มหาวิทยาลัยราชภัฏจันทรเกษม,วิทยาเขตหลัก,21770104620101A,วิทยาการจัดการ,อุตสาหกรรมท่องเที่ยว (ศศ.บ),,,0,10,68,10,59.8610,44.8610
มหาวิทยาลัยราชภัฏจันทรเกษม,วิทยาเขตหลัก,21770104901101A,วิทยาการจัดการ,นิเทศศาสตรบัณฑิต (นศ.บ),,,0,10,138,10,63.8880,54.8610
มหาวิทยาลัยราชภัฏจันทรเกษม,วิทยาเขตหลัก,21770105110501A,วิทยาศาสตร์,การแพทย์แผนจีน (พจ.บ.6 ปี),,,0,5,47,5,49.9066,41.8654
มหาวิทยาลัยราชภัฏจันทรเกษม,วิทยาเขตหลัก,21770105111801A,วิทยาศาสตร์,การประกอบอาหารและการจัดการงาน ครัว(ศศ.บ),,,0,10,29,6,60.6940,34.4440
มหาวิทยาลัยราชภัฏจันทรเกษม,วิทยาเขตหลัก,21770105112001A,วิทยาศาสตร์,วิทยาศาสตร์การกีฬาและการออกกำลัง กาย (วท.บ),,,0,15,195,15,55.2770,50.0000
มหาวิทยาลัยราชภัฏจันทรเกษม,วิทยาเขตหลัก,21770105211601A,วิทยาศาสตร์,มัลติมีเดียและอีสปอร์ต(วท.บ),,,0,10,43,10,54.7220,40.8330
มหาวิทยาลัยราชภัฏจันทรเกษม,วิทยาเขตหลัก,21770105211701A,วิทยาศาสตร์,วิศวกรรมโยธาและบริหารงานก่อสรา้ ง (วท.บ),,,0,5,45,5,51.9440,45.0000
มหาวิทยาลัยราชภัฏจันทรเกษม,วิทยาเขตหลัก,21770105212001A,วิทยาศาสตร์,เทคโนโลยีอิเล็กทรอนิกส์อัจฉริยะและ หุ่นยน์ต(วท.บ),,,0,5,8,0,0.0000,0.0000
มหาวิทยาลัยราชภัฏจันทรเกษม,วิทยาเขตหลัก,21770105212201A,วิทยาศาสตร์,วิศวกรรมการผลิตและการจัดการพลังงาน (วท.บ),,,0,5,17,2,37.5000,37.5000
มหาวิทยาลัยราชภัฏจันทรเกษม,วิทยาเขตหลัก,21770105213101A,วิทยาศาสตร์,การจัดการสิ่งแวดล้อมและความปลอดภัย (วท.บ),,,0,5,21,3,49.8610,40.8330
มหาวิทยาลัยราชภัฏจันทรเกษม,วิทยาเขตหลัก,21770105220101A,วิทยาศาสตร์,เทคโนโลยีสารสนเทศและนวัตกรรมดิจิทัล (วท.บ),,,0,10,48,10,67.6380,39.3050
มหาวิทยาลัยราชภัฏจันทรเกษม,วิทยาเขตหลัก,21770105220201A,วิทยาศาสตร์,วิทยาการคอมพิวเตอร์และปัญญาประดิษ์ฐ(วท.บ),,,0,15,39,13,65.0000,28.6110
มหาวิทยาลัยราชภัฏจันทรเกษม,วิทยาเขตหลัก,21770105610301A,วิทยาศาสตร์,การประกันภัยและการบริหารความเสี่ยง (ศศ.บ),,,0,5,2,0,0.0000,0.0000
มหาวิทยาลัยราชภัฏจันทรเกษม,วิทยาเขตหลัก,21770105700801A,วิทยาศาสตร์,คณิตศาสตร์(ค.บ. 4 ปี),,,0,2,4,1,58.5000,58.5000
มหาวิทยาลัยราชภัฏจันทรเกษม,วิทยาเขตหลัก,21770105700901A,วิทยาศาสตร์,คอมพิวเตอร์(ค.บ. 4 ปี),,,0,10,32,9,75.0000,35.0000
มหาวิทยาลัยราชภัฏจันทรเกษม,วิทยาเขตหลัก,21770105702401A,วิทยาศาสตร์,วิทยาศาสตร์ทั่วไป (ค.บ. 4 ปี),,,0,5,44,5,73.0000,65.0000
มหาวิทยาลัยราชภัฏเพชรบุรี,วิทยาเขตหลัก,21790102620106A,มนุษยศาสตร์และสังคมศาสตร์,หลักสูตรศิลปศาสตรบัณฑิต สาขาวิชา นวัตกรรมการท่องเที่ยวและการโรงแรม,,,0,45,18,6,84.5000,59.5000
มหาวิทยาลัยราชภัฏเพชรบุรี,วิทยาเขตหลัก,21790102702001A,มนุษยศาสตร์และสังคมศาสตร์,หลักสูตรครุศาสตรบัณฑิต สาขาวิชา ภาษาอังกฤษ,,,0,15,32,12,98.0000,50.5000
มหาวิทยาลัยราชภัฏเพชรบุรี,วิทยาเขตหลัก,21790102702004A,มนุษยศาสตร์และสังคมศาสตร์,หลักสูตรครุศาสตรบัณฑิต สาขาวิชา ภาษาจีน,,,0,5,12,5,93.5000,63.0000
มหาวิทยาลัยราชภัฏเพชรบุรี,วิทยาเขตหลัก,21790102702505A,มนุษยศาสตร์และสังคมศาสตร์,หลักสูตรครุศาสตรบัณฑิต สาขาวิชา ศิลปศึกษา,,,0,5,12,5,78.7500,60.2500
มหาวิทยาลัยราชภัฏเพชรบุรี,วิทยาเขตหลัก,21790102901203A,มนุษยศาสตร์และสังคมศาสตร์,หลักสูตรศิลปศาสตรบัณฑิต สาขาวิชาการ จัดการสารสนเทศและดิจิทัลคอนเทนต์,,,0,45,2,0,0.0000,0.0000
มหาวิทยาลัยราชภัฏเพชรบุรี,วิทยาเขตหลัก,21790102902507A,มนุษยศาสตร์และสังคมศาสตร์,หลักสูตรศิลปศาสตรบัณฑิต สาขาวิชา ภาษาอังกฤษธุรกิจ,,,0,20,12,3,88.0000,78.0000
มหาวิทยาลัยราชภัฏเพชรบุรี,วิทยาเขตหลัก,21790102904202A,มนุษยศาสตร์และสังคมศาสตร์,หลักสูตรศิลปศาสตรบัณฑิต สาขาวิชาการ บริหารการพัฒนาสังคม,,,0,45,19,1,65.5000,65.5000
มหาวิทยาลัยราชภัฏเพชรบุรี,วิทยาเขตหลัก,21790103610209A,วิทยาการจัดการ,หลักสูตรบริหารธุรกิจบัณฑิต สาขาวิชา การบริหารธุรกิจ แขนงวิชาการจัดการ และทรัพยากรมนุษย์,,,0,10,15,0,0.0000,0.0000
มหาวิทยาลัยราชภัฏเพชรบุรี,วิทยาเขตหลัก,21790103610511A,วิทยาการจัดการ,หลักสูตรบัญชีบัณฑิต,,,0,90,36,10,96.5000,37.7500
มหาวิทยาลัยราชภัฏเพชรบุรี,วิทยาเขตหลัก,21790103610612A,วิทยาการจัดการ,หลักสูตรบริหารธุรกิจบัณฑิต สาขาวิชา การบริหารธุรกิจ แขนงวิชาการตลาดดิจิทัล,,,0,10,11,1,84.7500,84.7500
มหาวิทยาลัยราชภัฏเพชรบุรี,วิทยาเขตหลัก,21790103610713A,วิทยาการจัดการ,หลักสูตรบริหารธุรกิจบัณฑิต สาขาวิชา การบริหารธุรกิจ แขนงวิชาคอมพิวเตอ์รธุรกิจดิจิทัล,,,0,10,5,0,0.0000,0.0000
มหาวิทยาลัยราชภัฏเพชรบุรี,วิทยาเขตหลัก,21790103611010A,วิทยาการจัดการ,หลักสูตรบริหารธุรกิจบัณฑิต สาขาวิชา การบริหารธุรกิจ แแขนงวิชาโลจิสติก์สและซัพพลายเชน,,,0,10,16,3,73.5000,0.0000
มหาวิทยาลัยราชภัฏเพชรบุรี,วิทยาเขตหลัก,21790103901108A,วิทยาการจัดการ,หลักสูตรนิเทศศาสตรบัณฑิต สาขาวิชา นิเทศศาสตร์ดิจิทัล,,,0,45,20,4,81.7500,64.2500
มหาวิทยาลัยราชภัฏเพชรบุรี,วิทยาเขตหลัก,21790104111815A,วิทยาศาสตร์และเทคโนโลยี,หลักสูตรวิทยาศาสตรบัณฑิต สาขาวิชา อาหารและโภชนาการประยุกต์,,,0,45,7,1,67.2500,67.2500
มหาวิทยาลัยราชภัฏเพชรบุรี,วิทยาเขตหลัก,21790104500314A,วิทยาศาสตร์และเทคโนโลยี,หลักสูตรวิทยาศาสตรบัณฑิต สาขาวิชา เทคโนโลยีและศิลปะการประกอบอาหาร,,,0,45,1,0,0.0000,0.0000
มหาวิทยาลัยราชภัฏเพชรบุรี,วิทยาเขตหลัก,21790104701016A,วิทยาศาสตร์และเทคโนโลยี,หลักสูตรครุศาสตรบัณฑิต สาขาวิชาเคมี,,,0,20,10,4,90.2500,75.7500
มหาวิทยาลัยราชภัฏเพชรบุรี,วิทยาเขตหลัก,21790104702417A,วิทยาศาสตร์และเทคโนโลยี,หลักสูตรครุศาสตรบัณฑิต สาขาวิชา วิทยาศาสตร์และเทคโนโลยี,,,0,10,8,3,84.2500,79.0000
มหาวิทยาลัยราชภัฏเพชรบุรี,วิทยาเขตหลัก,21790105211020A,เทคโนโลยีการเกษตร,หลักสูตรวิทยาศาสตรบัณฑิต สาขาวิชา วิทยาศาสตร์และเทคโนโลยีการอาหาร,,,0,15,1,0,0.0000,0.0000
มหาวิทยาลัยราชภัฏเพชรบุรี,วิทยาเขตหลัก,21790105500221A,เทคโนโลยีการเกษตร,หลักสูตรวิทยาศาสตรบัณฑิต สาขาวิชา เทคโนโลยีการผลิตพืชสมัยใหม่,,,0,10,5,0,0.0000,0.0000
มหาวิทยาลัยราชภัฏเพชรบุรี,วิทยาเขตหลัก,21790105500618A,เทคโนโลยีการเกษตร,หลักสูตรวิทยาศาสตรบัณฑิต สาขาวิชาการ เพาะเลี้ยงสัตว์น้ า,,,0,15,12,0,0.0000,0.0000
มหาวิทยาลัยราชภัฏเพชรบุรี,วิทยาเขตหลัก,21790105501219A,เทคโนโลยีการเกษตร,หลักสูตรวิทยาศาสตรบัณฑิต สาขาวิชา สัตวศาสตร์,,,0,5,8,1,84.5000,84.5000
มหาวิทยาลัยราชภัฏเพชรบุรี,วิทยาเขตหลัก,21790106300727A,วิศวกรรมศาสตร์และเทคโนโลยีอุตสาหกรรม,หลักสูตรวิศวกรรมศาสตรบัณฑิต สาขาวิชาวิศวกรรมเครื่องกล,,,0,30,9,3,78.2500,64.2500
มหาวิทยาลัยราชภัฏเพชรบุรี,วิทยาเขตหลัก,21790106301525A,วิศวกรรมศาสตร์และเทคโนโลยีอุตสาหกรรม,หลักสูตรวิศวกรรมศาสตรบัณฑิต สาขาวิชาวิศวกรรมพลังงาน,,,0,30,3,0,0.0000,0.0000
มหาวิทยาลัยราชภัฏเพชรบุรี,วิทยาเขตหลัก,21790106301624A,วิศวกรรมศาสตร์และเทคโนโลยีอุตสาหกรรม,หลักสูตรวิศวกรรมศาสตรบัณฑิต สาขาวิชาวิศวกรรมไฟฟ้า,,,0,30,8,2,83.2500,77.0000
มหาวิทยาลัยราชภัฏเพชรบุรี,วิทยาเขตหลัก,21790106302626A,วิศวกรรมศาสตร์และเทคโนโลยีอุตสาหกรรม,หลักสูตรวิศวกรรมศาสตรบัณฑิต สาขาวิชาวิศวกรรมสารสนเทศและการ สื่อสาร,,,0,10,2,0,0.0000,0.0000
มหาวิทยาลัยราชภัฏเพชรบุรี,วิทยาเขตหลัก,21790106303522A,วิศวกรรมศาสตร์และเทคโนโลยีอุตสาหกรรม,หลักสูตรวิศวกรรมศาสตรบัณฑิต สาขาวิชาวิศวกรรมอุตสาหการ,,,0,30,2,0,0.0000,0.0000
มหาวิทยาลัยราชภัฏเพชรบุรี,วิทยาเขตหลัก,21790106400723A,วิศวกรรมศาสตร์และเทคโนโลยีอุตสาหกรรม,หลักสูตรสถาปัตยกรรมศาสตรบัณฑิต สาขาวิชาสถาปัตยกรรมภายใน,,,0,30,5,1,60.2500,60.2500
มหาวิทยาลัยราชภัฏเพชรบุรี,วิทยาเขตหลัก,21790107220130A,เทคโนโลยีสารสนเทศ,หลักสูตรวิทยาศาสตรบัณฑิต สาขาวิชา เทคโนโลยีสารสนเทศ (แขนงเทคโนโลียสำนักงานดิจิทัล),,,0,45,3,0,0.0000,0.0000
มหาวิทยาลัยราชภัฏเพชรบุรี,วิทยาเขตหลัก,21790107220131A,เทคโนโลยีสารสนเทศ,หลักสูตรวิทยาศาสตรบัณฑิต สาขาวิชา เทคโนโลยีสารสนเทศ (แขนงดิจิทัลคอน เทนต์และเกม),,,0,45,12,3,88.0000,78.5000
มหาวิทยาลัยราชภัฏเพชรบุรี,วิทยาเขตหลัก,21790107220328A,เทคโนโลยีสารสนเทศ,หลักสูตรวิทยาศาสตรบัณฑิต สาขาวิชา วิทยาการคอมพิวเตอร์(แขนงวิทยาการ ข้อมูลและสารสนเทศ),,,0,45,10,2,91.5000,79.7500
มหาวิทยาลัยราชภัฏเพชรบุรี,วิทยาเขตหลัก,21790107700929A,เทคโนโลยีสารสนเทศ,หลักสูตรครุศาสตรบัณฑิต สาขาวิชา คอมพิวเตอร์,,,0,30,8,2,82.5000,70.0000
มหาวิทยาลัยราชภัฏเพชรบุรี,วิทยาเขตหลัก,21790108110732A,พยาบาลศาสตร์และวิทยาการ สุขภาพ,หลักสูตรการแพทย์แผนไทยบัณฑิต สาขาวิชาการแพทย์แผนไทยและ การแพทย์ทางเลือก,,,0,30,164,30,98.7500,86.5000
มหาวิทยาลัยราชภัฏเพชรบุรี,วิทยาเขตหลัก,21790108112733A,พยาบาลศาสตร์และวิทยาการ สุขภาพ,หลักสูตรสาธารณสุขศาสตรบัณฑิต สาขาวิชาสาธารณสุขศาสตร์และอาชีวอนา มัย,,,0,10,262,10,98.7500,91.5000
มหาวิทยาลัยราชภัฏเพชรบุรี,วิทยาเขตหลัก,21790109111835A,วิทยาลัยนวัตกรรมอาหารและอุตสาหกรรมบริการ,หลักสูตรศิลปศาสตรบัณฑิต สาขาวิชา อาหารสรา้ งสรรค์และการจัดการบริการ อาหาร,,,0,45,2,1,44.7500,44.7500
มหาวิทยาลัยราชภัฏเพชรบุรี,วิทยาเขตหลัก,21790109500434A,วิทยาลัยนวัตกรรมอาหารและอุตสาหกรรมบริการ,หลักสูตรวิทยาศาสตรบัณฑิต สาขาวิชา เกษตรอินทรีย์และการจัดการฟาร์มอัจฉริยะ,,,0,45,2,0,0.0000,0.0000
มหาวิทยาลัยราชภัฏเพชรบุรี,วิทยาเขตหลัก,21790109620137A,วิทยาลัยนวัตกรรมอาหารและอุตสาหกรรมบริการ,หลักสูตรศิลปศาสตรบัณฑิต สาขาวิชาการ ท่องเที่ยว การบริการ อีเวน์ทและการ จัดการภัตตาคาร นานาชาติ,,,0,45,5,0,0.0000,0.0000
มหาวิทยาลัยราชภัฏเพชรบุรี,วิทยาเขตหลัก,21790109901836A,วิทยาลัยนวัตกรรมอาหารและอุตสาหกรรมบริการ,หลักสูตรศิลปศาสตรบัณฑิต สาขาวิชา ภาษาจีนเพื่อธุรกิจและบริการ,,,0,45,1,0,0.0000,0.0000
มหาวิทยาลัยเกษมบัณฑิต,วิทยาเขต พัฒนาการ,41800104301601A,คณะวิศวกรรมศาสตร์,วศ.บ.วิศวกรรมไฟฟ้า,,,0,40,4,3,32.5388,23.1664
มหาวิทยาลัยเกษมบัณฑิต,วิทยาเขตร่มเกล้า,41800201610201A,คณะบริหารธุรกิจ,บธ.บ.(การจัดการสมัยใหม่),,การจัดการการเงินและการ ลงทุน,0,280,7,0,0.0000,0.0000
มหาวิทยาลัยเกษมบัณฑิต,วิทยาเขตร่มเกล้า,41800201610201A,คณะบริหารธุรกิจ,บธ.บ.(การจัดการสมัยใหม่),,การจัดการธุรกิจสมัยใหม่,0,20,3,1,0.0000,0.0000
มหาวิทยาลัยเกษมบัณฑิต,วิทยาเขตร่มเกล้า,41800201610301A,คณะบริหารธุรกิจ,บธ.บ.(ธุรกิจการค้าสมัยใหม่),,,0,50,2,0,0.0000,0.0000
มหาวิทยาลัยเกษมบัณฑิต,วิทยาเขตร่มเกล้า,41800201610302A,คณะบริหารธุรกิจ,บธ.บ.(ธุรกิจดิจิทัล),,,0,80,0,0,0.0000,0.0000
มหาวิทยาลัยเกษมบัณฑิต,วิทยาเขตร่มเกล้า,41800201610401A,คณะบริหารธุรกิจ,บธ.บ.(การจัดการทรัพยากรมนุษย์),,,0,50,6,1,54.4440,54.4440
มหาวิทยาลัยเกษมบัณฑิต,วิทยาเขตร่มเกล้า,41800201610501A,คณะบริหารธุรกิจ,บช.บ.บัญชี,,,0,150,11,4,44.0270,40.4160
มหาวิทยาลัยเกษมบัณฑิต,วิทยาเขตร่มเกล้า,41800201610601A,คณะบริหารธุรกิจ,บธ.บ.(การตลาดดิจิทัล),,,0,200,7,2,0.0000,0.0000
มหาวิทยาลัยเกษมบัณฑิต,วิทยาเขตร่มเกล้า,41800201611001A,คณะบริหารธุรกิจ,บธ.บ.(การจัดการโลจิสติกส์),,,0,200,7,3,44.5830,37.9160
มหาวิทยาลัยเกษมบัณฑิต,วิทยาเขตร่มเกล้า,41800202901001A,คณะนิติศาสตร์,น.บ.นิติศาสตรบัณฑิต,,,0,60,1,0,0.0000,0.0000
มหาวิทยาลัยเกษมบัณฑิต,วิทยาเขตร่มเกล้า,41800203901101A,คณะนิเทศศาสตร์,นศ.บ.การภาพยนตร์และสื่อดิจิทัล,,,0,60,20,4,54.3050,40.1380
มหาวิทยาลัยเกษมบัณฑิต,วิทยาเขตร่มเกล้า,41800203901102A,คณะนิเทศศาสตร์,นศ.บ.สื่อสังคมออนไลน์และดิจิทัลคอน เทนต์,,,0,40,12,3,46.2500,21.9440
มหาวิทยาลัยเกษมบัณฑิต,วิทยาเขตร่มเกล้า,41800203901103A,คณะนิเทศศาสตร์,นศ.บ.วิทุยโทรทัศ์นและสื่อสตรีมมิ่ง,,,0,40,2,0,0.0000,0.0000
มหาวิทยาลัยเกษมบัณฑิต,วิทยาเขตร่มเกล้า,41800203901104A,คณะนิเทศศาสตร์,นศ.บ.สื่อสารการแสดงร่วมสมัย,,,0,50,5,3,41.1110,0.0000
มหาวิทยาลัยเกษมบัณฑิต,วิทยาเขตร่มเกล้า,41800203901105A,คณะนิเทศศาสตร์,นศ.บ.นวัตกรรมการสื่อสารองค์กรและแบ รนด์,,,0,40,2,2,55.0000,41.5270
มหาวิทยาลัยเกษมบัณฑิต,วิทยาเขตร่มเกล้า,41800204300501A,คณะวิศวกรรมศาสตร์,วศ.บ.วิศวกรรมคอมพิวเตอร์,,,0,40,8,3,33.8666,26.6888
มหาวิทยาลัยเกษมบัณฑิต,วิทยาเขตร่มเกล้า,41800204300701A,คณะวิศวกรรมศาสตร์,วศ.บ.วิศวกรรมเครื่องกล,,วิศวกรรมเครื่องกล-เครื่องกล,3401,60,1,0,0.0000,0.0000
มหาวิทยาลัยเกษมบัณฑิต,วิทยาเขตร่มเกล้า,41800204300701A,คณะวิศวกรรมศาสตร์,วศ.บ.วิศวกรรมเครื่องกล,,วิศวกรรมเครื่องกล-นักบิน,3401,60,0,0,0.0000,0.0000
มหาวิทยาลัยเกษมบัณฑิต,วิทยาเขตร่มเกล้า,41800204300701A,คณะวิศวกรรมศาสตร์,วศ.บ.วิศวกรรมเครื่องกล,,วิศวกรรมเครื่องกล-ซ่อม บำรุงอากาศยาน,3401,60,1,1,34.7444,34.7444
มหาวิทยาลัยเกษมบัณฑิต,วิทยาเขตร่มเกล้า,41800204302101A,คณะวิศวกรรมศาสตร์,วศ.บ.วิศวกรรมโยธา,,,0,40,3,1,32.6832,32.6832
มหาวิทยาลัยเกษมบัณฑิต,วิทยาเขตร่มเกล้า,41800204303501A,คณะวิศวกรรมศาสตร์,วศ.บ.วิศวกรรมอุตสาหการ,,,0,60,0,0,0.0000,0.0000
มหาวิทยาลัยเกษมบัณฑิต,วิทยาเขตร่มเกล้า,41800205400501A,คณะสถาปัตยกรรมศาสตร์,สถ.บ.สถาปัตยกรรมศาสตร์,,,0,40,6,0,0.0000,0.0000
มหาวิทยาลัยเกษมบัณฑิต,วิทยาเขตร่มเกล้า,41800205800101A,คณะสถาปัตยกรรมศาสตร์,ศล.บ.การออกแบบนิเทศศิลป์,,,0,30,7,2,45.6496,32.6830
มหาวิทยาลัยเกษมบัณฑิต,วิทยาเขตร่มเกล้า,41800205800102A,คณะสถาปัตยกรรมศาสตร์,ศล.บ.การออกแบบภายใน,,,0,40,5,4,40.9580,13.5832
มหาวิทยาลัยเกษมบัณฑิต,วิทยาเขตร่มเกล้า,41800205800103A,คณะสถาปัตยกรรมศาสตร์,อบ.บ.การออกแบบสรา้ งสรรค์,,,0,40,2,0,0.0000,0.0000
มหาวิทยาลัยเกษมบัณฑิต,วิทยาเขตร่มเกล้า,41800206620101A,คณะศิลปศาสตร์,ศศ.บ.การจัดการท่องเที่ยว,,,0,80,3,0,0.0000,0.0000
มหาวิทยาลัยเกษมบัณฑิต,วิทยาเขตร่มเกล้า,41800206620102A,คณะศิลปศาสตร์,ศศ.บ.การจัดการโรงแรมและภัตตาคาร,,,0,80,6,3,53.6110,35.9720
มหาวิทยาลัยเกษมบัณฑิต,วิทยาเขตร่มเกล้า,41800206800101A,คณะศิลปศาสตร์,ศศ.บ.ออกแบบแฟชั่น,,,0,20,6,2,24.7220,15.8330
มหาวิทยาลัยเกษมบัณฑิต,วิทยาเขตร่มเกล้า,41800206902001A,คณะศิลปศาสตร์,ศศ.บ.ภาษาไทย,,ภาษาไทยสำหรับชาว ต่างประเทศ,3601,40,0,0,0.0000,0.0000
มหาวิทยาลัยเกษมบัณฑิต,วิทยาเขตร่มเกล้า,41800206902001A,คณะศิลปศาสตร์,ศศ.บ.ภาษาไทย,,ภาษาไทยเพื่อการสื่อสาร,3601,40,1,0,0.0000,0.0000
มหาวิทยาลัยเกษมบัณฑิต,วิทยาเขตร่มเกล้า,41800206902501E,คณะศิลปศาสตร์,ศศ.บ.ภาษาอังกฤษเพื่อการสื่อสาร,,,0,50,5,1,43.3330,43.3330
มหาวิทยาลัยเกษมบัณฑิต,วิทยาเขตร่มเกล้า,41800207220201A,คณะวิทยาศาสตร์และเทคโนโลยี,วท.บ.(นวัตกรรมเทคโนโลยีดิจิทัล),,,0,80,1,0,0.0000,0.0000
มหาวิทยาลัยเกษมบัณฑิต,วิทยาเขตร่มเกล้า,41800208900701A,คณะจิตวิทยา,ศศ.บ.จิตวิทยา,,,0,40,92,40,71.7554,48.4466
มหาวิทยาลัยเกษมบัณฑิต,วิทยาเขตร่มเกล้า,41800209112001A,คณะวิทยาศาสตร์การกีฬา,วท.บ.วิทยาศาสตรบัณฑิต,tgat alv,,3901,60,23,11,47.1704,0.0000
มหาวิทยาลัยเกษมบัณฑิต,วิทยาเขตร่มเกล้า,41800209112001A,คณะวิทยาศาสตร์การกีฬา,วท.บ.วิทยาศาสตรบัณฑิต,gpax,,3901,60,41,10,76.0499,44.8000
มหาวิทยาลัยเกษมบัณฑิต,วิทยาเขตร่มเกล้า,41800209900301A,คณะวิทยาศาสตร์การกีฬา,ศศ.บ.ศิลปศาสตรบัณฑิต,gpax,,3902,60,14,2,72.9332,72.8250
มหาวิทยาลัยเกษมบัณฑิต,วิทยาเขตร่มเกล้า,41800209900301A,คณะวิทยาศาสตร์การกีฬา,ศศ.บ.ศิลปศาสตรบัณฑิต,tgat alv61 alv63,,3902,60,4,2,41.5239,19.9304
มหาวิทยาลัยเกษมบัณฑิต,วิทยาเขตร่มเกล้า,41800210111701A,คณะพยาบาลศาสตร์,พย.บ.พยาบาลศาสตรบัณฑิต,Tgat Tpat1 a_lv_61 a_lv_65 a_lv_66 a_lv_81,,3101,70,19,12,50.8215,37.0719
มหาวิทยาลัยเกษมบัณฑิต,วิทยาเขตร่มเกล้า,41800210111701A,คณะพยาบาลศาสตร์,พย.บ.พยาบาลศาสตรบัณฑิต,Tgat Tpat3 a_lv_61 a_lv_65 a_lv_66 a_lv_81,,3101,70,94,58,49.7804,36.8523
มหาวิทยาลัยเกษมบัณฑิต,วิทยาเขตร่มเกล้า,41800239610201E,โครงการหลักสูตร บริหารธุรกิจบัณฑิต (หลักสูตรนานาชาต)ิ,บธ.บ.(การจัดการธุรกิจสมัยใหม่),,,0,30,0,0,0.0000,0.0000
มหาวิทยาลัยเกษมบัณฑิต,วิทยาเขตร่มเกล้า,41800261620201E,สถาบันพัฒนาบุคลากรการบิน,บธ.บ.การจัดการอุตสาหกรรมการบิน,,,0,30,0,0,0.0000,0.0000
มหาวิทยาลัยเกษมบัณฑิต,วิทยาเขตร่มเกล้า,41800261900301A,สถาบันพัฒนาบุคลากรการบิน,ศศ.บ.ธุรกิจการบิน,,,0,120,0,0,0.0000,0.0000
มหาวิทยาลัยสยาม,วิทยาเขตหลัก,41810101300501A,คณะวิศวกรรมศาสตร์,วศ.บ. สาขาวิชาวิศวกรรมคอมพิวเตอร์,,,0,20,20,7,95.5000,0.0000
มหาวิทยาลัยสยาม,วิทยาเขตหลัก,41810101300701A,คณะวิศวกรรมศาสตร์,วศ.บ. สาขาวิชาวิศวกรรมเครื่องกล,,,0,20,4,1,60.7500,60.7500
มหาวิทยาลัยสยาม,วิทยาเขตหลัก,41810101301601A,คณะวิศวกรรมศาสตร์,วศ.บ. สาขาวิชาวิศวกรรมไฟฟ้า,,,0,20,5,0,0.0000,0.0000
มหาวิทยาลัยสยาม,วิทยาเขตหลัก,41810101302001A,คณะวิศวกรรมศาสตร์,วศ.บ. สาขาวิชาวิศวกรรมยานยนต์,,,0,20,10,1,59.7500,59.7500
มหาวิทยาลัยสยาม,วิทยาเขตหลัก,41810101302101A,คณะวิศวกรรมศาสตร์,วศ.บ. สาขาวิชาวิศวกรรมโยธา,,,0,20,25,4,79.5000,63.7500
มหาวิทยาลัยสยาม,วิทยาเขตหลัก,41810101303501A,คณะวิศวกรรมศาสตร์,วศ.บ. สาขาวิชาวิศวกรรมอุตสาหการ,,,0,20,3,0,0.0000,0.0000
มหาวิทยาลัยสยาม,วิทยาเขตหลัก,41810102610101A,คณะบริหารธุรกิจ,บธ.บ. สาขาวิชาการเงินและการลงทุน,,,0,30,7,2,78.0000,61.2500
มหาวิทยาลัยสยาม,วิทยาเขตหลัก,41810102610301A,คณะบริหารธุรกิจ,บธ.บ. สาขาวิชาการจัดการและการ ประกอบการ,,,0,30,2,0,0.0000,0.0000
มหาวิทยาลัยสยาม,วิทยาเขตหลัก,41810102610501A,คณะบริหารธุรกิจ,บช.บ. สาขาวิชาการบัญชี,,,0,60,25,7,99.2500,82.5000
มหาวิทยาลัยสยาม,วิทยาเขตหลัก,41810102610601A,คณะบริหารธุรกิจ,บธ.บ. สาขาวิชาการตลาด,,,0,30,14,3,96.2500,62.0000
มหาวิทยาลัยสยาม,วิทยาเขตหลัก,41810102610801A,คณะบริหารธุรกิจ,บธ.บ. สาขาวิชาการจัดการธุรกิจระหวา่ ง ประเทศ,,,0,30,10,2,84.0000,73.5000
มหาวิทยาลัยสยาม,วิทยาเขตหลัก,41810103620101A,คณะศิลปศาสตร์,ศศ.บ. สาขาวิชาการโรงแรม การท่องเที่ยว และการบริการ,,,0,80,14,2,91.2500,87.5000
มหาวิทยาลัยสยาม,วิทยาเขตหลัก,41810103901901A,คณะศิลปศาสตร์,ศศ.บ. สาขาวิชาภาษาญี่ปุ่นเพื่อการสื่อสาร,,,0,40,20,4,91.2500,0.0000
มหาวิทยาลัยสยาม,วิทยาเขตหลัก,41810103902501A,คณะศิลปศาสตร์,ศศ.บ. สาขาวิชาภาษาอังกฤษสื่อสารธุรกิจ,,,0,80,18,2,81.5000,73.7500
มหาวิทยาลัยสยาม,วิทยาเขตหลัก,41810104901001A,คณะนิติศาสตร์,น.บ. สาขาวิชานิติศาสตร์,,,0,80,30,10,98.2500,58.7500
มหาวิทยาลัยสยาม,วิทยาเขตหลัก,41810105901101A,คณะนิเทศศาสตร์,นศ.บ. นิเทศศาสตร์,,,0,80,26,7,93.5000,68.2500
มหาวิทยาลัยสยาม,วิทยาเขตหลัก,41810106111701A,คณะพยาบาลศาสตร์,พย.บ. สาขาวิชาพยาบาลศาสตร์,,,0,80,591,80,46.4501,36.4397
มหาวิทยาลัยสยาม,วิทยาเขตหลัก,41810107211001A,คณะวิทยาศาสตร์,วท.บ. สาขาวิชานวัตกรรมอาหารและการ เป็นผู้ประกอบการ,,,0,30,9,2,81.0000,0.0000
มหาวิทยาลัยสยาม,วิทยาเขตหลัก,41810107220201A,คณะวิทยาศาสตร์,วท.บ. สาขาวิชาวิทยาการข้อมูลและ คอมพิวเตอร์,,,0,30,10,1,67.5000,67.5000
มหาวิทยาลัยสยาม,วิทยาเขตหลัก,41810108220101A,คณะเทคโนโลยีสารสนเทศ,วท.บ. สาขาวิชาเทคโนโลยีสารสนเทศ,,,0,30,9,1,86.0000,86.0000
มหาวิทยาลัยสยาม,วิทยาเขตหลัก,41810108220102A,คณะเทคโนโลยีสารสนเทศ,วท.บ. สาขาวิชาการตลาดดิจิทัล,,,0,30,1,0,0.0000,0.0000
มหาวิทยาลัยสยาม,วิทยาเขตหลัก,41810108220501A,คณะเทคโนโลยีสารสนเทศ,วท.บ. สาขาวิชาแอนิเมชันและสื่อ สรา้ งสรรค์,,,0,30,21,3,96.5000,61.5000
มหาวิทยาลัยสยาม,วิทยาเขตหลัก,41810108610701A,คณะเทคโนโลยีสารสนเทศ,บธ.บ. สาขาวิชาธุรกิจดิจิทัลและเทคโนโลย๊,,,0,30,2,0,0.0000,0.0000
มหาวิทยาลัยสยาม,วิทยาเขตหลัก,41810109130301A,คณะเภสัชศาสตร์,ภ.บ. สาขาวิชาการบริบาลทางเภสัชกรรม,,,0,50,631,50,53.8687,46.0955
มหาวิทยาลัยสยาม,วิทยาเขตหลัก,41810110112701A,คณะแพทยศาสตร์,วท.บ. สาขาวิชาอาชีวอนามัยและความ ปลอดภัย,,,0,40,112,41,######,70.7500
มหาวิทยาลัยสยาม,วิทยาเขตหลัก,41810111610801E,วิทยาลัยนานาชาติ,B.B.A. International Business,,,0,30,4,0,0.0000,0.0000
มหาวิทยาลัยสยาม,วิทยาเขตหลัก,41810114903201A,คณะรัฐศาสตร์,ร.บ. สาขาวิชาการปกครอง,,,0,20,3,1,68.2500,68.2500
มหาวิทยาลัยสยาม,วิทยาเขตหลัก,41810115120101A,คณะทันตแพทยศาสตร์,ท.บ. ทันตแพทยศาสตรบัณฑิต,,,0,30,187,30,47.1600,38.0800
มหาวิทยาลัยสยาม,วิทยาเขตหลัก,41810116113001A,คณะทัศนมาตรศาสตร์,ทศ.บ. ทัศนมาตรศาสตรบัณฑิต,,,0,25,36,25,44.8721,24.8666
มหาวิทยาลัยเทคโนโลยีราชมงคลธัญบุรี,วิทยาเขตหลัก,31910101112001A,คณะศิลปศาสตร์,พลศึกษา,,,0,10,234,10,66.5579,60.2534
มหาวิทยาลัยเทคโนโลยีราชมงคลธัญบุรี,วิทยาเขตหลัก,31910101620101A,คณะศิลปศาสตร์,การท่องเที่ยว,,,0,40,147,40,68.1136,60.3086
มหาวิทยาลัยเทคโนโลยีราชมงคลธัญบุรี,วิทยาเขตหลัก,31910101620102A,คณะศิลปศาสตร์,การจัดการการโรงแรม,,,0,15,127,15,68.9964,61.7534
มหาวิทยาลัยเทคโนโลยีราชมงคลธัญบุรี,วิทยาเขตหลัก,31910101620102B,คณะศิลปศาสตร์,การจัดการการโรงแรม,,,0,40,10,2,60.6196,60.1057
มหาวิทยาลัยเทคโนโลยีราชมงคลธัญบุรี,วิทยาเขตหลัก,31910101620201A,คณะศิลปศาสตร์,อุตสาหกรรมการบริการการบิน,,,0,20,124,20,72.6298,62.8503
มหาวิทยาลัยเทคโนโลยีราชมงคลธัญบุรี,วิทยาเขตหลัก,31910101902001A,คณะศิลปศาสตร์,ภาษาไทยและภาษาจีนเพื่ออุตสาหกรรม การบริการ,,,0,10,78,10,68.4732,63.8182
มหาวิทยาลัยเทคโนโลยีราชมงคลธัญบุรี,วิทยาเขตหลัก,31910101902501A,คณะศิลปศาสตร์,ภาษาอังกฤษเพื่อการสื่อสาร,,,0,50,139,50,67.2724,60.7364
มหาวิทยาลัยเทคโนโลยีราชมงคลธัญบุรี,วิทยาเขตหลัก,31910101902501B,คณะศิลปศาสตร์,ภาษาอังกฤษเพื่อการสื่อสาร,,,0,25,26,6,62.8394,60.0601
มหาวิทยาลัยเทคโนโลยีราชมงคลธัญบุรี,วิทยาเขตหลัก,31910101902501E,คณะศิลปศาสตร์,ภาษาอังกฤษเพื่ออาชีพนานาชาติ,,,0,30,60,30,64.2747,48.2706
มหาวิทยาลัยเทคโนโลยีราชมงคลธัญบุรี,วิทยาเขตหลัก,31910102211701A,คณะครุศาสตร์อุตสาหกรรม,เทคโนโลยีบริหารงานก่อสรา้ ง,,,0,5,72,5,65.2665,57.4081
มหาวิทยาลัยเทคโนโลยีราชมงคลธัญบุรี,วิทยาเขตหลัก,31910102220101A,คณะครุศาสตร์อุตสาหกรรม,นวัตกรรมการเรียนรู้และเทคโนโลียสารสนเทศ,,,0,40,83,34,61.9332,18.9000
มหาวิทยาลัยเทคโนโลยีราชมงคลธัญบุรี,วิทยาเขตหลัก,31910102700901A,คณะครุศาสตร์อุตสาหกรรม,วิศวกรรมคอมพิวเตอร์,,,0,4,55,4,68.6664,64.4083
มหาวิทยาลัยเทคโนโลยีราชมงคลธัญบุรี,วิทยาเขตหลัก,31910102700902A,คณะครุศาสตร์อุตสาหกรรม,เทคโนโลยีดิจิทัลเพื่อการศึกษาและ คอมพิวเตอร์ศึกษา,,,0,20,47,20,74.4164,20.2500
มหาวิทยาลัยเทคโนโลยีราชมงคลธัญบุรี,วิทยาเขตหลัก,31910102701501A,คณะครุศาสตร์อุตสาหกรรม,เทคโนโลยีและสื่อสารการศึกษา,,,0,20,52,19,72.8415,23.4000
มหาวิทยาลัยเทคโนโลยีราชมงคลธัญบุรี,วิทยาเขตหลัก,31910102703001A,คณะครุศาสตร์อุตสาหกรรม,วิศวกรรมอิเล็กทรอนิกส์และระบบอัตโนมัติ,,,0,30,27,9,69.5249,37.6083
มหาวิทยาลัยเทคโนโลยีราชมงคลธัญบุรี,วิทยาเขตหลัก,31910102703401A,คณะครุศาสตร์อุตสาหกรรม,วิศวกรรมอุตสาหการ,,,0,15,71,15,72.8832,39.0582
มหาวิทยาลัยเทคโนโลยีราชมงคลธัญบุรี,วิทยาเขตหลัก,31910104300001A,คณะวิศวกรรมศาสตร์,วิศวกรรมศาสตรบัณฑิต 11 สาขา,,,0,115,205,115,59.9789,43.9414
มหาวิทยาลัยเทคโนโลยีราชมงคลธัญบุรี,วิทยาเขตหลัก,31910104303101A,คณะวิศวกรรมศาสตร์,วิศวกรรมชลประทานและการจัดการ้นา,,,0,10,47,10,54.7082,45.8414
มหาวิทยาลัยเทคโนโลยีราชมงคลธัญบุรี,วิทยาเขตหลัก,31910104303401A,คณะวิศวกรรมศาสตร์,วิศวกรรมอิเล็กทรอนิกส์และโทรคมนาคม- วิศวกรรมเซมิคอนดักเตอร์,,,0,30,47,28,57.3930,13.4500
มหาวิทยาลัยเทคโนโลยีราชมงคลธัญบุรี,วิทยาเขตหลัก,31910105610101A,คณะบริหารธุรกิจ,การเงินและการลงทุน,,,0,30,465,32,98.7500,91.7500
มหาวิทยาลัยเทคโนโลยีราชมงคลธัญบุรี,วิทยาเขตหลัก,31910105610201A,คณะบริหารธุรกิจ,การจัดการ,,การจัดการ-นวัตกรรมการ จัดการธุรกิจ,0,20,424,21,97.7500,88.7500
มหาวิทยาลัยเทคโนโลยีราชมงคลธัญบุรี,วิทยาเขตหลัก,31910105610201A,คณะบริหารธุรกิจ,การจัดการ,,การจัดการ-การจัดการ ทรัพยากรมนุษย์,0,20,322,20,96.7500,89.2500
มหาวิทยาลัยเทคโนโลยีราชมงคลธัญบุรี,วิทยาเขตหลัก,31910105610501A,คณะบริหารธุรกิจ,บัญชีบัณฑิต,,,0,40,556,40,89.4750,82.5416
มหาวิทยาลัยเทคโนโลยีราชมงคลธัญบุรี,วิทยาเขตหลัก,31910105610601A,คณะบริหารธุรกิจ,การตลาด,,การตลาด-การตลาด,0,30,710,30,98.2500,90.7500
มหาวิทยาลัยเทคโนโลยีราชมงคลธัญบุรี,วิทยาเขตหลัก,31910105610601A,คณะบริหารธุรกิจ,การตลาด,,การตลาด-การค้าปลีก,0,15,205,16,94.2500,85.0000
มหาวิทยาลัยเทคโนโลยีราชมงคลธัญบุรี,วิทยาเขตหลัก,31910105610601A,คณะบริหารธุรกิจ,การตลาด,,การตลาด-การจัดการ นิทรรศการ และการตลาด เชิงกิจกรรม,0,10,246,10,99.0000,91.0000
มหาวิทยาลัยเทคโนโลยีราชมงคลธัญบุรี,วิทยาเขตหลัก,31910105610601E,คณะบริหารธุรกิจ,Business Administration-Digital Marketing and Media Creation,,,0,60,65,31,94.5000,52.2500
มหาวิทยาลัยเทคโนโลยีราชมงคลธัญบุรี,วิทยาเขตหลัก,31910105610701A,คณะบริหารธุรกิจ,คอมพิวเตอร์ธุรกิจ,,,0,15,257,15,97.5000,90.7500
มหาวิทยาลัยเทคโนโลยีราชมงคลธัญบุรี,วิทยาเขตหลัก,31910105610801A,คณะบริหารธุรกิจ,การบริหารธุรกิจระหวา่ งประเทศ,,,0,35,490,35,99.0000,90.2500
มหาวิทยาลัยเทคโนโลยีราชมงคลธัญบุรี,วิทยาเขตหลัก,31910105611001A,คณะบริหารธุรกิจ,การจัดการโลจิสติกส์และซัพพลายเชน,,,0,60,662,61,99.2500,90.7500
มหาวิทยาลัยเทคโนโลยีราชมงคลธัญบุรี,วิทยาเขตหลัก,31910105611002E,คณะบริหารธุรกิจ,Business Administration- International Business and Logistics,,,0,60,102,54,86.5000,50.2500
มหาวิทยาลัยเทคโนโลยีราชมงคลธัญบุรี,วิทยาเขตหลัก,31910105611101A,คณะบริหารธุรกิจ,เศรษฐศาสตร-์เศรษฐศาสตร์ธุรกิจ,,,0,60,361,61,97.7500,85.7500
มหาวิทยาลัยเทคโนโลยีราชมงคลธัญบุรี,วิทยาเขตหลัก,31910106500302A,คณะเทคโนโลยีคหกรรมศาสตร์,อาหารและโภชนาการ,,,0,10,165,10,84.0665,76.6998
มหาวิทยาลัยเทคโนโลยีราชมงคลธัญบุรี,วิทยาเขตหลัก,31910106700601A,คณะเทคโนโลยีคหกรรมศาสตร์,การศึกษาปฐมวยั,,,0,5,91,5,71.9498,69.0082
มหาวิทยาลัยเทคโนโลยีราชมงคลธัญบุรี,วิทยาเขตหลัก,31910106800301A,คณะเทคโนโลยีคหกรรมศาสตร์,การออกแบบแฟชั่นและนวัตกรรมเครื่อง แต่งกาย,,,0,40,135,40,82.3498,63.6582
มหาวิทยาลัยเทคโนโลยีราชมงคลธัญบุรี,วิทยาเขตหลัก,31910106800303A,คณะเทคโนโลยีคหกรรมศาสตร์,นวัตกรรมศิลปประดิษฐ์สรา้ งสรรค์,,,0,40,69,18,72.5583,44.1000
มหาวิทยาลัยเทคโนโลยีราชมงคลธัญบุรี,วิทยาเขตหลัก,31910107702503A,คณะศิลปกรรมศาสตร์,ดนตรีสากลศึกษา,,,0,10,5,2,50.6500,49.2194
มหาวิทยาลัยเทคโนโลยีราชมงคลธัญบุรี,วิทยาเขตหลัก,31910107702504A,คณะศิลปกรรมศาสตร์,ศิลปศึกษา,,,0,3,12,3,60.6276,60.0972
มหาวิทยาลัยเทคโนโลยีราชมงคลธัญบุรี,วิทยาเขตหลัก,31910107800102A,คณะศิลปกรรมศาสตร์,ออกแบบผลิตภัณฑ์,,,0,5,21,5,70.0914,60.0332
มหาวิทยาลัยเทคโนโลยีราชมงคลธัญบุรี,วิทยาเขตหลัก,31910107800103A,คณะศิลปกรรมศาสตร์,ออกแบบภายใน,,,0,2,22,2,70.7250,65.5498
มหาวิทยาลัยเทคโนโลยีราชมงคลธัญบุรี,วิทยาเขตหลัก,31910107800104A,คณะศิลปกรรมศาสตร์,นวัตกรรมการออกแบบผลิตภัณฑ์ร่วมสมัย,,,0,10,9,3,58.7332,55.8331
มหาวิทยาลัยเทคโนโลยีราชมงคลธัญบุรี,วิทยาเขตหลัก,31910107800105A,คณะศิลปกรรมศาสตร์,ศิลปะการออกแบบแฟชั่น,,,0,5,17,4,63.0500,44.9081
มหาวิทยาลัยเทคโนโลยีราชมงคลธัญบุรี,ิวิทยาเขตหลัก,31910107800301A,คณะศิลปกรรมศาสตร์,จิตรกรรม,,,0,4,33,4,64.1249,61.8750
มหาวิทยาลัยเทคโนโลยีราชมงคลธัญบุรี,วิทยาเขตหลัก,31910107800302A,คณะศิลปกรรมศาสตร์,ทัศนศิลป์,,,0,15,40,15,71.2914,54.8666
มหาวิทยาลัยเทคโนโลยีราชมงคลธัญบุรี,วิทยาเขตหลัก,31910107800303A,คณะศิลปกรรมศาสตร์,ศิลปะไทย,,,0,10,7,1,61.1998,61.1998
มหาวิทยาลัยเทคโนโลยีราชมงคลธัญบุรี,ิวิทยาเขตหลัก,31910108210901A,คณะเทคโนโลยีสื่อสารมวลชน,เทคโนโลยีการพิมพ์ดิจิทัลและบรรจุภัณฑ์,,,0,5,8,5,55.6498,40.7000
มหาวิทยาลัยเทคโนโลยีราชมงคลธัญบุรี,ิวิทยเขตหลัก,31910108211601A,คณะเทคโนโลยีสื่อสารมวลชน,ครีเอทีฟมีเดียเทคโนโลยี,,ครีเอทีฟมีเดียเทคโนโลย-ี เทคโนโลยีการพัฒนาเกม ดิจิทัล,0,5,10,5,63.8999,58.8747
มหาวิทยาลัยเทคโนโลยีราชมงคลธัญบุรี,ิวิทยาเขตหลัก,31910108211601A,คณะเทคโนโลยีสื่อสารมวลชน,ครีเอทีฟมีเดียเทคโนโลยี,,ครีเอทีฟมีเดียเทคโนโลย-ี เทคโนโลยีการพัฒนา เว็บไซต์ฟูลสแต็ก,0,5,7,5,60.4749,50.2248
มหาวิทยาลัยเทคโนโลยีราชมงคลธัญบุรี,ิวิทยาเขตหลัก,31910108211601B,คณะเทคโนโลยีสื่อสารมวลชน,ครีเอทีฟมีเดียเทคโนโลยี,,ครีเอทีฟมีเดียเทคโนโลย-ี เทคโนโลยีการพัฒนาเกม ดิจิทัล,0,8,5,4,57.4998,36.1248
มหาวิทยาลัยเทคโนโลยีราชมงคลธัญบุรี,ิวิทยาเขตหลัก,31910108900601A,คณะเทคโนโลยีสื่อสารมวลชน,เทคโนโลยีการโฆษณาและประชาสัมพันธ์,,,0,5,17,5,63.4748,59.8499
มหาวิทยาลัยเทคโนโลยีราชมงคลธัญบุรี,ิวิทยาเขตหลัก,31910108901601A,คณะเทคโนโลยีสื่อสารมวลชน,เทคโนโลยีการผลิตภาพยนตร์และวิทุยโทรทัศน์,,,0,5,36,5,70.7998,64.3000
มหาวิทยาลัยเทคโนโลยีราชมงคลธัญบุรี,วิทยาเขตหลัก,31910108901601B,คณะเทคโนโลยีสื่อสารมวลชน,เทคโนโลยีการผลิตภาพยนตร์และวิทุยโทรทัศน์,,,0,8,4,4,63.7248,50.8250
มหาวิทยาลัยเทคโนโลยีราชมงคลธัญบุรี,วิทยาเขตหลัก,31910109210301A,คณะวิทยาศาสตร์และเทคโนโลยี,คณิตศาสตร์ประยุกต์,,,0,30,48,14,######,67.2500
มหาวิทยาลัยเทคโนโลยีราชมงคลธัญบุรี,วิทยาเขตหลัก,31910109210401A,คณะวิทยาศาสตร์และเทคโนโลยี,เคมีประยุกต์,,,0,25,70,25,97.0000,63.5000
มหาวิทยาลัยเทคโนโลยีราชมงคลธัญบุรี,วิทยาเขตหลัก,31910109210701A,คณะวิทยาศาสตร์และเทคโนโลยี,ชีววิทยาประยุกต์,,,0,15,84,15,98.7500,86.0000
มหาวิทยาลัยเทคโนโลยีราชมงคลธัญบุรี,วิทยาเขตหลัก,31910109211001A,คณะวิทยาศาสตร์และเทคโนโลยี,วิทยาศาสตร์และการจัดการเทคโนโลียอาหาร,,,0,16,115,16,95.7500,82.0000
มหาวิทยาลัยเทคโนโลยีราชมงคลธัญบุรี,วิทยาเขตหลัก,31910109212701A,คณะวิทยาศาสตร์และเทคโนโลยี,ฟิสิกส์ประยุกต์,,ฟิสิกส์ประยุกต-์เทคโนโลียเครื่องมือวดั,0,20,37,7,92.7500,56.5000
มหาวิทยาลัยเทคโนโลยีราชมงคลธัญบุรี,วิทยาเขตหลัก,31910109212701A,คณะวิทยาศาสตร์และเทคโนโลยี,ฟิสิกส์ประยุกต์,,ฟิสิกส์ประยุกต-์นวัตกรรม วัสดุและนาโนเทคโนโลยี,0,20,73,17,95.7500,54.5000
มหาวิทยาลัยเทคโนโลยีราชมงคลธัญบุรี,วิทยาเขตหลัก,31910109213301A,คณะวิทยาศาสตร์และเทคโนโลยี,สถิติประยุกต์,,,0,15,127,15,######,84.5000
มหาวิทยาลัยเทคโนโลยีราชมงคลธัญบุรี,วิทยาเขตหลัก,31910109220101A,คณะวิทยาศาสตร์และเทคโนโลยี,เทคโนโลยีสารสนเทศและการสื่อสารดิจิทัล,,,0,8,50,8,96.5000,83.2500
มหาวิทยาลัยเทคโนโลยีราชมงคลธัญบุรี,วิทยาเขตหลัก,31910109220201A,คณะวิทยาศาสตร์และเทคโนโลยี,วิทยาการคอมพิวเตอร์,,,0,35,172,35,98.0000,85.0000
มหาวิทยาลัยเทคโนโลยีราชมงคลธัญบุรี,วิทยาเขตหลัก,31910109220301A,คณะวิทยาศาสตร์และเทคโนโลยี,การวิเคราะห์และจัดการข้อมูลขนาดใหญ่,,,0,40,114,35,93.7500,57.0000
มหาวิทยาลัยเทคโนโลยีราชมงคลธัญบุรี,วิทยาเขตหลัก,31910110400501A,คณะสถาปัตยกรรมศาสตร์,สถาปัตยกรรม,,,0,5,315,5,76.7332,74.3248
มหาวิทยาลัยเทคโนโลยีราชมงคลธัญบุรี,วิทยาเขตหลัก,31910110400701A,คณะสถาปัตยกรรมศาสตร์,สถาปัตยกรรมภายใน,,,0,20,291,20,75.7666,66.2331
มหาวิทยาลัยเทคโนโลยีราชมงคลธัญบุรี,วิทยาเขตหลัก,31910112111701A,คณะพยาบาลศาสตร์,พยาบาลศาสตร์,,,0,20,704,20,64.4464,61.0098
มหาวิทยาลัยเทคโนโลยีราชมงคลธัญบุรี,ศูนย์รังสิต,31910203112901A,คณะเทคโนโลยีการเกษตร,การพยาบาลสัตว์,,,0,25,204,25,99.0000,88.5000
มหาวิทยาลัยเทคโนโลยีราชมงคลธัญบุรี,ศูนย์รังสิต,31910203500401A,คณะเทคโนโลยีการเกษตร,เทคโนโลยีภูมิทัศน์,,,0,20,24,16,85.5000,52.7500
มหาวิทยาลัยเทคโนโลยีราชมงคลธัญบุรี,ศูนย์รังสิต,31910203500601A,คณะเทคโนโลยีการเกษตร,ประมง,,,0,20,49,21,96.0000,72.0000
มหาวิทยาลัยเทคโนโลยีราชมงคลธัญบุรี,ศูนย์รังสิต,31910203501101A,คณะเทคโนโลยีการเกษตร,วิทยาศาสตร์และเทคโนโลยีการอาหาร,,,0,25,48,25,90.0000,56.2500
มหาวิทยาลัยเทคโนโลยีราชมงคลธัญบุรี,ศูนย์รังสิต,31910203501201A,คณะเทคโนโลยีการเกษตร,สัตวศาสตร์,,,0,20,107,21,97.7500,86.5000
มหาวิทยาลัยเทคโนโลยีราชมงคลธัญบุรี,ศูนย์รังสิต,31910203501301A,คณะเทคโนโลยีการเกษตร,การผลิตพืช,,,0,30,38,17,85.7500,51.5000
มหาวิทยาลัยเทคโนโลยีราชมงคลธัญบุรี,ศูนย์รังสิต,31910211110801A,การแพทย์บูรณาการ,การแพทย์แผนไทยประยุกต์บัณฑิต,,,0,20,82,20,47.2129,38.6320
มหาวิทยาลัยเทคโนโลยีราชมงคลธัญบุรี,ศูนย์รังสิต,31910211111101A,การแพทย์บูรณาการ,นวัตกรรมผลิตภัณฑ์สุขภาพ,,,0,15,187,16,98.0000,92.0000
มหาวิทยาลัยเทคโนโลยีราชมงคลธัญบุรี,ศูนย์รังสิต,31910211111102A,การแพทย์บูรณาการ,สุขภาพและความงาม,,,0,5,265,5,99.5000,97.2500
มหาวิทยาลัยเทคโนโลยีราชมงคลกรุงเทพ,วิทยาเขตหลัก,31920101620101A,คณะศิลปศาสตร์,ศศ.บ. (การท่องเที่ยว),,,0,50,398,50,98.7500,82.7500
มหาวิทยาลัยเทคโนโลยีราชมงคลกรุงเทพ,วิทยาเขตหลัก,31920101620102A,คณะศิลปศาสตร์,ศศ.บ. (การโรงแรม),,,0,20,171,20,98.2500,83.2500
มหาวิทยาลัยเทคโนโลยีราชมงคลกรุงเทพ,วิทยาเขตหลัก,31920101800301A,คณะศิลปศาสตร์,ศศ.บ. (การออกแบบนวัตกรรมผลิตภัณ์ฑภูมิปัญญาไทย),,,0,30,75,16,82.5000,0.0000
มหาวิทยาลัยเทคโนโลยีราชมงคลกรุงเทพ,วิทยาเขตหลัก,31920101901801A,คณะศิลปศาสตร์,ศศ.บ. (ภาษาจีนเพื่อการสื่อสาร),,,0,40,265,40,99.5000,92.0000
มหาวิทยาลัยเทคโนโลยีราชมงคลกรุงเทพ,วิทยาเขตหลัก,31920101901901A,คณะศิลปศาสตร์,ศศ.บ. (ภาษาญี่ปุ่น),,,0,50,263,50,99.5000,91.2500
มหาวิทยาลัยเทคโนโลยีราชมงคลกรุงเทพ,วิทยาเขตหลัก,31920101902501A,คณะศิลปศาสตร์,ศศ.บ. (ภาษาอังกฤษเพื่อการสื่อสารสากล),,,0,60,373,61,87.5000,55.0000
มหาวิทยาลัยเทคโนโลยีราชมงคลกรุงเทพ,วิทยาเขตหลัก,31920102111101A,คณะวิทยาศาสตร์และเทคโนโลยี,วท.บ. (วิทยาศาสตร์เพื่อสุขภาพและความ งาม),,,0,20,435,22,98.2500,91.5000
มหาวิทยาลัยเทคโนโลยีราชมงคลกรุงเทพ,วิทยาเขตหลัก,31920102210401A,คณะวิทยาศาสตร์และเทคโนโลยี,วท.บ. (เคม)ี,,,0,60,93,29,87.5000,51.2500
มหาวิทยาลัยเทคโนโลยีราชมงคลกรุงเทพ,วิทยาเขตหลัก,31920102210901A,คณะวิทยาศาสตร์และเทคโนโลยี,ทล.บ. (เทคโนโลยีการพิมพ์ดิจิทัลและ ออกแบบบรรจุภัณฑ์),,,0,30,78,30,91.2500,50.0000
มหาวิทยาลัยเทคโนโลยีราชมงคลกรุงเทพ,วิทยาเขตหลัก,31920102211001A,คณะวิทยาศาสตร์และเทคโนโลยี,วท.บ. (เทคโนโลยีและการจัดการความ ปลอดภัยของอาหาร),,,0,30,114,31,89.0000,54.0000
มหาวิทยาลัยเทคโนโลยีราชมงคลกรุงเทพ,วิทยาเขตหลัก,31920102211201A,คณะวิทยาศาสตร์และเทคโนโลยี,วท.บ. (เทคโนโลยีชีวภาพเพื่ออุตสาหกรรม เกษตรและสิ่งแวดล้อม),,,0,30,7,1,25.9580,25.9580
มหาวิทยาลัยเทคโนโลยีราชมงคลกรุงเทพ,วิทยาเขตหลัก,31920102211401A,คณะวิทยาศาสตร์และเทคโนโลยี,วท.บ. (เทคโนโลยีพลังงานเพื่อสิ่งแวดล้อม),,,0,30,74,22,94.5000,0.0000
มหาวิทยาลัยเทคโนโลยีราชมงคลกรุงเทพ,วิทยาเขตหลัก,31920102220201A,คณะวิทยาศาสตร์และเทคโนโลยี,วท.บ. (วิทยาการคอมพิวเตอร์) / วท.บ. (เทคโนโลยีสารสนเทศ),,,0,60,245,60,68.3465,44.1665
มหาวิทยาลัยเทคโนโลยีราชมงคลกรุงเทพ,วิทยาเขตหลัก,31920102400201A,คณะวิทยาศาสตร์และเทคโนโลยี,ทล.บ. (เทคโนโลยีเครื่องเรือนและการ ออกแบบ),,,0,20,59,20,83.2500,48.0000
มหาวิทยาลัยเทคโนโลยีราชมงคลกรุงเทพ,วิทยาเขตหลัก,31920102800101A,คณะวิทยาศาสตร์และเทคโนโลยี,ทล.บ. (ออกแบบผลิตภัณฑ์อุตสาหกรรม),,,0,50,67,14,84.0000,63.0000
มหาวิทยาลัยเทคโนโลยีราชมงคลกรุงเทพ,วิทยาเขตหลัก,31920102901601A,คณะวิทยาศาสตร์และเทคโนโลยี,ทล.บ. (เทคโนโลยีการถ่ายภาพและ ภาพยนตร)์,,,0,20,501,20,98.7500,93.5000
มหาวิทยาลัยเทคโนโลยีราชมงคลกรุงเทพ,วิทยาเขตหลัก,31920102903401A,คณะวิทยาศาสตร์และเทคโนโลยี,ทล.บ. (เทคโนโลยีสื่อดิจิทัลและ สื่อสารมวลชน),,,0,5,411,5,98.7500,95.7500
มหาวิทยาลัยเทคโนโลยีราชมงคลกรุงเทพ,วิทยาเขตหลัก,31920103212201A,คณะครุศาสตร์อุตสาหกรรม,อส.บ. (เทคโนโลยีวิศวกรรมอุตสาหการ สมัยใหม่),,วิชาเอกวิศวกรรมการผลิต,0,5,56,5,82.5000,73.7500
มหาวิทยาลัยเทคโนโลยีราชมงคลกรุงเทพ,วิทยาเขตหลัก,31920103212201A,คณะครุศาสตร์อุตสาหกรรม,อส.บ. (เทคโนโลยีวิศวกรรมอุตสาหการ สมัยใหม่),,วิชาเอกเทคโนโลยีโลหการ และนวัตกรรมวัสดุ,0,20,26,9,81.2500,0.0000
มหาวิทยาลัยเทคโนโลยีราชมงคลกรุงเทพ,วิทยาเขตหลัก,31920103212201A,คณะครุศาสตร์อุตสาหกรรม,อส.บ. (เทคโนโลยีวิศวกรรมอุตสาหการ สมัยใหม่),,วิชาเอกวิศวกรรมเครื่องกล และพลังงาน,0,5,50,5,87.2500,73.5000
มหาวิทยาลัยเทคโนโลยีราชมงคลกรุงเทพ,วิทยาเขตหลัก,31920103302001A,คณะครุศาสตร์อุตสาหกรรม,อส.บ. (เทคโนโลยียานยนต์สมัยใหม)่,,,0,10,61,10,92.2500,74.5000
มหาวิทยาลัยเทคโนโลยีราชมงคลกรุงเทพ,วิทยาเขตหลัก,31920103701101A,คณะครุศาสตร์อุตสาหกรรม,ค.อ.บ. (วิศวกรรมเครื่องกล),,,0,10,98,10,89.5000,75.7500
มหาวิทยาลัยเทคโนโลยีราชมงคลกรุงเทพ,วิทยาเขตหลัก,31920104300501A,คณะวิศวกรรมศาสตร์,วศ.บ. (วิศวกรรมคอมพิวเตอร์และระบบไอ โอที),,,0,10,86,10,51.5581,41.2997
มหาวิทยาลัยเทคโนโลยีราชมงคลกรุงเทพ,วิทยาเขตหลัก,31920104300601A,คณะวิศวกรรมศาสตร์,วศ.บ. (วิศวกรรมเคมี),,,0,80,224,80,98.2500,63.5000
มหาวิทยาลัยเทคโนโลยีราชมงคลกรุงเทพ,วิทยาเขตหลัก,31920104300701A,คณะวิศวกรรมศาสตร์,วศ.บ. (วิศวกรรมเครื่องกล),,,0,40,39,15,40.8416,16.3749
มหาวิทยาลัยเทคโนโลยีราชมงคลกรุงเทพ,วิทยาเขตหลัก,31920104301601A,คณะวิศวกรรมศาสตร์,วศ.บ. (วิศวกรรมไฟฟ้า),,,0,40,264,40,######,82.7500
มหาวิทยาลัยเทคโนโลยีราชมงคลกรุงเทพ,วิทยาเขตหลัก,31920104301801A,คณะวิศวกรรมศาสตร์,วศ.บ. (วิศวกรรมอิเล็กทรอนิกส์และ โทรคมนาคม),,,0,5,20,5,39.7750,0.0000
มหาวิทยาลัยเทคโนโลยีราชมงคลกรุงเทพ,วิทยาเขตหลัก,31920104302101A,คณะวิศวกรรมศาสตร์,วศ.บ. (วิศวกรรมโยธา),,,0,30,222,31,99.2500,88.0000
มหาวิทยาลัยเทคโนโลยีราชมงคลกรุงเทพ,วิทยาเขตหลัก,31920104302701A,คณะวิศวกรรมศาสตร์,วศ.บ. (วิศวกรรมสำรวจ),,,0,30,40,20,93.0000,65.7500
มหาวิทยาลัยเทคโนโลยีราชมงคลกรุงเทพ,วิทยาเขตหลัก,31920104302901A,คณะวิศวกรรมศาสตร์,วศ.บ. (วิศวกรรมอัตโนมัติและหุ่นยนต์),,,0,30,48,12,92.5000,62.2500
มหาวิทยาลัยเทคโนโลยีราชมงคลกรุงเทพ,วิทยาเขตหลัก,31920104303501A,คณะวิศวกรรมศาสตร์,วศ.บ. (วิศวกรรมอุตสาหการ),,วิชาเอกวิศวกรรมอุตสาหการ,0,40,211,40,95.7500,79.5000
มหาวิทยาลัยเทคโนโลยีราชมงคลกรุงเทพ,วิทยาเขตหลัก,31920104303501A,คณะวิศวกรรมศาสตร์,วศ.บ. (วิศวกรรมอุตสาหการ),,วิชาเอกวิศวกรรมการผลิต ความแม่นยำสูง,0,20,104,20,86.2500,64.2500
มหาวิทยาลัยเทคโนโลยีราชมงคลกรุงเทพ,วิทยาเขตหลัก,31920105220101A,คณะบริหารธุรกิจ,ทล.บ. (เทคโนโลยีสารสนเทศและธุรกิจ ดิจิทัล),,,0,30,154,30,95.5000,75.5000
มหาวิทยาลัยเทคโนโลยีราชมงคลกรุงเทพ,วิทยาเขตหลัก,31920105610101A,คณะบริหารธุรกิจ,บธ.บ. (การเงินและนวัตกรรมทางการเงิน),,,0,50,208,50,99.2500,72.2500
มหาวิทยาลัยเทคโนโลยีราชมงคลกรุงเทพ,วิทยาเขตหลัก,31920105610102A,คณะบริหารธุรกิจ,บธ.บ. (การประเมินราคาทรัพย์สิน),,,0,30,83,30,91.5000,0.0000
มหาวิทยาลัยเทคโนโลยีราชมงคลกรุงเทพ,วิทยาเขตหลัก,31920105610201A,คณะบริหารธุรกิจ,บธ.บ. (การจัดการธุรกิจสมัยใหม่),,กลุ่มวิชาการจัดการทั่วไป,0,50,491,51,98.5000,81.5000
มหาวิทยาลัยเทคโนโลยีราชมงคลกรุงเทพ,วิทยาเขตหลัก,31920105610201A,คณะบริหารธุรกิจ,บธ.บ. (การจัดการธุรกิจสมัยใหม่),,กลุ่มวิชาการจัดการ ทรัพยากรมนุษย์,0,20,194,21,98.2500,79.5000
มหาวิทยาลัยเทคโนโลยีราชมงคลกรุงเทพ,วิทยาเขตหลัก,31920105610201B,คณะบริหารธุรกิจ,บธ.บ. (การจัดการธุรกิจสมัยใหม่),,กลุ่มวิชาการจัดการทั่วไป,0,5,49,5,89.5000,85.7500
มหาวิทยาลัยเทคโนโลยีราชมงคลกรุงเทพ,วิทยาเขตหลัก,31920105610501A,คณะบริหารธุรกิจ,บช.บ. (การบัญชี),,,0,45,329,45,69.4440,55.1380
มหาวิทยาลัยเทคโนโลยีราชมงคลกรุงเทพ,วิทยาเขตหลัก,31920105610601A,คณะบริหารธุรกิจ,บธ.บ. (การตลาด),,กลุ่มวิชาการบริหารการตลาด,0,40,419,41,99.2500,84.5000
มหาวิทยาลัยเทคโนโลยีราชมงคลกรุงเทพ,วิทยาเขตหลัก,31920105610601A,คณะบริหารธุรกิจ,บธ.บ. (การตลาด),,กลุ่มวิชาการตลาดระหวา่ ง ประเทศและโลจิสติกส์,0,40,496,41,98.5000,86.5000
มหาวิทยาลัยเทคโนโลยีราชมงคลกรุงเทพ,วิทยาเขตหลัก,31920105610601B,คณะบริหารธุรกิจ,บธ.บ. (การตลาด),,กลุ่มวิชาการบริหารการตลาด,0,30,62,31,91.5000,0.0000
มหาวิทยาลัยเทคโนโลยีราชมงคลกรุงเทพ,วิทยาเขตหลัก,31920105610601B,คณะบริหารธุรกิจ,บธ.บ. (การตลาด),,กลุ่มวิชาการตลาดระหวา่ ง ประเทศและโลจิสติกส์,0,30,119,30,95.2500,70.5000
มหาวิทยาลัยเทคโนโลยีราชมงคลกรุงเทพ,วิทยาเขตหลัก,31920105610801A,คณะบริหารธุรกิจ,บธ.บ. (การสื่อสารธุรกิจระหวา่ งประเทศ),,,0,30,103,30,59.1663,34.0829
มหาวิทยาลัยเทคโนโลยีราชมงคลกรุงเทพ,วิทยาเขตหลัก,31920105610803A,คณะบริหารธุรกิจ,บธ.บ. (ดิจิทัลสตาร์ตอัป),,,0,30,114,30,97.2500,68.2500
มหาวิทยาลัยเทคโนโลยีราชมงคลกรุงเทพ,วิทยาเขตหลัก,31920105610901A,คณะบริหารธุรกิจ,บธ.บ. (นวัตกรรมระบบสารสนเทศ),,,0,40,84,33,87.5000,44.5000
มหาวิทยาลัยเทคโนโลยีราชมงคลกรุงเทพ,วิทยาเขตหลัก,31920105620201A,คณะบริหารธุรกิจ,บธ.บ. (ธุรกิจการบิน),,,0,60,261,60,97.0000,70.2500
มหาวิทยาลัยเทคโนโลยีราชมงคลกรุงเทพ,วิทยาเขตหลัก,31920106211002A,คณะเทคโนโลยีคหกรรมศาสตร์,วท.บ. (เทคโนโลยีอาหารและนวัตกรรม),,,0,40,70,18,95.0000,52.0000
มหาวิทยาลัยเทคโนโลยีราชมงคลกรุงเทพ,วิทยาเขตหลัก,31920106500301A,คณะเทคโนโลยีคหกรรมศาสตร์,คศ.บ. (อาหารและโภชนาการ),,,0,50,150,50,95.7500,63.2500
มหาวิทยาลัยเทคโนโลยีราชมงคลกรุงเทพ,วิทยาเขตหลัก,31920106500302A,คณะเทคโนโลยีคหกรรมศาสตร์,คศ.บ. (เทคโนโลยีเสื้อผ้าและแพตเทิร์น),,,0,10,16,4,75.7500,52.2500
มหาวิทยาลัยเทคโนโลยีราชมงคลกรุงเทพ,วิทยาเขตหลัก,31920106500303A,คณะเทคโนโลยีคหกรรมศาสตร์,คศ.บ. (ธุรกิจอาหาร),,,0,20,88,20,92.2500,64.0000
มหาวิทยาลัยเทคโนโลยีราชมงคลกรุงเทพ,วิทยาเขตหลัก,31920106500304A,คณะเทคโนโลยีคหกรรมศาสตร์,วท.บ. (อาหารและการพัฒนาผลิตภัณฑ์),,,0,60,51,9,88.0000,60.0000
มหาวิทยาลัยเทคโนโลยีราชมงคลกรุงเทพ,วิทยาเขตหลัก,31920106500305A,คณะเทคโนโลยีคหกรรมศาสตร์,คศ.บ. (คหกรรมศาสตร)์,,,0,20,35,14,92.7500,52.7500
มหาวิทยาลัยเทคโนโลยีราชมงคลกรุงเทพ,วิทยาเขตหลัก,31920106703601A,คณะเทคโนโลยีคหกรรมศาสตร์,ศษ.บ. (คหกรรมศาสตร์ศึกษา),,,0,20,28,15,92.5000,60.5000
มหาวิทยาลัยเทคโนโลยีราชมงคลกรุงเทพ,วิทยาเขตหลัก,31920106800102A,คณะเทคโนโลยีคหกรรมศาสตร์,ทล.บ. (การออกแบบแฟชั่น),,,0,30,68,19,89.7500,59.2500
มหาวิทยาลัยเทคโนโลยีราชมงคลกรุงเทพ,วิทยาเขตหลัก,31920107211801A,คณะอุตสาหกรรมสิ่งทอ,วท.บ. (เทคโนโลยีสิ่งทอ),,,0,30,9,1,80.5000,80.5000
มหาวิทยาลัยเทคโนโลยีราชมงคลกรุงเทพ,วิทยาเขตหลัก,31920107610802A,คณะอุตสาหกรรมสิ่งทอ,บธ.บ. (ผู้ประกอบการธุรกิจแฟชั่น),,,0,30,50,22,90.2500,0.0000
มหาวิทยาลัยเทคโนโลยีราชมงคลกรุงเทพ,วิทยาเขตหลัก,31920107610802B,คณะอุตสาหกรรมสิ่งทอ,บธ.บ. (ผู้ประกอบการธุรกิจแฟชั่น),,,0,15,4,1,0.0000,0.0000
มหาวิทยาลัยเทคโนโลยีราชมงคลกรุงเทพ,วิทยาเขตหลัก,31920107800103A,คณะอุตสาหกรรมสิ่งทอ,ทล.บ. (ออกแบบสิ่งทอและแฟชั่น),,,0,30,48,16,96.5000,59.7500
มหาวิทยาลัยเทคโนโลยีราชมงคลตะวันออก,คณะ/สถาบันในส่วนกลาง,31930101210101A,เกษตรศาสตร์และทรัพยากรธรรมชาติ,วิทยาศาตรบัณฑิต (วท.บ.) สาขาวิชา เทคโนโลยีการจัดการอุตสาหกรรมเพื่อ ความยั่งยืน,,,0,30,27,12,93.2500,61.0000
มหาวิทยาลัยเทคโนโลยีราชมงคลตะวันออก,คณะ/สถาบันในส่วนกลาง,31930101300701A,เกษตรศาสตร์และทรัพยากรธรรมชาติ,วิศวกรรมศาสตรบัณฑิต (วศ.บ.) สาขาวิชา วิศวกรรมเครื่องจักรกลเกษตร,,,0,10,14,5,83.2500,63.5000
มหาวิทยาลัยเทคโนโลยีราชมงคลตะวันออก,คณะ/สถาบันในส่วนกลาง,31930101500601A,เกษตรศาสตร์และทรัพยากรธรรมชาติ,วิทยาศาตรบัณฑิต (วท.บ.) สาขาวิชา เทคโนโลยีเพาะเลี้ยงสัตว์น้ าและการจัดการ,,,0,10,31,7,92.2500,0.0000
มหาวิทยาลัยเทคโนโลยีราชมงคลตะวันออก,คณะ/สถาบันในส่วนกลาง,31930101501201A,เกษตรศาสตร์และทรัพยากรธรรมชาติ,วิทยาศาตรบัณฑิต (วท.บ.) สาขาวิชาสัตว ศาสตร์,,,0,15,62,15,93.5000,79.5000
มหาวิทยาลัยเทคโนโลยีราชมงคลตะวันออก,คณะ/สถาบันในส่วนกลาง,31930101501301A,เกษตรศาสตร์และทรัพยากรธรรมชาติ,วิทยาศาตรบัณฑิต (วท.บ.) สาขาวิชา เทคโนโลยีการผลิตพืช,,,0,10,17,7,71.7500,59.0000
มหาวิทยาลัยเทคโนโลยีราชมงคลตะวันออก,คณะ/สถาบันในส่วนกลาง,31930105610201A,มนุษยศาสตร์และสังคมศาสตร์,บริหารธุรกิจบัณฑิต (บธ.บ.) สาขาวิชาการ จัดการ,,,0,10,83,10,95.5000,87.0000
มหาวิทยาลัยเทคโนโลยีราชมงคลตะวันออก,คณะ/สถาบันในส่วนกลาง,31930105610501A,มนุษยศาสตร์และสังคมศาสตร์,บัญชีบัณฑิต (บช.บ.),,,0,20,47,18,97.7500,60.0000
มหาวิทยาลัยเทคโนโลยีราชมงคลตะวันออก,คณะ/สถาบันในส่วนกลาง,31930105610801A,มนุษยศาสตร์และสังคมศาสตร์,บริหารธุรกิจบัณฑิต (บธ.บ.) วิชาเอก การตลาดสมัยใหม่,,วิชาเอกการตลาดสมัยใหม่,0,40,65,29,98.2500,0.0000
มหาวิทยาลัยเทคโนโลยีราชมงคลตะวันออก,คณะ/สถาบันในส่วนกลาง,31930105610801A,มนุษยศาสตร์และสังคมศาสตร์,บริหารธุรกิจบัณฑิต (บธ.บ.) วิชาเอก เทคโนโลยีการลงทุน,,วิชาเอกเทคโนโลยีการลงทุน,0,20,40,9,97.0000,56.2500
มหาวิทยาลัยเทคโนโลยีราชมงคลตะวันออก,คณะ/สถาบันในส่วนกลาง,31930105611001A,มนุษยศาสตร์และสังคมศาสตร์,บริหารธุรกิจบัณฑิต (บธ.บ.) วิชาเอกการ จัดการสินค้าคงคลังและคลังสินค้าดิจิทัล,,วิชาเอกการจัดการสินค้าคง คลังและคลังสินค้าดิจิทัล,0,5,68,5,89.7500,81.0000
มหาวิทยาลัยเทคโนโลยีราชมงคลตะวันออก,คณะ/สถาบันในส่วนกลาง,31930105611001A,มนุษยศาสตร์และสังคมศาสตร์,บริหารธุรกิจบัณฑิต (บธ.บ.) วิชาเอก การค้าระหวา่ งประเทศและการจัดการ ขนส่งดิจิทัล,,วิชาเอกการค้าระหวา่ ง ประเทศและการจัดการ ขนส่งดิจิทัล,0,5,91,5,93.7500,86.7500
มหาวิทยาลัยเทคโนโลยีราชมงคลตะวันออก,คณะ/สถาบันในส่วนกลาง,31930105902501A,มนุษยศาสตร์และสังคมศาสตร์,ศิลปศาสตรบัณฑิต (ศศ.บ.) สาขาวิชา ภาษาอังกฤษเพื่อการสื่อสารสากล,,,0,10,78,10,98.0000,91.7500
มหาวิทยาลัยเทคโนโลยีราชมงคลตะวันออก,คณะ/สถาบันในส่วนกลาง,31930106111101A,วิทยาศาสตร์และเทคโนโลยี,วิทยาศาสตรบัณฑิต (วท.บ.) สาขาวิชา ผลิตภัณฑ์เพื่อสุขภาพและความงาม,,,0,30,90,30,94.2500,0.0000
มหาวิทยาลัยเทคโนโลยีราชมงคลตะวันออก,คณะ/สถาบันในส่วนกลาง,31930106211001A,วิทยาศาสตร์และเทคโนโลยี,วิทยาศาสตรบัณฑิต (วท.บ.) สาขาวิชา วิทยาศาสตร์และเทคโนโลยีการอาหาร,,,0,20,45,9,94.7500,51.2500
มหาวิทยาลัยเทคโนโลยีราชมงคลตะวันออก,คณะ/สถาบันในส่วนกลาง,31930106213501A,วิทยาศาสตร์และเทคโนโลยี,วิทยาศาสตรบัณฑิต (วท.บ.) สาขาวิชา เทคโนโลยีการประกอบอาหารและการ บริการ,,,0,20,24,5,96.7500,58.2500
มหาวิทยาลัยเทคโนโลยีราชมงคลตะวันออก,คณะ/สถาบันในส่วนกลาง,31930106220101A,วิทยาศาสตร์และเทคโนโลยี,วิทยาศาสตรบัณฑิต (วท.บ.) สาขาวิชา เทคโนโลยีสารสนเทศและการสื่อสาร,,,0,60,48,18,96.5000,0.0000
มหาวิทยาลัยเทคโนโลยีราชมงคลตะวันออก,คณะ/สถาบันในส่วนกลาง,31930106220201A,วิทยาศาสตร์และเทคโนโลยี,วิทยาศาสตรบัณฑิต (วท.บ.) สาขาวิชา วิทยาการคอมพิวเตอร์,,,0,10,98,10,93.7500,76.7500
มหาวิทยาลัยเทคโนโลยีราชมงคลตะวันออก,คณะ/สถาบันในส่วนกลาง,31930110112901A,สัตวแพทยศาสตร์,วิทยาศาสตรบัณฑิต (วท.บ.) สาขาวิชา วิทยาศาสตร์สุขภาพสัต์ว(อยู่ระหวา่ ง อนุมัติปรับปรุงหลักสูตร),,,0,30,10,7,43.4998,36.0250
มหาวิทยาลัยเทคโนโลยีราชมงคลตะวันออก,คณะ/สถาบันในส่วนกลาง,31930111301901A,สำนักวิชาวิศวกรรมศาสต์รและนวัตกรรม,วิศวกรรมศาสตรบัณฑิต (วศ.บ.) สาขาวิชา วิศวกรรมเมคคาทรอนิกส์และหุ่นยน์ต(อยู่ ระหวา่ งอนุมัติปรับปรุงหลักสูตร),,,0,10,20,3,96.5000,72.2500
มหาวิทยาลัยเทคโนโลยีราชมงคลตะวันออก,คณะ/สถาบันในส่วนกลาง,31930111303501A,สำนักวิชาวิศวกรรมศาสต์รและนวัตกรรม,วิศวกรรมศาสตรบัณฑิต (วศ.บ.) สาขาวิชา วิศวกรรมอุตสาหการและโลจิสติกส์,,,0,20,68,20,94.0000,74.5000
มหาวิทยาลัยเทคโนโลยีราชมงคลตะวันออก,คณะ/สถาบันในส่วนกลาง,31930112610201A,สถาบันเทคโนโลยีการบินและ อวกาศ,บริหารธุรกิจบัณฑิต (บธ.บ.) สาขาวิชาการ จัดการการบิน,,,0,20,61,20,95.2500,64.7500
มหาวิทยาลัยเทคโนโลยีราชมงคลตะวันออก,คณะ/สถาบันในส่วนกลาง,31930115400501A,สถาบันนวัตกรรมการศึกษา และการเรียนรู้ตลอดชีวติ,สถาปัตยกรรมศาสตรบัณฑิต (สถ.บ.),,,0,10,22,6,90.7500,68.0000
มหาวิทยาลัยเทคโนโลยีราชมงคลตะวันออก,วิทยาเขตจักรพงษภูวนารถ,31930204210801A,บริหารธุรกิจและเทคโนโลียสารสนเทศ,วิทยาศาสตรบัณฑิต (วท.บ.) สาขาวิชา นวัตกรรมและธุรกิจดิจิทัล,,,0,20,22,7,89.2500,0.0000
มหาวิทยาลัยเทคโนโลยีราชมงคลตะวันออก,วิทยาเขตจักรพงษภูวนารถ,31930204220101A,บริหารธุรกิจและเทคโนโลียสารสนเทศ,เทคโนโลยีบัณฑิต (ทล.บ.) สาขาวิชา นวัตกรรมการสื่อสาร,,,0,30,21,4,83.5000,45.7500
มหาวิทยาลัยเทคโนโลยีราชมงคลตะวันออก,วิทยาเขตจักรพงษภูวนารถ,31930204220102A,บริหารธุรกิจและเทคโนโลียสารสนเทศ,วิทยาศาสตรบัณฑิต (วท.บ.) สาขาวิชา เทคโนโลยีสารสนเทศ,,,0,20,21,5,92.5000,72.5000
มหาวิทยาลัยเทคโนโลยีราชมงคลตะวันออก,วิทยาเขตจักรพงษภูวนารถ,31930204220201A,บริหารธุรกิจและเทคโนโลียสารสนเทศ,วิทยาศาสตรบัณฑิต (วท.บ.) สาขาวิชา วิทยาการคอมพิวเตอร์,,,0,60,41,15,91.7500,55.5000
มหาวิทยาลัยเทคโนโลยีราชมงคลตะวันออก,วิทยาเขตจักรพงษภูวนารถ,31930204610501A,บริหารธุรกิจและเทคโนโลียสารสนเทศ,บัญชีบัณฑิต (บช.บ.) (อยู่ระหวา่ งอนุมัติ ปรับปรุงหลักสูตร),,,0,10,58,10,97.2500,81.7500
มหาวิทยาลัยเทคโนโลยีราชมงคลตะวันออก,วิทยาเขตจักรพงษภูวนารถ,31930204610801A,บริหารธุรกิจและเทคโนโลียสารสนเทศ,บริหารธุรกิจบัณฑิต (บธ.บ.) แขนง วิชาการตลาด,,แขนงวิชาการตลาด,0,30,42,11,92.2500,55.2500
มหาวิทยาลัยเทคโนโลยีราชมงคลตะวันออก,วิทยาเขตจักรพงษภูวนารถ,31930204610801A,บริหารธุรกิจและเทคโนโลียสารสนเทศ,บริหารธุรกิจบัณฑิต (บธ.บ.) แขนงวิชาการ จัดการ,,แขนงวิชาการจัดการ,0,20,31,9,97.2500,60.0000
มหาวิทยาลัยเทคโนโลยีราชมงคลตะวันออก,วิทยาเขตจักรพงษภูวนารถ,31930204610801A,บริหารธุรกิจและเทคโนโลียสารสนเทศ,บริหารธุรกิจบัณฑิต (บธ.บ.) วิชาเอก ระบบสารสนเทศ,,วิชาเอกระบบสารสนเทศ,0,20,8,1,0.0000,0.0000
มหาวิทยาลัยเทคโนโลยีราชมงคลตะวันออก,วิทยาเขตจักรพงษภูวนารถ,31930204611001A,บริหารธุรกิจและเทคโนโลียสารสนเทศ,บริหารธุรกิจบัณฑิต (บธ.บ.) สาขาวิชาการ จัดการโลจิสติกส์และซัพพลายเชน,,,0,60,69,27,96.2500,55.7500
มหาวิทยาลัยเทคโนโลยีราชมงคลตะวันออก,วิทยาเขตจักรพงษภูวนารถ,31930204900801A,บริหารธุรกิจและเทคโนโลียสารสนเทศ,เทคโนโลยีบัณฑิต (ทล.บ.) สาขาวิชา เทคโนโลยีสื่อดิจิทัล,,,0,30,21,3,99.2500,90.5000
มหาวิทยาลัยเทคโนโลยีราชมงคลตะวันออก,วิทยาเขตจักรพงษภูวนารถ,31930208620101A,ศิลปศาสตร์,ศิลปศาสตรบัณฑิต (ศศ.บ) วิชาเอก นวัตกรรมการท่องเที่ยวและการโรงแรม,,แขนงวิชานวัตกรรมการ ท่องเที่ยว,0,60,29,7,85.2500,60.7500
มหาวิทยาลัยเทคโนโลยีราชมงคลตะวันออก,วิทยาเขตจักรพงษภูวนารถ,31930208620101A,ศิลปศาสตร์,ศิลปศาสตรบัณฑิต (ศศ.บ) วิชาเอก นวัตกรรมการท่องเที่ยวและการโรงแรม,,แขนงวิชานวัตกรรมการ โรงแรมและที่พัก,0,60,20,4,85.5000,72.7500
มหาวิทยาลัยเทคโนโลยีราชมงคลตะวันออก,วิทยาเขตจักรพงษภูวนารถ,31930208702801A,ศิลปศาสตร์,ศิลปศาสตรบัณฑิต (ศศ.บ) สาขาวิชาการ จัดการธุรกิจและเทคโนโลยีการกีฬา,,,0,60,66,34,90.2500,0.0000
มหาวิทยาลัยเทคโนโลยีราชมงคลตะวันออก,วิทยาเขตจักรพงษภูวนารถ,31930208900001A,ศิลปศาสตร์,ศิลปศาสตรบัณฑิต (ศศ.บ) สาขาวิชาการ จัดการทุนมนุษย์และนวัตกรรมสังคม,,,0,30,13,6,92.0000,61.5000
มหาวิทยาลัยเทคโนโลยีราชมงคลตะวันออก,วิทยาเขตจักรพงษภูวนารถ,31930208901801A,ศิลปศาสตร์,ศิลปศาสตรบัณฑิต (ศศ.บ) สาขาวิชา ภาษาจีนเพื่ออุตสาหกรรมบริการ,,,0,60,42,17,98.7500,59.7500
มหาวิทยาลัยเทคโนโลยีราชมงคลตะวันออก,วิทยาเขตจักรพงษภูวนารถ,31930208902501A,ศิลปศาสตร์,ศิลปศาสตรบัณฑิต (ศศ.บ) สาขาวิชา ภาษาอังกฤษเพื่อการประกอบการธุรกิจ และการสื่อสารนานาชาติ,,,0,60,29,10,99.5000,51.0000
มหาวิทยาลัยเทคโนโลยีราชมงคลตะวันออก,วิทยาเขตจันทบุรี,31930302210801A,เทคโนโลยีสังคม,วิทยาศาสตรบัณฑิต (วท.บ.) สาขาวิชา ธุรกิจเกษตรดิจิทัล,,,0,15,1,0,0.0000,0.0000
มหาวิทยาลัยเทคโนโลยีราชมงคลตะวันออก,วิทยาเขตจันทบุรี,31930302220101A,เทคโนโลยีสังคม,วิทยาศาสตรบัณฑิต (วท.บ.) สาขาวิชา เทคโนโลยีดิจิทัลและมีเดียคอนเวอร์เจน์ซ(อยู่ระหวา่ งอนุมัติปรับปรุงหลักสูตร),,,0,10,2,0,0.0000,0.0000
มหาวิทยาลัยเทคโนโลยีราชมงคลตะวันออก,วิทยาเขตจันทบุรี,31930302610501A,เทคโนโลยีสังคม,บัญชีบัณฑิต (บช.บ.) (อยู่ระหวา่ งอนุมัติ ปรับปรุงหลักสูตร),,,0,10,6,3,95.2500,71.0000
มหาวิทยาลัยเทคโนโลยีราชมงคลตะวันออก,วิทยาเขตจันทบุรี,31930302610801A,เทคโนโลยีสังคม,บริหารธุรกิจบัณฑิต (บธ.บ.) วิชาเอกการ จัดการทรัพยากรมนุษย์,,วิชาเอกการจัดการ ทรัพยากรมนุษย์,0,10,4,2,87.5000,63.7500
มหาวิทยาลัยเทคโนโลยีราชมงคลตะวันออก,วิทยาเขตจันทบุรี,31930302610801A,เทคโนโลยีสังคม,บริหารธุรกิจบัณฑิต (บธ.บ.) วิชาเอกการ จัดการเพื่อผู้ประกอบการ,,วิชาเอกการจัดการเพื่อ ผู้ประกอบการ,0,15,1,0,0.0000,0.0000
มหาวิทยาลัยเทคโนโลยีราชมงคลตะวันออก,วิทยาเขตจันทบุรี,31930302610801A,เทคโนโลยีสังคม,บริหารธุรกิจบัณฑิต (บธ.บ.) วิชาเอกการ จัดการโลจิสติกส์,,วิชาเอกการจัดการโลจิสติกส์,0,20,6,1,60.2500,60.2500
มหาวิทยาลัยเทคโนโลยีราชมงคลตะวันออก,วิทยาเขตจันทบุรี,31930302620101A,เทคโนโลยีสังคม,ศิลปศาสตรบัณฑิต (ศศ.บ) วิชาเอก นวัตกรรมการท่องเที่ยวและการโรงแรม,,แขนงวิชานวัตกรรมการ ท่องเที่ยว,0,30,0,0,0.0000,0.0000
มหาวิทยาลัยเทคโนโลยีราชมงคลตะวันออก,วิทยาเขตจันทบุรี,31930302902501A,เทคโนโลยีสังคม,ศิลปศาสตรบัณฑิต (ศศ.บ) สาขาวิชา ภาษาอังกฤษเพื่ออุตสาหกรรมธุรกิจบริการ,,,0,10,2,0,0.0000,0.0000
มหาวิทยาลัยเทคโนโลยีราชมงคลตะวันออก,วิทยาเขตจันทบุรี,31930303211101A,เทคโนโลยีอุตสาหกรรม การเกษตร,อุตสาหกรรมศาสตรบัณฑิต (อส.บ.) เทคโนโลยีเครื่องกล,,,0,10,3,2,76.5000,74.5000
มหาวิทยาลัยเทคโนโลยีราชมงคลตะวันออก,วิทยาเขตจันทบุรี,31930303212401A,เทคโนโลยีอุตสาหกรรม การเกษตร,วิทยาศาสตรบัณฑิต (วท.บ.) วิชาเอก นวัตกรรมอาหารและโภชนาการ,,วิชาเอกนวัตกรรมอาหารและ โภชนาการ,0,10,3,0,0.0000,0.0000
มหาวิทยาลัยเทคโนโลยีราชมงคลตะวันออก,วิทยาเขตจันทบุรี,31930303212401A,เทคโนโลยีอุตสาหกรรม การเกษตร,วิทยาศาสตรบัณฑิต (วท.บ.) วิชาเอก นวัตกรรมการจัดการธุรกิจอาหาร,,วิชาเอกนวัตกรรมการจัดการ ธุรกิจอาหาร,0,10,0,0,0.0000,0.0000
มหาวิทยาลัยเทคโนโลยีราชมงคลตะวันออก,วิทยาเขตจันทบุรี,31930303212401A,เทคโนโลยีอุตสาหกรรม การเกษตร,วิทยาศาสตรบัณฑิต (วท.บ.) วิชาเอก นวัตกรรมการประกอบอาหารและแปรรปู,,วิชาเอกนวัตกรรมการ ประกอบอาหารและแปรรปู,0,10,2,1,91.2500,91.2500
มหาวิทยาลัยเทคโนโลยีราชมงคลตะวันออก,วิทยาเขตจันทบุรี,31930303500401A,เทคโนโลยีอุตสาหกรรม การเกษตร,วิทยาศาสตรบัณฑิต (วท.บ.) สาขาวิชา เทคโนโลยีการเกษตร,,,0,30,5,1,83.7500,83.7500
มหาวิทยาลัยเทคโนโลยีราชมงคลตะวันออก,วิทยาเขตจันทบุรี,31930303500601A,เทคโนโลยีอุตสาหกรรม การเกษตร,วิทยาศาสตรบัณฑิต (วท.บ.) สาขาวิชา เพาะเลี้ยงสัตว์น้ าและการจัดการประมง,,,0,10,3,2,81.2500,79.2500
มหาวิทยาลัยเทคโนโลยีราชมงคลตะวันออก,วิทยาเขตจันทบุรี,31930303501201A,เทคโนโลยีอุตสาหกรรม การเกษตร,วิทยาศาสตรบัณฑิต (วท.บ.) สาขาวิชา เทคโนโลยีการผลิตสัตว์,,,0,30,11,3,92.5000,78.0000
มหาวิทยาลัยเทคโนโลยีราชมงคลตะวันออก,วิทยาเขตจันทบุรี,31930303501301A,เทคโนโลยีอุตสาหกรรม การเกษตร,วิทยาศาสตรบัณฑิต (วท.บ.) สาขาวิชาพืช ศาสตร์,,,0,30,3,2,89.0000,74.5000
มหาวิทยาลัยเทคโนโลยีราชมงคลตะวันออก,วิทยาเขตจันทบุรี,31930316301601A,คณะวิศวกรรมศาสตร์บูรณา การและเทคโนโลยี,วิศวกรรมศาสตรบัณฑิต (วศ.บ.) สาขาวิชา วิศวกรรมไฟฟ้า,,,0,30,26,7,86.7500,51.7500
มหาวิทยาลัยเทคโนโลยีราชมงคลตะวันออก,วิทยาเขตจันทบุรี,31930316302001A,คณะวิศวกรรมศาสตร์บูรณา การและเทคโนโลยี,วิศวกรรมศาสตรบัณฑิต (วศ.บ.) สาขาวิชา วิศวกรรมยานยนต์ไฟฟ้า,,,0,30,5,1,61.5000,61.5000
มหาวิทยาลัยเทคโนโลยีราชมงคลตะวันออก,วิทยาเขตจันทบุรี,31930316303501A,คณะวิศวกรรมศาสตร์บูรณา การและเทคโนโลยี,วิศวกรรมศาสตรบัณฑิต (วศ.บ.) สาขาวิชา วิศวกรรมอุตสาหการ,,,0,45,5,0,0.0000,0.0000
มหาวิทยาลัยเทคโนโลยีราชมงคลตะวันออก,วิทยาเขตอุเทน ถวาย,31930407301201A,วิศวกรรมศาสตร์และ สถาปัตยกรรมศาสตร์,วิศวกรรมศาสตรบัณฑิต (วศ.บ.) สาขาวิชา วิศวกรรมก่อสรา้ ง,,,0,10,41,10,91.5000,70.7500
มหาวิทยาลัยเทคโนโลยีราชมงคลตะวันออก,วิทยาเขตอุเทน ถวาย,31930407302101A,วิศวกรรมศาสตร์และ สถาปัตยกรรมศาสตร์,วิศวกรรมศาสตรบัณฑิต (วศ.บ.) สาขาวิชา วิศวกรรมโยธา,,,0,20,125,20,97.2500,77.2500
มหาวิทยาลัยเทคโนโลยีราชมงคลตะวันออก,วิทยาเขตอุเทน ถวาย,31930407400201A,วิศวกรรมศาสตร์และ สถาปัตยกรรมศาสตร์,สถาปัตยกรรมศาสตรบัณฑิต (สถ.บ.) สาขาวิชาเทคโนโลยีการออกแบบเชิง สรา้ งสรรค์,,,0,15,22,11,75.2500,51.5000
มหาวิทยาลัยเทคโนโลยีราชมงคลตะวันออก,วิทยาเขตอุเทน ถวาย,31930407400501A,วิศวกรรมศาสตร์และ สถาปัตยกรรมศาสตร์,สถาปัตยกรรมศาสตรบัณฑิต (สถ.บ.),,,0,5,56,5,93.0000,77.2500
มหาวิทยาลัยเทคโนโลยีราชมงคลตะวันออก,วิทยาเขตอุเทน ถวาย,31930407400701A,วิศวกรรมศาสตร์และ สถาปัตยกรรมศาสตร์,สถาปัตยกรรมศาสตรบัณฑิต (สถ.บ.) สาขาวิชาสถาปัตยกรรมภายใน,,,0,10,65,10,90.5000,72.7500
มหาวิทยาลัยเทคโนโลยีราชมงคลตะวันออก,วิทยาเขตอุเทน ถวาย,31930407611001A,วิศวกรรมศาสตร์และ สถาปัตยกรรมศาสตร์,วิทยาศาสตรบัณฑิต (วท.บ.) สาขาวิชาการ จัดการโลจิสติกส์และซัพพลายเชน,,,0,10,60,10,97.0000,69.0000
มหาวิทยาลัยเทคโนโลยีราชมงคลพระนคร,เทเวศร์,31940305700901A,คณะครุศาสตร์อุตสาหกรรม,ค.อ.บ. คอมพิวเตอร์และอิเล็กทรอนิก์สอัจฉริยะ,,,0,5,9,3,45.2240,33.0472
มหาวิทยาลัยเทคโนโลยีราชมงคลพระนคร,เทเวศร์,31940308903801A,คณะเทคโนโลยีสื่อสารมวลชน,ทล.บ. เทคโนโลยีสื่อสารมวลชน - เทคโนโลยีการโฆษณาและประชาสัมพันธ์,,,0,30,79,30,95.5000,63.2500
มหาวิทยาลัยเทคโนโลยีราชมงคลพระนคร,เทเวศร์,31940308903802A,คณะเทคโนโลยีสื่อสารมวลชน,ทล.บ. เทคโนโลยีสื่อสารมวลชน - มีเดีย โปรดักชั่นเทคโนโลยี,,,0,30,99,30,93.2500,74.7500
มหาวิทยาลัยเทคโนโลยีราชมงคลพระนคร,เทเวศร์,31940308903803A,คณะเทคโนโลยีสื่อสารมวลชน,ทล.บ. เทคโนโลยีสื่อสารมวลชน - เทคโนโลยีมัติมีเดีย,,,0,30,61,15,97.5000,62.5000
มหาวิทยาลัยเทคโนโลยีราชมงคลพระนคร,เทเวศร์,31940308903804A,คณะเทคโนโลยีสื่อสารมวลชน,ทล.บ. เทคโนโลยีสื่อสารมวลชน - ครีเอ ทีฟมีเดียเทคโนโลยี,,,0,30,59,14,92.5000,70.2500
มหาวิทยาลัยเทคโนโลยีราชมงคลพระนคร,พระนครเหนือ,31940502110001A,คณะวิทยาศาสตร์และเทคโนโลยี,วท.บ. เทคโนโลยีสุขภาพ เครื่องสำอาง และการชะลอวยั,,,0,10,72,10,93.5000,83.2500
มหาวิทยาลัยเทคโนโลยีราชมงคลพระนคร,พระนครเหนือ,31940502212801A,คณะวิทยาศาสตร์และเทคโนโลยี,วท.บ. วัสดุศาสตร์อุตสาหกรรม,,,0,25,28,9,83.2500,45.0000
มหาวิทยาลัยเทคโนโลยีราชมงคลพระนคร,พระนครเหนือ,31940502212801B,คณะวิทยาศาสตร์และเทคโนโลยี,วท.บ. วัสดุศาสตร์อุตสาหกรรม,,,0,10,6,2,81.0000,71.2500
มหาวิทยาลัยเทคโนโลยีราชมงคลพระนคร,พระนครเหนือ,31940502213101A,คณะวิทยาศาสตร์และเทคโนโลยี,วท.บ. วิทยาศาสตร์และเทคโนโลียสิ่งแวดล้อม,,,0,25,39,10,94.7500,58.5000
มหาวิทยาลัยเทคโนโลยีราชมงคลพระนคร,พระนครเหนือ,31940502213102A,คณะวิทยาศาสตร์และเทคโนโลยี,วท.บ. การจัดการสภาพภูมิอากาศและ สิ่งแวดล้อม,,,0,15,18,5,65.0000,36.0000
มหาวิทยาลัยเทคโนโลยีราชมงคลพระนคร,พระนครเหนือ,31940502213301A,คณะวิทยาศาสตร์และเทคโนโลยี,วท.บ. สถิติสารสนเทศ,,,0,15,16,2,84.5000,64.0000
มหาวิทยาลัยเทคโนโลยีราชมงคลพระนคร,พระนครเหนือ,31940502220201A,คณะวิทยาศาสตร์และเทคโนโลยี,วท.บ. วิทยาการคอมพิวเตอร์,,,0,20,214,19,97.2500,83.7500
มหาวิทยาลัยเทคโนโลยีราชมงคลพระนคร,พระนครเหนือ,31940502220301A,คณะวิทยาศาสตร์และเทคโนโลยี,วท.บ. วิทยาการข้อมูลและเทคโนโลียสารสนเทศ,,,0,25,50,19,83.7500,52.0000
มหาวิทยาลัยเทคโนโลยีราชมงคลพระนคร,พระนครเหนือ,31940504300301A,คณะวิศวกรรมศาสตร์,วศ.บ. วิศวกรรมเครื่องมือและแม่พิมพ์,,,0,15,11,0,0.0000,0.0000
มหาวิทยาลัยเทคโนโลยีราชมงคลพระนคร,พระนครเหนือ,31940504300501A,คณะวิศวกรรมศาสตร์,วศ.บ. วิศวกรรมคอมพิวเตอร์,,,0,15,165,15,70.2747,57.9664
มหาวิทยาลัยเทคโนโลยีราชมงคลพระนคร,พระนครเหนือ,31940504300701A,คณะวิศวกรรมศาสตร์,วศ.บ. วิศวกรรมเครื่องกล,,,0,40,125,40,64.9998,43.0582
มหาวิทยาลัยเทคโนโลยีราชมงคลพระนคร,พระนครเหนือ,31940504301601A,คณะวิศวกรรมศาสตร์,วศ.บ. วิศวกรรมไฟฟ้า,,,0,30,155,30,68.1914,54.0247
มหาวิทยาลัยเทคโนโลยีราชมงคลพระนคร,พระนครเหนือ,31940504301801A,คณะวิศวกรรมศาสตร์,วศ.บ. วิศวกรรมไฟฟ้าสื่อสารและระบบ อัจฉริยะ,,,0,10,15,7,60.9997,19.5750
มหาวิทยาลัยเทคโนโลยีราชมงคลพระนคร,พระนครเหนือ,31940504301901A,คณะวิศวกรรมศาสตร์,วศ.บ. วิศวกรรมเมคคาทรอนิกส์,,,0,15,42,15,58.7247,28.4000
มหาวิทยาลัยเทคโนโลยีราชมงคลพระนคร,พระนครเหนือ,31940504302101A,คณะวิศวกรรมศาสตร์,วศ.บ. วิศวกรรมโยธา,,,0,3,101,3,60.5000,55.2138
มหาวิทยาลัยเทคโนโลยีราชมงคลพระนคร,พระนครเหนือ,31940504303501A,คณะวิศวกรรมศาสตร์,วศ.บ. วิศวกรรมอุตสาหการ,,,0,20,53,20,61.5996,25.9500
มหาวิทยาลัยเทคโนโลยีราชมงคลพระนคร,พระนครเหนือ,31940504800101A,คณะวิศวกรรมศาสตร์,ศล.บ. อัญมณีรังสรรค์,,,0,15,25,6,75.0720,43.5664
มหาวิทยาลัยเทคโนโลยีราชมงคลพระนคร,พณิชยการพระนคร,31940701620101A,คณะศิลปศาสตร์,ศศ.บ. การท่องเที่ยวและการบริการ,,,0,20,73,20,96.0000,59.2500
มหาวิทยาลัยเทคโนโลยีราชมงคลพระนคร,พณิชยการพระนคร,31940701620102A,คณะศิลปศาสตร์,ศศ.บ. การจัดการโรงแรมและธุรกิจบริการ,,,0,20,56,10,92.0000,65.0000
มหาวิทยาลัยเทคโนโลยีราชมงคลพระนคร,พณิชยการพระนคร,31940701702001A,คณะศิลปศาสตร์,ศศ.บ. ภาษาอังกฤษเพื่อการสื่อสารสากล,,,0,20,97,20,99.2500,81.5000
มหาวิทยาลัยเทคโนโลยีราชมงคลพระนคร,พณิชยการพระนคร,31940701702002A,คณะศิลปศาสตร์,ศศ.บ. ภาษาไทยประยุกต์เพื่ออาชีพและนวัตกรรมการสื่อสาร,,,0,10,18,4,96.0000,59.5000
มหาวิทยาลัยเทคโนโลยีราชมงคลพระนคร,พณิชยการพระนคร,31940703610101A,คณะบริหารธุรกิจ,บธ.บ. นวัตกรรมทางการเงินและการลงทุน - กลุ่มวิชานวัตกรรมทางการเงินและการ ลงทุน,,,0,20,79,20,97.2500,63.0000
มหาวิทยาลัยเทคโนโลยีราชมงคลพระนคร,พณิชยการพระนคร,31940703610201A,คณะบริหารธุรกิจ,บธ.บ. การจัดการ,,,0,20,116,20,93.2500,72.7500
มหาวิทยาลัยเทคโนโลยีราชมงคลพระนคร,พณิชยการพระนคร,31940703610301A,คณะบริหารธุรกิจ,บธ.บ. การเป็นผู้ประกอบการ,,,0,20,50,15,96.7500,48.0000
มหาวิทยาลัยเทคโนโลยีราชมงคลพระนคร,พณิชยการพระนคร,31940703610501A,คณะบริหารธุรกิจ,บช.บ. การบัญชี,,,0,50,257,51,99.0000,82.7500
มหาวิทยาลัยเทคโนโลยีราชมงคลพระนคร,พณิชยการพระนคร,31940703610601A,คณะบริหารธุรกิจ,บธ.บ. การตลาด,,,0,30,137,30,94.5000,75.7500
มหาวิทยาลัยเทคโนโลยีราชมงคลพระนคร,พณิชยการพระนคร,31940703610801A,คณะบริหารธุรกิจ,บธ.บ. นวัตกรรมธุรกิจบริการยั่งยืน,,,0,10,30,10,89.5000,0.0000
มหาวิทยาลัยเทคโนโลยีราชมงคลพระนคร,พณิชยการพระนคร,31940703610801E,คณะบริหารธุรกิจ,บธ.บ. ธุรกิจระหวา่ งประเทศ,,,0,10,12,6,88.0000,58.2500
มหาวิทยาลัยเทคโนโลยีราชมงคลพระนคร,พณิชยการพระนคร,31940703610901A,คณะบริหารธุรกิจ,บธ.บ. ระบบสารสนเทศและนวัตกรรม ดิจิทัล,,,0,30,37,11,82.0000,53.0000
มหาวิทยาลัยเทคโนโลยีราชมงคลพระนคร,พณิชยการพระนคร,31940703611001A,คณะบริหารธุรกิจ,บธ.บ. การจัดการโลจิสติกส์และโซ่อุปทาน,,,0,20,176,22,98.0000,81.2500
มหาวิทยาลัยเทคโนโลยีราชมงคลพระนคร,พณิชยการพระนคร,31940703611101A,คณะบริหารธุรกิจ,บธ.บ. นวัตกรรมทางการเงินและการลงทุน - กลุ่มวิชาเศรษฐศาสตร์ดิจิทัล,,,0,20,52,16,88.2500,0.0000
มหาวิทยาลัยเทคโนโลยีราชมงคลพระนคร,พณิชยการพระนคร,31940706211801A,คณะอุตสาหกรรมสิ่งทอและ ออกแบบแฟชั่น,ทล.บ. นวัตกรรมและเทคโนโลยีสิ่งทอ,,,0,10,6,1,90.2500,90.2500
มหาวิทยาลัยเทคโนโลยีราชมงคลพระนคร,พณิชยการพระนคร,31940706212101A,คณะอุตสาหกรรมสิ่งทอและ ออกแบบแฟชั่น,ทล.บ. เทคโนโลยีเสื้อผ้าและการจัดการ ธุรกิจแฟชั่น,,,0,10,11,0,0.0000,0.0000
มหาวิทยาลัยเทคโนโลยีราชมงคลพระนคร,พณิชยการพระนคร,31940706800101A,คณะอุตสาหกรรมสิ่งทอและ ออกแบบแฟชั่น,ทล.บ. ออกแบบแฟชั่นและสิ่งทอ - ออกแบบแฟชั่น,,,0,20,23,5,81.0000,61.7500
มหาวิทยาลัยเทคโนโลยีราชมงคลพระนคร,พณิชยการพระนคร,31940706800102A,คณะอุตสาหกรรมสิ่งทอและ ออกแบบแฟชั่น,ทล.บ. ออกแบบแฟชั่นและสิ่งทอ - ออกแบบผลิตภัณฑ์สิ่งทอ,,,0,10,5,3,60.7500,0.0000
มหาวิทยาลัยเทคโนโลยีราชมงคลพระนคร,โชติเวช,31941207211001A,คณะเทคโนโลยีคหกรรมศาสตร์,วท.บ. เทคโนโลยีอาหาร,,,0,10,20,4,90.5000,52.5000
มหาวิทยาลัยเทคโนโลยีราชมงคลพระนคร,โชติเวช,31941207500301A,คณะเทคโนโลยีคหกรรมศาสตร์,คศ.บ. อาหารและโภชนาการ,,,0,10,52,10,96.2500,82.7500
มหาวิทยาลัยเทคโนโลยีราชมงคลพระนคร,โชติเวช,31941207500302A,คณะเทคโนโลยีคหกรรมศาสตร์,คศ.บ. อุตสาหกรรมการบริการอาหาร,,,0,10,7,1,58.2500,58.2500
มหาวิทยาลัยเทคโนโลยีราชมงคลพระนคร,โชติเวช,31941207500303A,คณะเทคโนโลยีคหกรรมศาสตร์,คศ.บ. อุตสาหกรรมการบริการอาหาร (โครงการความร่วมมือบริษัทการบินไทย จำกัด มหาชน),,,0,10,15,3,78.0000,67.2500
มหาวิทยาลัยเทคโนโลยีราชมงคลพระนคร,โชติเวช,31941207500304A,คณะเทคโนโลยีคหกรรมศาสตร์,คศ.บ. คหกรรมศาสตร์,,,0,10,17,2,76.7500,76.5000
มหาวิทยาลัยเทคโนโลยีราชมงคลพระนคร,โชติเวช,31941207703601A,คณะเทคโนโลยีคหกรรมศาสตร์,ศษ.บ. คหกรรมศาสตรศึกษา,,,0,10,14,1,79.2000,79.2000
มหาวิทยาลัยเทคโนโลยีราชมงคลพระนคร,โชติเวช,31941207800101A,คณะเทคโนโลยีคหกรรมศาสตร์,คศ.บ. ออกแบบแฟชั่นและการจัดการสินค้า,,,0,10,7,2,67.0000,60.5000
มหาวิทยาลัยเทคโนโลยีราชมงคลพระนคร,โชติเวช,31941209400201A,คณะสถาปัตยกรรมศาสต์รและการออกแบบ,ทล.บ. การออกแบบผลิตภัณฑ์อุตสาหกรรม,,,0,20,35,10,88.2500,51.7500
มหาวิทยาลัยเทคโนโลยีราชมงคลพระนคร,โชติเวช,31941209400202A,คณะสถาปัตยกรรมศาสต์รและการออกแบบ,ทล.บ. การออกแบบบรรจุภัณฑ์และเทคโนโลยีการพิมพ์,,,0,10,16,4,80.5000,59.2500
มหาวิทยาลัยเทคโนโลยีราชมงคลพระนคร,โชติเวช,31941209400501A,คณะสถาปัตยกรรมศาสต์รและการออกแบบ,สถ.บ. สถาปัตยกรรม,,,0,20,56,20,99.2500,78.5000
มหาวิทยาลัยเทคโนโลยีราชมงคลรัตนโกสินทร์,ศาลายา,31950101300501A,คณะวิศวกรรมศาสตร์,วศ.บ. วิศวกรรมคอมพิวเตอร์4 ปี,,,0,15,66,15,98.2500,81.2500
มหาวิทยาลัยเทคโนโลยีราชมงคลรัตนโกสินทร์,ศาลายา,31950101300701A,คณะวิศวกรรมศาสตร์,วศ.บ. วิศวกรรมเครื่องกล 4 ปี,,,0,30,17,3,86.5000,77.0000
มหาวิทยาลัยเทคโนโลยีราชมงคลรัตนโกสินทร์,ศาลายา,31950101301601A,คณะวิศวกรรมศาสตร์,วศ.บ. วิศวกรรมไฟฟ้า 4 ปี,,,0,30,39,14,93.0000,69.5000
มหาวิทยาลัยเทคโนโลยีราชมงคลรัตนโกสินทร์,ศาลายา,31950101301801A,คณะวิศวกรรมศาสตร์,วศ.บ. วิศวกรรมไฟฟ้าสื่อสารและ อิเล็กทรอนิกส์อัจฉริยะ 4 ปี,,,0,5,15,3,86.0000,66.0000
มหาวิทยาลัยเทคโนโลยีราชมงคลรัตนโกสินทร์,ศาลายา,31950101301901A,คณะวิศวกรรมศาสตร์,วศ.บ. วิศวกรรมเมคคาทรอนิก์ส4 ปี,,,0,20,14,3,89.7500,78.7500
มหาวิทยาลัยเทคโนโลยีราชมงคลรัตนโกสินทร์,ศาลายา,31950101302101A,คณะวิศวกรรมศาสตร์,วศ.บ. วิศวกรรมโยธา 4 ปี,,,0,20,10,3,90.7500,90.0000
มหาวิทยาลัยเทคโนโลยีราชมงคลรัตนโกสินทร์,ศาลายา,31950101302301A,คณะวิศวกรรมศาสตร์,วศ.บ. วิศวกรรมการวัดคุม 4 ปี,,,0,20,7,2,68.0000,66.7500
มหาวิทยาลัยเทคโนโลยีราชมงคลรัตนโกสินทร์,ศาลายา,31950101302401A,คณะวิศวกรรมศาสตร์,วศ.บ. วิศวกรรมโลจิสติก์ส4 ปี,,,0,25,27,11,96.0000,70.2500
มหาวิทยาลัยเทคโนโลยีราชมงคลรัตนโกสินทร์,ศาลายา,31950101302501A,คณะวิศวกรรมศาสตร์,วศ.บ. วิศวกรรมวัสดุ-ปิโตรเคมีภัณฑ์และ พอลิเมอร์4 ปี,,,0,50,8,1,79.5000,79.5000
มหาวิทยาลัยเทคโนโลยีราชมงคลรัตนโกสินทร์,ศาลายา,31950101303501A,คณะวิศวกรรมศาสตร์,วศ.บ. วิศวกรรมอุตสาหการ 4 ปี,,,0,10,12,4,80.7500,74.0000
มหาวิทยาลัยเทคโนโลยีราชมงคลรัตนโกสินทร์,ศาลายา,31950102211701A,คณะสถาปัตยกรรมศาสต์รและการออกแบบ,ทล.บ. การจัดการงานก่อสรา้ งและนวัตกรรมอาคาร 4 ปี,,,0,20,5,1,77.5000,77.5000
มหาวิทยาลัยเทคโนโลยีราชมงคลรัตนโกสินทร์,ศาลายา,31950102211701A,คณะสถาปัตยกรรมศาสต์รและการออกแบบ,ทล.บ. การจัดการงานก่อสรา้ งและนวัตกรรมอาคาร-การจัดการงานก่อสรา้ ง 4 ปี,,การจัดการงานก่อสรา้ ง,0,20,2,2,86.0000,57.0000
มหาวิทยาลัยเทคโนโลยีราชมงคลรัตนโกสินทร์,ศาลายา,31950102211701A,คณะสถาปัตยกรรมศาสต์รและการออกแบบ,ทล.บ. การจัดการงานก่อสรา้ งและนวัตกรรมอาคาร-การจัดการนวัตกรรม อาคาร 4 ปี,,การจัดการนวัตกรรมอาคาร,0,20,3,1,64.7500,64.7500
มหาวิทยาลัยเทคโนโลยีราชมงคลรัตนโกสินทร์,ศาลายา,31950102400101A,คณะสถาปัตยกรรมศาสต์รและการออกแบบ,ทล.บ. การออกแบบสื่อดิจิทัล-นิเทศศิล์ป4 ปี,,,0,10,10,0,0.0000,0.0000
มหาวิทยาลัยเทคโนโลยีราชมงคลรัตนโกสินทร์,ศาลายา,31950102400201A,คณะสถาปัตยกรรมศาสต์รและการออกแบบ,ทล.บ. ออกแบบผลิตภัณฑ์และนวัตกรรม 4 ปี,,,0,15,2,0,0.0000,0.0000
มหาวิทยาลัยเทคโนโลยีราชมงคลรัตนโกสินทร์,ศาลายา,31950102400501A,คณะสถาปัตยกรรมศาสต์รและการออกแบบ,สถ.บ. เทคโนโลยีสถาปัตยกรรม 5 ปี,,,0,10,6,2,75.0000,64.2500
มหาวิทยาลัยเทคโนโลยีราชมงคลรัตนโกสินทร์,ศาลายา,31950102400701A,คณะสถาปัตยกรรมศาสต์รและการออกแบบ,สถ.บ. สถาปัตยกรรมภายใน 5 ปี,,,0,10,12,4,93.0000,68.5000
มหาวิทยาลัยเทคโนโลยีราชมงคลรัตนโกสินทร์,ศาลายา,31950102900801A,คณะสถาปัตยกรรมศาสต์รและการออกแบบ,ทล.บ. การออกแบบสื่อดิจิทัล-เกมและแอินเมชั่น 4 ปี,,,0,10,13,5,92.7500,76.7500
มหาวิทยาลัยเทคโนโลยีราชมงคลรัตนโกสินทร์,ศาลายา,31950102901101A,คณะสถาปัตยกรรมศาสต์รและการออกแบบ,ทล.บ. การออกแบบสื่อดิจิทัล-ภาพยนต์รและภาพเคลื่อนไหว 4 ปี,,,0,10,17,8,94.2500,69.0000
มหาวิทยาลัยเทคโนโลยีราชมงคลรัตนโกสินทร์,ศาลายา,31950105610201A,คณะบริหารธุรกิจ,บธ.บ. นวัตกรรมการจัดการ-การจัดการ อุตสาหกรรม 4 ปี,,,0,15,5,2,85.7500,78.7500
มหาวิทยาลัยเทคโนโลยีราชมงคลรัตนโกสินทร์,ศาลายา,31950105610301D,คณะบริหารธุรกิจ,บธ.บ. การบริหารธุรกิจระหวา่ งประเทศ 4 ปี (หลักสูตรภาษาอังกฤษ),,,0,20,1,0,0.0000,0.0000
มหาวิทยาลัยเทคโนโลยีราชมงคลรัตนโกสินทร์,ศาลายา,31950105610501A,คณะบริหารธุรกิจ,บช.บ. การบัญีช4 ปี,,,0,20,23,4,91.7500,76.0000
มหาวิทยาลัยเทคโนโลยีราชมงคลรัตนโกสินทร์,ศาลายา,31950105610601A,คณะบริหารธุรกิจ,บธ.บ. การตลาดดิจิทัล 4 ปี,,,0,20,11,4,92.5000,71.7500
มหาวิทยาลัยเทคโนโลยีราชมงคลรัตนโกสินทร์,ศาลายา,31950105610901A,คณะบริหารธุรกิจ,บธ.บ. เทคโนโลยีทางธุรกิจดิจิทัล 4 ปี,,,0,75,3,1,68.7500,68.7500
มหาวิทยาลัยเทคโนโลยีราชมงคลรัตนโกสินทร์,ศาลายา,31950105610901A,คณะบริหารธุรกิจ,บธ.บ. เทคโนโลยีทางธุรกิจดิจิทัล 4 ปี,,การจัดการธุรกิจดิจิทัล,0,20,2,1,84.5000,84.5000
มหาวิทยาลัยเทคโนโลยีราชมงคลรัตนโกสินทร์,ศาลายา,31950105610901A,คณะบริหารธุรกิจ,บธ.บ. เทคโนโลยีทางธุรกิจดิจิทัล 4 ปี,,เทคโนโลยีดิจิทัลมีเดียทาง ธุรกิจ,0,25,0,0,0.0000,0.0000
มหาวิทยาลัยเทคโนโลยีราชมงคลรัตนโกสินทร์,ศาลายา,31950105610901A,คณะบริหารธุรกิจ,บธ.บ. เทคโนโลยีทางธุรกิจดิจิทัล 4 ปี,,การพัฒนาซอฟต์แวร์เพื่อ ธุรกิจ,0,30,3,0,0.0000,0.0000
มหาวิทยาลัยเทคโนโลยีราชมงคลรัตนโกสินทร์,ศาลายา,31950105611001A,คณะบริหารธุรกิจ,บธ.บ. นวัตกรรมการจัดการ-การจัดการโล จิสติกส์และโซ่อุปทาน 4 ปี,,,0,35,11,2,73.0000,65.0000
มหาวิทยาลัยเทคโนโลยีราชมงคลรัตนโกสินทร์,ศาลายา,31950110111101A,คณะวิทยาศาสตร์และเทคโนโลยี,วท.บ. เทคโนโลยีสุขภาพและความงาม 4 ปี,,,0,30,27,6,93.2500,64.2500
มหาวิทยาลัยเทคโนโลยีราชมงคลรัตนโกสินทร์,ศาลายา,31950110211001A,คณะวิทยาศาสตร์และเทคโนโลยี,วท.บ. วิทยาการแปรรูปและการประกอบ อาหาร 4 ปี,,,0,10,7,0,0.0000,0.0000
มหาวิทยาลัยเทคโนโลยีราชมงคลรัตนโกสินทร์,ศาลายา,31950110213101A,คณะวิทยาศาสตร์และเทคโนโลยี,วท.บ. เทคโนโลยีและการจัดการ สิ่งแวดล้อม 4 ปี,,,0,30,4,1,82.2500,82.2500
มหาวิทยาลัยเทคโนโลยีราชมงคลรัตนโกสินทร์,ศาลายา,31950111111801G,วิทยาลัยผู้ประกอบการ สรา้ งสรรค์นานาชาติ รัตนโกสินทร์(ศาลายา),ทล.บ. นวัตกรรมการเป็นผู้ประกอบการ ธุรกิจการประกอบอาหาร 4 ปี,,,0,2,0,0,0.0000,0.0000
มหาวิทยาลัยเทคโนโลยีราชมงคลรัตนโกสินทร์,ศาลายา,31950111610801E,วิทยาลัยผู้ประกอบการ สรา้ งสรรค์นานาชาติ รัตนโกสินทร์(ศาลายา),บธ.บ. การเป็นผู้ประกอบการอุตสาหกรรม สรา้ งสรรค์สากล 4 ปี,,,0,10,0,0,0.0000,0.0000
มหาวิทยาลัยเทคโนโลยีราชมงคลรัตนโกสินทร์,ศาลายา,31950111610802E,วิทยาลัยผู้ประกอบการ สรา้ งสรรค์นานาชาติ รัตนโกสินทร์(ศาลายา),กจ.บ. การเป็นผู้ประกอบการธุรกิจการ ออกแบบสรา้ งสรร์ค4 ปี,,,0,10,0,0,0.0000,0.0000
มหาวิทยาลัยเทคโนโลยีราชมงคลรัตนโกสินทร์,วังไกลกังวล,31950201300301A,คณะวิศวกรรมศาสตร์,วศ.บ. วิศวกรรมอุตสาหการและการผลิต 4 ปี,,,0,30,0,0,0.0000,0.0000
มหาวิทยาลัยเทคโนโลยีราชมงคลรัตนโกสินทร์,วังไกลกังวล,31950201302101A,คณะวิศวกรรมศาสตร์,วศ.บ. วิศวกรรมโยธา 4 ปี,,,0,30,9,1,73.7500,73.7500
มหาวิทยาลัยเทคโนโลยีราชมงคลรัตนโกสินทร์,วังไกลกังวล,31950201303501A,คณะวิศวกรรมศาสตร์,วศ.บ. วิศวกรรมอุตสาหการ 4 ปี,,,0,30,1,0,0.0000,0.0000
มหาวิทยาลัยเทคโนโลยีราชมงคลรัตนโกสินทร์,วังไกลกังวล,31950203300501A,คณะอุตสาหกรรมและเทคโนโลยี,อส.บ. เทคโนโลยีวิศวกรรมคอมพิวเตอร์4 ปี,,,0,5,1,0,0.0000,0.0000
มหาวิทยาลัยเทคโนโลยีราชมงคลรัตนโกสินทร์,วังไกลกังวล,31950203301601A,คณะอุตสาหกรรมและเทคโนโลยี,อส.บ. เทคโนโลยีวิศวกรรมไฟฟ้า 4 ปี,,,0,10,0,0,0.0000,0.0000
มหาวิทยาลัยเทคโนโลยีราชมงคลรัตนโกสินทร์,วังไกลกังวล,31950203610901A,คณะอุตสาหกรรมและเทคโนโลยี,ทล.บ. เทคโนโลยีสารสนเทศและนวัตกรรมดิจิทัล 4 ปี,,,0,10,0,0,0.0000,0.0000
มหาวิทยาลัยเทคโนโลยีราชมงคลรัตนโกสินทร์,วังไกลกังวล,31950203903801A,คณะอุตสาหกรรมและเทคโนโลยี,ทล.บ. เทคโนโลยีสื่อสารมวลชนและนวัตกรรมการสื่อสาร 4 ปี,,,0,10,0,0,0.0000,0.0000
มหาวิทยาลัยเทคโนโลยีราชมงคลรัตนโกสินทร์,วังไกลกังวล,31950204620101A,คณะอุตสาหกรรมการโรงแรม และการท่องเที่ยว,ศศ.บ. การโรงแรม 4 ปี,,,0,10,2,0,0.0000,0.0000
มหาวิทยาลัยเทคโนโลยีราชมงคลรัตนโกสินทร์,วังไกลกังวล,31950204620102A,คณะอุตสาหกรรมการโรงแรม และการท่องเที่ยว,ศศ.บ. นวัตกรรมการท่องเที่ยวและ มัคคุเทศ์ก4 ปี,,,0,7,0,0,0.0000,0.0000
มหาวิทยาลัยเทคโนโลยีราชมงคลรัตนโกสินทร์,วังไกลกังวล,31950204900101A,คณะอุตสาหกรรมการโรงแรม และการท่องเที่ยว,ศศ.บ. การจัดประชุมนิทรรศการและอี เวน์ต4 ปี,,,0,10,0,0,0.0000,0.0000
มหาวิทยาลัยเทคโนโลยีราชมงคลรัตนโกสินทร์,วังไกลกังวล,31950205610201A,คณะบริหารธุรกิจ,บธ.บ. นวัตกรรมการจัดการ 4 ปี,,,0,10,1,0,0.0000,0.0000
มหาวิทยาลัยเทคโนโลยีราชมงคลรัตนโกสินทร์,วังไกลกังวล,31950205610501A,คณะบริหารธุรกิจ,บช.บ. การบัญีช4 ปี,,,0,10,3,0,0.0000,0.0000
มหาวิทยาลัยเทคโนโลยีราชมงคลรัตนโกสินทร์,วังไกลกังวล,31950205610801A,คณะบริหารธุรกิจ,บธ.บ. ภาษาอังกฤษธุรกิจ 4 ปี,,,0,15,0,0,0.0000,0.0000
มหาวิทยาลัยเทคโนโลยีราชมงคลรัตนโกสินทร์,วังไกลกังวล,31950205610901A,คณะบริหารธุรกิจ,บธ.บ. เทคโนโลยีทางธุรกิจดิจิทัล 4 ปี,,,0,30,0,0,0.0000,0.0000
มหาวิทยาลัยเทคโนโลยีราชมงคลรัตนโกสินทร์,บพิตรพิมุข จักรวรรดิ,31950305610201A,คณะบริหารธุรกิจ,บธ.บ. นวัตกรรมการจัดการ 4 ปี,,,0,50,1,0,0.0000,0.0000
มหาวิทยาลัยเทคโนโลยีราชมงคลรัตนโกสินทร์,บพิตรพิมุข จักรวรรดิ,31950305610201A,คณะบริหารธุรกิจ,บธ.บ. นวัตกรรมการจัดการ 4 ปี,,การจัดการสมัยใหม่,0,20,0,0,0.0000,0.0000
มหาวิทยาลัยเทคโนโลยีราชมงคลรัตนโกสินทร์,บพิตรพิมุข จักรวรรดิ,31950305610201A,คณะบริหารธุรกิจ,บธ.บ. นวัตกรรมการจัดการ 4 ปี,,การจัดการอุตสาหกรรม,0,10,1,0,0.0000,0.0000
มหาวิทยาลัยเทคโนโลยีราชมงคลรัตนโกสินทร์,บพิตรพิมุข จักรวรรดิ,31950305610201A,คณะบริหารธุรกิจ,บธ.บ. นวัตกรรมการจัดการ 4 ปี,,การจัดการโลจิสติกส์และโซ่ อุปทาน,0,20,3,1,86.2500,86.2500
มหาวิทยาลัยเทคโนโลยีราชมงคลรัตนโกสินทร์,บพิตรพิมุข จักรวรรดิ,31950305610501A,คณะบริหารธุรกิจ,บช.บ. การบัญีช4 ปี,,,0,50,1,0,0.0000,0.0000
มหาวิทยาลัยเทคโนโลยีราชมงคลรัตนโกสินทร์,บพิตรพิมุข จักรวรรดิ,31950305610601A,คณะบริหารธุรกิจ,บธ.บ. การตลาดดิจิทัล 4 ปี,,,0,30,6,3,67.0000,52.5000
มหาวิทยาลัยเทคโนโลยีราชมงคลรัตนโกสินทร์,บพิตรพิมุข จักรวรรดิ,31950305610801A,คณะบริหารธุรกิจ,บธ.บ. ภาษาอังกฤษธุรกิจ 4 ปี,,,0,20,1,1,71.5000,71.5000
มหาวิทยาลัยเทคโนโลยีราชมงคลรัตนโกสินทร์,บพิตรพิมุข จักรวรรดิ,31950305610802F,คณะบริหารธุรกิจ,บธ.บ. บริหารธุรกิจ 4 ปี(หลักสูตรภาษาจีน),,,0,15,0,0,0.0000,0.0000
มหาวิทยาลัยเทคโนโลยีราชมงคลรัตนโกสินทร์,บพิตรพิมุข จักรวรรดิ,31950305610901A,คณะบริหารธุรกิจ,บธ.บ. เทคโนโลยีทางธุรกิจดิจิทัล 4 ปี,,,0,20,1,0,0.0000,0.0000
มหาวิทยาลัยเทคโนโลยีราชมงคลรัตนโกสินทร์,บพิตรพิมุข จักรวรรดิ,31950306901801A,คณะศิลปศาสตร์,ศศ.บ. ภาษาจีน 4 ปี,,,0,60,0,0,0.0000,0.0000
มหาวิทยาลัยเทคโนโลยีราชมงคลรัตนโกสินทร์,บพิตรพิมุข จักรวรรดิ,31950306901901A,คณะศิลปศาสตร์,ศศ.บ. ภาษาญี่ปุ่น 4 ปี,,,0,60,0,0,0.0000,0.0000
มหาวิทยาลัยเทคโนโลยีราชมงคลรัตนโกสินทร์,บพิตรพิมุข จักรวรรดิ,31950306902501A,คณะศิลปศาสตร์,ศศ.บ. ภาษาอังกฤษเพื่อการสื่อสารสากล 4 ปี,,,0,60,1,0,0.0000,0.0000
มหาวิทยาลัยเทคโนโลยีราชมงคลรัตนโกสินทร์,เพาะช่าง,31950407111101A,วิทยาลัยเพาะช่าง,ศ.บ. เครื่องโลหะและรูปพรรณอัญมณี4 ปี,,,0,10,2,0,0.0000,0.0000
มหาวิทยาลัยเทคโนโลยีราชมงคลรัตนโกสินทร์,เพาะช่าง,31950407800101A,วิทยาลัยเพาะช่าง,ศ.บ. ออกแบบนิเทศศิล์ป4 ปี,,,0,3,2,1,78.2500,78.2500
มหาวิทยาลัยเทคโนโลยีราชมงคลรัตนโกสินทร์,เพาะช่าง,31950407800102A,วิทยาลัยเพาะช่าง,ศ.บ. ออกแบบผลิตภัณ์ฑ4 ปี,,,0,5,2,0,0.0000,0.0000
มหาวิทยาลัยเทคโนโลยีราชมงคลรัตนโกสินทร์,เพาะช่าง,31950407800103A,วิทยาลัยเพาะช่าง,ศ.บ. ออกแบบภายใน 4 ปี,,,0,5,5,2,86.7500,73.5000
มหาวิทยาลัยเทคโนโลยีราชมงคลรัตนโกสินทร์,เพาะช่าง,31950407800301A,วิทยาลัยเพาะช่าง,ศ.บ. จิตรกรรมไทย 4 ปี,,,0,5,3,1,88.5000,88.5000
มหาวิทยาลัยเทคโนโลยีราชมงคลรัตนโกสินทร์,เพาะช่าง,31950407800302A,วิทยาลัยเพาะช่าง,ศ.บ. ประติมากรรมไทย 4 ปี,,,0,5,3,0,0.0000,0.0000
มหาวิทยาลัยเทคโนโลยีราชมงคลรัตนโกสินทร์,เพาะช่าง,31950407800303A,วิทยาลัยเพาะช่าง,ศ.บ. หัตถศิล์ป4 ปี,,,0,10,2,1,86.5000,86.5000
มหาวิทยาลัยเทคโนโลยีราชมงคลรัตนโกสินทร์,เพาะช่าง,31950407800304A,วิทยาลัยเพาะช่าง,ศ.บ. ศิลปะการถ่ายภาพ 4 ปี,,,0,5,1,0,0.0000,0.0000
มหาวิทยาลัยเทคโนโลยีราชมงคลรัตนโกสินทร์,เพาะช่าง,31950407800305A,วิทยาลัยเพาะช่าง,ศ.บ. เซรามิก์ส4 ปี,,,0,10,3,0,0.0000,0.0000
มหาวิทยาลัยเทคโนโลยีราชมงคลรัตนโกสินทร์,เพาะช่าง,31950407800306A,วิทยาลัยเพาะช่าง,ศล.บ. หัตกรรมสรา้ งสรร์ค4 ปี,,,0,10,2,0,0.0000,0.0000
มหาวิทยาลัยเทคโนโลยีราชมงคลศรีวิชัย,สงขลา,31970101902501A,คณะศิลปศาสตร์,ศศ.บ. ภาษาต่างประเทศเพื่อการสื่อสาร,,ภาษาอังกฤษเพื่อการสื่อสาร,0,10,57,10,55.7000,42.7190
มหาวิทยาลัยเทคโนโลยีราชมงคลศรีวิชัย,สงขลา,31970101902502A,คณะศิลปศาสตร์,ศศ.บ. ภาษาต่างประเทศเพื่อการสื่อสาร,,ภาษาจีนเพื่อการสื่อสาร,0,10,13,3,42.4750,35.7275
มหาวิทยาลัยเทคโนโลยีราชมงคลศรีวิชัย,สงขลา,31970104300501A,คณะวิศวกรรมศาสตร์,วศ.บ. วิศวกรรมคอมพิวเตอร์,,,0,1,32,1,51.3580,51.3580
มหาวิทยาลัยเทคโนโลยีราชมงคลศรีวิชัย,สงขลา,31970104300502A,คณะวิศวกรรมศาสตร์,วศ.บ. วิศวกรรมปัญญาประดิษฐ์และนวัตกรรมดิจิทัล,,,0,1,13,1,43.7275,43.7275
มหาวิทยาลัยเทคโนโลยีราชมงคลศรีวิชัย,สงขลา,31970104300701A,คณะวิศวกรรมศาสตร์,วศ.บ. วิศวกรรมเครื่องกล,,,0,3,42,2,58.6660,53.3330
มหาวิทยาลัยเทคโนโลยีราชมงคลศรีวิชัย,สงขลา,31970104301601A,คณะวิศวกรรมศาสตร์,วศ.บ. วิศวกรรมไฟฟ้า,,,0,5,73,5,55.4664,51.0886
มหาวิทยาลัยเทคโนโลยีราชมงคลศรีวิชัย,สงขลา,31970104301801A,คณะวิศวกรรมศาสตร์,วศ.บ. วิศวกรรมโทรคมนาคม,,,0,3,10,3,43.4500,40.6750
มหาวิทยาลัยเทคโนโลยีราชมงคลศรีวิชัย,สงขลา,31970104303401A,คณะวิศวกรรมศาสตร์,วศ.บ. วิศวกรรมอิเล็กทรอนิกส์,,,0,2,13,2,42.8250,42.5500
มหาวิทยาลัยเทคโนโลยีราชมงคลศรีวิชัย,สงขลา,31970105610201A,คณะบริหารธุรกิจ,บธ.บ. การจัดการ,,การจัดการทั่วไป,0,10,102,10,47.8328,42.5500
มหาวิทยาลัยเทคโนโลยีราชมงคลศรีวิชัย,สงขลา,31970105610202A,คณะบริหารธุรกิจ,บธ.บ. การจัดการ,,การจัดการทรัพยากรมนุษย์,0,10,54,10,45.2578,37.0914
มหาวิทยาลัยเทคโนโลยีราชมงคลศรีวิชัย,สงขลา,31970105610203A,คณะบริหารธุรกิจ,บธ.บ. การจัดการ,,การจัดการสำนักงานดิจิทัล,0,10,36,10,44.3250,33.4166
มหาวิทยาลัยเทคโนโลยีราชมงคลศรีวิชัย,สงขลา,31970110400401A,คณะสถาปัตยกรรมศาสตร์,ทล.บ. การผังเมือง,,,0,2,7,2,41.6664,32.9664
มหาวิทยาลัยเทคโนโลยีราชมงคลศรีวิชัย,สงขลา,31970110400501A,คณะสถาปัตยกรรมศาสตร์,สถ.บ. สถาปัตยกรรม,,,0,3,13,3,53.0033,48.5415
มหาวิทยาลัยเทคโนโลยีราชมงคลศรีวิชัย,สงขลา,31970110800101A,คณะสถาปัตยกรรมศาสตร์,ศ.บ. การออกแบบแฟชั่นและสิ่งทอ,,,0,2,4,2,53.5054,45.3527
มหาวิทยาลัยเทคโนโลยีราชมงคลศรีวิชัย,สงขลา,31970110800301A,คณะสถาปัตยกรรมศาสตร์,ศ.บ. ทัศนศิลป์,,,0,3,4,1,34.5679,34.5679
มหาวิทยาลัยเทคโนโลยีราชมงคลศรีวิชัย,สงขลา,31970114703003A,คณะครุศาสตร์อุตสาหกรรม และเทคโนโลยี,ค.อ.บ.วิศวกรรมไฟฟ้า,,อิเล็กทรอนิกส์,0,1,14,1,59.4443,59.4443
มหาวิทยาลัยเทคโนโลยีราชมงคลศรีวิชัย,สงขลา,31970114903801A,คณะครุศาสตร์อุตสาหกรรม และเทคโนโลยี,ทล.บ. เทคโนโลยีสื่อสารมวลชน,,,0,1,22,1,55.2345,55.2345
มหาวิทยาลัยเทคโนโลยีราชมงคลศรีวิชัย,นครศรีธรรมราช ไสใหญ่,31970302110701A,คณะวิทยาศาสตร์และเทคโนโลยี,พท.บ. การแพทย์แผนไทย,,,0,30,9,2,56.1110,50.4160
มหาวิทยาลัยเทคโนโลยีราชมงคลศรีวิชัย,นครศรีธรรมราช ไสใหญ่,31970302111101A,คณะวิทยาศาสตร์และเทคโนโลยี,วท.บ. เทคโนโลยีผลิตภัณฑ์ความงาม,,,0,30,1,0,0.0000,0.0000
มหาวิทยาลัยเทคโนโลยีราชมงคลศรีวิชัย,นครศรีธรรมราช ไสใหญ่,31970302210702A,คณะวิทยาศาสตร์และเทคโนโลยี,วท.บ. เทคโนโลยีชีวผลิตภัณฑ์,,,0,30,1,0,0.0000,0.0000
มหาวิทยาลัยเทคโนโลยีราชมงคลศรีวิชัย,นครศรีธรรมราช ไสใหญ่,31970302220101A,คณะวิทยาศาสตร์และเทคโนโลยี,วท.บ. เทคโนโลยีสารสนเทศ,,,0,30,2,0,0.0000,0.0000
มหาวิทยาลัยเทคโนโลยีราชมงคลศรีวิชัย,นครศรีธรรมราช ไสใหญ่,31970303500201A,คณะเกษตรศาสตร์,วท.บ. เกษตรอัจฉริยะ,,,0,10,1,0,0.0000,0.0000
มหาวิทยาลัยเทคโนโลยีราชมงคลศรีวิชัย,นครศรีธรรมราช ไสใหญ่,31970303500601A,คณะเกษตรศาสตร์,วท.บ. เทคโนโลยีเพาะเลี้ยงสัตว์น้ า,,,0,10,2,1,33.5830,33.5830
มหาวิทยาลัยเทคโนโลยีราชมงคลศรีวิชัย,นครศรีธรรมราช ไสใหญ่,31970303501101A,คณะเกษตรศาสตร์,วท.บ. ธุรกิจเกษตร,,,0,10,0,0,0.0000,0.0000
มหาวิทยาลัยเทคโนโลยีราชมงคลศรีวิชัย,นครศรีธรรมราช ไสใหญ่+ทุ่งใหญ่,31970303501201A,คณะเกษตรศาสตร์,วท.บ. สัตวศาสตร์,,,0,10,3,1,45.3470,45.3470
มหาวิทยาลัยเทคโนโลยีราชมงคลศรีวิชัย,นครศรีธรรมราช ไสใหญ่+ทุ่งใหญ่,31970303501301A,คณะเกษตรศาสตร์,วท.บ. พืชศาสตร์,,,0,10,0,0,0.0000,0.0000
มหาวิทยาลัยเทคโนโลยีราชมงคลศรีวิชัย,นครศรีธรรมราช ไสใหญ่,31970311610202A,คณะเทคโนโลยีการจัดการ,บธ.บ. การจัดการ,,,0,30,4,1,53.5860,53.5860
มหาวิทยาลัยเทคโนโลยีราชมงคลศรีวิชัย,นครศรีธรรมราช ไสใหญ่,31970311610301A,คณะเทคโนโลยีการจัดการ,บธ.บ. การจัดการนวัตกรรมทางการค้า,,,0,30,0,0,0.0000,0.0000
มหาวิทยาลัยเทคโนโลยีราชมงคลศรีวิชัย,นครศรีธรรมราช ไสใหญ่,31970311610505A,คณะเทคโนโลยีการจัดการ,บัญชีบัณฑิต,,,0,30,7,1,34.4055,34.4055
มหาวิทยาลัยเทคโนโลยีราชมงคลศรีวิชัย,นครศรีธรรมราช ไสใหญ่,31970311610601A,คณะเทคโนโลยีการจัดการ,บธ.บ. การจัดการการตลาด,,,0,30,1,0,0.0000,0.0000
มหาวิทยาลัยเทคโนโลยีราชมงคลศรีวิชัย,นครศรีธรรมราช ไสใหญ่,31970311611001A,คณะเทคโนโลยีการจัดการ,บธ.บ. การจัดการโลจิสติกส์,,,0,30,8,3,45.2385,35.5830
มหาวิทยาลัยเทคโนโลยีราชมงคลศรีวิชัย,นครศรีธรรมราช ทุ่งใหญ่,31970407211002A,คณะอุตสาหกรรมเกษตร,วท.บ. เทคโนโลยีและนวัตกรรมอาหาร,,,0,10,0,0,0.0000,0.0000
มหาวิทยาลัยเทคโนโลยีราชมงคลศรีวิชัย,นครศรีธรรมราช ทุ่งใหญ่,31970412111301A,คณะสัตวแพทยศาสตร์,วท.บ. เทคนิคการสัตวแพทย์,,,0,30,15,9,33.6545,25.3160
มหาวิทยาลัยเทคโนโลยีราชมงคลศรีวิชัย,นครศรีธรรมราช ขนอม,31970509610202A,วิทยาลัยเทคโนโลียอุตสาหกรรมและการจัดการ,บธ.บ. การเป็นผู้ประกอบการดิจิทัล,,,0,30,1,0,0.0000,0.0000
มหาวิทยาลัยเทคโนโลยีราชมงคลศรีวิชัย,นครศรีธรรมราช ขนอม,31970509610501A,วิทยาลัยเทคโนโลียอุตสาหกรรมและการจัดการ,บัญชีบัณฑิต,,,0,30,1,0,0.0000,0.0000
มหาวิทยาลัยเทคโนโลยีราชมงคลศรีวิชัย,นครศรีธรรมราช ขนอม,31970509620101A,วิทยาลัยเทคโนโลียอุตสาหกรรมและการจัดการ,ศศ.บ. การจัดการโรงแรมและการบริการ,,,0,15,3,0,0.0000,0.0000
มหาวิทยาลัยเทคโนโลยีราชมงคลศรีวิชัย,ตรงั,31970606213001A,คณะวิทยาศาสตร์และเทคโนโลยีการประมง,วท.บ. วิทยาศาสตร์ทางทะเล,,,0,30,6,0,0.0000,0.0000
มหาวิทยาลัยเทคโนโลยีราชมงคลศรีวิชัย,ตรงั,31970606213102A,คณะวิทยาศาสตร์และเทคโนโลยีการประมง,วท.บ. การจัดการทรัพยากรและสิ่งแวดล้อม,,,0,30,0,0,0.0000,0.0000
มหาวิทยาลัยเทคโนโลยีราชมงคลศรีวิชัย,ตรงั,31970606500601A,คณะวิทยาศาสตร์และเทคโนโลยีการประมง,วท.บ. การเพาะเลี้ยงสัตว์น้ า,,,0,30,4,0,0.0000,0.0000
มหาวิทยาลัยเทคโนโลยีราชมงคลอีสาน,นครราชสีมา,31990101610101A,คณะบริหารธุรกิจ,บธ.บ.การเงิน,,,0,4,86,6,97.2500,94.0000
มหาวิทยาลัยเทคโนโลยีราชมงคลอีสาน,นครราชสีมา,31990101610201A,คณะบริหารธุรกิจ,บธ.บ.การจัดการทั่วไป,,,0,5,170,6,93.0000,91.5000
มหาวิทยาลัยเทคโนโลยีราชมงคลอีสาน,นครราชสีมา,31990101610202A,คณะบริหารธุรกิจ,บธ.บ.การจัดการอุตสาหกรรม,,,0,2,67,2,89.7500,87.0000
มหาวิทยาลัยเทคโนโลยีราชมงคลอีสาน,นครราชสีมา,31990101610203A,คณะบริหารธุรกิจ,บธ.บ.การจัดการโลจิสติก์ส- การจัดการ โซ่อุปทาน,,,0,3,156,3,98.0000,95.7500
มหาวิทยาลัยเทคโนโลยีราชมงคลอีสาน,นครราชสีมา,31990101610501A,คณะบริหารธุรกิจ,บช.บ.การบัญชี,,,0,5,170,5,99.5000,97.2500
มหาวิทยาลัยเทคโนโลยีราชมงคลอีสาน,นครราชสีมา,31990101610601A,คณะบริหารธุรกิจ,บธ.บ.การตลาด - การบริหารการตลาด,,,0,4,109,4,99.5000,94.5000
มหาวิทยาลัยเทคโนโลยีราชมงคลอีสาน,นครราชสีมา,31990101610602A,คณะบริหารธุรกิจ,บธ.บ.การตลาด - การตลาดดิจิทัล,,,0,4,100,4,97.5000,90.2500
มหาวิทยาลัยเทคโนโลยีราชมงคลอีสาน,นครราชสีมา,31990101610901A,คณะบริหารธุรกิจ,บธ.บ.ระบบสารสนเทศและนวัตกรรม ธุรกิจดิจิทัล,,,0,3,42,3,92.2500,86.7500
มหาวิทยาลัยเทคโนโลยีราชมงคลอีสาน,นครราชสีมา,31990102112001A,คณะวิทยาศาสตร์และศิลป ศาสตร์,วท.บ.วิทยาศาสตร์การกีฬาและสุขภาพ,,,0,10,55,10,59.8750,38.3000
มหาวิทยาลัยเทคโนโลยีราชมงคลอีสาน,นครราชสีมา,31990102210201A,คณะวิทยาศาสตร์และศิลป ศาสตร์,วท.บ.เทคโนโลยีโลจิสติกส์,,,0,15,27,7,55.7859,26.1000
มหาวิทยาลัยเทคโนโลยีราชมงคลอีสาน,นครราชสีมา,31990102210401A,คณะวิทยาศาสตร์และศิลป ศาสตร์,วท.บ.เคมี,,,0,10,22,3,75.9125,68.1175
มหาวิทยาลัยเทคโนโลยีราชมงคลอีสาน,นครราชสีมา,31990102211201A,คณะวิทยาศาสตร์และศิลป ศาสตร์,วท.บ.เทคโนโลยีชีวผลิตภัณฑ์,,,0,20,19,5,96.7500,64.0000
มหาวิทยาลัยเทคโนโลยีราชมงคลอีสาน,นครราชสีมา,31990102212701A,คณะวิทยาศาสตร์และศิลป ศาสตร์,วท.บ.ฟิสิกส์ประยุกต์,,,0,10,1,0,0.0000,0.0000
มหาวิทยาลัยเทคโนโลยีราชมงคลอีสาน,นครราชสีมา,31990102212702A,คณะวิทยาศาสตร์และศิลป ศาสตร์,วท.บ.วิทยาการข้อมูลและการวิเคราะห์,,,0,10,8,5,94.7500,59.5000
มหาวิทยาลัยเทคโนโลยีราชมงคลอีสาน,นครราชสีมา,31990102212801A,คณะวิทยาศาสตร์และศิลป ศาสตร์,วท.บ.วิทยาการวัสดุและนวัตกรรม,,,0,10,6,1,61.2500,61.2500
มหาวิทยาลัยเทคโนโลยีราชมงคลอีสาน,นครราชสีมา,31990102213301A,คณะวิทยาศาสตร์และศิลป ศาสตร์,วท.บ.สถิติประยุกต์,,,0,10,11,4,72.5000,56.2500
มหาวิทยาลัยเทคโนโลยีราชมงคลอีสาน,นครราชสีมา,31990102220201A,คณะวิทยาศาสตร์และศิลป ศาสตร์,วท.บ.วิทยาการคอมพิวเตอร์,,,0,10,99,10,54.2332,47.0444
มหาวิทยาลัยเทคโนโลยีราชมงคลอีสาน,นครราชสีมา,31990102500401A,คณะวิทยาศาสตร์และศิลป ศาสตร์,วท.บ.นวัตกรรมและเทคโนโลยีการเกษตร,,,0,20,50,13,92.5000,51.0000
มหาวิทยาลัยเทคโนโลยีราชมงคลอีสาน,นครราชสีมา,31990102500402A,คณะวิทยาศาสตร์และศิลป ศาสตร์,วท.บ.นวัตกรรมข้าว,,,0,10,10,3,97.5000,52.0000
มหาวิทยาลัยเทคโนโลยีราชมงคลอีสาน,นครราชสีมา,31990102500403A,คณะวิทยาศาสตร์และศิลป ศาสตร์,วท.บ.ธุรกิจนวัตกรรมการเกษตร,,,0,15,20,8,88.7500,56.2500
มหาวิทยาลัยเทคโนโลยีราชมงคลอีสาน,นครราชสีมา,31990102620101A,คณะวิทยาศาสตร์และศิลป ศาสตร์,ศศ.บ.การท่องเที่ยวและการบริการ,,,0,10,115,10,99.2500,85.5000
มหาวิทยาลัยเทคโนโลยีราชมงคลอีสาน,นครราชสีมา,31990102902501A,คณะวิทยาศาสตร์และศิลป ศาสตร์,ศศ.บ.ภาษาอังกฤษเพื่อการสื่อสาร,,,0,15,69,15,61.2249,45.8082
มหาวิทยาลัยเทคโนโลยีราชมงคลอีสาน,นครราชสีมา,31990102903801A,คณะวิทยาศาสตร์และศิลป ศาสตร์,ทล.บ.เทคโนโลยีการสื่อสารมวลชน,,,0,15,56,15,75.7776,58.2444
มหาวิทยาลัยเทคโนโลยีราชมงคลอีสาน,นครราชสีมา,31990103300401A,คณะวิศวกรรมศาสตร์และเทคโนโลยี,วศ.บ.วิศวกรรมเครื่องจักรกลเกษตร อัจฉริยะ,,,0,20,35,13,89.5000,52.5000
มหาวิทยาลัยเทคโนโลยีราชมงคลอีสาน,นครราชสีมา,31990103300402A,คณะวิศวกรรมศาสตร์และเทคโนโลยี,วศ.บ.วิศวกรรมอาหารและหลังการเก็บ เกี่ยว,,,0,20,22,8,77.5000,56.5000
มหาวิทยาลัยเทคโนโลยีราชมงคลอีสาน,นครราชสีมา,31990103300501A,คณะวิศวกรรมศาสตร์และเทคโนโลยี,วศ.บ.วิศวกรรมคอมพิวเตอร์,,,0,2,103,2,98.2500,96.5000
มหาวิทยาลัยเทคโนโลยีราชมงคลอีสาน,นครราชสีมา,31990103300702A,คณะวิศวกรรมศาสตร์และเทคโนโลยี,วศ.บ.วิศวกรรมการทำความเย็นและการ ปรับอากาศ,,,0,20,54,15,93.0000,64.2500
มหาวิทยาลัยเทคโนโลยีราชมงคลอีสาน,นครราชสีมา,31990103301801A,คณะวิศวกรรมศาสตร์และเทคโนโลยี,วศ.บ.วิศวกรรมโทรคมนาคม,,,0,30,87,26,94.0000,63.7500
มหาวิทยาลัยเทคโนโลยีราชมงคลอีสาน,นครราชสีมา,31990103302501A,คณะวิศวกรรมศาสตร์และเทคโนโลยี,วศ.บ.วิศวกรรมวัสดุ-โลหการ,,,0,2,28,2,79.7500,76.2500
มหาวิทยาลัยเทคโนโลยีราชมงคลอีสาน,นครราชสีมา,31990103302502A,คณะวิศวกรรมศาสตร์และเทคโนโลยี,วศ.บ.วิศวกรรมวัสดุ-พอลิเมอร์,,,0,10,36,9,87.5000,53.0000
มหาวิทยาลัยเทคโนโลยีราชมงคลอีสาน,นครราชสีมา,31990103302701A,คณะวิศวกรรมศาสตร์และเทคโนโลยี,วศ.บ.วิศวกรรมสำรวจและภูมิสารสนเทศ,,,0,20,33,12,97.2500,62.7500
มหาวิทยาลัยเทคโนโลยีราชมงคลอีสาน,นครราชสีมา,31990103303401A,คณะวิศวกรรมศาสตร์และเทคโนโลยี,วศ.บ.วิศวกรรมอิเล็กทรอนิกส์-ระบบสื่อสาร,,,0,15,35,11,92.7500,64.0000
มหาวิทยาลัยเทคโนโลยีราชมงคลอีสาน,นครราชสีมา,31990103303402A,คณะวิศวกรรมศาสตร์และเทคโนโลยี,วศ.บ.วิศวกรรมอิเล็กทรอนิกส์และระบบ ควบคุมอัตโนมัติ,,,0,2,27,3,81.7500,80.5000
มหาวิทยาลัยเทคโนโลยีราชมงคลอีสาน,นครราชสีมา,31990104220101A,คณะสถาปัตยกรรมศาสต์รและศิลปกรรมสรา้ งสรรค์,ทล.บ.เทคโนโลยีมัลติมีเดีย,,,0,1,52,1,83.4555,83.4555
มหาวิทยาลัยเทคโนโลยีราชมงคลอีสาน,นครราชสีมา,31990104400401A,คณะสถาปัตยกรรมศาสต์รและศิลปกรรมสรา้ งสรรค์,ทล.บ.การผังเมือง,,,0,15,28,10,83.0000,55.0000
มหาวิทยาลัยเทคโนโลยีราชมงคลอีสาน,นครราชสีมา,31990104400501A,คณะสถาปัตยกรรมศาสต์รและศิลปกรรมสรา้ งสรรค์,สถ.บ.สถาปัตยกรรม,,,0,18,22,11,77.8500,42.0000
มหาวิทยาลัยเทคโนโลยีราชมงคลอีสาน,นครราชสีมา,31990104400701A,คณะสถาปัตยกรรมศาสต์รและศิลปกรรมสรา้ งสรรค์,สถ.บ.สถาปัตยกรรมภายใน,,,0,1,28,1,74.4625,74.4625
มหาวิทยาลัยเทคโนโลยีราชมงคลอีสาน,นครราชสีมา,31990104800102A,คณะสถาปัตยกรรมศาสต์รและศิลปกรรมสรา้ งสรรค์,"ศป.บ.ออกแบบสรา้ งสรร์ค(การออกแบบ ผลิตภัณ์ฑ, การออกแบบเซรามิก , การ ออกแบบกราฟิกครีเอทีฟและบรรจุภัณ์ฑ, การออกแบบนวัตศิลป์และแฟชั่น)",,,0,10,76,10,90.3688,81.7125
มหาวิทยาลัยเทคโนโลยีราชมงคลอีสาน,นครราชสีมา,31990104800301A,คณะสถาปัตยกรรมศาสต์รและศิลปกรรมสรา้ งสรรค์,"ศป.บ.ทัศนศิล์ป(จิตรกรรม, ประติมากรรม , ศิลปะภาพพิมพ์)",,,0,3,44,3,80.5250,74.4750
มหาวิทยาลัยเทคโนโลยีราชมงคลอีสาน,นครราชสีมา,31990105220101A,คณะระบบรางและการขนส่ง,กจ.บ.นวัตกรรมการพัฒนาเมืองและพื้นที่ รอบสถานีขนส่งมวลชน,,,0,5,30,5,92.0000,79.7500
มหาวิทยาลัยเทคโนโลยีราชมงคลอีสาน,นครราชสีมา,31990105302201A,คณะระบบรางและการขนส่ง,วศ.บ.วิศวกรรมระบบราง,,,0,10,45,10,95.7500,78.2500
มหาวิทยาลัยเทคโนโลยีราชมงคลอีสาน,นครราชสีมา,31990105303201A,คณะระบบรางและการขนส่ง,วศ.บ.วิศวกรรมซ่อมบำรุงอากาศยาน,,,0,10,52,10,88.2500,71.5000
มหาวิทยาลัยเทคโนโลยีราชมงคลอีสาน,นครราชสีมา,31990105610205A,คณะระบบรางและการขนส่ง,กจ.บ.การจัดการการปฏิบัติการรถไฟ,,,0,10,40,10,98.0000,70.0000
มหาวิทยาลัยเทคโนโลยีราชมงคลอีสาน,นครราชสีมา,31990106800101A,สถาบันสหสรรพศาสตร์,ศศ.บ.นวัตกรรมสรา้ งสรรค์และการเป็น ผู้ประกอบการ,,,0,10,4,3,76.5000,67.0000
มหาวิทยาลัยเทคโนโลยีราชมงคลอีสาน,สุรินทร์,31990220210401A,คณะเกษตรศาสตร์และเทคโนโลยี,วท.บ.เคมีประยุกต์,,,0,10,0,0,0.0000,0.0000
มหาวิทยาลัยเทคโนโลยีราชมงคลอีสาน,สุรินทร์,31990220211201A,คณะเกษตรศาสตร์และเทคโนโลยี,วท.บ.เทคโนโลยีชีวภาพการเกษตร,,,0,10,0,0,0.0000,0.0000
มหาวิทยาลัยเทคโนโลยีราชมงคลอีสาน,สุรินทร์,31990220211901A,คณะเกษตรศาสตร์และเทคโนโลยี,วท.บ.เทคโนโลยีและการจัดการสิ่งแวดล้อม,,,0,10,3,0,0.0000,0.0000
มหาวิทยาลัยเทคโนโลยีราชมงคลอีสาน,สุรินทร์,31990220220201A,คณะเกษตรศาสตร์และเทคโนโลยี,วท.บ.วิทยาการคอมพิวเตอร์,,,0,15,3,1,48.0000,48.0000
มหาวิทยาลัยเทคโนโลยีราชมงคลอีสาน,สุรินทร์,31990220300401A,คณะเกษตรศาสตร์และเทคโนโลยี,วศ.บ.วิศวกรรมเครื่องจักรกลเกษตร,,,0,10,0,0,0.0000,0.0000
มหาวิทยาลัยเทคโนโลยีราชมงคลอีสาน,สุรินทร์,31990220300701A,คณะเกษตรศาสตร์และเทคโนโลยี,วศ.บ.วิศวกรรมเครื่องกล-วิชาเอก วิศวกรรมเครื่องกล,,,0,15,9,2,72.0000,69.2500
มหาวิทยาลัยเทคโนโลยีราชมงคลอีสาน,สุรินทร์,31990220300702A,คณะเกษตรศาสตร์และเทคโนโลยี,วศ.บ.วิศวกรรมเครื่องกล-วิชาเอก วิศวกรรมยานยนต์,,,0,10,5,0,0.0000,0.0000
มหาวิทยาลัยเทคโนโลยีราชมงคลอีสาน,สุรินทร์,31990220500201A,คณะเกษตรศาสตร์และเทคโนโลยี,วท.บ.การออกแบบภูมิทัศน์และการจัดสวน,,,0,5,0,0,0.0000,0.0000
มหาวิทยาลัยเทคโนโลยีราชมงคลอีสาน,สุรินทร์,31990220500601A,คณะเกษตรศาสตร์และเทคโนโลยี,วท.บ.ประมง,,,0,10,0,0,0.0000,0.0000
มหาวิทยาลัยเทคโนโลยีราชมงคลอีสาน,สุรินทร์,31990220501101A,คณะเกษตรศาสตร์และเทคโนโลยี,วท.บ.เทคโนโลยีการอาหาร,,,0,5,1,0,0.0000,0.0000
มหาวิทยาลัยเทคโนโลยีราชมงคลอีสาน,สุรินทร์,31990220501201A,คณะเกษตรศาสตร์และเทคโนโลยี,วท.บ.สัตวศาสตร์,,,0,10,15,4,81.5220,60.8276
มหาวิทยาลัยเทคโนโลยีราชมงคลอีสาน,สุรินทร์,31990220501301A,คณะเกษตรศาสตร์และเทคโนโลยี,วท.บ.พืชศาสตร์,,,0,10,2,0,0.0000,0.0000
มหาวิทยาลัยเทคโนโลยีราชมงคลอีสาน,สุรินทร์,31990220700901A,คณะเกษตรศาสตร์และเทคโนโลยี,ค.อ.บ.เทคโนโลยีคอมพิวเตอร์,,,0,15,2,0,0.0000,0.0000
มหาวิทยาลัยเทคโนโลยีราชมงคลอีสาน,สุรินทร์,31990220800101A,คณะเกษตรศาสตร์และเทคโนโลยี,ทล.บ.เทคโนโลยีสิ่งทอและการออกแบบ แฟชั่น,,,0,10,0,0,0.0000,0.0000
มหาวิทยาลัยเทคโนโลยีราชมงคลอีสาน,สุรินทร์,31990221220101A,คณะเทคโนโลยีการจัดการ,ทล.บ.เทคโนโลยีมัลติมีเดีย,,,0,20,3,0,0.0000,0.0000
มหาวิทยาลัยเทคโนโลยีราชมงคลอีสาน,สุรินทร์,31990221610201A,คณะเทคโนโลยีการจัดการ,บธ.บ.การจัดการสมัยใหม่,,,0,10,1,0,0.0000,0.0000
มหาวิทยาลัยเทคโนโลยีราชมงคลอีสาน,สุรินทร์,31990221610202A,คณะเทคโนโลยีการจัดการ,บธ.บ.การจัดการนวัตกรรมการค้า,,,0,10,2,0,0.0000,0.0000
มหาวิทยาลัยเทคโนโลยีราชมงคลอีสาน,สุรินทร์,31990221610501A,คณะเทคโนโลยีการจัดการ,บช.บ.บัญชี,,,0,20,11,4,95.0000,78.5000
มหาวิทยาลัยเทคโนโลยีราชมงคลอีสาน,สุรินทร์,31990221610601A,คณะเทคโนโลยีการจัดการ,บธ.บ.การตลาด,,,0,10,3,0,0.0000,0.0000
มหาวิทยาลัยเทคโนโลยีราชมงคลอีสาน,สุรินทร์,31990221610901A,คณะเทคโนโลยีการจัดการ,บธ.บ.เทคโนโลยีดิจิทัลเพื่อการจัดการ ธุรกิจและบริการ,,,0,20,2,0,0.0000,0.0000
มหาวิทยาลัยเทคโนโลยีราชมงคลอีสาน,สุรินทร์,31990221620101A,คณะเทคโนโลยีการจัดการ,ศศ.บ.การจัดการการท่องเที่ยวและการ โรงแรม,,,0,10,3,0,0.0000,0.0000
มหาวิทยาลัยเทคโนโลยีราชมงคลอีสาน,สุรินทร์,31990221902501A,คณะเทคโนโลยีการจัดการ,ศศ.บ.ภาษาอังกฤษเพื่อการสื่อสาร,,,0,10,5,1,95.0000,95.0000
มหาวิทยาลัยเทคโนโลยีราชมงคลอีสาน,ขอนแก่น,31990330700901A,คณะครุศาสตร์อุตสาหกรรม,ค.อ.บ.เทคโนโลยีคอมพิวเตอร์,,,0,2,24,2,81.6250,79.8750
มหาวิทยาลัยเทคโนโลยีราชมงคลอีสาน,ขอนแก่น,31990330702101A,คณะครุศาสตร์อุตสาหกรรม,ค.อ.บ.ครุศาสตร์อุตสาหกรรมโยธา,,,0,1,16,1,78.2500,78.2500
มหาวิทยาลัยเทคโนโลยีราชมงคลอีสาน,ขอนแก่น,31990330703201A,คณะครุศาสตร์อุตสาหกรรม,อส.บ.เทคโนโลยีท่ออุตสาหกรรม,,,0,15,30,12,96.2500,53.7500
มหาวิทยาลัยเทคโนโลยีราชมงคลอีสาน,ขอนแก่น,31990330902501A,คณะครุศาสตร์อุตสาหกรรม,ศศ.บ.ภาษาอังกฤษเพื่อการจัดการทางธุรกิจ,,,0,20,59,20,97.0000,74.5000
มหาวิทยาลัยเทคโนโลยีราชมงคลอีสาน,ขอนแก่น,31990331302101A,คณะวิศวกรรมศาสตร์,วศ.บ.วิศวกรรมโยธา,,,0,5,39,5,30.7916,25.8250
มหาวิทยาลัยเทคโนโลยีราชมงคลอีสาน,ขอนแก่น,31990331302102A,คณะวิศวกรรมศาสตร์,วศ.บ.วิศวกรรมโยธา-วิชาเอกวิศวกรรม ระบบราง,,,0,5,11,5,25.4000,19.1166
มหาวิทยาลัยเทคโนโลยีราชมงคลอีสาน,ขอนแก่น,31990332610201A,คณะบริหารธุรกิจและเทคโนโลยีสารสนเทศ,บธ.บ.การจัดการนวัตกรรมทางธุรกิจ,,,0,40,69,26,92.7500,65.2500
มหาวิทยาลัยเทคโนโลยีราชมงคลอีสาน,ขอนแก่น,31990332610202A,คณะบริหารธุรกิจและเทคโนโลยีสารสนเทศ,บธ.บ.การบริหารธุรกิจแบบบูรณาการ,,,0,15,39,15,91.7500,66.7500
มหาวิทยาลัยเทคโนโลยีราชมงคลอีสาน,ขอนแก่น,31990332610203A,คณะบริหารธุรกิจและเทคโนโลยีสารสนเทศ,บธ.บ.การจัดการธุรกิจบูรณาการภาษา,,,0,10,28,9,89.7500,62.7500
มหาวิทยาลัยเทคโนโลยีราชมงคลอีสาน,ขอนแก่น,31990332610501A,คณะบริหารธุรกิจและเทคโนโลยีสารสนเทศ,บช.บ.บัญชี,,,0,10,89,11,99.0000,86.5000
มหาวิทยาลัยเทคโนโลยีราชมงคลอีสาน,ขอนแก่น,31990332610601A,คณะบริหารธุรกิจและเทคโนโลยีสารสนเทศ,บธ.บ.การตลาด-วิชาเอกการบริหาร การตลาด,,,0,5,77,5,92.0000,89.0000
มหาวิทยาลัยเทคโนโลยีราชมงคลอีสาน,ขอนแก่น,31990332610602A,คณะบริหารธุรกิจและเทคโนโลยีสารสนเทศ,บธ.บ.การตลาด-วิชาเอกการตลาดดิจิทัล,,,0,15,75,15,98.5000,77.7500
มหาวิทยาลัยเทคโนโลยีราชมงคลอีสาน,ขอนแก่น,31990332610901A,คณะบริหารธุรกิจและเทคโนโลยีสารสนเทศ,บธ.บ.เทคโนโลยีธุรกิจดิจิทัล,,,0,35,64,16,88.0000,62.5000
มหาวิทยาลัยเทคโนโลยีราชมงคลอีสาน,ขอนแก่น,31990332611001A,คณะบริหารธุรกิจและเทคโนโลยีสารสนเทศ,บธ.บ.การจัดการโลจิสติกส์,,,0,40,143,41,98.2500,76.2500
มหาวิทยาลัยเทคโนโลยีราชมงคลอีสาน,ขอนแก่น,31990332620101A,คณะบริหารธุรกิจและเทคโนโลยีสารสนเทศ,บธ.บ.สตาร์ทอัพการท่องเที่ยวและการ บริการ,,,0,40,78,40,96.5000,62.5000
มหาวิทยาลัยเทคโนโลยีราชมงคลอีสาน,สกลนคร,31990551110401A,คณะทรัพยากรธรรมชาติ,วท.บ.การดูแลสุขภาพผู้สูงอายุและการ ชะลอวยั,,,0,15,5,1,81.5000,81.5000
มหาวิทยาลัยเทคโนโลยีราชมงคลอีสาน,สกลนคร,31990551110701A,คณะทรัพยากรธรรมชาติ,พท.บ.การแพทย์แผนไทย,,,0,15,34,13,95.0000,66.5000
มหาวิทยาลัยเทคโนโลยีราชมงคลอีสาน,สกลนคร,31990551111101A,คณะทรัพยากรธรรมชาติ,วท.บ.วิทยาศาสตร์สุขภาพและความงาม,,,0,15,6,1,68.2500,68.2500
มหาวิทยาลัยเทคโนโลยีราชมงคลอีสาน,สกลนคร,31990551140101A,คณะทรัพยากรธรรมชาติ,วท.บ.เทคนิคการสัตวแพทย์,,,0,15,79,15,96.0000,85.2500
มหาวิทยาลัยเทคโนโลยีราชมงคลอีสาน,สกลนคร,31990551211001A,คณะทรัพยากรธรรมชาติ,วท.บ.เทคโนโลยีการอาหาร,,,0,15,1,0,0.0000,0.0000
มหาวิทยาลัยเทคโนโลยีราชมงคลอีสาน,สกลนคร,31990551212501A,คณะทรัพยากรธรรมชาติ,วท.บ.พืชศาสตร์,,,0,15,1,0,0.0000,0.0000
มหาวิทยาลัยเทคโนโลยีราชมงคลอีสาน,สกลนคร,31990551212502A,คณะทรัพยากรธรรมชาติ,วท.บ.นวัตกรรมเกษตรอินทรีย์,,,0,15,1,0,0.0000,0.0000
มหาวิทยาลัยเทคโนโลยีราชมงคลอีสาน,สกลนคร,31990551213001A,คณะทรัพยากรธรรมชาติ,วท.บ.เทคโนโลยีการเพาะเลี้ยงสัตว์น้ า,,,0,15,5,2,72.2500,57.7500
มหาวิทยาลัยเทคโนโลยีราชมงคลอีสาน,สกลนคร,31990551213201A,คณะทรัพยากรธรรมชาติ,วท.บ.สัตวศาสตร์,,,0,15,12,4,80.0000,71.7500
มหาวิทยาลัยนวมินทราธิราช,วิทยาเขตหลัก,12160103111902A,แพทยศาสตร์วชิรพยาบาล,วิทยาศาสตรบัณฑิต. สาขาวิชารังสีเทคนิค,วท.บ. รังสีเทคนิค,,0,15,146,15,54.9066,52.2532
มหาวิทยาลัยนวมินทราธิราช,วิทยาเขตหลัก,12160105903102A,วิทยาลัยพัฒนามหานคร,รัฐประศาสนศาสตรบัณฑิต สาขาวิชาการ บริหารและจัดการเมือง,รป.บ. การบริหารและจัด การเมือง,,0,40,288,40,78.3470,67.2635
มหาวิทยาลัยนวมินทราธิราช,วิทยาเขตหลัก,12160105904401A,วิทยาลัยพัฒนามหานคร,ศิลปศาสตรบัณฑิต สาขาวิชานวัตกรรม การบิน,ศศ.บ. นวัตกรรมการบริการ (การบริการธุรกิจการบิน),การบริการในธุรกิจการบิน,0,30,208,30,91.1500,79.3832
มหาวิทยาลัยนวมินทราธิราช,วิทยาเขตหลัก,12160105904401A,วิทยาลัยพัฒนามหานคร,ศิลปศาสตรบัณฑิต สาขาวิชานวัตกรรม การบิน,ศศ.บ. นวัตกรรมการบริการ (การบริการในสถานพยาบาล),การบริการในสถานพยาบาล,0,30,243,30,88.1332,80.2166
มหาวิทยาลัยนวมินทราธิราช,วิทยาเขตหลัก,12160106213503A,วิทยาลัยพัฒนาชุมชนเมือง,เทคโนโลยีบัณฑิต (กลุ่มวิชาเอกการซ่อม บำรุงอาคาร/กลุ่มวิชาการซ่อมบำรุงระบบ ราง),ทล.บ.,,0,30,69,30,95.5000,64.5000
มหาวิทยาลัยนวมินทราธิราช,วิทยาเขตหลัก,12160106610202A,วิทยาลัยพัฒนาชุมชนเมือง,การจัดการบัณฑิต สาขาวิชาการจัดการ ทรัพยากรอาคาร,กจ.บ. การจัดการทรัพยากร อาคาร,,0,30,77,30,95.5000,61.5000
มหาวิทยาลัยนวมินทราธิราช,วิทยาเขตหลัก,12160106700604A,วิทยาลัยพัฒนาชุมชนเมือง,ศึกษาศาสตรบัณฑิต สาขาวิชาการศึกษา ปฐมวยั,ศษ.บ. การศึกษาปฐมวยั,,0,20,227,20,87.2500,82.8750
มหาวิทยาลัยนวมินทราธิราช,วิทยาเขตหลัก,12160106700705A,วิทยาลัยพัฒนาชุมชนเมือง,ศึกษาศาสตรบัณฑิต สาขาวิชาการศึกษา พิเศษ,ศษ.บ. การศึกษาพิเศษ,,0,30,35,23,85.3750,36.5000
มหาวิทยาลัยนวมินทราธิราช,วิทยาเขตหลัก,12160106903601A,วิทยาลัยพัฒนาชุมชนเมือง,ศิลปศาสตรบัณฑิต สาขาวิชาการพัฒนา เด็กปฐมวยั,ศศ.บ. การพัฒนาเด็กปฐมวยั,,0,20,204,24,97.2500,91.2500
มหาวิทยาลัยนวมินทราธิราช,วิทยาเขตหลัก,12160107110303A,วิทยาศาสตร์และเทคโนโลียสุขภาพ,วิทยาศาสตรบัณฑิต สาขาวิชาการจัดการ สาธารณภัย,วท.บ. การจัดการสาธารณภัย,,0,20,142,21,69.7220,52.7770
มหาวิทยาลัยนวมินทราธิราช,วิทยาเขตหลัก,12160107111604A,วิทยาศาสตร์และเทคโนโลียสุขภาพ,หลักสูตรฉุกเฉินการแพทยบัณฑิต (หลักสูตรปรับปรุงพ.ศ.2568),การฉุกเฉินการแพทย์บัณฑิต,,0,10,411,10,73.6083,62.7666
มหาวิทยาลัยนวมินทราธิราช,วิทยาเขตหลัก,12160107112202A,วิทยาศาสตร์และเทคโนโลียสุขภาพ,วิทยาศาสตรบัณฑิต สาขาวิชาเทคโนโลียเครื่องมือแพทย์และห้องผ่าตัด,วท.บ. เทคโนโลยีเครื่องมือ แพทย์ฯ,,0,20,300,20,67.7776,56.9974
มหาวิทยาลัยนวมินทราธิราช,วิทยาเขตหลัก,12160107112701A,วิทยาศาสตร์และเทคโนโลียสุขภาพ,วิทยาศาสตรบัณฑิต สาขาวิชาอาชีวอนา มัยและความปลอดภัยในสถานพยาบาล,วท.บ. อาชีวอนามัยและความ ปลอดภัยฯ,,0,40,233,40,58.5062,46.3650
สถาบันการพยาบาลศรีสวรินิทรา สภาชาดไทย,วิทยาเขตหลัก,12180100111701A,สำนักวิชาพยาบาลศาสตร์,หลักสูตรพยาบาลศาสตรบัณฑิต,,,0,100,"2,174",100,66.2132,51.5500
สถาบันพระบรมราชชนก,วิทยาลัยพยาบาล บรมราชชนีนกรุงเทพ,52210101111701A,คณะพยาบาลศาสตร์,สาขาพยาบาลศาสตร์,โครงการบุคคลทั่วไป,ภาษาไทย,0,35,"1,507",35,60.5908,56.3710
สถาบันพระบรมราชชนก,วิทยาลัยการ สาธารณสุขสิรินธร จังหวัดชลบุรี,52210102110703A,คณะสหเวชศาสตร์และสาธารณสุขศาสตร์ศาสตร์,สาขาวิชาการแพทย์แผนไทย,โครงการบุคคลทั่วไป,ภาษาไทย,0,26,224,26,70.8110,59.5054
สถาบันพระบรมราชชนก,วิทยาลัยการ สาธารณสุขสิรินธร จังหวัดชลบุรี,52210102111604A,คณะสหเวชศาสตร์และสาธารณสุขศาสตร์ศาสตร์,สาขาวิชาฉุกเฉินการแพทย์,โครงการบุคคลทั่วไป,ภาษาไทย,0,20,185,20,59.8891,50.1879
สถาบันพระบรมราชชนก,วิทยาลัยการ สาธารณสุขสิรินธร จังหวัดชลบุรี,52210102112701A,คณะสหเวชศาสตร์และสาธารณสุขศาสตร์ศาสตร์,สาขาวิชาสาธารณสุขชุมชน,โครงการบุคคลทั่วไป,ภาษาไทย,0,24,305,24,66.7666,61.9832
สถาบันพระบรมราชชนก,วิทยาลัยการ สาธารณสุขสิรินธร จังหวัดชลบุรี,52210102112702A,คณะสหเวชศาสตร์และสาธารณสุขศาสตร์ศาสตร์,สาขาวิชาทันตสาธารณสุข,โครงการบุคคลทั่วไป,ภาษาไทย,0,17,406,16,69.7082,66.2776
สถาบันพระบรมราชชนก,วิทยาลัยพยาบาล บรมราชชนีนพุทธชินราช,52210201111701A,คณะพยาบาลศาสตร์,สาขาพยาบาลศาสตร์,โครงการบุคคลทั่วไป,ภาษาไทย,0,16,387,16,58.8940,52.1704
สถาบันพระบรมราชชนก,วิทยาลัยการ สาธารณสุขสิรินธร จังหวัดขอนแก่น,52210202111603A,คณะสหเวชศาสตร์และสาธารณสุขศาสตร์ศาสตร์,สาขาวิชาฉุกเฉินการแพทย์,โครงการบุคคลทั่วไป,ภาษาไทย,0,15,131,15,55.4056,47.9786
สถาบันพระบรมราชชนก,วิทยาลัยการ สาธารณสุขสิรินธร จังหวัดขอนแก่น,52210202112701A,คณะสหเวชศาสตร์และสาธารณสุขศาสตร์ศาสตร์,สาขาวิชาสาธารณสุขชุมชน,โครงการบุคคลทั่วไป,ภาษาไทย,0,32,342,32,67.5554,62.1526
สถาบันพระบรมราชชนก,วิทยาลัยการ สาธารณสุขสิรินธร จังหวัดขอนแก่น,52210202112702A,คณะสหเวชศาสตร์และสาธารณสุขศาสตร์ศาสตร์,สาขาวิชาทันตสาธารณสุข,โครงการบุคคลทั่วไป,ภาษาไทย,0,25,420,25,73.9750,65.8472
สถาบันพระบรมราชชนก,วิทยาลัยพยาบาล บรมราชชนีนนครราชสีมา,52210301111701A,คณะพยาบาลศาสตร์,สาขาพยาบาลศาสตร์,โครงการบุคคลทั่วไป,ภาษาไทย,0,26,705,26,66.4698,50.8658
สถาบันพระบรมราชชนก,วิทยาลัยการ สาธารณสุขสิรินธร จังหวัดยะลา,52210302110701A,คณะสหเวชศาสตร์และสาธารณสุขศาสตร์ศาสตร์,สาขาวิชาการแพทย์แผนไทย,โครงการบุคคลทั่วไป,ภาษาไทย,0,31,301,31,66.8526,58.7388
สถาบันพระบรมราชชนก,วิทยาลัยการ สาธารณสุขสิรินธร จังหวัดยะลา,52210302111605A,คณะสหเวชศาสตร์และสาธารณสุขศาสตร์ศาสตร์,สาขาวิชาฉุกเฉินการแพทย์,โครงการบุคคลทั่วไป,ภาษาไทย,0,26,98,26,50.2309,44.2120
สถาบันพระบรมราชชนก,วิทยาลัยการ สาธารณสุขสิรินธร จังหวัดยะลา,52210302112702A,คณะสหเวชศาสตร์และสาธารณสุขศาสตร์ศาสตร์,สาขาวิชาสาธารณสุขชุมชน,โครงการบุคคลทั่วไป,ภาษาไทย,0,14,443,14,67.2388,62.9582
สถาบันพระบรมราชชนก,วิทยาลัยการ สาธารณสุขสิรินธร จังหวัดยะลา,52210302112703A,คณะสหเวชศาสตร์และสาธารณสุขศาสตร์ศาสตร์,สาขาวิชาทันตสาธารณสุข,โครงการบุคคลทั่วไป,ภาษาไทย,0,15,440,15,69.4888,64.3250
สถาบันพระบรมราชชนก,วิทยาลัยการ สาธารณสุขสิรินธร จังหวัดยะลา,52210302112704A,คณะสหเวชศาสตร์และสาธารณสุขศาสตร์ศาสตร์,สาขาวิชาอาชีวอนามัยและความปลอดภัย,โครงการบุคคลทั่วไป,ภาษาไทย,0,37,155,37,56.1555,49.9444
สถาบันพระบรมราชชนก,วิทยาลัยพยาบาล พระปกเกล้า จันทบุรี,52210401111701A,คณะพยาบาลศาสตร์,สาขาพยาบาลศาสตร์,โครงการบุคคลทั่วไป,ภาษาไทย,0,23,339,23,57.9858,49.2904
สถาบันพระบรมราชชนก,วิทยาลัยการ สาธารณสุขสิรินธร จังหวัดพิษณุโลก,52210402110701A,คณะสหเวชศาสตร์และสาธารณสุขศาสตร์ศาสตร์,สาขาวิชาการแพทย์แผนไทย,โครงการบุคคลทั่วไป,ภาษาไทย,0,46,178,46,64.8110,56.6194
สถาบันพระบรมราชชนก,วิทยาลัยการ สาธารณสุขสิรินธร จังหวัดพิษณุโลก,52210402111604A,คณะสหเวชศาสตร์และสาธารณสุขศาสตร์ศาสตร์,สาขาวิชาฉุกเฉินการแพทย์,โครงการบุคคลทั่วไป,ภาษาไทย,0,16,92,16,51.0786,46.4802
สถาบันพระบรมราชชนก,วิทยาลัยการ สาธารณสุขสิรินธร จังหวัดพิษณุโลก,52210402112702A,คณะสหเวชศาสตร์และสาธารณสุขศาสตร์ศาสตร์,สาขาวิชาสาธารณสุขชุมชน,โครงการบุคคลทั่วไป,ภาษาไทย,0,34,288,34,68.3026,61.1860
สถาบันพระบรมราชชนก,วิทยาลัยการ สาธารณสุขสิรินธร จังหวัดพิษณุโลก,52210402112703A,คณะสหเวชศาสตร์และสาธารณสุขศาสตร์ศาสตร์,สาขาวิชาทันตสาธารณสุข,โครงการบุคคลทั่วไป,ภาษาไทย,0,20,322,20,76.5916,64.8500
สถาบันพระบรมราชชนก,วิทยาลัยพยาบาล บรมราชชนีนสงขลา,52210501111701A,คณะพยาบาลศาสตร์,สาขาพยาบาลศาสตร์,โครงการบุคคลทั่วไป,ภาษาไทย,0,41,909,41,57.1042,49.9308
สถาบันพระบรมราชชนก,วิทยาลัยการ สาธารณสุขสิรินธร จังหวัดตรงั,52210502110703A,คณะสหเวชศาสตร์และสาธารณสุขศาสตร์ศาสตร์,สาขาวิชาการแพทย์แผนไทย,โครงการบุคคลทั่วไป,ภาษาไทย,0,43,206,43,65.5026,56.1222
สถาบันพระบรมราชชนก,วิทยาลัยการ สาธารณสุขสิรินธร จังหวัดตรงั,52210502111604A,คณะสหเวชศาสตร์และสาธารณสุขศาสตร์ศาสตร์,สาขาวิชาฉุกเฉินการแพทย์,โครงการบุคคลทั่วไป,ภาษาไทย,0,10,68,10,52.2393,46.0279
สถาบันพระบรมราชชนก,วิทยาลัยการ สาธารณสุขสิรินธร จังหวัดตรงั,52210502112701A,คณะสหเวชศาสตร์และสาธารณสุขศาสตร์ศาสตร์,สาขาวิชาสาธารณสุขชุมชน,โครงการบุคคลทั่วไป,ภาษาไทย,0,26,310,26,65.8750,59.7472
สถาบันพระบรมราชชนก,วิทยาลัยการ สาธารณสุขสิรินธร จังหวัดตรงั,52210502112702A,คณะสหเวชศาสตร์และสาธารณสุขศาสตร์ศาสตร์,สาขาวิชาทันตสาธารณสุข,โครงการบุคคลทั่วไป,ภาษาไทย,0,13,364,13,71.0776,64.4554
สถาบันพระบรมราชชนก,วิทยาลัยพยาบาล บรมราชชนีนสวรรค์ประชารักษ์,52210601111701A,คณะพยาบาลศาสตร์,สาขาพยาบาลศาสตร์,โครงการบุคคลทั่วไป,ภาษาไทย,0,28,377,28,55.3108,49.2370
สถาบันพระบรมราชชนก,วิทยาลัยการ สาธารณสุขสิรินธร จังหวัดอุบลราชธานี,52210602111603A,คณะสหเวชศาสตร์และสาธารณสุขศาสตร์ศาสตร์,สาขาวิชาฉุกเฉินการแพทย์,โครงการบุคคลทั่วไป,ภาษาไทย,0,13,55,13,54.4293,46.2589
สถาบันพระบรมราชชนก,วิทยาลัยการ สาธารณสุขสิรินธร จังหวัดอุบลราชธานี,52210602112701A,คณะสหเวชศาสตร์และสาธารณสุขศาสตร์ศาสตร์,สาขาวิชาสาธารณสุขชุมชน,โครงการบุคคลทั่วไป,ภาษาไทย,0,25,202,25,65.6304,60.9082
สถาบันพระบรมราชชนก,วิทยาลัยการ สาธารณสุขสิรินธร จังหวัดอุบลราชธานี,52210602112702A,คณะสหเวชศาสตร์และสาธารณสุขศาสตร์ศาสตร์,สาขาวิชาทันตสาธารณสุข,โครงการบุคคลทั่วไป,ภาษาไทย,0,13,232,13,71.1082,64.6416
สถาบันพระบรมราชชนก,วิทยาลัยพยาบาล บรมราชชนีนสรรพสิทธิประสงค์,52210701111701A,คณะพยาบาลศาสตร์,สาขาพยาบาลศาสตร์,โครงการบุคคลทั่วไป,ภาษาไทย,0,18,339,18,62.0760,52.5294
สถาบันพระบรมราชชนก,วิทยาลัยการ สาธารณสุขสิรินธร จังหวัดสุพรรณบุรี,52210702112701A,คณะสหเวชศาสตร์และสาธารณสุขศาสตร์ศาสตร์,สาขาวิชาสาธารณสุขชุมชน,โครงการบุคคลทั่วไป,ภาษาไทย,0,31,192,31,69.3250,59.3444
สถาบันพระบรมราชชนก,วิทยาลัยการ สาธารณสุขสิรินธร จังหวัดสุพรรณบุรี,52210702112702A,คณะสหเวชศาสตร์และสาธารณสุขศาสตร์ศาสตร์,สาขาวิชาทันตสาธารณสุข,โครงการบุคคลทั่วไป,ภาษาไทย,0,25,252,25,70.1194,62.4888
สถาบันพระบรมราชชนก,วิทยาลัยพยาบาล บรมราชชนีนชลบุรี,52210801111701A,คณะพยาบาลศาสตร์,สาขาพยาบาลศาสตร์,โครงการบุคคลทั่วไป,ภาษาไทย,0,36,760,36,57.6952,50.9898
สถาบันพระบรมราชชนก,วิทยาลัย เทคโนโลยีทาง การแพทย์และสาธารณสุขศาสต์รกาญจนาภิเษก,52210802110701A,คณะสหเวชศาสตร์และสาธารณสุขศาสตร์ศาสตร์,สาขาวิชาการแพทย์แผนไทย,โครงการบุคคลทั่วไป,ภาษาไทย,0,50,228,50,70.7610,58.5526
สถาบันพระบรมราชชนก,วิทยาลัย เทคโนโลยีทาง การแพทย์และสาธารณสุขศาสต์รกาญจนาภิเษก,52210802111605A,คณะสหเวชศาสตร์และสาธารณสุขศาสตร์ศาสตร์,สาขาวิชาฉุกเฉินการแพทย์,โครงการบุคคลทั่วไป,ภาษาไทย,0,18,182,18,60.6167,50.7579
สถาบันพระบรมราชชนก,วิทยาลัย เทคโนโลยีทาง การแพทย์และสาธารณสุขศาสต์รกาญจนาภิเษก,52210802111903A,คณะสหเวชศาสตร์และสาธารณสุขศาสตร์ศาสตร์,สาขาวิชารังสีเทคนิค,โครงการบุคคลทั่วไป,ภาษาไทย,0,19,734,19,61.4284,58.6274
สถาบันพระบรมราชชนก,วิทยาลัย เทคโนโลยีทาง การแพทย์และสาธารณสุขศาสต์รกาญจนาภิเษก,52210802112402A,คณะสหเวชศาสตร์และสาธารณสุขศาสตร์ศาสตร์,สาขาวิชาเวชระเบียน,โครงการบุคคลทั่วไป,ภาษาไทย,0,33,233,33,71.5416,62.9110
สถาบันพระบรมราชชนก,วิทยาลัย เทคโนโลยีทาง การแพทย์และสาธารณสุขศาสต์รกาญจนาภิเษก,52210802112404A,คณะสหเวชศาสตร์และสาธารณสุขศาสตร์ศาสตร์,สาขานวัตกรรมและการสื่อสาร,โครงการบุคคลทั่วไป,ภาษาไทย,0,43,76,43,75.2207,56.0526
สถาบันพระบรมราชชนก,วิทยาลัยพยาบาล บรมราชชนีนสระบุรี,52210901111701A,คณะพยาบาลศาสตร์,สาขาพยาบาลศาสตร์,โครงการบุคคลทั่วไป,ภาษาไทย,0,18,309,18,54.4040,50.5132
สถาบันพระบรมราชชนก,วิทยาลัย การแพทย์แผน ไทยอภัยภูเบศร จังหวัดปราจีนบุรี,52210902110801A,คณะสหเวชศาสตร์และสาธารณสุขศาสตร์ศาสตร์,สาขาวิชาการแพทย์แผนไทยประยุกต์,โครงการบุคคลทั่วไป,ภาษาไทย,0,45,58,22,53.4972,35.8603
สถาบันพระบรมราชชนก,วิทยาลัยพยาบาล บรมราชชนีนนครลำปาง,52211001111701A,คณะพยาบาลศาสตร์,สาขาพยาบาลศาสตร์,โครงการบุคคลทั่วไป,ภาษาไทย,0,26,429,26,57.3242,50.8470
สถาบันพระบรมราชชนก,วิทยาลัยพยาบาล บรมราชชนีนราชบุรี,52211101111701A,คณะพยาบาลศาสตร์,สาขาพยาบาลศาสตร์,โครงการบุคคลทั่วไป,ภาษาไทย,0,25,423,25,58.9540,49.4152
สถาบันพระบรมราชชนก,วิทยาลัยพยาบาล บรมราชชนีนอุตรดิตถ์,52211201111701A,คณะพยาบาลศาสตร์,สาขาพยาบาลศาสตร์,โครงการบุคคลทั่วไป,ภาษาไทย,0,13,323,13,56.7594,50.1608
สถาบันพระบรมราชชนก,วิทยาลัยพยาบาล ศรีมหาสารคาม,52211301111701A,คณะพยาบาลศาสตร์,สาขาพยาบาลศาสตร์,โครงการบุคคลทั่วไป,ภาษาไทย,0,17,386,17,57.4250,48.4314
สถาบันพระบรมราชชนก,วิทยาลัยพยาบาล บรมราชชนีนสุราษฏร์ธานี,52211401111701A,คณะพยาบาลศาสตร์,สาขาพยาบาลศาสตร์,โครงการบุคคลทั่วไป,ภาษาไทย,0,14,267,14,55.7232,48.0196
สถาบันพระบรมราชชนก,วิทยาลัยพยาบาล บรมราชชนีนสุรินทร์,52211501111701A,คณะพยาบาลศาสตร์,สาขาพยาบาลศาสตร์,โครงการบุคคลทั่วไป,ภาษาไทย,0,16,331,16,60.1834,49.1528
สถาบันพระบรมราชชนก,วิทยาลัยพยาบาล บรมราชชนีนตรงั,52211601111701A,คณะพยาบาลศาสตร์,สาขาพยาบาลศาสตร์,โครงการบุคคลทั่วไป,ภาษาไทย,0,20,655,20,53.3864,49.1090
สถาบันพระบรมราชชนก,วิทยาลัยพยาบาล พระจอมเกล้า จังหวัดเพชรบุรี,52211701111701A,คณะพยาบาลศาสตร์,สาขาพยาบาลศาสตร์,โครงการบุคคลทั่วไป,ภาษาไทย,0,23,370,23,55.4860,48.6048
สถาบันพระบรมราชชนก,วิทยาลัยพยาบาล บรมราชชนีนอุดรธานี,52211801111701A,คณะพยาบาลศาสตร์,สาขาพยาบาลศาสตร์,โครงการบุคคลทั่วไป,ภาษาไทย,0,15,410,15,57.5880,52.0514
สถาบันพระบรมราชชนก,วิทยาลัยพยาบาล บรมราชชนีนชัยนาท,52211901111701A,คณะพยาบาลศาสตร์,สาขาพยาบาลศาสตร์,โครงการบุคคลทั่วไป,ภาษาไทย,0,17,577,17,53.1684,48.9910
สถาบันพระบรมราชชนก,วิทยาลัยพยาบาล บรมราชชนีนพะเยา,52212001111701A,คณะพยาบาลศาสตร์,สาขาพยาบาลศาสตร์,โครงการบุคคลทั่วไป,ภาษาไทย,0,17,282,17,57.7182,49.5444
สถาบันพระบรมราชชนก,วิทยาลัยพยาบาล บรมราชชนีนพระพุทธบาท,52212101111701A,คณะพยาบาลศาสตร์,สาขาพยาบาลศาสตร์,โครงการบุคคลทั่วไป,ภาษาไทย,0,14,248,14,54.7600,50.6040
สถาบันพระบรมราชชนก,วิทยาลัยพยาบาล บรมราชชนีนนครศรีธรรมราช,52212201111701A,คณะพยาบาลศาสตร์,สาขาพยาบาลศาสตร์,โครงการบุคคลทั่วไป,ภาษาไทย,0,22,333,22,56.0426,48.9102
สถาบันพระบรมราชชนก,วิทยาลัยพยาบาล บรมราชชนีนจังหวัดนนทบุรี,52212301111701A,คณะพยาบาลศาสตร์,สาขาพยาบาลศาสตร์,โครงการบุคคลทั่วไป,ภาษาไทย,0,29,526,29,55.5542,52.0972
สถาบันพระบรมราชชนก,วิทยาลัยพยาบาล บรมราชชนีนสุพรรณบุรี,52212401111701A,คณะพยาบาลศาสตร์,สาขาพยาบาลศาสตร์,โครงการบุคคลทั่วไป,ภาษาไทย,0,18,526,18,60.0308,49.7972
สถาบันพระบรมราชชนก,วิทยาลัยพยาบาล บรมราชชนีนเชียงใหม่,52212501111701A,คณะพยาบาลศาสตร์,สาขาพยาบาลศาสตร์,โครงการบุคคลทั่วไป,ภาษาไทย,0,16,376,16,60.6590,54.4580
สถาบันพระบรมราชชนก,วิทยาลัยพยาบาล บรมราชชนีนจักีรรชั,52212601111701A,คณะพยาบาลศาสตร์,สาขาพยาบาลศาสตร์,โครงการบุคคลทั่วไป,ภาษาไทย,0,17,282,17,54.6378,49.0740
สถาบันพระบรมราชชนก,วิทยาลัยพยาบาล บรมราชชนีนยะลา,52212701111701A,คณะพยาบาลศาสตร์,สาขาพยาบาลศาสตร์,โครงการบุคคลทั่วไป,ภาษาไทย,0,6,382,6,56.8054,49.9990
สถาบันพระบรมราชชนก,วิทยาลัยพยาบาล บรมราชชนีนขอนแก่น,52212801111701A,คณะพยาบาลศาสตร์,สาขาพยาบาลศาสตร์,โครงการบุคคลทั่วไป,ภาษาไทย,0,21,503,21,60.7624,52.2880
สถาบันพระบรมราชชนก,วิทยาลัยพยาบาล บรมราชชนีนนพรัตน์วชิระ,52212901111701A,คณะพยาบาลศาสตร์,สาขาพยาบาลศาสตร์,โครงการบุคคลทั่วไป,ภาษาไทย,0,21,372,21,55.5272,53.3988
สถาบันพระบรมราชชนก,วิทยาลัยพยาบาล บรมราชชนีนแพร่,52213001111701A,คณะพยาบาลศาสตร์,สาขาพยาบาลศาสตร์,โครงการบุคคลทั่วไป,ภาษาไทย,0,17,346,17,53.3414,49.3180
มหาวิทยาลัยเนชั่น,วิทยาเขตหลัก,49050104111701A,คณะพยาบาลศาสตร์,พย.บ.,,,0,60,36,12,37.2582,20.6748
มหาวิทยาลัยเนชั่น,วิทยาเขตหลัก,49050105120101A,คณะทันตแพทยศาสตร์,ท.บ.,,,0,100,98,61,57.1746,0.0000
มหาวิทยาลัยเนชั่น,วิทยาเขตหลัก,49050106111301A,คณะเทคนิคการแพทย์,ทพ.บ. เทคนิคการแพทย์,,,0,60,78,45,49.1654,0.0000
มหาวิทยาลัยราชธานี,วิทยาเขตหลัก,49100101111701A,คณะพยาบาลศาสตร์,หลักสูตรพยาบาลศาสตรบัณฑิต,,,0,150,239,150,47.5988,32.8966
มหาวิทยาลัยราชธานี,วิทยาเขตหลัก,49100105700601A,คณะศึกษาศาสตร์,หลักสูตรศึกษาศาสตรบัณฑืต สาขาวิชา การศึกษาปฐมวยั,,,0,90,8,3,40.4160,0.0000
มหาวิทยาลัยราชธานี,วิทยาเขตอุดรธานี,49100206111701A,คณะพยาบาลศาสตร์,หลักสูตรพยาบาลศาสตรบัณฑิต,,,0,80,178,80,49.2788,37.5722
มหาวิทยาลัยปทุมธานี,วิทยาเขตหลัก,49110101300701A,คณะวิศวกรรมศาสตร์และเทคโนโลยี,วิศวกรรมศาสตรบัณฑิต,,ภาษาไทย,0,10,1,0,0.0000,0.0000
มหาวิทยาลัยปทุมธานี,วิทยาเขตหลัก,49110101301602A,คณะวิศวกรรมศาสตร์และเทคโนโลยี,วิศวกรรมศาสตรบัณฑิต,,ภาษาไทย,0,10,11,0,0.0000,0.0000
มหาวิทยาลัยปทุมธานี,วิทยาเขตหลัก,49110101302104A,คณะวิศวกรรมศาสตร์และเทคโนโลยี,วิศวกรรมศาสตรบัณฑิต,,ภาษาไทย,0,10,11,4,95.5000,57.2500
มหาวิทยาลัยปทุมธานี,วิทยาเขตหลัก,49110101302105L,คณะวิศวกรรมศาสตร์และเทคโนโลยี,วิศวกรรมศาสตรบัณฑิต,,ภาษาไทย,0,10,2,0,0.0000,0.0000
มหาวิทยาลัยปทุมธานี,วิทยาเขตหลัก,49110101303503A,คณะวิศวกรรมศาสตร์และเทคโนโลยี,วิศวกรรมศาสตรบัณฑิต,,ภาษาไทย,0,10,1,0,0.0000,0.0000
มหาวิทยาลัยปทุมธานี,วิทยาเขตหลัก,49110102610202A,คณะบริหารธุรกิจและการบัญชี,บริหารธุรกิจบัณฑิต,,ภาษาไทย,0,20,5,1,79.0000,79.0000
มหาวิทยาลัยปทุมธานี,วิทยาเขตหลัก,49110102610501A,คณะบริหารธุรกิจและการบัญชี,บัญชีบัณฑิต,,ภาษาไทย,0,20,5,0,0.0000,0.0000
มหาวิทยาลัยปทุมธานี,วิทยาเขตหลัก,49110102610704A,คณะบริหารธุรกิจและการบัญชี,บริหารธุรกิจบัณฑิต,,ภาษาไทย,0,20,2,0,0.0000,0.0000
มหาวิทยาลัยปทุมธานี,วิทยาเขตหลัก,49110102611003A,คณะบริหารธุรกิจและการบัญชี,บริหารธุรกิจบัณฑิต,,ภาษาไทย,0,20,4,3,81.5000,47.7500
มหาวิทยาลัยปทุมธานี,วิทยาเขตหลัก,49110103901001A,คณะนิติศาสตร์,นิติศาสตรบัณฑิต,,ภาษาไทย,0,30,4,1,80.2500,80.2500
มหาวิทยาลัยปทุมธานี,วิทยาเขตหลัก,49110104903201A,คณะรัฐศาสตร์,รัฐศาสตรบัณฑิต,,ภาษาไทย,0,30,7,0,0.0000,0.0000
มหาวิทยาลัยปทุมธานี,วิทยาเขตหลัก,49110106110703A,คณะสหเวชศาสตร์,แพทย์แผนไทยบัณฑิต,,ภาษาไทย,0,20,17,5,91.7500,59.7500
มหาวิทยาลัยปทุมธานี,วิทยาเขตหลัก,49110106112701A,คณะสหเวชศาสตร์,สาธารณสุขศาสตรบัณฑิต,,ภาษาไทย,0,20,23,7,79.2500,33.7500
มหาวิทยาลัยปทุมธานี,วิทยาเขตหลัก,49110106112702A,คณะสหเวชศาสตร์,วิทยาศาสตรบัณฑิต,,ภาษาไทย,0,20,4,1,81.2500,81.2500
มหาวิทยาลัยปทุมธานี,วิทยาเขตหลัก,49110107700601A,คณะศึกษาศาสตร์,ศึกษาศาสตรบัณฑิต,,ภาษาไทย,0,20,28,14,90.0000,0.0000
มหาวิทยาลัยปทุมธานี,วิทยาเขตหลัก,49110107702802A,คณะศึกษาศาสตร์,ศึกษาศาสตรบัณฑิต,,ภาษาไทย,0,20,47,20,89.5000,63.0000
สถาบันเทคโนโลยีแห่งสุวรรณภูมิ,วิทยาเขตหลัก,49140101112701A,คณะวิศวกรรมศาสต์รวิทยาศาสตร์และเทคโนโลยี,หลักสูตรมาตรฐาน,"นักเรียน ม.6 ที่กำลังจะสำเร็จการศึกษาหรือสำเร็จการศึกษาแล้ว,กศน.,อาชีวะ",ภาษาไทย,0,20,0,0,0.0000,0.0000
สถาบันเทคโนโลยีแห่งสุวรรณภูมิ,วิทยาเขตหลัก,49140101301301A,คณะวิศวกรรมศาสต์รวิทยาศาสตร์และเทคโนโลยี,หลักสูตรมาตรฐาน,"นักเรียน ม.6 ที่กำลังจะสำเร็จการศึกษาหรือสำเร็จการศึกษาแล้ว,กศน.,อาชีวะ",ภาษาไทย,0,30,0,0,0.0000,0.0000
สถาบันเทคโนโลยีแห่งสุวรรณภูมิ,วิทยาเขตหลัก,49140102700201A,คณะศึกษาศาสตร์และศิลป ศาสตร์,หลักสูตรมาตรฐาน,"นักเรียน ม.6 ที่กำลังจะสำเร็จการศึกษาหรือสำเร็จการศึกษาแล้ว,กศน.,อาชีวะ",ภาษาไทย,0,20,0,0,0.0000,0.0000
สถาบันเทคโนโลยีแห่งสุวรรณภูมิ,วิทยาเขตหลัก,49140102700601A,คณะศึกษาศาสตร์และศิลป ศาสตร์,หลักสูตรมาตรฐาน,"นักเรียน ม.6 ที่กำลังจะสำเร็จการศึกษาหรือสำเร็จการศึกษาแล้ว,กศน.,อาชีวะ",ภาษาไทย,0,20,0,0,0.0000,0.0000
สถาบันเทคโนโลยีแห่งสุวรรณภูมิ,วิทยาเขตหลัก,49140102700801A,คณะศึกษาศาสตร์และศิลป ศาสตร์,หลักสูตรมาตรฐาน,"นักเรียน ม.6 ที่กำลังจะสำเร็จการศึกษาหรือสำเร็จการศึกษาแล้ว,กศน.,อาชีวะ",ภาษาไทย,0,20,0,0,0.0000,0.0000
สถาบันเทคโนโลยีแห่งสุวรรณภูมิ,วิทยาเขตหลัก,49140102702501A,คณะศึกษาศาสตร์และศิลป ศาสตร์,หลักสูตรมาตรฐาน,"นักเรียน ม.6 ที่กำลังจะสำเร็จการศึกษาหรือสำเร็จการศึกษาแล้ว,กศน.,อาชีวะ",ภาษาไทย,0,20,0,0,0.0000,0.0000
สถาบันเทคโนโลยีแห่งสุวรรณภูมิ,วิทยาเขตหลัก,49140102901801A,คณะศึกษาศาสตร์และศิลป ศาสตร์,หลักสูตรมาตรฐาน,"นักเรียน ม.6 ที่กำลังจะสำเร็จการศึกษาหรือสำเร็จการศึกษาแล้ว,กศน.,อาชีวะ",ภาษาไทย,0,20,0,0,0.0000,0.0000
สถาบันเทคโนโลยีแห่งสุวรรณภูมิ,วิทยาเขตหลัก,49140102902501A,คณะศึกษาศาสตร์และศิลป ศาสตร์,หลักสูตรมาตรฐาน,"นักเรียน ม.6 ที่กำลังจะสำเร็จการศึกษาหรือสำเร็จการศึกษาแล้ว,กศน.,อาชีวะ",ภาษาไทย,0,20,0,0,0.0000,0.0000
สถาบันเทคโนโลยีแห่งสุวรรณภูมิ,วิทยาเขตหลัก,49140103903101A,คณะรัฐประศาสนศาสตร์,หลักสูตรมาตรฐาน,"นักเรียน ม.6 ที่กำลังจะสำเร็จการศึกษาหรือสำเร็จการศึกษาแล้ว,กศน.,อาชีวะ",ภาษาไทย,0,20,0,0,0.0000,0.0000
สถาบันเทคโนโลยีแห่งสุวรรณภูมิ,วิทยาเขตหลัก,49140104610201A,คณะบริหารธุรกิจ,หลักสูตรมาตรฐาน,"นักเรียน ม.6 ที่กำลังจะสำเร็จการศึกษาหรือสำเร็จการศึกษาแล้ว,กศน.,อาชีวะ",ภาษาไทย,0,20,0,0,0.0000,0.0000
สถาบันเทคโนโลยีแห่งสุวรรณภูมิ,วิทยาเขตหลัก,49140104610501A,คณะบริหารธุรกิจ,หลักสูตรมาตรฐาน,"นักเรียน ม.6 ที่กำลังจะสำเร็จการศึกษาหรือสำเร็จการศึกษาแล้ว,กศน.,อาชีวะ",ภาษาไทย,0,20,0,0,0.0000,0.0000
สถาบันเทคโนโลยีแห่งสุวรรณภูมิ,วิทยาเขตหลัก,49140104610901A,คณะบริหารธุรกิจ,หลักสูตรมาตรฐาน,"นักเรียน ม.6 ที่กำลังจะสำเร็จการศึกษาหรือสำเร็จการศึกษาแล้ว,กศน.,อาชีวะ",ภาษาไทย,0,20,0,0,0.0000,0.0000
วิทยาลัยนครราชสีมา,วิทยาเขตหลัก,49160101110101A,คณะสหเวชศาสตร์,วิทยาศาสตรบัณฑิต สาขาวิชา กายภาพบำบัด,,,0,20,27,20,45.7914,23.8108
วิทยาลัยนครราชสีมา,วิทยาเขตหลัก,49160101110501A,คณะสหเวชศาสตร์,การแพทย์แผนจีนบัณฑิต,,,0,40,11,7,75.1940,35.3750
วิทยาลัยนครราชสีมา,วิทยาเขตหลัก,49160101110701A,คณะสหเวชศาสตร์,การแพทย์แผนไทยบัณฑิต สาขาวิชา การแพทย์แผนไทย,,,0,10,8,5,73.0000,55.8750
วิทยาลัยนครราชสีมา,วิทยาเขตหลัก,49160101111301A,คณะสหเวชศาสตร์,วิทยาศาสตรบัณฑิต สาขาวิชาเทคนิค การแพทย์,,,0,30,102,30,45.5225,30.7830
วิทยาลัยนครราชสีมา,วิทยาเขตหลัก,49160101111701A,คณะพยาบาลศาสตร์,พยาบาลศาสตรบัณฑิต,,,0,30,367,30,80.6040,73.8125
วิทยาลัยนครราชสีมา,วิทยาเขตหลัก,49160101112001A,คณะสหเวชศาสตร์,วิทยาศาสตรบัณฑิต สาขาวิชา วิทยาศาสตร์การกีฬาและการออกกำลังกาย,,,0,10,13,8,65.4302,47.4582
วิทยาลัยนครราชสีมา,วิทยาเขตหลัก,49160101112101A,คณะสหเวชศาสตร์,วิทยาศาสตรบัณฑิต สาขาวิชา วิทยาศาสตร์การแพทย์,,,0,40,8,6,66.0233,50.7588
วิทยาลัยนครราชสีมา,วิทยาเขตหลัก,49160101112701A,คณะสหเวชศาสตร์,สาธารณสุขศาสตรบัณฑิต สาขาวิชา สาธารณสุขชุมชน,,,0,10,10,5,68.5970,42.3750
วิทยาลัยนครราชสีมา,วิทยาเขตหลัก,49160101112702A,คณะสหเวชศาสตร์,วิทยาศาสตรบัณฑิต สาขาวิชาอาชีวอนา มัยและความปลอดภัย,,,0,10,15,7,69.3470,58.3332
วิทยาลัยนครราชสีมา,วิทยาเขตหลัก,49160101220101A,คณะบริหารธุรกิจและเทคโนโลยีสารสนเทศ,วิทยาศาสตรบัณฑิต สาขาวิชาเทคโนโลียสารสนเทศ,,,0,10,0,0,0.0000,0.0000
วิทยาลัยนครราชสีมา,วิทยาเขตหลัก,49160101610501A,คณะบริหารธุรกิจและเทคโนโลยีสารสนเทศ,บัญชีบัณฑิต,,,0,10,0,0,0.0000,0.0000
วิทยาลัยนครราชสีมา,วิทยาเขตหลัก,49160101610801A,คณะบริหารธุรกิจและเทคโนโลยีสารสนเทศ,บริหารธุรกิจบัณฑิต สาขาวิชาบริหารธุรกิจ,,,0,10,0,0,0.0000,0.0000
วิทยาลัยนครราชสีมา,วิทยาเขตหลัก,49160101611001A,คณะบริหารธุรกิจและเทคโนโลยีสารสนเทศ,บริหารธุรกิจบัณฑิต สาขาวิชาการ จัดการโลจิสติกส์,,,0,10,1,0,0.0000,0.0000
วิทยาลัยนครราชสีมา,วิทยาเขตหลัก,49160101700601A,คณะศึกษาศาสตร์,ศึกษาศาสตรบัณฑิต สาขาวิชาการศึกษา ปฐมวยั,,,0,10,10,5,66.2638,51.2500
วิทยาลัยนครราชสีมา,วิทยาเขตหลัก,49160101901001A,คณะนิติศาสตร์,นิติศาสตรบัณฑิต สาขาวิชานิติศาสตร์,,,0,10,2,1,78.0500,78.0500
วิทยาลัยนอร์ทเทิรน์,วิทยาเขตหลัก,49170101610203A,คณะบริหารธุรกิจ,บริหารธุรกิจบัณฑิต (การจัดการ อุตสาหกรรม) 4 ปี (ภาคปกติ),โครงการผลิตบัณฑิตเพื่อพัฒนาชุมชน,การจัดการอุตสาหกรรม,0,100,0,0,0.0000,0.0000
วิทยาลัยนอร์ทเทิรน์,วิทยาเขตหลัก,49170101610205A,คณะบริหารธุรกิจ,บริหารธุรกิจบัณฑิต (การจัดการสมัยใหม่) 4 ปี (ภาคปกติ),โครงการผลิตบัณฑิตเพื่อพัฒนาชุมชน,การจัดการสมัยใหม่,0,50,0,0,0.0000,0.0000
วิทยาลัยนอร์ทเทิรน์,วิทยาเขตหลัก,49170101610501A,คณะบริหารธุรกิจ,บัญชีบัณฑิต (การบัญชี) 4 ปี (ภาคปกติ),โครงการผลิตบัณฑิตเพื่อพัฒนาชุมชน,การบัญชี,0,50,0,0,0.0000,0.0000
วิทยาลัยนอร์ทเทิรน์,วิทยาเขตหลัก,49170101610604A,คณะบริหารธุรกิจ,บริหารธุรกิจบัณฑิต (การตลาดดิจิทัลและนวัตกรรมค้าปลีก) 4 ปี (ภาคปกติ),โครงการผลิตบัณฑิตเพื่อพัฒนาชุมชน,การตลาดดิจิทัลและนวัตกรรมค้าปลีก,0,50,0,0,0.0000,0.0000
วิทยาลัยนอร์ทเทิรน์,วิทยาเขตหลัก,49170101610706A,คณะบริหารธุรกิจ,บริหารธุรกิจบัณฑิต (เทคโนโลยีดิจิทัลทาง ธุรกิจ) 4 ปี (ภาคปกติ),โครงการผลิตบัณฑิตเพื่อพัฒนาชุมชน,เทคโนโลยีดิจิทัลทางธุรกิจ,0,50,0,0,0.0000,0.0000
วิทยาลัยนอร์ทเทิรน์,วิทยาเขตหลัก,49170101620102A,คณะบริหารธุรกิจ,บริหารธุรกิจบัณฑิต (การจัดการ อุตสาหกรรมบริการและการท่องเที่ยว) 4 ปี (ภาคปกติ),โครงการผลิตบัณฑิตเพื่อพัฒนาชุมชน,การจัดการอุตสาหกรรม บริการและการท่องเที่ยว,0,50,0,0,0.0000,0.0000
วิทยาลัยนอร์ทเทิรน์,วิทยาเขตหลัก,49170102901007A,คณะนิติศาสตร์และรัฐศาสตร์,นิติศาสตรบัณฑิต (นิติศาสตร)์ 4 ปี (ภาค ปกติ),โครงการผลิตบัณฑิตเพื่อพัฒนาชุมชน,นิติศาสตร์,0,60,0,0,0.0000,0.0000
วิทยาลัยนอร์ทเทิรน์,วิทยาเขตหลัก,49170102903208A,คณะนิติศาสตร์และรัฐศาสตร์,ศิลปศาสตรบัณฑิต (รัฐศาสตร์) 4 ปี (ภาค ปกติ),โครงการผลิตบัณฑิตเพื่อพัฒนาชุมชน,รัฐศาสตร์,0,50,0,0,0.0000,0.0000
วิทยาลัยนอร์ทเทิรน์,วิทยาเขตหลัก,49170103700210A,คณะศึกษาศาสตร์,ศึกษาศาสตรบัณฑิต (การประถมศึกษา) 4 ปี (ภาคปกติ),โครงการผลิตบัณฑิตเพื่อพัฒนาชุมชน,การประถมศึกษา,0,90,5,3,88.7500,56.5000
วิทยาลัยนอร์ทเทิรน์,วิทยาเขตหลัก,49170103700609A,คณะศึกษาศาสตร์,ศึกษาศาสตรบัณฑิต (การศึกษาปฐมวัย) 4 ปี (ภาคปกติ),โครงการผลิตบัณฑิตเพื่อพัฒนาชุมชน,การศึกษาปฐมวยั,0,120,2,1,93.7500,93.7500
วิทยาลัยนอร์ทเทิรน์,วิทยาเขตหลัก,49170103702811A,คณะศึกษาศาสตร์,ศึกษาศาสตรบัณฑิต (พลศึกษา) 4 ปี (ภาคปกติ),โครงการผลิตบัณฑิตเพื่อพัฒนาชุมชน,พลศึกษา,0,120,5,0,0.0000,0.0000
วิทยาลัยนอร์ทเทิรน์,วิทยาเขตหลัก,49170104110714A,คณะสหเวชศาสตร์,การแพทย์แผนไทยบัณฑิต (การแพทย์แผน ไทย) 4 ปี (ภาคปกติ),โครงการผลิตบัณฑิตเพื่อพัฒนาชุมชน,การแพทย์แผนไทย,0,40,6,3,87.0000,73.5000
วิทยาลัยนอร์ทเทิรน์,วิทยาเขตหลัก,49170104112015A,คณะสหเวชศาสตร์,วิทยาศาสตรบัณฑิต (วิทยาศาสตร์การ กีฬาและการออกกำลังกาย) 4 ปี (ภาค ปกติ),โครงการผลิตบัณฑิตเพื่อพัฒนาชุมชน,วิทยาศาสตร์การกีฬาและ การออกกำลังกาย,0,50,8,2,55.7500,53.0000
วิทยาลัยนอร์ทเทิรน์,วิทยาเขตหลัก,49170104112712A,คณะสหเวชศาสตร์,สาธารณสุขศาสตรบัณฑิต (สาธารณสุข ชุมชน) 4 ปี (ภาคปกติ),โครงการผลิตบัณฑิตเพื่อพัฒนาชุมชน,สาธารณสุขชุมชน,0,50,2,1,68.7500,68.7500
วิทยาลัยนอร์ทเทิรน์,วิทยาเขตหลัก,49170104112713A,คณะสหเวชศาสตร์,วิทยาศาสตรบัณฑิต (อาชีวอนามัยและ ความปลอดภัย) 4 ปี (ภาคปกติ),โครงการผลิตบัณฑิตเพื่อพัฒนาชุมชน,อาชีวอนามัยและความ ปลอดภัย,0,50,3,0,0.0000,0.0000
วิทยาลัยนอร์ทเทิรน์,วิทยาเขตหลัก,49170105111716A,คณะพยาบาลศาสตร์,พยาบาลศาสตรบัณฑิต (พยาบาลศาสตร)์ 4 ปี (ภาคปกติ),โครงการผลิตบัณฑิตเพื่อพัฒนาชุมชน,พยาบาลศาสตร์,0,60,159,60,98.5000,71.7500
สถาบันการจัดการปัญญาภิวัฒน์,แจ้งวัฒนะ นนทบุรี,49180101220101A,คณะวิศวกรรมศาสตร์และเทคโนโลยี,หลักสูตรวิทยาศาสตรบัณฑิต สาขาวิชา เทคโนโลยีดิจิทัลและสารสนเทศ,,,0,15,10,6,92.7500,68.2500
สถาบันการจัดการปัญญาภิวัฒน์,แจ้งวัฒนะ นนทบุรี,49180101301901A,คณะวิศวกรรมศาสตร์และเทคโนโลยี,หลักสูตรวิศวกรรมศาสตรบัณฑิต สาขาวิชาวิศวกรรมหุ่นยนต์และระบบ อัตโนมัติ,,,0,20,3,0,0.0000,0.0000
สถาบันการจัดการปัญญาภิวัฒน์,แจ้งวัฒนะ นนทบุรี,49180101302001A,คณะวิศวกรรมศาสตร์และเทคโนโลยี,หลักสูตรวิศวกรรมศาสตรบัณฑิต สาขาวิชาวิศวกรรมการผลิตยานยนต์,,,0,20,4,0,0.0000,0.0000
สถาบันการจัดการปัญญาภิวัฒน์,แจ้งวัฒนะ นนทบุรี,49180101303501A,คณะวิศวกรรมศาสตร์และเทคโนโลยี,หลักสูตรวิศวกรรมศาสตรบัณฑิต สาขาวิชาวิศวกรรมอุตสาหการและการ ผลิตอัจฉริยะ,,,0,15,3,0,0.0000,0.0000
สถาบันการจัดการปัญญาภิวัฒน์,แจ้งวัฒนะ นนทบุรี,49180101303701A,คณะวิศวกรรมศาสตร์และเทคโนโลยี,หลักสูตรวิศวกรรมศาสตรบัณฑิต สาขาวิชาวิศวกรรมคอมพิวเตอร์และ ปัญญาประดิษฐ์,,,0,15,11,1,89.2500,89.2500
สถาบันการจัดการปัญญาภิวัฒน์,แจ้งวัฒนะ นนทบุรี,49180102901801A,คณะศิลปศาสตร์,หลักสูตรศิลปศาสตรบัณฑิต สาขาวิชา ภาษาจีนธุรกิจ,,,0,40,11,3,89.2500,84.7500
สถาบันการจัดการปัญญาภิวัฒน์,แจ้งวัฒนะ นนทบุรี,49180102901901A,คณะศิลปศาสตร์,หลักสูตรศิลปศาสตรบัณฑิต สาขาวิชา ภาษาญี่ปุ่นธุรกิจ,,,0,40,14,5,93.7500,70.0000
สถาบันการจัดการปัญญาภิวัฒน์,แจ้งวัฒนะ นนทบุรี,49180102902501A,คณะศิลปศาสตร์,หลักสูตรศิลปศาสตรบัณฑิต สาขาวิชา ภาษาอังกฤษเพื่อการสื่อสารทางธุรกิจ,,,0,40,14,4,87.0000,59.5000
สถาบันการจัดการปัญญาภิวัฒน์,แจ้งวัฒนะ นนทบุรี,49180103620101A,คณะวิทยาการจัดการ,หลักสูตรบริหารธุรกิจบัณฑิต สาขาวิชา อุตสาหกรรมการบริการและการท่องเที่ยว,,,0,10,8,1,60.0000,60.0000
สถาบันการจัดการปัญญาภิวัฒน์,แจ้งวัฒนะ นนทบุรี,49180103620201A,คณะวิทยาการจัดการ,หลักสูตรบริหารธุรกิจบัณฑิต สาขาวิชา การจัดการธุรกิจการบิน,,,0,50,24,7,94.5000,64.7500
สถาบันการจัดการปัญญาภิวัฒน์,แจ้งวัฒนะ นนทบุรี,49180104901101A,คณะนิเทศศาสตร์,หลักสูตรนิเทศศาสตรบัณฑิต วิชาเอกการ สื่อสารองค์กรและแบรนด์,,การสื่อสารองค์กรและแบรนด์,0,10,3,2,47.2360,35.0888
สถาบันการจัดการปัญญาภิวัฒน์,แจ้งวัฒนะ นนทบุรี,49180104901102A,คณะนิเทศศาสตร์,หลักสูตรนิเทศศาสตรบัณฑิต วิชาเอก วารสารศาสตร์คอนเวอร์เจ้นท์และสื่อ ดิจิทัลสรา้ งสรรค์,,วารสารศาสตร์คอนเวอ์รเจ้นท์และสื่อดิจิทัลสรา้ งสรรค์,0,10,6,4,61.2638,37.7222
สถาบันการจัดการปัญญาภิวัฒน์,แจ้งวัฒนะ นนทบุรี,49180105500401A,คณะเกษตรนวัตและการจัดการ,หลักสูตรวิทยาศาสตรบัณฑิต สาขาวิชา นวัตกรรมการจัดการเกษตร,,,0,20,1,0,0.0000,0.0000
สถาบันการจัดการปัญญาภิวัฒน์,แจ้งวัฒนะ นนทบุรี,49180106610801A,คณะการจัดการธุรกิจอาหาร,หลักสูตรบริหารธุรกิจบัณฑิต วิชาเอกการ จัดการธุรกิจอาหาร,,การจัดการธุรกิจอาหาร,0,70,5,1,98.7500,98.7500
สถาบันการจัดการปัญญาภิวัฒน์,แจ้งวัฒนะ นนทบุรี,49180106610802A,คณะการจัดการธุรกิจอาหาร,หลักสูตรบริหารธุรกิจบัณฑิต วิชาเอกการ จัดการธุรกิจค้าส่งอาหารสมัยใหม่,,การจัดการธุรกิจค้าส่งอาหาร สมัยใหม่,0,40,6,0,0.0000,0.0000
สถาบันการจัดการปัญญาภิวัฒน์,แจ้งวัฒนะ นนทบุรี,49180106610803A,คณะการจัดการธุรกิจอาหาร,หลักสูตรบริหารธุรกิจบัณฑิต สาขาวิชา การจัดการธุรกิจภัตตาคาร,,,0,30,3,0,0.0000,0.0000
สถาบันการจัดการปัญญาภิวัฒน์,แจ้งวัฒนะ นนทบุรี,49180109610801E,วิทยาลัยนานาชาติ,หลักสูตรบริหารธุรกิจบัณฑิต สาขาวิชาการ เป็นผู้ประกอบการธุรกิจสมัยให่ม(หลักสูตรนานาชาต)ิ,,,0,20,1,0,0.0000,0.0000
สถาบันการจัดการปัญญาภิวัฒน์,อีอีซี,49180206610801A,คณะการจัดการธุรกิจอาหาร,หลักสูตรบริหารธุรกิจบัณฑิต วิชาเอกการ จัดการธุรกิจอาหาร,,การจัดการธุรกิจอาหาร,0,15,2,1,64.0000,64.0000
สถาบันการจัดการปัญญาภิวัฒน์,อีอีซี,49180206610802A,คณะการจัดการธุรกิจอาหาร,หลักสูตรบริหารธุรกิจบัณฑิต วิชาเอกการ จัดการธุรกิจค้าส่งอาหารสมัยใหม่,,การจัดการธุรกิจค้าส่งอาหาร สมัยใหม่,0,15,2,1,82.5000,82.5000
สถาบันการจัดการปัญญาภิวัฒน์,อีอีซี,49180211111701A,คณะพยาบาลศาสตร์,หลักสูตรพยาบาลศาสตรบัณฑิต,โครงการ PIM Silver Nurses-Partial Scholarship รอบ Admission,,0,15,167,15,57.9040,49.3165
มหาวิทยาลัยเซาธ์อีสท์บางกอก,วิทยาเขตหลัก,49230100212101L,คณะเทคโนโลยีดิจิทัลและนวัตกรรม,หลักสูตรมาตรฐาน,"นักเรียน ม.6 ที่กำลังจะสำเร็จการศึกษาหรือสำเร็จการศึกษาแล้ว,กศน.,อาชีวะ",ภาษาไทย,0,10,1,0,0.0000,0.0000
มหาวิทยาลัยเซาธ์อีสท์บางกอก,วิทยาเขตหลัก,49230100220101A,คณะเทคโนโลยีดิจิทัลและนวัตกรรม,หลักสูตรมาตรฐาน,"นักเรียน ม.6 ที่กำลังจะสำเร็จการศึกษาหรือสำเร็จการศึกษาแล้ว,กศน.,อาชีวะ",ภาษาไทย,0,10,0,0,0.0000,0.0000
มหาวิทยาลัยเซาธ์อีสท์บางกอก,วิทยาเขตหลัก,49230100220501A,คณะเทคโนโลยีดิจิทัลและนวัตกรรม,หลักสูตรมาตรฐาน,"นักเรียน ม.6 ที่กำลังจะสำเร็จการศึกษาหรือสำเร็จการศึกษาแล้ว,กศน.,อาชีวะ",ภาษาไทย,0,10,2,0,0.0000,0.0000
มหาวิทยาลัยเซาธ์อีสท์บางกอก,วิทยาเขตหลัก,49230100610201A,คณะบริหารธุรกิจ,หลักสูตรมาตรฐาน,"นักเรียน ม.6 ที่กำลังจะสำเร็จการศึกษาหรือสำเร็จการศึกษาแล้ว,กศน.,อาชีวะ",ภาษาไทย,0,10,0,0,0.0000,0.0000
มหาวิทยาลัยเซาธ์อีสท์บางกอก,วิทยาเขตหลัก,49230100610501A,คณะบริหารธุรกิจ,หลักสูตรมาตรฐาน,"นักเรียน ม.6 ที่กำลังจะสำเร็จการศึกษาหรือสำเร็จการศึกษาแล้ว,กศน.,อาชีวะ",ภาษาไทย,0,10,2,1,84.2500,84.2500
มหาวิทยาลัยเซาธ์อีสท์บางกอก,วิทยาเขตหลัก,49230100610601A,คณะบริหารธุรกิจ,หลักสูตรมาตรฐาน,"นักเรียน ม.6 ที่กำลังจะสำเร็จการศึกษาหรือสำเร็จการศึกษาแล้ว,กศน.,อาชีวะ",ภาษาไทย,0,10,0,0,0.0000,0.0000
มหาวิทยาลัยเซาธ์อีสท์บางกอก,วิทยาเขตหลัก,49230100610701A,คณะเทคโนโลยีดิจิทัลและนวัตกรรม,หลักสูตรมาตรฐาน,"นักเรียน ม.6 ที่กำลังจะสำเร็จการศึกษาหรือสำเร็จการศึกษาแล้ว,กศน.,อาชีวะ",ภาษาไทย,0,10,1,1,53.5000,53.5000
มหาวิทยาลัยเซาธ์อีสท์บางกอก,วิทยาเขตหลัก,49230100611001A,คณะบริหารธุรกิจ,หลักสูตรมาตรฐาน,"นักเรียน ม.6 ที่กำลังจะสำเร็จการศึกษาหรือสำเร็จการศึกษาแล้ว,กศน.,อาชีวะ",ภาษาไทย,0,10,0,0,0.0000,0.0000
มหาวิทยาลัยเซาธ์อีสท์บางกอก,วิทยาเขตหลัก,49230100620101A,คณะศิลปศาสตร์,หลักสูตรมาตรฐาน,"นักเรียน ม.6 ที่กำลังจะสำเร็จการศึกษาหรือสำเร็จการศึกษาแล้ว,กศน.,อาชีวะ",ภาษาไทย,0,10,0,0,0.0000,0.0000
มหาวิทยาลัยเซาธ์อีสท์บางกอก,วิทยาเขตหลัก,49230100901001A,คณะนิติศาสตร์,หลักสูตรมาตรฐาน,"นักเรียน ม.6 ที่กำลังจะสำเร็จการศึกษาหรือสำเร็จการศึกษาแล้ว,กศน.,อาชีวะ",ภาษาไทย,0,10,0,0,0.0000,0.0000
มหาวิทยาลัยเซาธ์อีสท์บางกอก,วิทยาเขตหลัก,49230100902501E,คณะศิลปศาสตร์,หลักสูตรมาตรฐาน,"นักเรียน ม.6 ที่กำลังจะสำเร็จการศึกษาหรือสำเร็จการศึกษาแล้ว,กศน.,อาชีวะ",ภาษาไทย,0,10,0,0,0.0000,0.0000
