สถาบัน,วิทยาเขต,รหัสหลักสูตร,รหัสสาขา,รหัส โครงการ,คณะ,หลักสูตร,รายละเอียด,สาขา/ วิชาเอก,รหัสรับ ร่วม,รับ,สมัคร,ผ่าน,คะแนนสูงสุด,คะแนนต่ำสุด
จุฬาลงกรณ์มหาวิทยาลัย,วิทยาเขตหลัก,10010121300001A,0,0,คณะวิศวกรรมศาสตร์,หลักสูตรวิศวกรรมศาสตรบัณฑิตสาขาวิชา วิศวกรรมศาสตร์,,,0,305,857,305,80.2664,54.6525
จุฬาลงกรณ์มหาวิทยาลัย,วิทยาเขตหลัก,10010121300501A,0,0,คณะวิศวกรรมศาสตร์,หลักสูตรวิศวกรรมศาสตรบัณฑิตสาขาวิชา วิศวกรรมคอมพิวเตอร์,,,0,75,279,75,87.9798,65.9408
จุฬาลงกรณ์มหาวิทยาลัย,วิทยาเขตหลัก,10010121300599A,0,0,คณะวิศวกรรมศาสตร์,หลักสูตรวิศวกรรมศาสตรบัณฑิตสาขาวิชา วิศวกรรมคอมพิวเตอร์และเทคโนโลยีดิจิทัล,,,0,90,402,90,82.2091,61.1232
จุฬาลงกรณ์มหาวิทยาลัย,วิทยาเขตหลัก,10010121300601A,0,0,คณะวิศวกรรมศาสตร์,หลักสูตรวิศวกรรมศาสตรบัณฑิตสาขาวิชา วิศวกรรมเคมี,,,0,5,115,5,77.3184,61.0700
จุฬาลงกรณ์มหาวิทยาลัย,วิทยาเขตหลัก,10010121301101A,0,0,คณะวิศวกรรมศาสตร์,หลักสูตรวิศวกรรมศาสตรบัณฑิตสาขาวิชา วิศวกรรมนิวเคลียร์และรังสี,,,0,15,150,15,64.1959,51.8766
จุฬาลงกรณ์มหาวิทยาลัย,วิทยาเขตหลัก,10010121301601A,0,0,คณะวิศวกรรมศาสตร์,หลักสูตรวิศวกรรมศาสตรบัณฑิตสาขาวิชา วิศวกรรมไฟฟ้า,,,0,15,265,15,83.1336,71.8747
จุฬาลงกรณ์มหาวิทยาลัย,วิทยาเขตหลัก,10010121302101A,0,0,คณะวิศวกรรมศาสตร์,หลักสูตรวิศวกรรมศาสตรบัณฑิตสาขาวิชา วิศวกรรมโยธา,,,0,25,104,25,73.4092,54.9197
จุฬาลงกรณ์มหาวิทยาลัย,วิทยาเขตหลัก,10010121302501A,0,0,คณะวิศวกรรมศาสตร์,หลักสูตรวิศวกรรมศาสตรบัณฑิตสาขาวิชา วิศวกรรมโลหการและวัสดุ,,,0,30,164,30,54.7290,49.7129
จุฬาลงกรณ์มหาวิทยาลัย,วิทยาเขตหลัก,10010121302701A,0,0,คณะวิศวกรรมศาสตร์,หลักสูตรวิศวกรรมศาสตรบัณฑิตสาขาวิชา วิศวกรรมสำรวจ,,,0,32,197,32,74.2306,51.9756
จุฬาลงกรณ์มหาวิทยาลัย,วิทยาเขตหลัก,10010121302801A,0,0,คณะวิศวกรรมศาสตร์,หลักสูตรวิศวกรรมศาสตรบัณฑิตสาขาวิชา วิศวกรรมสิ่งแวดล้อม,,,0,20,147,20,60.0499,52.0636
จุฬาลงกรณ์มหาวิทยาลัย,วิทยาเขตหลัก,10010121303001A,0,0,คณะวิศวกรรมศาสตร์,หลักสูตรวิศวกรรมศาสตรบัณฑิตสาขาวิชา วิศวกรรมทรัพยากรธรณี,,,0,20,73,12,56.5116,48.0022
จุฬาลงกรณ์มหาวิทยาลัย,วิทยาเขตหลัก,10010121303501A,0,0,คณะวิศวกรรมศาสตร์,หลักสูตรวิศวกรรมศาสตรบัณฑิตสาขาวิชา วิศวกรรมอุตสาหการ,,,0,5,71,5,77.6515,71.2572
จุฬาลงกรณ์มหาวิทยาลัย,วิทยาเขตหลัก,10010122904301A,0,P2208,คณะอักษรศาสตร์,หลักสูตรอักษรศาสตรบัณฑิต,สาขาวิชาอักษร ศาสต์รเลือกสอบ วิชาคณิตศาสต์รประยุก์ต2,อักษรศาสตร์,0,20,854,20,86.9375,76.7500
จุฬาลงกรณ์มหาวิทยาลัย,วิทยาเขตหลัก,10010122904301A,0,P2209,คณะอักษรศาสตร์,หลักสูตรอักษรศาสตรบัณฑิต,สาขาวิชาอักษร ศาสต์รเลือกสอบ วิชาภาษาฝรั่งเศส,อักษรศาสตร์,2231,209,286,47,89.9375,71.6875
จุฬาลงกรณ์มหาวิทยาลัย,วิทยาเขตหลัก,10010122904301A,0,P2210,คณะอักษรศาสตร์,หลักสูตรอักษรศาสตรบัณฑิต,สาขาวิชาอักษร ศาสต์รเลือกสอบ วิชาภาษาเยอรมัน,อักษรศาสตร์,2231,209,93,9,82.0000,71.1875
จุฬาลงกรณ์มหาวิทยาลัย,วิทยาเขตหลัก,10010122904301A,0,P2211,คณะอักษรศาสตร์,หลักสูตรอักษรศาสตรบัณฑิต,สาขาวิชาอักษร ศาสต์รเลือกสอบ วิชาภาษาญี่ปุ่น,อักษรศาสตร์,2231,209,550,84,90.1250,71.1250
จุฬาลงกรณ์มหาวิทยาลัย,วิทยาเขตหลัก,10010122904301A,0,P2212,คณะอักษรศาสตร์,หลักสูตรอักษรศาสตรบัณฑิต,สาขาวิชาอักษร ศาสต์รเลือกสอบ วิชาภาษาเกาหลี,อักษรศาสตร์,2231,209,297,16,80.1875,71.1875
จุฬาลงกรณ์มหาวิทยาลัย,วิทยาเขตหลัก,10010122904301A,0,P2213,คณะอักษรศาสตร์,หลักสูตรอักษรศาสตรบัณฑิต,สาขาวิชาอักษร ศาสต์รเลือกสอบ วิชาภาษาจีน,อักษรศาสตร์,2231,209,594,39,88.6875,71.2500
จุฬาลงกรณ์มหาวิทยาลัย,วิทยาเขตหลัก,10010122904301A,0,P2214,คณะอักษรศาสตร์,หลักสูตรอักษรศาสตรบัณฑิต,สาขาวิชาอักษร ศาสต์รเลือกสอบ วิชาภาษาบาลี,อักษรศาสตร์,2231,209,50,0,0.0000,0.0000
จุฬาลงกรณ์มหาวิทยาลัย,วิทยาเขตหลัก,10010122904301A,0,P2215,คณะอักษรศาสตร์,หลักสูตรอักษรศาสตรบัณฑิต,สาขาวิชาอักษร ศาสต์รเลือกสอบ วิชาภาษาสเปน,อักษรศาสตร์,2231,209,140,14,78.9375,71.2500
จุฬาลงกรณ์มหาวิทยาลัย,วิทยาเขตหลัก,10010122904301A,D,P2206,คณะอักษรศาสตร์,หลักสูตรอักษรศาสตรบัณฑิต,สาขาวิชาภูมิศาสต์รและภูมิสารสนเทศ,ภูมิศาสต์รและภูมิ สารสนเทศ,0,9,414,9,75.6875,71.0000
จุฬาลงกรณ์มหาวิทยาลัย,วิทยาเขตหลัก,10010122904301A,E,P2207,คณะอักษรศาสตร์,หลักสูตรอักษรศาสตรบัณฑิต,สาขาวิชาสารสนเทศ ศึกษา,สารสนเทศ ศึกษา,0,10,285,10,74.6250,71.0625
จุฬาลงกรณ์มหาวิทยาลัย,วิทยาเขตหลัก,10010123210301A,0,0,คณะวิทยาศาสตร์,หลักสูตรวิทยาศาสตรบัณฑิตสาขาวิชา คณิตศาสตร์,,,0,40,320,40,66.6974,50.6818
จุฬาลงกรณ์มหาวิทยาลัย,วิทยาเขตหลัก,10010123210401A,0,0,คณะวิทยาศาสตร์,หลักสูตรวิทยาศาสตรบัณฑิตสาขาวิชาเคมี,,,0,97,861,97,66.6511,45.0929
จุฬาลงกรณ์มหาวิทยาลัย,วิทยาเขตหลัก,10010123210402A,0,P2307,คณะวิทยาศาสตร์,หลักสูตรวิทยาศาสตรบัณฑิตสาขาวิชาเคีมวิศวกรรม,สาขาวิชาเคีมวิศวกรรม (รูปแบบที่ 1),เคมีวิศวกรรม,0,45,467,45,55.1627,44.1074
จุฬาลงกรณ์มหาวิทยาลัย,วิทยาเขตหลัก,10010123210402A,0,P2308,คณะวิทยาศาสตร์,หลักสูตรวิทยาศาสตรบัณฑิตสาขาวิชาเคีมวิศวกรรม,สาขาวิชาเคีมวิศวกรรม (รูปแบบที่ 2),เคมีวิศวกรรม,0,45,420,45,65.8164,57.4542
จุฬาลงกรณ์มหาวิทยาลัย,วิทยาเขตหลัก,10010123210501A,0,0,คณะวิทยาศาสตร์,หลักสูตรวิทยาศาสตรบัณฑิตสาขาวิชาจุล ชีววิทยา,,,0,51,1813,51,48.2388,39.6379
จุฬาลงกรณ์มหาวิทยาลัย,วิทยาเขตหลัก,10010123210601A,0,0,คณะวิทยาศาสตร์,หลักสูตรวิทยาศาสตรบัณฑิตสาขาวิชาชีวเคมี,,,0,36,1417,36,78.1796,43.8118
จุฬาลงกรณ์มหาวิทยาลัย,วิทยาเขตหลัก,10010123210701A,0,P2303,คณะวิทยาศาสตร์,หลักสูตรวิทยาศาสตรบัณฑิตสาขาวิชาชีววิทยา,สาขาวิชาชีววิทยา (รูปแบบที่ 1),,0,19,244,19,77.9074,58.2054
จุฬาลงกรณ์มหาวิทยาลัย,วิทยาเขตหลัก,10010123210701A,0,P2304,คณะวิทยาศาสตร์,หลักสูตรวิทยาศาสตรบัณฑิตสาขาวิชาชีววิทยา,สาขาวิชาชีววิทยา (รูปแบบที่ 2),,0,18,304,18,63.8684,57.6304
จุฬาลงกรณ์มหาวิทยาลัย,วิทยาเขตหลัก,10010123210901A,0,0,คณะวิทยาศาสตร์,หลักสูตรวิทยาศาสตรบัณฑิตสาขาวิชา เทคโนโลยีทางภาพและการพิมพ์,,,0,50,612,50,52.7390,44.8885
จุฬาลงกรณ์มหาวิทยาลัย,วิทยาเขตหลัก,10010123211001A,0,P2309,คณะวิทยาศาสตร์,หลักสูตรวิทยาศาสตรบัณฑิตสาขาวิชา เทคโนโลยีทางอาหาร,สาขาวิชาเทคโนโลียทางอาหาร (รูปแบบที่ 1),เทคโนโลียทางอาหาร,0,40,626,40,66.7848,56.8098
จุฬาลงกรณ์มหาวิทยาลัย,วิทยาเขตหลัก,10010123211001A,0,P2310,คณะวิทยาศาสตร์,หลักสูตรวิทยาศาสตรบัณฑิตสาขาวิชา เทคโนโลยีทางอาหาร,สาขาวิชาเทคโนโลียทางอาหาร (รูปแบบที่ 2),เทคโนโลียทางอาหาร,0,40,1080,40,54.0630,40.6480
จุฬาลงกรณ์มหาวิทยาลัย,วิทยาเขตหลัก,10010123212301A,0,0,คณะวิทยาศาสตร์,หลักสูตรวิทยาศาสตรบัณฑิตสาขาวิชา ธรณีวิทยา,,,0,14,244,14,69.8340,56.2306
จุฬาลงกรณ์มหาวิทยาลัย,วิทยาเขตหลัก,10010123212501A,0,0,คณะวิทยาศาสตร์,หลักสูตรวิทยาศาสตรบัณฑิตสาขาวิชา พฤกษศาสตร์,,,0,50,783,50,50.5368,42.4332
จุฬาลงกรณ์มหาวิทยาลัย,วิทยาเขตหลัก,10010123212601A,0,0,คณะวิทยาศาสตร์,หลักสูตรวิทยาศาสตรบัณฑิตสาขาวิชาพันุธศาสตร์,,,0,50,372,50,56.9484,44.7732
จุฬาลงกรณ์มหาวิทยาลัย,วิทยาเขตหลัก,10010123212701A,0,0,คณะวิทยาศาสตร์,หลักสูตรวิทยาศาสตรบัณฑิตสาขาวิชาฟิสิกส์,,,0,50,255,50,60.2866,44.9739
จุฬาลงกรณ์มหาวิทยาลัย,วิทยาเขตหลัก,10010123212801A,0,0,คณะวิทยาศาสตร์,หลักสูตรวิทยาศาสตรบัณฑิตสาขาวิชาวัสุดศาสตร์และเทคโนโลยี,,วัสดุศาสต์รและเทคโนโลยี,0,98,951,98,42.7500,36.1664
จุฬาลงกรณ์มหาวิทยาลัย,วิทยาเขตหลัก,10010123213001A,0,0,คณะวิทยาศาสตร์,หลักสูตรวิทยาศาสตรบัณฑิตสาขาวิชา วิทยาศาสตร์ทางทะเล,,,0,43,1634,43,46.5088,41.4956
จุฬาลงกรณ์มหาวิทยาลัย,วิทยาเขตหลัก,10010123213101A,0,0,คณะวิทยาศาสตร์,หลักสูตรวิทยาศาสตรบัณฑิตสาขาวิชา วิทยาศาสตร์สิ่งแวดล้อม,,,0,80,263,80,47.6410,34.5597
จุฬาลงกรณ์มหาวิทยาลัย,วิทยาเขตหลัก,10010123213201A,0,P2305,คณะวิทยาศาสตร์,หลักสูตรวิทยาศาสตรบัณฑิตสาขาวิชาสัตว วิทยา,สาขาวิชาสัตววิทยา (รูปแบบที่ 1),,0,6,84,6,70.2928,58.4804
จุฬาลงกรณ์มหาวิทยาลัย,วิทยาเขตหลัก,10010123213201A,0,P2306,คณะวิทยาศาสตร์,หลักสูตรวิทยาศาสตรบัณฑิตสาขาวิชาสัตว วิทยา,สาขาวิชาสัตววิทยา (รูปแบบที่ 2),,0,7,197,7,63.6636,57.3000
จุฬาลงกรณ์มหาวิทยาลัย,วิทยาเขตหลัก,10010123213501A,0,0,คณะวิทยาศาสตร์,หลักสูตรวิทยาศาสตรบัณฑิตสาขาวิชา วิทยาการคอมพิวเตอร์,,,0,50,376,50,75.1853,56.5974
จุฬาลงกรณ์มหาวิทยาลัย,วิทยาเขตหลัก,10010124903201A,A,P2401,คณะรัฐศาสตร์,หลักสูตรรัฐศาสตรบัณฑิต,สาขาวิชาการ ปกครอง เลือกสอบ วิชาคณิตศาสต์รประยุก์ต2,การปกครอง,2431,61,599,46,86.5853,66.8798
จุฬาลงกรณ์มหาวิทยาลัย,วิทยาเขตหลัก,10010124903201A,A,P2402,คณะรัฐศาสตร์,หลักสูตรรัฐศาสตรบัณฑิต,สาขาวิชาการ ปกครอง เลือกสอบ วิชาภาษาฝรั่งเศส,การปกครอง,2431,61,100,5,69.9435,67.5478
จุฬาลงกรณ์มหาวิทยาลัย,วิทยาเขตหลัก,10010124903201A,A,P2403,คณะรัฐศาสตร์,หลักสูตรรัฐศาสตรบัณฑิต,สาขาวิชาการ ปกครอง เลือกสอบ วิชาภาษาเยอรมัน,การปกครอง,2431,61,53,3,72.7751,68.4799
จุฬาลงกรณ์มหาวิทยาลัย,วิทยาเขตหลัก,10010124903201A,A,P2404,คณะรัฐศาสตร์,หลักสูตรรัฐศาสตรบัณฑิต,สาขาวิชาการ ปกครอง เลือกสอบ วิชาภาษาญี่ปุ่น,การปกครอง,2431,61,83,2,67.5000,66.9904
จุฬาลงกรณ์มหาวิทยาลัย,วิทยาเขตหลัก,10010124903201A,A,P2405,คณะรัฐศาสตร์,หลักสูตรรัฐศาสตรบัณฑิต,สาขาวิชาการ ปกครอง เลือกสอบ วิชาภาษาเกาหลี,การปกครอง,2431,61,51,0,0.0000,0.0000
จุฬาลงกรณ์มหาวิทยาลัย,วิทยาเขตหลัก,10010124903201A,A,P2406,คณะรัฐศาสตร์,หลักสูตรรัฐศาสตรบัณฑิต,สาขาวิชาการ ปกครอง เลือกสอบ วิชาภาษาจีน,การปกครอง,2431,61,90,2,68.5666,68.0890
จุฬาลงกรณ์มหาวิทยาลัย,วิทยาเขตหลัก,10010124903201A,A,P2407,คณะรัฐศาสตร์,หลักสูตรรัฐศาสตรบัณฑิต,สาขาวิชาการ ปกครอง เลือกสอบ วิชาภาษาสเปน,การปกครอง,2431,61,50,3,69.5055,67.1479
จุฬาลงกรณ์มหาวิทยาลัย,วิทยาเขตหลัก,10010124903201A,B,P2408,คณะรัฐศาสตร์,หลักสูตรรัฐศาสตรบัณฑิต,สาขาวิชา ความสัมพัน์ธระหว่างประเทศ เลือกสอบวิชา คณิตศาสตร์ประยุก์ต2,ความสัมพัน์ธระหว่าง ประเทศ,2432,66,350,12,86.1202,73.9924
จุฬาลงกรณ์มหาวิทยาลัย,วิทยาเขตหลัก,10010124903201A,B,P2409,คณะรัฐศาสตร์,หลักสูตรรัฐศาสตรบัณฑิต,สาขาวิชา ความสัมพัน์ธระหว่างประเทศ เลือกสอบวิชา ภาษาไทย,ความสัมพัน์ธระหว่าง ประเทศ,2432,66,868,34,82.9646,74.0514
จุฬาลงกรณ์มหาวิทยาลัย,วิทยาเขตหลัก,10010124903201A,B,P2410,คณะรัฐศาสตร์,หลักสูตรรัฐศาสตรบัณฑิต,สาขาวิชา ความสัมพัน์ธระหว่างประเทศ เลือกสอบวิชาภาษา ฝรั่งเศส,ความสัมพัน์ธระหว่าง ประเทศ,2432,66,92,10,84.2778,74.8648
จุฬาลงกรณ์มหาวิทยาลัย,วิทยาเขตหลัก,10010124903201A,B,P2411,คณะรัฐศาสตร์,หลักสูตรรัฐศาสตรบัณฑิต,สาขาวิชา ความสัมพัน์ธระหว่างประเทศ เลือกสอบวิชา ภาษาเยอรมัน,ความสัมพัน์ธระหว่าง ประเทศ,2432,66,41,2,87.6358,78.0400
จุฬาลงกรณ์มหาวิทยาลัย,วิทยาเขตหลัก,10010124903201A,B,P2412,คณะรัฐศาสตร์,หลักสูตรรัฐศาสตรบัณฑิต,สาขาวิชา ความสัมพัน์ธระหว่างประเทศ เลือกสอบวิชา ภาษาญี่ปุ่น,ความสัมพัน์ธระหว่าง ประเทศ,2432,66,85,4,80.6232,76.1752
จุฬาลงกรณ์มหาวิทยาลัย,วิทยาเขตหลัก,10010124903201A,B,P2413,คณะรัฐศาสตร์,หลักสูตรรัฐศาสตรบัณฑิต,สาขาวิชา ความสัมพัน์ธระหว่างประเทศ เลือกสอบวิชาภาษา เกาหลี,ความสัมพัน์ธระหว่าง ประเทศ,2432,66,50,0,0.0000,0.0000
จุฬาลงกรณ์มหาวิทยาลัย,วิทยาเขตหลัก,10010124903201A,B,P2414,คณะรัฐศาสตร์,หลักสูตรรัฐศาสตรบัณฑิต,สาขาวิชา ความสัมพัน์ธระหว่างประเทศ เลือกสอบวิชา ภาษาจีน,ความสัมพัน์ธระหว่าง ประเทศ,2432,66,95,4,83.2996,74.5256
จุฬาลงกรณ์มหาวิทยาลัย,วิทยาเขตหลัก,10010124903201A,B,P2415,คณะรัฐศาสตร์,หลักสูตรรัฐศาสตรบัณฑิต,สาขาวิชา ความสัมพัน์ธระหว่างประเทศ เลือกสอบวิชาภาษา สเปน,ความสัมพัน์ธระหว่าง ประเทศ,2432,66,40,0,0.0000,0.0000
จุฬาลงกรณ์มหาวิทยาลัย,วิทยาเขตหลัก,10010124903201A,C,P2416,คณะรัฐศาสตร์,หลักสูตรรัฐศาสตรบัณฑิต,สาขาวิชาสังคมวิทยา และมานุษยวิทยา เลือกสอบวิชา คณิตศาสตร์ประยุก์ต2,สังคมวิทยา และ มานุษยวิทยา,2433,64,237,8,75.5158,70.3588
จุฬาลงกรณ์มหาวิทยาลัย,วิทยาเขตหลัก,10010124903201A,C,P2417,คณะรัฐศาสตร์,หลักสูตรรัฐศาสตรบัณฑิต,สาขาวิชาสังคมวิทยา และมานุษยวิทยา เลือกสอบวิชา ภาษาไทย,สังคมวิทยา และ มานุษยวิทยา,2433,64,831,47,82.6863,69.9938
จุฬาลงกรณ์มหาวิทยาลัย,วิทยาเขตหลัก,10010124903201A,C,P2418,คณะรัฐศาสตร์,หลักสูตรรัฐศาสตรบัณฑิต,สาขาวิชาสังคมวิทยา และมานุษยวิทยา เลือกสอบวิชาภาษา ฝรั่งเศส,สังคมวิทยา และ มานุษยวิทยา,2433,64,57,3,72.1558,70.0485
จุฬาลงกรณ์มหาวิทยาลัย,วิทยาเขตหลัก,10010124903201A,C,P2419,คณะรัฐศาสตร์,หลักสูตรรัฐศาสตรบัณฑิต,สาขาวิชาสังคมวิทยา และมานุษยวิทยา เลือกสอบวิชา ภาษาเยอรมัน,สังคมวิทยา และ มานุษยวิทยา,2433,64,35,0,0.0000,0.0000
จุฬาลงกรณ์มหาวิทยาลัย,วิทยาเขตหลัก,10010124903201A,C,P2420,คณะรัฐศาสตร์,หลักสูตรรัฐศาสตรบัณฑิต,สาขาวิชาสังคมวิทยา และมานุษยวิทยา เลือกสอบวิชา ภาษาญี่ปุ่น,สังคมวิทยา และ มานุษยวิทยา,2433,64,66,3,71.2893,70.3978
จุฬาลงกรณ์มหาวิทยาลัย,วิทยาเขตหลัก,10010124903201A,C,P2421,คณะรัฐศาสตร์,หลักสูตรรัฐศาสตรบัณฑิต,สาขาวิชาสังคมวิทยา และมานุษยวิทยา เลือกสอบวิชาภาษา เกาหลี,สังคมวิทยา และ มานุษยวิทยา,2433,64,39,1,71.1785,71.1785
จุฬาลงกรณ์มหาวิทยาลัย,วิทยาเขตหลัก,10010124903201A,C,P2422,คณะรัฐศาสตร์,หลักสูตรรัฐศาสตรบัณฑิต,สาขาวิชาสังคมวิทยา และมานุษยวิทยา เลือกสอบวิชา ภาษาจีน,สังคมวิทยา และ มานุษยวิทยา,2433,64,82,2,72.2973,71.6985
จุฬาลงกรณ์มหาวิทยาลัย,วิทยาเขตหลัก,10010124903201A,C,P2423,คณะรัฐศาสตร์,หลักสูตรรัฐศาสตรบัณฑิต,สาขาวิชาสังคมวิทยา และมานุษยวิทยา เลือกสอบวิชาภาษา สเปน,สังคมวิทยา และ มานุษยวิทยา,2433,64,34,0,0.0000,0.0000
จุฬาลงกรณ์มหาวิทยาลัย,วิทยาเขตหลัก,10010124903201A,D,P2424,คณะรัฐศาสตร์,หลักสูตรรัฐศาสตรบัณฑิต,สาขาวิชารัฐ ประศาสนศาสต์รเลือกสอบวิชา คณิตศาสตร์ประยุก์ต2,รัฐ ประศาสน ศาสตร์,2434,67,643,12,71.9382,68.2995
จุฬาลงกรณ์มหาวิทยาลัย,วิทยาเขตหลัก,10010124903201A,D,P2425,คณะรัฐศาสตร์,หลักสูตรรัฐศาสตรบัณฑิต,สาขาวิชารัฐ ประศาสนศาสต์รเลือกสอบวิชา ภาษาอังกฤษ,รัฐ ประศาสน ศาสตร์,2434,67,1172,54,74.1873,68.3276
จุฬาลงกรณ์มหาวิทยาลัย,วิทยาเขตหลัก,10010124903201A,D,P2426,คณะรัฐศาสตร์,หลักสูตรรัฐศาสตรบัณฑิต,สาขาวิชารัฐ ประศาสนศาสต์รเลือกสอบวิชาภาษา ฝรั่งเศส,รัฐ ประศาสน ศาสตร์,2434,67,62,0,0.0000,0.0000
จุฬาลงกรณ์มหาวิทยาลัย,วิทยาเขตหลัก,10010124903201A,D,P2427,คณะรัฐศาสตร์,หลักสูตรรัฐศาสตรบัณฑิต,สาขาวิชารัฐ ประศาสนศาสต์รเลือกสอบวิชา ภาษาเยอรมัน,รัฐ ประศาสน ศาสตร์,2434,67,46,0,0.0000,0.0000
จุฬาลงกรณ์มหาวิทยาลัย,วิทยาเขตหลัก,10010124903201A,D,P2428,คณะรัฐศาสตร์,หลักสูตรรัฐศาสตรบัณฑิต,สาขาวิชารัฐ ประศาสนศาสต์รเลือกสอบวิชา ภาษาญี่ปุ่น,รัฐ ประศาสน ศาสตร์,2434,67,73,1,70.6644,70.6644
จุฬาลงกรณ์มหาวิทยาลัย,วิทยาเขตหลัก,10010124903201A,D,P2429,คณะรัฐศาสตร์,หลักสูตรรัฐศาสตรบัณฑิต,สาขาวิชารัฐ ประศาสนศาสต์รเลือกสอบวิชาภาษา เกาหลี,รัฐ ประศาสน ศาสตร์,2434,67,51,0,0.0000,0.0000
จุฬาลงกรณ์มหาวิทยาลัย,วิทยาเขตหลัก,10010124903201A,D,P2430,คณะรัฐศาสตร์,หลักสูตรรัฐศาสตรบัณฑิต,สาขาวิชารัฐ ประศาสนศาสต์รเลือกสอบวิชา ภาษาจีน,รัฐ ประศาสน ศาสตร์,2434,67,107,0,0.0000,0.0000
จุฬาลงกรณ์มหาวิทยาลัย,วิทยาเขตหลัก,10010124903201A,D,P2431,คณะรัฐศาสตร์,หลักสูตรรัฐศาสตรบัณฑิต,สาขาวิชารัฐ ประศาสนศาสต์รเลือกสอบวิชาภาษา สเปน,รัฐ ประศาสน ศาสตร์,2434,67,49,0,0.0000,0.0000
จุฬาลงกรณ์มหาวิทยาลัย,วิทยาเขตหลัก,10010125400201A,0,0,คณะสถาปัตยกรรมศาสตร์,หลักสูตรการออกแบบอุตสาหกรรมบัณฑิตสาขาวิชาการออกแบบอุตสาหกรรม,,,0,10,83,10,67.8000,54.2500
จุฬาลงกรณ์มหาวิทยาลัย,วิทยาเขตหลัก,10010125400301A,0,0,คณะสถาปัตยกรรมศาสตร์,หลักสูตรภูมิสถาปัตยกรรมศาสตรบัณฑิตสาขาวิชาภูมิสถาปัตยกรรม,,,0,14,146,14,58.4000,53.6000
จุฬาลงกรณ์มหาวิทยาลัย,วิทยาเขตหลัก,10010125400401A,0,0,คณะสถาปัตยกรรมศาสตร์,หลักสูตรสถาปัตยกรรมศาสตรบัณฑิตสาขาวิชาสถาปัตยกรรมผังเมือง,,,0,12,121,12,55.5500,50.9000
จุฬาลงกรณ์มหาวิทยาลัย,วิทยาเขตหลัก,10010125400501A,0,0,คณะสถาปัตยกรรมศาสตร์,หลักสูตรสถาปัตยกรรมศาสตรบัณฑิตสาขาวิชาสถาปัตยกรรม,,,0,10,175,10,74.3000,59.3500
จุฬาลงกรณ์มหาวิทยาลัย,วิทยาเขตหลัก,10010125400701A,0,0,คณะสถาปัตยกรรมศาสตร์,หลักสูตรสถาปัตยกรรมศาสตรบัณฑิตสาขาวิชาสถาปัตยกรรมภายใน,,,0,8,148,8,61.5000,57.9000
จุฬาลงกรณ์มหาวิทยาลัย,วิทยาเขตหลัก,10010126610501A,0,P2603,คณะพาณิชยศาสตร์และการบัญชี,หลักสูตรบัญชีบัณฑิต,หลักสูตรบัญชีบัณฑิต(รูปแบบที่ 1),,0,202,2351,202,93.7776,86.0860
จุฬาลงกรณ์มหาวิทยาลัย,วิทยาเขตหลัก,10010126610501A,0,P2604,คณะพาณิชยศาสตร์และการบัญชี,หลักสูตรบัญชีบัณฑิต,หลักสูตรบัญชีบัณฑิต(รูปแบบที่ 2),,0,60,621,60,90.7184,59.8872
จุฬาลงกรณ์มหาวิทยาลัย,วิทยาเขตหลัก,10010126610801A,0,P2605,คณะพาณิชยศาสตร์และการบัญชี,หลักสูตรบริหารธุรกิจบัณฑิต,หลักสูตร บริหารธุรกิจบัณฑิต(รูปแบบที่ 1),,0,200,2618,200,93.0344,83.0400
จุฬาลงกรณ์มหาวิทยาลัย,วิทยาเขตหลัก,10010126610801A,0,P2606,คณะพาณิชยศาสตร์และการบัญชี,หลักสูตรบริหารธุรกิจบัณฑิต,หลักสูตร บริหารธุรกิจบัณฑิต(รูปแบบที่ 2),,0,60,687,60,74.3440,55.6640
จุฬาลงกรณ์มหาวิทยาลัย,วิทยาเขตหลัก,10010126610901A,A,P2607,คณะพาณิชยศาสตร์และการบัญชี,หลักสูตรสถิติศาสตรบัณฑิต,หลักสูตรสถิติศาสตร บัณฑิต,สถิติและ วิทยาการ ข้อมูล,0,39,390,39,85.6744,55.4908
จุฬาลงกรณ์มหาวิทยาลัย,วิทยาเขตหลัก,10010126610901A,B,P2607,คณะพาณิชยศาสตร์และการบัญชี,หลักสูตรสถิติศาสตรบัณฑิต,หลักสูตรสถิติศาสตร บัณฑิต,การ ประกันภัย,0,43,419,43,85.9760,54.8172
จุฬาลงกรณ์มหาวิทยาลัย,วิทยาเขตหลัก,10010126610901A,C,P2607,คณะพาณิชยศาสตร์และการบัญชี,หลักสูตรสถิติศาสตรบัณฑิต,หลักสูตรสถิติศาสตร บัณฑิต,เทคโนโลียสารสนเทศ เพื่อธุรกิจ,0,43,462,43,66.7260,53.4068
จุฬาลงกรณ์มหาวิทยาลัย,วิทยาเขตหลัก,10010127703701A,A,0,คณะครุศาสตร์,หลักสูตรครุศาสตรบัณฑิต,,การศึกษา ปฐมวัย,0,23,706,23,84.1501,75.9227
จุฬาลงกรณ์มหาวิทยาลัย,วิทยาเขตหลัก,10010127703701A,B,P2717,คณะครุศาสตร์,หลักสูตรครุศาสตรบัณฑิต,วิชาเอกประถมศึกษา เลือกสอบวิชา คณิตศาสตร์ประยุก์ต1,ประถมศึกษา,2731,32,86,0,0.0000,0.0000
จุฬาลงกรณ์มหาวิทยาลัย,วิทยาเขตหลัก,10010127703701A,B,P2718,คณะครุศาสตร์,หลักสูตรครุศาสตรบัณฑิต,วิชาเอกประถมศึกษา เลือกสอบวิชาสังคม ศึกษา,ประถมศึกษา,2731,32,430,12,75.8214,73.8500
จุฬาลงกรณ์มหาวิทยาลัย,วิทยาเขตหลัก,10010127703701A,B,P2719,คณะครุศาสตร์,หลักสูตรครุศาสตรบัณฑิต,วิชาเอกประถมศึกษา เลือกสอบวิชา คณิตศาสตร์ประยุก์ต2,ประถมศึกษา,2731,32,218,20,85.0587,73.8875
จุฬาลงกรณ์มหาวิทยาลัย,วิทยาเขตหลัก,10010127703701A,C,P2720,คณะครุศาสตร์,หลักสูตรครุศาสตรบัณฑิต,สาขาวิชามัธยมศึกษา (วิทยาศาสตร์) วิชาเอกคณิตศาสตร์,มัธยมศึกษา,0,48,223,48,72.7394,58.4500
จุฬาลงกรณ์มหาวิทยาลัย,วิทยาเขตหลัก,10010127703701A,C,P2721,คณะครุศาสตร์,หลักสูตรครุศาสตรบัณฑิต,สาขาวิชามัธยมศึกษา (วิทยาศาสตร์) วิชาเอกฟิสิกส์,มัธยมศึกษา,0,10,65,10,58.9888,43.4374
จุฬาลงกรณ์มหาวิทยาลัย,วิทยาเขตหลัก,10010127703701A,C,P2722,คณะครุศาสตร์,หลักสูตรครุศาสตรบัณฑิต,สาขาวิชามัธยมศึกษา (วิทยาศาสตร์) วิชาเอกเคมี,มัธยมศึกษา,0,19,112,19,65.1232,49.1596
จุฬาลงกรณ์มหาวิทยาลัย,วิทยาเขตหลัก,10010127703701A,C,P2723,คณะครุศาสตร์,หลักสูตรครุศาสตรบัณฑิต,สาขาวิชามัธยมศึกษา (วิทยาศาสตร์) วิชาเอกชีววิทยา,มัธยมศึกษา,0,18,127,18,75.1006,55.4436
จุฬาลงกรณ์มหาวิทยาลัย,วิทยาเขตหลัก,10010127703701A,C,P2724,คณะครุศาสตร์,หลักสูตรครุศาสตรบัณฑิต,สาขาวิชามัธยมศึกษา (วิทยาศาสตร์) วิชาเอกวิทยาศาสต์รทั่วไป,มัธยมศึกษา,0,19,396,19,74.3450,60.1980
จุฬาลงกรณ์มหาวิทยาลัย,วิทยาเขตหลัก,10010127703701A,C,P2725,คณะครุศาสตร์,หลักสูตรครุศาสตรบัณฑิต,สาขาวิชามัธยมศึกษา (มนุษยศาสตร์และ สังคมศาสตร)์ วิชาเอกภาษาอังกฤษ,มัธยมศึกษา,0,11,298,11,92.3118,87.2328
จุฬาลงกรณ์มหาวิทยาลัย,วิทยาเขตหลัก,10010127703701A,C,P2726,คณะครุศาสตร์,หลักสูตรครุศาสตรบัณฑิต,สาขาวิชามัธยมศึกษา (มนุษยศาสตร์และ สังคมศาสตร)์ วิชาเอกภาษาจีน,มัธยมศึกษา,0,8,119,8,83.3280,75.2058
จุฬาลงกรณ์มหาวิทยาลัย,วิทยาเขตหลัก,10010127703701A,C,P2727,คณะครุศาสตร์,หลักสูตรครุศาสตรบัณฑิต,สาขาวิชามัธยมศึกษา (มนุษยศาสตร์และ สังคมศาสตร)์ วิชาเอกสังคมศึกษา เลือกสอบวิชาสังคม ศึกษา,มัธยมศึกษา,0,17,207,17,77.9382,72.5900
จุฬาลงกรณ์มหาวิทยาลัย,วิทยาเขตหลัก,10010127703701A,C,P2728,คณะครุศาสตร์,หลักสูตรครุศาสตรบัณฑิต,สาขาวิชามัธยมศึกษา (มนุษยศาสตร์และ สังคมศาสตร)์ วิชาเอกภาษาไทย,มัธยมศึกษา,0,13,109,13,84.4902,77.9286
จุฬาลงกรณ์มหาวิทยาลัย,วิทยาเขตหลัก,10010127703701A,G,P2734,คณะครุศาสตร์,หลักสูตรครุศาสตรบัณฑิต,วิชาเอกธุรกิจศึกษา,ธุรกิจและ อาชีวศึกษา,0,30,31,16,64.1955,50.3509
จุฬาลงกรณ์มหาวิทยาลัย,วิทยาเขตหลัก,10010127703701A,H,P2729,คณะครุศาสตร์,หลักสูตรครุศาสตรบัณฑิต,วิชาเอกเทคโนโลียการศึกษา เลือกสอบ วิชาคณิตศาสต์รประยุก์ต1,เทคโนโลียการศึกษา,2732,5,26,0,0.0000,0.0000
จุฬาลงกรณ์มหาวิทยาลัย,วิทยาเขตหลัก,10010127703701A,H,P2730,คณะครุศาสตร์,หลักสูตรครุศาสตรบัณฑิต,วิชาเอกเทคโนโลียการศึกษา เลือกสอบ วิชาคณิตศาสต์รประยุก์ต2,เทคโนโลียการศึกษา,2732,5,82,5,83.7733,73.6353
จุฬาลงกรณ์มหาวิทยาลัย,วิทยาเขตหลัก,10010127703701A,H,P2731,คณะครุศาสตร์,หลักสูตรครุศาสตรบัณฑิต,วิชาเอกคอมพิวเตอ์รการศึกษา,เทคโนโลียการศึกษา,0,7,146,7,71.6198,63.1723
จุฬาลงกรณ์มหาวิทยาลัย,วิทยาเขตหลัก,10010127703701A,I,P2735,คณะครุศาสตร์,หลักสูตรครุศาสตรบัณฑิต,วิชาเอกจิตวิทยาการ ปรึกษาและแนะแนว เลือกสอบวิชา ภาษาไทย,จิตวิทยา การปรึกษา การแนะ แนวและ การศึกษา พิเศษ,2734,9,347,7,83.2926,77.4224
จุฬาลงกรณ์มหาวิทยาลัย,วิทยาเขตหลัก,10010127703701A,I,P2736,คณะครุศาสตร์,หลักสูตรครุศาสตรบัณฑิต,วิชาเอกจิตวิทยาการ ปรึกษาและแนะแนว เลือกสอบวิชาสังคม ศึกษา,จิตวิทยา การปรึกษา การแนะ แนวและ การศึกษา พิเศษ,2734,9,120,0,0.0000,0.0000
จุฬาลงกรณ์มหาวิทยาลัย,วิทยาเขตหลัก,10010127703701A,I,P2737,คณะครุศาสตร์,หลักสูตรครุศาสตรบัณฑิต,วิชาเอกจิตวิทยาการ ปรึกษาและแนะแนว เลือกสอบวิชา คณิตศาสตร์ประยุก์ต2,จิตวิทยา การปรึกษา การแนะ แนวและ การศึกษา พิเศษ,2734,9,78,2,81.6803,78.6556
จุฬาลงกรณ์มหาวิทยาลัย,วิทยาเขตหลัก,10010127703701A,I,P2738,คณะครุศาสตร์,หลักสูตรครุศาสตรบัณฑิต,วิชาเอกจิตวิทยาการ ปรึกษาและแนะแนว เลือกสอบวิชา วิทยาศาสตร์ประยุกต์,จิตวิทยา การปรึกษา การแนะ แนวและ การศึกษา พิเศษ,2734,9,75,0,0.0000,0.0000
จุฬาลงกรณ์มหาวิทยาลัย,วิทยาเขตหลัก,10010127703701A,I,P2739,คณะครุศาสตร์,หลักสูตรครุศาสตรบัณฑิต,วิชาเอกการศึกษา พิเศษ เลือกสอบวิชา ภาษาไทย,จิตวิทยา การปรึกษา การแนะ แนวและ การศึกษา พิเศษ,2735,7,169,6,77.4353,75.7559
จุฬาลงกรณ์มหาวิทยาลัย,วิทยาเขตหลัก,10010127703701A,I,P2740,คณะครุศาสตร์,หลักสูตรครุศาสตรบัณฑิต,วิชาเอกการศึกษา พิเศษ เลือกสอบวิชา สังคมศึกษา,จิตวิทยา การปรึกษา การแนะ แนวและ การศึกษา พิเศษ,2735,7,59,0,0.0000,0.0000
จุฬาลงกรณ์มหาวิทยาลัย,วิทยาเขตหลัก,10010127703701A,I,P2741,คณะครุศาสตร์,หลักสูตรครุศาสตรบัณฑิต,วิชาเอกการศึกษา พิเศษ เลือกสอบวิชา คณิตศาสตร์ประยุก์ต2,จิตวิทยา การปรึกษา การแนะ แนวและ การศึกษา พิเศษ,2735,7,44,1,76.1040,76.1040
จุฬาลงกรณ์มหาวิทยาลัย,วิทยาเขตหลัก,10010127703701A,I,P2742,คณะครุศาสตร์,หลักสูตรครุศาสตรบัณฑิต,วิชาเอกการศึกษา พิเศษ เลือกสอบวิชา วิทยาศาสตร์ประยุกต์,จิตวิทยา การปรึกษา การแนะ แนวและ การศึกษา พิเศษ,2735,7,41,0,0.0000,0.0000
จุฬาลงกรณ์มหาวิทยาลัย,วิทยาเขตหลัก,10010127703701A,J,P2732,คณะครุศาสตร์,หลักสูตรครุศาสตรบัณฑิต,วิชาเอกการศึกษา นอกระบบโรงเรียน เลือกสอบวิชาสังคม ศึกษา,การศึกษา นอกระบบ โรงเรียน,2733,28,203,8,75.2346,70.1083
จุฬาลงกรณ์มหาวิทยาลัย,วิทยาเขตหลัก,10010127703701A,J,P2733,คณะครุศาสตร์,หลักสูตรครุศาสตรบัณฑิต,วิชาเอกการศึกษา นอกระบบโรงเรียน เลือกสอบวิชา คณิตศาสตร์ประยุก์ต2,การศึกษา นอกระบบ โรงเรียน,2733,28,145,20,77.3788,70.3485
จุฬาลงกรณ์มหาวิทยาลัย,วิทยาเขตหลัก,10010128901101A,0,P2806,คณะนิเทศศาสตร์,หลักสูตรนิเทศศาสตรบัณฑิต,เลือกสอบวิชา คณิตศาสตร์ประยุก์ต1,นิเทศศาสตร์,0,7,85,7,75.0705,61.4378
จุฬาลงกรณ์มหาวิทยาลัย,วิทยาเขตหลัก,10010128901101A,0,P2807,คณะนิเทศศาสตร์,หลักสูตรนิเทศศาสตรบัณฑิต,เลือกสอบวิชา คณิตศาสตร์ประยุก์ต2,นิเทศศาสตร์,0,17,895,17,83.1638,75.7507
จุฬาลงกรณ์มหาวิทยาลัย,วิทยาเขตหลัก,10010128901101A,0,P2808,คณะนิเทศศาสตร์,หลักสูตรนิเทศศาสตรบัณฑิต,เลือกสอบวิชาภาษา ฝรั่งเศส,นิเทศศาสตร์,2831,86,91,18,81.1235,69.4214
จุฬาลงกรณ์มหาวิทยาลัย,วิทยาเขตหลัก,10010128901101A,0,P2809,คณะนิเทศศาสตร์,หลักสูตรนิเทศศาสตรบัณฑิต,เลือกสอบวิชา ภาษาเยอรมัน,นิเทศศาสตร์,2831,86,19,4,80.4281,73.6030
จุฬาลงกรณ์มหาวิทยาลัย,วิทยาเขตหลัก,10010128901101A,0,P2810,คณะนิเทศศาสตร์,หลักสูตรนิเทศศาสตรบัณฑิต,เลือกสอบวิชา ภาษาญี่ปุ่น,นิเทศศาสตร์,2831,86,117,14,80.9131,69.8504
จุฬาลงกรณ์มหาวิทยาลัย,วิทยาเขตหลัก,10010128901101A,0,P2811,คณะนิเทศศาสตร์,หลักสูตรนิเทศศาสตรบัณฑิต,เลือกสอบวิชาภาษา เกาหลี,นิเทศศาสตร์,2831,86,87,20,80.1385,69.7428
จุฬาลงกรณ์มหาวิทยาลัย,วิทยาเขตหลัก,10010128901101A,0,P2812,คณะนิเทศศาสตร์,หลักสูตรนิเทศศาสตรบัณฑิต,เลือกสอบวิชา ภาษาจีน,นิเทศศาสตร์,2831,86,145,30,80.8060,69.4946
จุฬาลงกรณ์มหาวิทยาลัย,วิทยาเขตหลัก,10010129611101A,0,0,คณะเศรษฐศาสตร์,หลักสูตรเศรษฐศาสตรบัณฑิต,,,0,140,1122,140,77.9842,59.7348
จุฬาลงกรณ์มหาวิทยาลัย,วิทยาเขตหลัก,10010134901001A,0,P3402,คณะนิติศาสตร์,หลักสูตรนิติศาสตรบัณฑิต,เลือกสอบวิชา คณิตศาสตร์ประยุก์ต2,,0,125,1246,125,86.1762,73.4032
จุฬาลงกรณ์มหาวิทยาลัย,วิทยาเขตหลัก,10010134901001A,0,P3403,คณะนิติศาสตร์,หลักสูตรนิติศาสตรบัณฑิต,เลือกสอบวิชาภาษา ฝรั่งเศส,,0,35,174,35,82.2154,69.1442
จุฬาลงกรณ์มหาวิทยาลัย,วิทยาเขตหลัก,10010134901001A,0,P3404,คณะนิติศาสตร์,หลักสูตรนิติศาสตรบัณฑิต,เลือกสอบวิชา ภาษาเยอรมัน,,0,25,84,25,83.9730,65.4586
จุฬาลงกรณ์มหาวิทยาลัย,วิทยาเขตหลัก,10010134901001A,0,P3405,คณะนิติศาสตร์,หลักสูตรนิติศาสตรบัณฑิต,เลือกสอบวิชา ภาษาญี่ปุ่น,,0,25,186,25,85.6882,71.3888
จุฬาลงกรณ์มหาวิทยาลัย,วิทยาเขตหลัก,10010134901001A,0,P3406,คณะนิติศาสตร์,หลักสูตรนิติศาสตรบัณฑิต,เลือกสอบวิชาภาษา เกาหลี,,0,5,48,5,75.2774,71.1746
จุฬาลงกรณ์มหาวิทยาลัย,วิทยาเขตหลัก,10010134901001A,0,P3407,คณะนิติศาสตร์,หลักสูตรนิติศาสตรบัณฑิต,เลือกสอบวิชา ภาษาจีน,,0,35,188,35,82.7452,68.6490
จุฬาลงกรณ์มหาวิทยาลัย,วิทยาเขตหลัก,10010137110101A,0,0,คณะสหเวชศาสตร์,หลักสูตรวิทยาศาสตรบัณฑิตสาขาวิชา กายภาพบำบัด,,,0,56,1134,56,69.5924,60.9182
จุฬาลงกรณ์มหาวิทยาลัย,วิทยาเขตหลัก,10010137111301A,0,0,คณะสหเวชศาสตร์,หลักสูตรวิทยาศาสตรบัณฑิตสาขาวิชาเทคนิค การแพทย์,,,0,104,787,104,66.2712,54.3526
จุฬาลงกรณ์มหาวิทยาลัย,วิทยาเขตหลัก,10010137111801A,0,0,คณะสหเวชศาสตร์,หลักสูตรวิทยาศาสตรบัณฑิตสาขาวิชา โภชนาการและการกำหนดอาหาร,,,0,44,210,44,60.4011,46.0301
จุฬาลงกรณ์มหาวิทยาลัย,วิทยาเขตหลัก,10010137111901A,0,0,คณะสหเวชศาสตร์,หลักสูตรวิทยาศาสตรบัณฑิตสาขาวิชารังีสเทคนิค,,,0,25,373,25,64.6753,52.8165
จุฬาลงกรณ์มหาวิทยาลัย,วิทยาเขตหลัก,10010138113101A,0,P3802,คณะจิตวิทยา,หลักสูตรวิทยาศาสตรบัณฑิตสาขาวิชาจิตวิทยา,(รูปแบบที่ 1),,0,42,420,42,82.0320,57.9290
จุฬาลงกรณ์มหาวิทยาลัย,วิทยาเขตหลัก,10010138113101A,0,P3803,คณะจิตวิทยา,หลักสูตรวิทยาศาสตรบัณฑิตสาขาวิชาจิตวิทยา,(รูปแบบที่ 2),,0,15,341,15,70.9505,62.4370
จุฬาลงกรณ์มหาวิทยาลัย,วิทยาเขตหลัก,10010138113101A,0,P3804,คณะจิตวิทยา,หลักสูตรวิทยาศาสตรบัณฑิตสาขาวิชาจิตวิทยา,(รูปแบบที่ 3),,0,18,955,18,85.4920,79.8990
จุฬาลงกรณ์มหาวิทยาลัย,วิทยาเขตหลัก,10010139112001A,0,0,คณะวิทยาศาสตร์การกีฬา,หลักสูตรวิทยาศาสตรบัณฑิตสาขาวิชา วิทยาศาสตร์การกีฬาและการออกกำลังกาย,,,0,60,570,60,76.3488,58.9732
จุฬาลงกรณ์มหาวิทยาลัย,วิทยาเขตหลัก,10010140900301A,0,P4003,สำนักวิชาทรัพยากรการเกษตร,หลักสูตรศิลปศาสตรและวิทยาศาสตรบัณฑิตสาขาวิชาการบริหารจัดการทรัพยากรการเกษตร,(รูปแบบที่ 1),,4031,70,48,0,0.0000,0.0000
จุฬาลงกรณ์มหาวิทยาลัย,วิทยาเขตหลัก,10010140900301A,0,P4004,สำนักวิชาทรัพยากรการเกษตร,หลักสูตรศิลปศาสตรและวิทยาศาสตรบัณฑิตสาขาวิชาการบริหารจัดการทรัพยากรการเกษตร,(รูปแบบที่ 2),,4031,70,442,70,69.5056,53.3968
จุฬาลงกรณ์มหาวิทยาลัย,วิทยาเขตหลัก,10010140900301A,0,P4005,สำนักวิชาทรัพยากรการเกษตร,หลักสูตรศิลปศาสตรและวิทยาศาสตรบัณฑิตสาขาวิชาการบริหารจัดการทรัพยากรการเกษตร,(รูปแบบที่ 3),,4031,70,24,0,0.0000,0.0000
มหาวิทยาลัยเกษตรศาสตร์,บางเขน,10020101111802A,0,C2800,คณะเกษตร,วท.บ. สาขาวิชาอาหาร โภชนาการ และการ กำหนดอาหาร,Admission,,0,9,212,9,60.4216,54.2584
มหาวิทยาลัยเกษตรศาสตร์,บางเขน,10020101500101A,0,C2800,คณะเกษตร,วท.บ. สาขาวิชาเทคโนโลยีระบบเกษตร,Admission,,0,22,172,22,56.4804,44.2054
มหาวิทยาลัยเกษตรศาสตร์,บางเขน,10020101500201A,0,C2800,คณะเกษตร,วท.บ. สาขาวิชาการจัดการศัตรูพืชและสัตว์,Admission,,0,29,267,29,56.0048,41.7356
มหาวิทยาลัยเกษตรศาสตร์,บางเขน,10020101500202A,0,C2800,คณะเกษตร,วท.บ. สาขาวิชาสัตวศาสตร์อุตสาหกรรม,Admission,,0,31,314,31,56.8784,50.1900
มหาวิทยาลัยเกษตรศาสตร์,บางเขน,10020101500203A,0,C2800,คณะเกษตร,วท.บ. สาขาวิชาเคมีการเกษตร,Admission,,0,27,221,27,55.5044,43.7396
มหาวิทยาลัยเกษตรศาสตร์,บางเขน,10020101500204A,0,C2800,คณะเกษตร,วท.บ. สาขาวิชาวิทยาศาสตร์เกษตร,Admission,,0,104,816,104,50.9876,42.1428
มหาวิทยาลัยเกษตรศาสตร์,บางเขน,10020101500205A,0,C2800,คณะเกษตร,วท.บ. สาขาวิชาเกษตรเขตร้อน,Admission,,0,27,482,27,54.3162,41.1986
มหาวิทยาลัยเกษตรศาสตร์,บางเขน,10020101500205E,0,C2800,คณะเกษตร,วท.บ. สาขาวิชาเกษตรเขตร้อน,Admission,,0,36,16,7,42.1600,20.8398
มหาวิทยาลัยเกษตรศาสตร์,บางเขน,10020101500301A,0,C2800,คณะเกษตร,วท.บ. สาขาวิชาคหกรรมศาสตร์,Admission,,0,43,382,43,55.8230,43.2732
มหาวิทยาลัยเกษตรศาสตร์,บางเขน,10020102500601A,0,C2800,คณะประมง,วท.บ. สาขาวิชาประมง,Admission,,0,120,938,120,47.7320,33.8165
มหาวิทยาลัยเกษตรศาสตร์,บางเขน,10020103501001A,0,C2800,คณะวนศาสตร์,วท.บ. สาขาวิชาวนศาสตร์,Admission,,0,30,595,30,63.5900,55.0380
มหาวิทยาลัยเกษตรศาสตร์,บางเขน,10020104210301A,0,C2800,คณะวิทยาศาสตร์,วท.บ. สาขาวิชาคณิตศาสตร์,Admission,,0,22,228,22,60.2544,52.5843
มหาวิทยาลัยเกษตรศาสตร์,บางเขน,10020104210401A,0,C2800,คณะวิทยาศาสตร์,วท.บ. สาขาวิชาเคมี,Admission,,0,61,465,61,58.6541,48.9675
มหาวิทยาลัยเกษตรศาสตร์,บางเขน,10020104210402E,0,C2800,คณะวิทยาศาสตร์,วท.บ. สาขาวิชาเคมีบูรณาการ,Admission,,0,30,271,30,54.0100,41.7909
มหาวิทยาลัยเกษตรศาสตร์,บางเขน,10020104210404A,0,C2800,คณะวิทยาศาสตร์,วท.บ. สาขาวิชาเคมีอุตสาหกรรม,Admission,,0,28,418,28,59.7832,51.1337
มหาวิทยาลัยเกษตรศาสตร์,บางเขน,10020104210501A,0,C2800,คณะวิทยาศาสตร์,วท.บ. สาขาวิชาจุลชีววิทยา,Admission,,0,59,551,59,60.8056,50.6606
มหาวิทยาลัยเกษตรศาสตร์,บางเขน,10020104210601A,0,C2800,คณะวิทยาศาสตร์,วท.บ. สาขาวิชาชีวเคมี,Admission,,0,40,135,35,54.4252,33.2780
มหาวิทยาลัยเกษตรศาสตร์,บางเขน,10020104210701A,0,C2800,คณะวิทยาศาสตร์,วท.บ. สาขาวิชาชีววิทยา,Admission,,0,23,220,23,55.1720,44.2245
มหาวิทยาลัยเกษตรศาสตร์,บางเขน,10020104210701A,C,C2800,คณะวิทยาศาสตร์,วท.บ. สาขาวิชาชีววิทยา,Admission,วิชาเอกสัตว วิทยา,0,28,170,28,56.6610,44.0000
มหาวิทยาลัยเกษตรศาสตร์,บางเขน,10020104210702A,0,C2800,คณะวิทยาศาสตร์,วท.บ. สาขาวิชาวิทยาศาสตร์ชีวภาพรังสี,Admission,,0,15,223,15,57.4974,52.3130
มหาวิทยาลัยเกษตรศาสตร์,บางเขน,10020104211201E,0,C2800,คณะวิทยาศาสตร์,วท.บ. สาขาวิชาวิทยาศาสตร์ชีวภาพและเทคโนโลยี,Admission,,0,35,3,1,46.8290,46.8290
มหาวิทยาลัยเกษตรศาสตร์,บางเขน,10020104212301A,0,C2800,คณะวิทยาศาสตร์,วท.บ. สาขาวิชาวิทยาศาสตร์พื้นพิภพ,Admission,,0,36,347,36,56.3831,45.6301
มหาวิทยาลัยเกษตรศาสตร์,บางเขน,10020104212501A,0,C2800,คณะวิทยาศาสตร์,วท.บ. สาขาวิชาพฤกษศาสตร์,Admission,,0,25,379,25,54.1212,47.0420
มหาวิทยาลัยเกษตรศาสตร์,บางเขน,10020104212601A,0,C2800,คณะวิทยาศาสตร์,วท.บ. สาขาวิชาพันธุศาสตร์,Admission,,0,47,475,47,59.0135,49.0580
มหาวิทยาลัยเกษตรศาสตร์,บางเขน,10020104212701A,0,C2800,คณะวิทยาศาสตร์,วท.บ. สาขาวิชาฟิสิกส์,Admission,,0,40,317,40,63.2684,50.8524
มหาวิทยาลัยเกษตรศาสตร์,บางเขน,10020104212702A,0,C2800,คณะวิทยาศาสตร์,วท.บ. สาขาวิชาวิทยาศาสตร์นิวเคลียร์,Admission,,0,35,342,35,56.2244,47.0516
มหาวิทยาลัยเกษตรศาสตร์,บางเขน,10020104213301A,0,C2800,คณะวิทยาศาสตร์,วท.บ. สาขาวิชาสถิติ,Admission,,0,20,296,20,65.1910,57.7615
มหาวิทยาลัยเกษตรศาสตร์,บางเขน,10020104213301B,0,C2800,คณะวิทยาศาสตร์,วท.บ. สาขาวิชาสถิติ,Admission,,0,65,307,65,55.5336,46.3418
มหาวิทยาลัยเกษตรศาสตร์,บางเขน,10020104213601E,0,C2800,คณะวิทยาศาสตร์,วท.บ. สาขาวิชาวิทยาการและเทคโนโลยีพอิลเมอร์,Admission,,0,20,283,20,59.6660,46.3330
มหาวิทยาลัยเกษตรศาสตร์,บางเขน,10020104220201A,0,C2800,คณะวิทยาศาสตร์,วท.บ. สาขาวิชาวิทยาการคอมพิวเตอร์,Admission,,0,23,712,23,84.8499,67.7829
มหาวิทยาลัยเกษตรศาสตร์,บางเขน,10020104220201B,0,C2800,คณะวิทยาศาสตร์,วท.บ. สาขาวิชาวิทยาการคอมพิวเตอร์,Admission,,0,67,426,67,74.7332,60.2664
มหาวิทยาลัยเกษตรศาสตร์,บางเขน,10020105300501A,0,C2800,คณะวิศวกรรมศาสตร์,วศ.บ. สาขาวิชาวิศวกรรมคอมพิวเตอร์,Admission,,0,35,921,35,64.7553,56.0631
มหาวิทยาลัยเกษตรศาสตร์,บางเขน,10020105300601A,0,C2800,คณะวิศวกรรมศาสตร์,วศ.บ. สาขาวิชาวิศวกรรมเคมี,Admission,,0,21,334,21,56.2333,46.1166
มหาวิทยาลัยเกษตรศาสตร์,บางเขน,10020105300601B,0,C2800,คณะวิศวกรรมศาสตร์,วศ.บ. สาขาวิชาวิศวกรรมเคมี,Admission,,0,44,338,44,49.0665,39.4500
มหาวิทยาลัยเกษตรศาสตร์,บางเขน,10020105300701A,0,C2800,คณะวิศวกรรมศาสตร์,วศ.บ. สาขาวิชาวิศวกรรมเครื่องกล,Admission,,0,10,687,10,63.0294,56.7770
มหาวิทยาลัยเกษตรศาสตร์,บางเขน,10020105300701B,0,C2800,คณะวิศวกรรมศาสตร์,วศ.บ. สาขาวิชาวิศวกรรมเครื่องกล,Admission,,0,25,474,25,53.4698,48.2444
มหาวิทยาลัยเกษตรศาสตร์,บางเขน,10020105300701E,0,C2800,คณะวิศวกรรมศาสตร์,วศ.บ. สาขาวิชาวิศวกรรมเครื่องกล,Admission,,0,25,177,25,52.8998,39.2500
มหาวิทยาลัยเกษตรศาสตร์,บางเขน,10020105301001E,0,C2800,คณะวิศวกรรมศาสตร์,วศ.บ. สาขาวิชาวิศวกรรมซอฟต์แวร์และความรู้,Admission,,0,30,170,30,59.2556,45.5898
มหาวิทยาลัยเกษตรศาสตร์,บางเขน,10020105301601A,0,C2800,คณะวิศวกรรมศาสตร์,วศ.บ. สาขาวิชาวิศวกรรมไฟฟ้า,Admission,,0,20,763,20,63.6688,57.4968
มหาวิทยาลัยเกษตรศาสตร์,บางเขน,10020105301601B,0,C2800,คณะวิศวกรรมศาสตร์,วศ.บ. สาขาวิชาวิศวกรรมไฟฟ้า,Admission,,0,30,427,30,57.4842,51.2436
มหาวิทยาลัยเกษตรศาสตร์,บางเขน,10020105301601D,0,C2800,คณะวิศวกรรมศาสตร์,วศ.บ. สาขาวิชาวิศวกรรมไฟฟ้า,Admission,,0,25,223,25,57.2725,45.9210
มหาวิทยาลัยเกษตรศาสตร์,บางเขน,10020105301901A,0,C2800,คณะวิศวกรรมศาสตร์,วศ.บ. สาขาวิชาวิศวกรรมไฟฟ้าเครื่องกลการ ผลิต,Admission,,0,5,230,5,57.7896,55.0966
มหาวิทยาลัยเกษตรศาสตร์,บางเขน,10020105301901B,0,C2800,คณะวิศวกรรมศาสตร์,วศ.บ. สาขาวิชาวิศวกรรมไฟฟ้าเครื่องกลการ ผลิต,Admission,,0,20,330,20,53.0444,47.4498
มหาวิทยาลัยเกษตรศาสตร์,บางเขน,10020105301902E,0,C2800,คณะวิศวกรรมศาสตร์,วศ.บ. สาขาวิชาวิศวกรรมการผลิตดิจิทัลและ การบูรณาการหุ่นยนต์,Admission,,0,15,251,15,42.7166,39.0331
มหาวิทยาลัยเกษตรศาสตร์,บางเขน,10020105302101A,0,C2800,คณะวิศวกรรมศาสตร์,วศ.บ. สาขาวิชาวิศวกรรมโยธา,Admission,,0,21,778,21,60.8022,53.1634
มหาวิทยาลัยเกษตรศาสตร์,บางเขน,10020105302101D,0,C2800,คณะวิศวกรรมศาสตร์,วศ.บ. สาขาวิชาวิศวกรรมโยธา,Admission,,0,25,239,25,49.0716,43.6832
มหาวิทยาลัยเกษตรศาสตร์,บางเขน,10020105302103A,0,C2800,คณะวิศวกรรมศาสตร์,วศ.บ. สาขาวิชาวิศวกรรมโยธา-ทรัพยากร้นา,Admission,,0,16,873,16,53.8286,49.3364
มหาวิทยาลัยเกษตรศาสตร์,บางเขน,10020105302501A,0,C2800,คณะวิศวกรรมศาสตร์,วศ.บ. สาขาวิชาวิศวกรรมวัสดุ,Admission,,0,4,67,4,39.2000,35.7166
มหาวิทยาลัยเกษตรศาสตร์,บางเขน,10020105302501B,0,C2801,คณะวิศวกรรมศาสตร์,วศ.บ. สาขาวิชาวิศวกรรมวัสดุ,Admission (วิศวกรรมวัสุด(ภาค พิเศษ) ใช้คะแนน A-Level ฟิสิก์สไม่ใช้ A-Level เคม)ี,,0,13,252,13,46.2257,43.4287
มหาวิทยาลัยเกษตรศาสตร์,บางเขน,10020105302501B,0,C2802,คณะวิศวกรรมศาสตร์,วศ.บ. สาขาวิชาวิศวกรรมวัสดุ,Admission (วิศวกรรมวัสุด(ภาค พิเศษ) ใช้คะแนน A-Level เคีมไม่ใช้ A-Level ฟิสิกส์),,0,13,175,13,47.2500,42.6660
มหาวิทยาลัยเกษตรศาสตร์,บางเขน,10020105302501B,0,C2803,คณะวิศวกรรมศาสตร์,วศ.บ. สาขาวิชาวิศวกรรมวัสดุ,Admission (วิศวกรรมวัสุด(ภาค พิเศษ) ใช้คะแนน A-Level ฟิสิก์สและ A-Level เคม)ี,,0,5,80,5,34.3831,33.3666
มหาวิทยาลัยเกษตรศาสตร์,บางเขน,10020105302701B,0,C2800,คณะวิศวกรรมศาสตร์,วศ.บ. สาขาวิชาวิศวกรรมสำรวจและ สารสนเทศภูมิศาสตร์,Admission,,0,34,618,34,46.9772,42.0174
มหาวิทยาลัยเกษตรศาสตร์,บางเขน,10020105302801A,0,C2800,คณะวิศวกรรมศาสตร์,วศ.บ. สาขาวิชาวิศวกรรมสิ่งแวดล้อม,Admission,,0,31,451,31,55.7500,43.6665
มหาวิทยาลัยเกษตรศาสตร์,บางเขน,10020105302801D,0,C2800,คณะวิศวกรรมศาสตร์,วศ.บ. สาขาวิชาวิศวกรรมสิ่งแวดล้อม,Admission,,0,20,441,20,46.3330,38.3333
มหาวิทยาลัยเกษตรศาสตร์,บางเขน,10020105303201A,0,C2800,คณะวิศวกรรมศาสตร์,วศ.บ. สาขาวิชาวิศวกรรมการบินและอวกาศ,Admission,,0,20,499,20,57.5998,47.2505
มหาวิทยาลัยเกษตรศาสตร์,บางเขน,10020105303201G,0,C2800,คณะวิศวกรรมศาสตร์,วศ.บ. สาขาวิชาวิศวกรรมการบินและอวกาศ,Admission,,0,15,170,15,45.1665,40.5830
มหาวิทยาลัยเกษตรศาสตร์,บางเขน,10020105303402A,A,C2800,คณะวิศวกรรมศาสตร์,วศ.บ. สาขาวิชาวิศวกรรมเซมิคอนดักเตอร์,Admission,การ ออกแบบ วงจรรวม,0,5,184,5,57.8564,55.5770
มหาวิทยาลัยเกษตรศาสตร์,บางเขน,10020105303402A,B,C2800,คณะวิศวกรรมศาสตร์,วศ.บ. สาขาวิชาวิศวกรรมเซมิคอนดักเตอร์,Admission,การผลิตเซิมคอนดักเตอร์,0,3,145,3,59.3332,56.4698
มหาวิทยาลัยเกษตรศาสตร์,บางเขน,10020105303501A,0,C2800,คณะวิศวกรรมศาสตร์,วศ.บ. สาขาวิชาวิศวกรรมอุตสาหการ,Admission,,0,30,627,30,60.1330,49.5163
มหาวิทยาลัยเกษตรศาสตร์,บางเขน,10020105303501B,0,C2800,คณะวิศวกรรมศาสตร์,วศ.บ. สาขาวิชาวิศวกรรมอุตสาหการ,Admission,,0,30,497,30,47.7935,42.2038
มหาวิทยาลัยเกษตรศาสตร์,บางเขน,10020105303501D,0,C2800,คณะวิศวกรรมศาสตร์,วศ.บ. สาขาวิชาวิศวกรรมอุตสาหการ,Admission,,0,20,276,20,50.7500,40.5830
มหาวิทยาลัยเกษตรศาสตร์,บางเขน,10020105620202B,0,C2800,คณะวิศวกรรมศาสตร์,วท.บ. สาขาวิชาการจัดการเทคโนโลยีการบิน,Admission,,0,15,554,15,60.4999,55.4175
มหาวิทยาลัยเกษตรศาสตร์,บางเขน,10020106700301A,D,C2800,คณะศึกษาศาสตร์,ศษ.บ. สาขาวิชาศึกษาศาสตร์,Admission,วิชาเอกค หกรรมศา สตรศึกษา,0,6,179,6,72.4259,68.4491
มหาวิทยาลัยเกษตรศาสตร์,บางเขน,10020106700301A,E,C2800,คณะศึกษาศาสตร์,ศษ.บ. สาขาวิชาศึกษาศาสตร์,Admission,วิชาเอกการ สอน คณิตศาสตร์,0,21,539,21,71.8987,62.6201
มหาวิทยาลัยเกษตรศาสตร์,บางเขน,10020106700301A,I,C2804,คณะศึกษาศาสตร์,ศษ.บ. สาขาวิชาศึกษาศาสตร์,Admission (พาณิชยศาสตร ศึกษา ใช้คะแนน A-Level),วิชาเอก พาณิชยศาสต รศึกษา,0,12,262,12,68.8671,64.1222
มหาวิทยาลัยเกษตรศาสตร์,บางเขน,10020106700301A,I,C2805,คณะศึกษาศาสตร์,ศษ.บ. สาขาวิชาศึกษาศาสตร์,Admission (พาณิชยศาสตร ศึกษา ใช้คะแนน V-NET),วิชาเอก พาณิชยศาสต รศึกษา,0,5,6,5,72.7760,60.1240
มหาวิทยาลัยเกษตรศาสตร์,บางเขน,10020106700301A,J,C2800,คณะศึกษาศาสตร์,ศษ.บ. สาขาวิชาศึกษาศาสตร์,Admission,วิชาเอกการ สอน ภาษาอังกฤษ,0,8,169,8,84.3236,81.7660
มหาวิทยาลัยเกษตรศาสตร์,บางเขน,10020106700301A,K,C2800,คณะศึกษาศาสตร์,ศษ.บ. สาขาวิชาศึกษาศาสตร์,Admission,วิชาเอกการ สอน ภาษาไทย,0,14,863,14,81.6773,75.0332
มหาวิทยาลัยเกษตรศาสตร์,บางเขน,10020106700301A,M,C2800,คณะศึกษาศาสตร์,ศษ.บ. สาขาวิชาศึกษาศาสตร์,Admission,วิชาเอก เทคโนโลียดิจิทัลเพื่อ การศึกษา,0,24,647,24,64.8165,60.0929
มหาวิทยาลัยเกษตรศาสตร์,บางเขน,10020106700301A,N,C2800,คณะศึกษาศาสตร์,ศษ.บ. สาขาวิชาศึกษาศาสตร์,Admission,วิชาเอก วิทยาศาสต์รทั่วไป,0,11,160,11,76.5198,68.9199
มหาวิทยาลัยเกษตรศาสตร์,บางเขน,10020106702801A,0,C2800,คณะศึกษาศาสตร์,ศษ.บ. สาขาวิชาพลศึกษา,Admission,,0,18,876,18,78.5184,70.8160
มหาวิทยาลัยเกษตรศาสตร์,บางเขน,10020106702802A,0,C2800,คณะศึกษาศาสตร์,ศษ.บ. สาขาวิชาสุขศึกษา,Admission,,0,13,678,13,79.8280,74.4335
มหาวิทยาลัยเกษตรศาสตร์,บางเขน,10020107611101A,0,C2800,คณะเศรษฐศาสตร์,ศ.บ. สาขาวิชาเศรษฐศาสตร์,Admission,,0,72,806,72,62.4590,53.9332
มหาวิทยาลัยเกษตรศาสตร์,บางเขน,10020107611101B,0,C2800,คณะเศรษฐศาสตร์,ศ.บ. สาขาวิชาเศรษฐศาสตร์,Admission,,0,148,730,149,55.1650,47.9036
มหาวิทยาลัยเกษตรศาสตร์,บางเขน,10020107611101D,0,C2800,คณะเศรษฐศาสตร์,ศ.บ. สาขาวิชาเศรษฐศาสตร์,Admission,,0,20,138,20,66.6898,56.9215
มหาวิทยาลัยเกษตรศาสตร์,บางเขน,10020107611102A,0,C2800,คณะเศรษฐศาสตร์,ศ.บ. สาขาวิชาเศรษฐศาสตร์สหกรณ์,Admission,,0,50,767,50,55.8184,46.5684
มหาวิทยาลัยเกษตรศาสตร์,บางเขน,10020107611102B,0,C2806,คณะเศรษฐศาสตร์,ศ.บ. สาขาวิชาเศรษฐศาสตร์สหกรณ์,Admission (เศรษฐศาสต์รสหกร์ณ(ภาคพิเศษ) ใช้คะแนน A-Level คณิตศาสตร์ประยุก์ต1),,0,65,645,65,48.4022,40.8701
มหาวิทยาลัยเกษตรศาสตร์,บางเขน,10020107611102B,0,C2807,คณะเศรษฐศาสตร์,ศ.บ. สาขาวิชาเศรษฐศาสตร์สหกรณ์,Admission (เศรษฐศาสต์รสหกร์ณ(ภาคพิเศษ) ใช้คะแนน A-Level คณิตศาสตร์ประยุก์ต2),,0,45,643,45,69.8333,60.3859
มหาวิทยาลัยเกษตรศาสตร์,บางเขน,10020107611103A,0,C2808,คณะเศรษฐศาสตร์,ศ.บ. สาขาวิชาเศรษฐศาสตร์ประยุกต์และธุรกิจ เกษตร,Admission (เศรษฐศาสต์รประยุกต์และธุรกิจ เกษตร ใช้คะแนน A-Level คณิตศาสตร์ประยุก์ต1),,0,90,880,91,47.8176,41.0582
มหาวิทยาลัยเกษตรศาสตร์,บางเขน,10020107611103A,0,C2809,คณะเศรษฐศาสตร์,ศ.บ. สาขาวิชาเศรษฐศาสตร์ประยุกต์และธุรกิจ เกษตร,Admission (เศรษฐศาสต์รประยุกต์และธุรกิจ เกษตร ใช้คะแนน A-Level คณิตศาสตร์ประยุก์ต2),,0,40,739,40,81.2708,71.4976
มหาวิทยาลัยเกษตรศาสตร์,บางเขน,10020107611103B,0,C2808,คณะเศรษฐศาสตร์,ศ.บ. สาขาวิชาเศรษฐศาสตร์ประยุกต์และธุรกิจ เกษตร,Admission (เศรษฐศาสต์รประยุกต์และธุรกิจ เกษตร ใช้คะแนน A-Level คณิตศาสตร์ประยุก์ต1),,0,150,1065,150,45.4385,37.3385
มหาวิทยาลัยเกษตรศาสตร์,บางเขน,10020107611103B,0,C2809,คณะเศรษฐศาสตร์,ศ.บ. สาขาวิชาเศรษฐศาสตร์ประยุกต์และธุรกิจ เกษตร,Admission (เศรษฐศาสต์รประยุกต์และธุรกิจ เกษตร ใช้คะแนน A-Level คณิตศาสตร์ประยุก์ต2),,0,70,578,70,69.5388,54.5738
มหาวิทยาลัยเกษตรศาสตร์,บางเขน,10020107611104E,0,C2800,คณะเศรษฐศาสตร์,ศศ.บ. สาขาวิชาเศรษฐศาสตร์การประกอบการ,Admission,,0,50,151,45,64.9373,47.5070
มหาวิทยาลัยเกษตรศาสตร์,บางเขน,10020108113101A,N,C2800,คณะสังคมศาสตร์,วท.บ. สาขาวิชาจิตวิทยา,Admission,วิชาเอก จิตวิทยา ชุมชน,0,9,165,9,68.5215,49.0300
มหาวิทยาลัยเกษตรศาสตร์,บางเขน,10020108113101A,O,C2800,คณะสังคมศาสตร์,วท.บ. สาขาวิชาจิตวิทยา,Admission,วิชาเอก จิตวิทยา คลินิก,0,3,447,3,73.1708,61.0123
มหาวิทยาลัยเกษตรศาสตร์,บางเขน,10020108113101A,P,C2800,คณะสังคมศาสตร์,วท.บ. สาขาวิชาจิตวิทยา,Admission,วิชาเอก จิตวิทยา พัฒนาการ,0,10,229,10,58.4050,51.7848
มหาวิทยาลัยเกษตรศาสตร์,บางเขน,10020108113101A,Q,C2800,คณะสังคมศาสตร์,วท.บ. สาขาวิชาจิตวิทยา,Admission,วิชาเอก จิตวิทยา อุตสาหกรรม และองค์การ,0,11,227,11,57.8305,53.3063
มหาวิทยาลัยเกษตรศาสตร์,บางเขน,10020108113101B,N,C2800,คณะสังคมศาสตร์,วท.บ. สาขาวิชาจิตวิทยา,Admission,วิชาเอก จิตวิทยา ชุมชน,0,20,193,20,48.9263,44.6918
มหาวิทยาลัยเกษตรศาสตร์,บางเขน,10020108113101B,O,C2800,คณะสังคมศาสตร์,วท.บ. สาขาวิชาจิตวิทยา,Admission,วิชาเอก จิตวิทยา คลินิก,0,13,217,13,59.7030,53.5583
มหาวิทยาลัยเกษตรศาสตร์,บางเขน,10020108113101B,P,C2800,คณะสังคมศาสตร์,วท.บ. สาขาวิชาจิตวิทยา,Admission,วิชาเอก จิตวิทยา พัฒนาการ,0,17,166,17,50.3120,47.4450
มหาวิทยาลัยเกษตรศาสตร์,บางเขน,10020108113101B,Q,C2800,คณะสังคมศาสตร์,วท.บ. สาขาวิชาจิตวิทยา,Admission,วิชาเอก จิตวิทยา อุตสาหกรรม และองค์การ,0,27,256,27,51.9175,45.8350
มหาวิทยาลัยเกษตรศาสตร์,บางเขน,10020108901001A,0,C2810,คณะสังคมศาสตร์,น.บ.(นิติศาสตรบัณฑิต),Admission (นิติศา สตรบัณฑิตใช้ คะแนน A-Level ภาษาฝรั่งเศส),,0,4,113,4,63.4331,61.4731
มหาวิทยาลัยเกษตรศาสตร์,บางเขน,10020108901001A,0,C2811,คณะสังคมศาสตร์,น.บ.(นิติศาสตรบัณฑิต),Admission (นิติศา สตรบัณฑิตใช้ คะแนน A-Level ภาษาเยอรมัน ),,0,4,54,4,64.2333,54.5426
มหาวิทยาลัยเกษตรศาสตร์,บางเขน,10020108901001A,0,C2812,คณะสังคมศาสตร์,น.บ.(นิติศาสตรบัณฑิต),Admission (นิติศา สตรบัณฑิตใช้ คะแนน A-Level ภาษาญี่ปุ่น),,0,4,142,4,67.6675,64.7296
มหาวิทยาลัยเกษตรศาสตร์,บางเขน,10020108901001A,0,C2813,คณะสังคมศาสตร์,น.บ.(นิติศาสตรบัณฑิต),Admission (นิติศา สตรบัณฑิตใช้ คะแนน A-Level ภาษาเกาหลี),,0,4,79,4,62.6686,60.6831
มหาวิทยาลัยเกษตรศาสตร์,บางเขน,10020108901001A,0,C2814,คณะสังคมศาสตร์,น.บ.(นิติศาสตรบัณฑิต),Admission (นิติศา สตรบัณฑิตใช้ คะแนน A-Level ภาษาจีน),,0,4,151,4,62.1497,61.2446
มหาวิทยาลัยเกษตรศาสตร์,บางเขน,10020108901001A,0,C2815,คณะสังคมศาสตร์,น.บ.(นิติศาสตรบัณฑิต),Admission (นิติศา สตรบัณฑิตใช้ คะแนน A-Level คณิตศาสตร์ประยุก์ต1),,0,7,452,7,61.1855,57.7777
มหาวิทยาลัยเกษตรศาสตร์,บางเขน,10020108901001A,0,C2816,คณะสังคมศาสตร์,น.บ.(นิติศาสตรบัณฑิต),Admission (นิติศา สตรบัณฑิตใช้ คะแนน A-Level คณิตศาสตร์ประยุก์ต2),,0,7,1023,7,72.1251,69.5465
มหาวิทยาลัยเกษตรศาสตร์,บางเขน,10020108901001A,0,C2817,คณะสังคมศาสตร์,น.บ.(นิติศาสตรบัณฑิต),Admission (นิติศา สตรบัณฑิตใช้ คะแนน A-Level วิทยาศาสตร์ประยุกต์),,0,6,287,6,67.8638,64.0095
มหาวิทยาลัยเกษตรศาสตร์,บางเขน,10020108901001A,0,C2818,คณะสังคมศาสตร์,น.บ.(นิติศาสตรบัณฑิต),Admission (นิติศา สตรบัณฑิตใช้ คะแนน A-Level ภาษาไทย),,0,6,1412,6,72.0095,69.6750
มหาวิทยาลัยเกษตรศาสตร์,บางเขน,10020108901001B,0,C2810,คณะสังคมศาสตร์,น.บ.(นิติศาสตรบัณฑิต),Admission (นิติศา สตรบัณฑิตใช้ คะแนน A-Level ภาษาฝรั่งเศส),,0,7,55,7,59.5195,52.3204
มหาวิทยาลัยเกษตรศาสตร์,บางเขน,10020108901001B,0,C2811,คณะสังคมศาสตร์,น.บ.(นิติศาสตรบัณฑิต),Admission (นิติศา สตรบัณฑิตใช้ คะแนน A-Level ภาษาเยอรมัน ),,0,7,29,7,52.8389,46.9078
มหาวิทยาลัยเกษตรศาสตร์,บางเขน,10020108901001B,0,C2812,คณะสังคมศาสตร์,น.บ.(นิติศาสตรบัณฑิต),Admission (นิติศา สตรบัณฑิตใช้ คะแนน A-Level ภาษาญี่ปุ่น),,0,7,55,7,63.5144,55.9014
มหาวิทยาลัยเกษตรศาสตร์,บางเขน,10020108901001B,0,C2813,คณะสังคมศาสตร์,น.บ.(นิติศาสตรบัณฑิต),Admission (นิติศา สตรบัณฑิตใช้ คะแนน A-Level ภาษาเกาหลี),,0,7,40,7,61.7362,50.9842
มหาวิทยาลัยเกษตรศาสตร์,บางเขน,10020108901001B,0,C2814,คณะสังคมศาสตร์,น.บ.(นิติศาสตรบัณฑิต),Admission (นิติศา สตรบัณฑิตใช้ คะแนน A-Level ภาษาจีน),,0,7,79,7,59.8323,56.0615
มหาวิทยาลัยเกษตรศาสตร์,บางเขน,10020108901001B,0,C2815,คณะสังคมศาสตร์,น.บ.(นิติศาสตรบัณฑิต),Admission (นิติศา สตรบัณฑิตใช้ คะแนน A-Level คณิตศาสตร์ประยุก์ต1),,0,12,180,12,56.1429,52.5847
มหาวิทยาลัยเกษตรศาสตร์,บางเขน,10020108901001B,0,C2816,คณะสังคมศาสตร์,น.บ.(นิติศาสตรบัณฑิต),Admission (นิติศา สตรบัณฑิตใช้ คะแนน A-Level คณิตศาสตร์ประยุก์ต2),,0,12,288,12,68.7248,64.5220
มหาวิทยาลัยเกษตรศาสตร์,บางเขน,10020108901001B,0,C2817,คณะสังคมศาสตร์,น.บ.(นิติศาสตรบัณฑิต),Admission (นิติศา สตรบัณฑิตใช้ คะแนน A-Level วิทยาศาสตร์ประยุกต์),,0,12,157,12,61.6807,57.6719
มหาวิทยาลัยเกษตรศาสตร์,บางเขน,10020108901001B,0,C2818,คณะสังคมศาสตร์,น.บ.(นิติศาสตรบัณฑิต),Admission (นิติศา สตรบัณฑิตใช้ คะแนน A-Level ภาษาไทย),,0,12,530,12,69.3884,65.3740
มหาวิทยาลัยเกษตรศาสตร์,บางเขน,10020108901401A,0,C2819,คณะสังคมศาสตร์,ศศ.บ. สาขาวิชาประวัติศาสตร์,Admission (ประวัติศาสต์รใช้ คะแนน A-Level คณิตศาสตร์ประยุก์ต2),,0,17,281,17,60.2785,55.0818
มหาวิทยาลัยเกษตรศาสตร์,บางเขน,10020108901401A,0,C2820,คณะสังคมศาสตร์,ศศ.บ. สาขาวิชาประวัติศาสตร์,Admission (ประวัติศาสต์รใช้ คะแนน A-Level ภาษาต่างประเทศ),,0,17,224,17,60.5750,54.8448
มหาวิทยาลัยเกษตรศาสตร์,บางเขน,10020108902801B,0,C2821,คณะสังคมศาสตร์,ศศ.บ. สาขาวิชาเอเชียตะวันออกเฉียงใต้ศึกษา,Admission (เอเชีย ตะวันออกเฉียงใต้ ศึกษา (ภาคพิเศษ) ใช้คะแนน A-Level ภาษาเยอรมัน),,0,2,27,2,52.0699,49.4079
มหาวิทยาลัยเกษตรศาสตร์,บางเขน,10020108902801B,0,C2822,คณะสังคมศาสตร์,ศศ.บ. สาขาวิชาเอเชียตะวันออกเฉียงใต้ศึกษา,Admission (เอเชีย ตะวันออกเฉียงใต้ ศึกษา (ภาคพิเศษ) ใช้คะแนน A-Level ภาษาฝรั่งเศส),,0,2,22,2,55.3715,53.7727
มหาวิทยาลัยเกษตรศาสตร์,บางเขน,10020108902801B,0,C2823,คณะสังคมศาสตร์,ศศ.บ. สาขาวิชาเอเชียตะวันออกเฉียงใต้ศึกษา,Admission (เอเชีย ตะวันออกเฉียงใต้ ศึกษา (ภาคพิเศษ) ใช้คะแนน A-Level ภาษาเกาหลี),,0,3,63,3,51.8319,49.0182
มหาวิทยาลัยเกษตรศาสตร์,บางเขน,10020108902801B,0,C2824,คณะสังคมศาสตร์,ศศ.บ. สาขาวิชาเอเชียตะวันออกเฉียงใต้ศึกษา,Admission (เอเชีย ตะวันออกเฉียงใต้ ศึกษา (ภาคพิเศษ) ใช้คะแนน A-Level ภาษาญี่ปุ่น),,0,3,53,3,57.1432,53.6462
มหาวิทยาลัยเกษตรศาสตร์,บางเขน,10020108902801B,0,C2825,คณะสังคมศาสตร์,ศศ.บ. สาขาวิชาเอเชียตะวันออกเฉียงใต้ศึกษา,Admission (เอเชีย ตะวันออกเฉียงใต้ ศึกษา (ภาคพิเศษ) ใช้คะแนน A-Level ภาษาจีน),,0,11,158,11,58.6677,53.1355
มหาวิทยาลัยเกษตรศาสตร์,บางเขน,10020108902801B,0,C2826,คณะสังคมศาสตร์,ศศ.บ. สาขาวิชาเอเชียตะวันออกเฉียงใต้ศึกษา,Admission (เอเชีย ตะวันออกเฉียงใต้ ศึกษา (ภาคพิเศษ) ใช้คะแนน A-Level คณิตศาสตร์ประยุก์ต1),,0,11,135,11,53.6507,48.6505
มหาวิทยาลัยเกษตรศาสตร์,บางเขน,10020108902801B,0,C2827,คณะสังคมศาสตร์,ศศ.บ. สาขาวิชาเอเชียตะวันออกเฉียงใต้ศึกษา,Admission (เอเชีย ตะวันออกเฉียงใต้ ศึกษา (ภาคพิเศษ) ใช้คะแนน A-Level คณิตศาสตร์ประยุก์ต2),,0,11,218,11,60.4859,53.3877
มหาวิทยาลัยเกษตรศาสตร์,บางเขน,10020108903001A,0,C2800,คณะสังคมศาสตร์,วท.บ. สาขาวิชาภูมิศาสตร์และภูมิสารสนเทศ ศาสตร์,Admission,,0,26,288,26,72.3998,57.8183
มหาวิทยาลัยเกษตรศาสตร์,บางเขน,10020108903001B,0,C2800,คณะสังคมศาสตร์,วท.บ. สาขาวิชาภูมิศาสตร์และภูมิสารสนเทศ ศาสตร์,Admission,,0,100,690,100,69.3860,46.5096
มหาวิทยาลัยเกษตรศาสตร์,บางเขน,10020108903102A,0,C2800,คณะสังคมศาสตร์,ศศ.บ. สาขาวิชารัฐประศาสนศาสตร์,Admission,,0,17,319,17,67.3651,61.4082
มหาวิทยาลัยเกษตรศาสตร์,บางเขน,10020108903102B,0,C2800,คณะสังคมศาสตร์,ศศ.บ. สาขาวิชารัฐประศาสนศาสตร์,Admission,,0,36,424,36,61.2588,50.8112
มหาวิทยาลัยเกษตรศาสตร์,บางเขน,10020108903201A,R,C2800,คณะสังคมศาสตร์,ศศ.บ. สาขาวิชารัฐศาสตร์,Admission,วิชาเอกการ ปกครอง และการ บริหาร จัดการ ท้องถิ่น,0,5,301,5,63.1251,61.8559
มหาวิทยาลัยเกษตรศาสตร์,บางเขน,10020108903201A,S,C2800,คณะสังคมศาสตร์,ศศ.บ. สาขาวิชารัฐศาสตร์,Admission,วิชาเอก ความสัมพัน์ธระหว่าง ประเทศ,0,20,1157,20,76.7626,67.9722
มหาวิทยาลัยเกษตรศาสตร์,บางเขน,10020108903201A,T,C2800,คณะสังคมศาสตร์,ศศ.บ. สาขาวิชารัฐศาสตร์,Admission,วิชาเอก บริหารงาน ยุติธรรม และความ ปลอดภัย,0,5,187,5,61.4034,58.5820
มหาวิทยาลัยเกษตรศาสตร์,บางเขน,10020108903201B,R,C2800,คณะสังคมศาสตร์,ศศ.บ. สาขาวิชารัฐศาสตร์,Admission,วิชาเอกการ ปกครอง และการ บริหาร จัดการ ท้องถิ่น,0,29,290,29,62.7318,51.7000
มหาวิทยาลัยเกษตรศาสตร์,บางเขน,10020108903201B,S,C2800,คณะสังคมศาสตร์,ศศ.บ. สาขาวิชารัฐศาสตร์,Admission,วิชาเอก ความสัมพัน์ธระหว่าง ประเทศ,0,30,864,30,71.4840,62.9676
มหาวิทยาลัยเกษตรศาสตร์,บางเขน,10020108903201B,T,C2800,คณะสังคมศาสตร์,ศศ.บ. สาขาวิชารัฐศาสตร์,Admission,วิชาเอก บริหารงาน ยุติธรรม และความ ปลอดภัย,0,25,265,25,62.4021,51.1461
มหาวิทยาลัยเกษตรศาสตร์,บางเขน,10020108903501A,0,C2800,คณะสังคมศาสตร์,ศศ.บ. สาขาวิชาสังคมวิทยาและมานุษยวิทยา,Admission,,0,32,826,32,65.0165,58.5845
มหาวิทยาลัยเกษตรศาสตร์,บางเขน,10020108903501B,0,C2800,คณะสังคมศาสตร์,ศศ.บ. สาขาวิชาสังคมวิทยาและมานุษยวิทยา,Admission,,0,52,789,52,58.5575,53.8460
มหาวิทยาลัยเกษตรศาสตร์,บางเขน,10020110501101E,0,C2800,คณะอุตสาหกรรมเกษตร,วท.บ. สาขาวิชานวัตกรรมและเทคโนโลียอุตสาหกรรมเกษตร,Admission,,0,10,3,0,0.0000,0.0000
มหาวิทยาลัยเกษตรศาสตร์,บางเขน,10020110501102A,0,C2800,คณะอุตสาหกรรมเกษตร,วท.บ. สาขาวิชาเทคโนโลยีการบรรจุ,Admission,,0,45,244,45,43.3180,36.4350
มหาวิทยาลัยเกษตรศาสตร์,บางเขน,10020110501103A,0,C2800,คณะอุตสาหกรรมเกษตร,วท.บ. สาขาวิชาเทคโนโลยีสิ่งทอและแฟชั่น,Admission,,0,45,178,45,41.2720,34.3935
มหาวิทยาลัยเกษตรศาสตร์,บางเขน,10020110501104A,0,C2828,คณะอุตสาหกรรมเกษตร,วท.บ. สาขาวิชาเทคโนโลยีชีวภาพ,Admission (เทคโนโลยีชีวภาพ ใช้คะแนน A-Level เคมีและชีววิทยา),,0,20,148,20,47.8368,38.7607
มหาวิทยาลัยเกษตรศาสตร์,บางเขน,10020110501104A,0,C2829,คณะอุตสาหกรรมเกษตร,วท.บ. สาขาวิชาเทคโนโลยีชีวภาพ,Admission (เทคโนโลยีชีวภาพ ใช้คะแนน TPAT3),,0,20,129,20,51.2018,43.0798
มหาวิทยาลัยเกษตรศาสตร์,บางเขน,10020110501105A,0,C2830,คณะอุตสาหกรรมเกษตร,วท.บ. สาขาวิชาพัฒนาผลิตภัณฑ์อุตสาหกรรม เกษตร,Admission (พัฒนา ผลิตภัณฑ์อุตสาหกรร มเกษตร ใช้คะแนน A-Level คณิตศาสตร์ประยุก์ต1 และชีววิทยา),,0,24,132,24,43.6596,36.0608
มหาวิทยาลัยเกษตรศาสตร์,บางเขน,10020110501105A,0,C2831,คณะอุตสาหกรรมเกษตร,วท.บ. สาขาวิชาพัฒนาผลิตภัณฑ์อุตสาหกรรม เกษตร,Admission (พัฒนา ผลิตภัณฑ์อุตสาหกรร มเกษตร ใช้คะแนน TPAT3),,0,23,153,23,49.6532,41.8864
มหาวิทยาลัยเกษตรศาสตร์,บางเขน,10020110501106A,0,C2832,คณะอุตสาหกรรมเกษตร,วท.บ. สาขาวิชาวิทยาศาสตร์และเทคโนโลียการอาหาร,Admission (วิทยาศาสตร์และเทคโนโลยีการอาหาร ใช้คะแนน A-Level),,0,10,219,10,50.6503,47.4005
มหาวิทยาลัยเกษตรศาสตร์,บางเขน,10020110501106A,0,C2833,คณะอุตสาหกรรมเกษตร,วท.บ. สาขาวิชาวิทยาศาสตร์และเทคโนโลียการอาหาร,Admission (วิทยาศาสตร์และเทคโนโลยีการอาหาร ใช้คะแนน TPAT3),,0,5,265,5,71.6120,62.7890
มหาวิทยาลัยเกษตรศาสตร์,บางเขน,10020110501106B,0,C2832,คณะอุตสาหกรรมเกษตร,วท.บ. สาขาวิชาวิทยาศาสตร์และเทคโนโลียการอาหาร,Admission (วิทยาศาสตร์และเทคโนโลยีการอาหาร ใช้คะแนน A-Level),,0,23,122,23,52.7070,44.0265
มหาวิทยาลัยเกษตรศาสตร์,บางเขน,10020110501106B,0,C2833,คณะอุตสาหกรรมเกษตร,วท.บ. สาขาวิชาวิทยาศาสตร์และเทคโนโลียการอาหาร,Admission (วิทยาศาสตร์และเทคโนโลยีการอาหาร ใช้คะแนน TPAT3),,0,20,137,20,62.4632,53.8120
มหาวิทยาลัยเกษตรศาสตร์,บางเขน,10020111620103E,0,C2800,คณะมนุษยศาสตร์,ศศ.บ. สาขาวิชาการจัดการการท่องเที่ยวเชิง บูรณาการ,Admission,,0,50,290,50,71.6662,54.4331
มหาวิทยาลัยเกษตรศาสตร์,บางเขน,10020111620105A,0,C2834,คณะมนุษยศาสตร์,ศศ.บ. สาขาวิชาการสร้างสรรค์การบริการเพื่อ ธุรกิจการท่องเที่ยว,Admission (การ สร้างสรรค์การบริการ เพื่อธุรกิจการ ท่องเที่ยว ใช้คะแนน A-Level ภาษาต่างประเทศ),,0,17,573,17,76.3500,69.5332
มหาวิทยาลัยเกษตรศาสตร์,บางเขน,10020111620105A,0,C2835,คณะมนุษยศาสตร์,ศศ.บ. สาขาวิชาการสร้างสรรค์การบริการเพื่อ ธุรกิจการท่องเที่ยว,Admission (การ สร้างสรรค์การบริการ เพื่อธุรกิจการ ท่องเที่ยว ใช้คะแนน A-Level คณิตศาสตร์ประยุก์ต2),,0,18,686,18,85.5832,69.5500
มหาวิทยาลัยเกษตรศาสตร์,บางเขน,10020111800201A,0,C2800,คณะมนุษยศาสตร์,ศศ.บ. สาขาวิชาดนตรีไทย,Admission,,0,1,5,1,60.0000,60.0000
มหาวิทยาลัยเกษตรศาสตร์,บางเขน,10020111901501A,0,C2800,คณะมนุษยศาสตร์,ศศ.บ. สาขาวิชาปรัชญาและศาสนา,Admission,,0,38,664,38,66.2264,58.2188
มหาวิทยาลัยเกษตรศาสตร์,บางเขน,10020111901701A,0,C2800,คณะมนุษยศาสตร์,ศศ.บ. สาขาวิชาภาษาเกาหลีธุรกิจ,Admission,,0,30,272,30,75.2888,56.2610
มหาวิทยาลัยเกษตรศาสตร์,บางเขน,10020111901701B,0,C2800,คณะมนุษยศาสตร์,ศศ.บ. สาขาวิชาภาษาเกาหลีธุรกิจ,Admission,,0,27,198,27,64.6908,52.6309
มหาวิทยาลัยเกษตรศาสตร์,บางเขน,10020111901801A,0,C2800,คณะมนุษยศาสตร์,ศศ.บ. สาขาวิชาภาษาจีน,Admission,,0,17,516,17,78.6910,70.9326
มหาวิทยาลัยเกษตรศาสตร์,บางเขน,10020111901802B,0,C2800,คณะมนุษยศาสตร์,ศศ.บ. สาขาวิชาภาษาจีนธุรกิจ,Admission,,0,60,733,60,81.3150,70.2675
มหาวิทยาลัยเกษตรศาสตร์,บางเขน,10020111901901A,0,C2800,คณะมนุษยศาสตร์,ศศ.บ. สาขาวิชาภาษาญี่ปุ่นธุรกิจ,Admission,,0,25,206,25,87.4730,76.0522
มหาวิทยาลัยเกษตรศาสตร์,บางเขน,10020111901901B,0,C2800,คณะมนุษยศาสตร์,ศศ.บ. สาขาวิชาภาษาญี่ปุ่นธุรกิจ,Admission,,0,50,171,50,75.5395,62.5203
มหาวิทยาลัยเกษตรศาสตร์,บางเขน,10020111902001A,0,C2800,คณะมนุษยศาสตร์,ศศ.บ. สาขาวิชาภาษาไทย,Admission,,0,25,867,25,72.3976,66.8502
มหาวิทยาลัยเกษตรศาสตร์,บางเขน,10020111902403A,A,C2800,คณะมนุษยศาสตร์,ศศ.บ. สาขาวิชาภาษาตะวันตก,Admission,วิชาเอก ภาษาฝรั่งเศส,0,20,49,6,78.4500,65.9500
มหาวิทยาลัยเกษตรศาสตร์,บางเขน,10020111902403A,B,C2800,คณะมนุษยศาสตร์,ศศ.บ. สาขาวิชาภาษาตะวันตก,Admission,วิชาเอก ภาษาเยอรมัน,0,20,38,12,74.7750,49.5000
มหาวิทยาลัยเกษตรศาสตร์,บางเขน,10020111902403A,C,C2800,คณะมนุษยศาสตร์,ศศ.บ. สาขาวิชาภาษาตะวันตก,Admission,วิชาเอก ภาษาสเปน,0,13,103,13,73.6500,56.2000
มหาวิทยาลัยเกษตรศาสตร์,บางเขน,10020111902501A,0,C2800,คณะมนุษยศาสตร์,ศศ.บ. สาขาวิชาภาษาอังกฤษ,Admission,,0,45,1768,45,85.4998,80.0499
มหาวิทยาลัยเกษตรศาสตร์,บางเขน,10020111902501B,0,C2800,คณะมนุษยศาสตร์,ศศ.บ. สาขาวิชาภาษาอังกฤษ,Admission,,0,96,768,97,81.2999,70.6500
มหาวิทยาลัยเกษตรศาสตร์,บางเขน,10020111903301A,A,C2800,คณะมนุษยศาสตร์,ศศ.บ. สาขาวิชาวรรณคดี,Admission,วิชาเอก วรรณคดีไทย,0,30,229,30,72.6250,64.5000
มหาวิทยาลัยเกษตรศาสตร์,บางเขน,10020111903301A,B,C2800,คณะมนุษยศาสตร์,ศศ.บ. สาขาวิชาวรรณคดี,Admission,วิชาเอก วรรณคีดอังกฤษ,0,20,505,29,96.2500,83.7500
มหาวิทยาลัยเกษตรศาสตร์,บางเขน,10020111903801A,0,C2800,คณะมนุษยศาสตร์,ศศ.บ. สาขาวิชานิเทศศาสตร์,Admission,,0,40,2575,40,72.7238,65.7985
มหาวิทยาลัยเกษตรศาสตร์,บางเขน,10020111904301A,0,C2800,คณะมนุษยศาสตร์,ศศ.บ. สาขาวิชาภาษาศาสตร์ประยุกต์,Admission,,0,24,1486,24,78.7333,62.5530
มหาวิทยาลัยเกษตรศาสตร์,บางเขน,10020112610101A,0,C2800,คณะบริหารธุรกิจ,บธ.บ. สาขาวิชาการเงิน,Admission,,0,25,1239,25,80.4486,75.6220
มหาวิทยาลัยเกษตรศาสตร์,บางเขน,10020112610201A,0,C2800,คณะบริหารธุรกิจ,บธ.บ. สาขาวิชาการจัดการ,Admission,,0,60,1434,60,80.8776,70.8346
มหาวิทยาลัยเกษตรศาสตร์,บางเขน,10020112610202A,0,C2800,คณะบริหารธุรกิจ,บธ.บ. สาขาวิชาการจัดการการปฏิบัติการและเทคโนโลยี,Admission,,0,38,845,38,77.7620,68.8832
มหาวิทยาลัยเกษตรศาสตร์,บางเขน,10020112610501A,0,C2800,คณะบริหารธุรกิจ,บช.บ.(บัญชีบัณฑิต),Admission,,0,70,2256,70,85.4928,77.7220
มหาวิทยาลัยเกษตรศาสตร์,บางเขน,10020112610501B,0,C2800,คณะบริหารธุรกิจ,บช.บ.(บัญชีบัณฑิต),Admission,,0,110,1068,110,77.6576,72.6180
มหาวิทยาลัยเกษตรศาสตร์,บางเขน,10020112610601A,0,C2800,คณะบริหารธุรกิจ,บธ.บ. สาขาวิชาการตลาด,Admission,,0,15,1037,15,77.4150,74.0140
มหาวิทยาลัยเกษตรศาสตร์,บางเขน,10020113112901A,0,C2800,คณะเทคนิคการสัตวแพทย์,วท.บ. สาขาวิชาเทคนิคการสัตวแพทย์,Admission,,0,40,691,40,61.1538,51.4958
มหาวิทยาลัยเกษตรศาสตร์,บางเขน,10020113112901B,0,C2800,คณะเทคนิคการสัตวแพทย์,วท.บ. สาขาวิชาเทคนิคการสัตวแพทย์,Admission,,0,60,583,60,53.8640,46.3458
มหาวิทยาลัยเกษตรศาสตร์,บางเขน,10020113112902A,0,C2800,คณะเทคนิคการสัตวแพทย์,วท.บ. สาขาวิชาการพยาบาลสัตว์,Admission,,0,37,564,37,66.2663,49.5460
มหาวิทยาลัยเกษตรศาสตร์,บางเขน,10020113112902B,0,C2800,คณะเทคนิคการสัตวแพทย์,วท.บ. สาขาวิชาการพยาบาลสัตว์,Admission,,0,39,444,39,57.1195,44.2553
มหาวิทยาลัยเกษตรศาสตร์,บางเขน,10020114400201A,0,C2800,คณะสถาปัตยกรรมศาสตร์,วท.บ. สาขาวิชานวัตกรรมการออกแบบ ผลิตภัณฑ์เชิงบูรณาการ,Admission,,0,12,122,12,49.0000,41.3500
มหาวิทยาลัยเกษตรศาสตร์,บางเขน,10020114400301A,0,C2800,คณะสถาปัตยกรรมศาสตร์,ภ.สถ.บ.(ภูมิสถาปัตยกรรมศาสตรบัณฑิต),Admission,,0,20,243,20,53.3000,43.4500
มหาวิทยาลัยเกษตรศาสตร์,บางเขน,10020114400501A,0,C2800,คณะสถาปัตยกรรมศาสตร์,สถ.บ.(สถาปัตยกรรมศาสตรบัณฑิต),Admission,,0,20,361,20,55.8000,48.6000
มหาวิทยาลัยเกษตรศาสตร์,บางเขน,10020114400502A,0,C2800,คณะสถาปัตยกรรมศาสตร์,วท.บ. สาขาวิชาสถาปัตยกรรม,Admission,,0,26,217,26,47.5250,41.2000
มหาวิทยาลัยเกษตรศาสตร์,บางเขน,10020115210101A,0,C2800,คณะสิ่งแวดล้อม,วท.บ. สาขาวิชาการจัดการสิ่งแวดล้อม,Admission,,0,60,563,60,57.2015,48.3000
มหาวิทยาลัยเกษตรศาสตร์,บางเขน,10020115210102A,0,C2800,คณะสิ่งแวดล้อม,วท.บ. สาขาวิชาวิทยาศาสตร์และเทคโนโลียสิ่งแวดล้อม,Admission,,0,40,635,40,60.7925,49.1370
มหาวิทยาลัยเกษตรศาสตร์,บางเขน,10020116210103A,0,C2836,วิทยาลัยบูรณาการศาสตร์,วท.บ. สาขาวิชาศาสตร์แห่งแผ่นดินเพื่อการ พัฒนาที่ยงั่ยืน,Admission (ศาสต์รแห่งแผ่นดินเพื่อการ พัฒนาที่ยงั่ยืน ใช้ คะแนน A-Level),,0,15,235,15,56.8340,49.0992
มหาวิทยาลัยเกษตรศาสตร์,บางเขน,10020116210103A,0,C2837,วิทยาลัยบูรณาการศาสตร์,วท.บ. สาขาวิชาศาสตร์แห่งแผ่นดินเพื่อการ พัฒนาที่ยงั่ยืน,Admission (ศาสต์รแห่งแผ่นดินเพื่อการ พัฒนาที่ยงั่ยืน ใช้ คะแนน TPAT3),,0,15,171,15,54.7790,47.1330
มหาวิทยาลัยเกษตรศาสตร์,บางเขน,10020117302102A,0,C2800,วิทยาลัยการชลประทาน,วศ.บ. สาขาวิชาวิศวกรรมโยธา-ชลประทาน,Admission,,0,25,184,26,51.0664,41.4664
มหาวิทยาลัยเกษตรศาสตร์,บางเขน,10020136111701A,0,C2800,คณะพยาบาลศาสตร์,พย.บ.(พยาบาลศาสตรบัณฑิต),Admission,,0,26,1030,26,56.3210,48.9933
มหาวิทยาลัยเกษตรศาสตร์,บางเขน,10020137130101A,0,C2800,คณะเภสัชศาสตร์,ภ.บ.(เภสัชศาสตรบัณฑิต),Admission,,0,20,3798,20,61.2420,57.2296
มหาวิทยาลัยเกษตรศาสตร์,กำแพงแสน,10020202500601A,A,C2800,คณะประมง,วท.บ. สาขาวิชาประมง,Admission,วิชาเอก เพาะเลี้ยง สัตว์น้ำ,0,86,318,86,34.6219,25.6592
มหาวิทยาลัยเกษตรศาสตร์,กำแพงแสน,10020215210102A,0,C2800,คณะสิ่งแวดล้อม,วท.บ. สาขาวิชาวิทยาศาสตร์และเทคโนโลียสิ่งแวดล้อม,Admission,,0,79,586,79,53.6170,38.8370
มหาวิทยาลัยเกษตรศาสตร์,กำแพงแสน,10020219500102A,0,C2840,คณะเกษตร กำแพงแสน,วท.บ. สาขาวิชาเครื่องจักรกลและเมคคาทรอ นิกส์เกษตร,Admission (เครื่องจักรกลและ เมคคาทรอนิก์สเกษตร ใช้คะแนน TGAT1/TPAT3),,0,25,108,25,46.1332,29.8664
มหาวิทยาลัยเกษตรศาสตร์,กำแพงแสน,10020219500102A,0,C2841,คณะเกษตร กำแพงแสน,วท.บ. สาขาวิชาเครื่องจักรกลและเมคคาทรอ นิกส์เกษตร,Admission (เครื่องจักรกลและ เมคคาทรอนิก์สเกษตร ใช้คะแนน A-Level),,0,10,74,10,34.1500,26.0500
มหาวิทยาลัยเกษตรศาสตร์,กำแพงแสน,10020219500201A,0,C2842,คณะเกษตร กำแพงแสน,วท.บ. สาขาวิชาเกษตรศาสตร์,Admission (เกษตรศาสตร์และเทคโนโลยีชีวภาพ ทางการเกษตร ใช้ คะแนน TPAT3),,0,60,144,44,55.7328,24.2000
มหาวิทยาลัยเกษตรศาสตร์,กำแพงแสน,10020219500201A,0,C2843,คณะเกษตร กำแพงแสน,วท.บ. สาขาวิชาเกษตรศาสตร์,Admission (เกษตรศาสตร์และเทคโนโลยีชีวภาพ ทางการเกษตร ใช้ คะแนน A-Level เคมีและชีววิทยา),,0,50,75,22,32.9464,21.0864
มหาวิทยาลัยเกษตรศาสตร์,กำแพงแสน,10020219500201A,0,C2844,คณะเกษตร กำแพงแสน,วท.บ. สาขาวิชาเกษตรศาสตร์,Admission (เกษตรศาสตร์และเทคโนโลยีชีวภาพ ทางการเกษตร ใช้ คะแนน A-Level วิทยาศาสตร์ประยุกต์),,0,30,142,30,51.6264,39.9464
มหาวิทยาลัยเกษตรศาสตร์,กำแพงแสน,10020219500401A,0,C2842,คณะเกษตร กำแพงแสน,วท.บ. สาขาวิชาเทคโนโลยีชีวภาพทาง การเกษตร,Admission (เกษตรศาสตร์และเทคโนโลยีชีวภาพ ทางการเกษตร ใช้ คะแนน TPAT3),,0,9,24,6,33.1332,26.3330
มหาวิทยาลัยเกษตรศาสตร์,กำแพงแสน,10020219500401A,0,C2843,คณะเกษตร กำแพงแสน,วท.บ. สาขาวิชาเทคโนโลยีชีวภาพทาง การเกษตร,Admission (เกษตรศาสตร์และเทคโนโลยีชีวภาพ ทางการเกษตร ใช้ คะแนน A-Level เคมีและชีววิทยา),,0,9,21,6,33.4498,17.9500
มหาวิทยาลัยเกษตรศาสตร์,กำแพงแสน,10020219500401A,0,C2844,คณะเกษตร กำแพงแสน,วท.บ. สาขาวิชาเทคโนโลยีชีวภาพทาง การเกษตร,Admission (เกษตรศาสตร์และเทคโนโลยีชีวภาพ ทางการเกษตร ใช้ คะแนน A-Level วิทยาศาสตร์ประยุกต์),,0,9,38,9,47.9464,38.6132
มหาวิทยาลัยเกษตรศาสตร์,กำแพงแสน,10020219501201A,0,C2845,คณะเกษตร กำแพงแสน,วท.บ. สาขาวิชาสัตวศาสตร์,Admission (สัตว ศาสต์รใช้คะแนน TPAT3),,0,25,145,25,58.4660,38.9996
มหาวิทยาลัยเกษตรศาสตร์,กำแพงแสน,10020219501201A,0,C2846,คณะเกษตร กำแพงแสน,วท.บ. สาขาวิชาสัตวศาสตร์,Admission (สัตว ศาสต์รใช้คะแนน A-Level),,0,12,89,12,59.3264,39.7000
มหาวิทยาลัยเกษตรศาสตร์,กำแพงแสน,10020220300501A,0,C2800,คณะวิศวกรรมศาสต์รกำแพงแสน,วศ.บ. สาขาวิชาวิศวกรรมคอมพิวเตอร์,Admission,,0,51,333,51,49.2388,40.2534
มหาวิทยาลัยเกษตรศาสตร์,กำแพงแสน,10020220300701A,0,C2800,คณะวิศวกรรมศาสต์รกำแพงแสน,วศ.บ. สาขาวิชาวิศวกรรมเครื่องกล,Admission,,0,35,357,35,42.2300,35.9239
มหาวิทยาลัยเกษตรศาสตร์,กำแพงแสน,10020220300701B,0,C2800,คณะวิศวกรรมศาสต์รกำแพงแสน,วศ.บ. สาขาวิชาวิศวกรรมเครื่องกล,Admission,,0,30,214,30,37.9014,33.8613
มหาวิทยาลัยเกษตรศาสตร์,กำแพงแสน,10020220300702A,0,C2800,คณะวิศวกรรมศาสต์รกำแพงแสน,วศ.บ. สาขาวิชาวิศวกรรมเครื่องกล-เกษตร,Admission,,0,29,65,29,40.0817,27.3569
มหาวิทยาลัยเกษตรศาสตร์,กำแพงแสน,10020220302102A,0,C2800,คณะวิศวกรรมศาสต์รกำแพงแสน,วศ.บ. สาขาวิชาวิศวกรรมโยธา-ชลประทาน,Admission,,0,20,243,20,57.9636,51.9044
มหาวิทยาลัยเกษตรศาสตร์,กำแพงแสน,10020220302103A,0,C2800,คณะวิศวกรรมศาสต์รกำแพงแสน,วศ.บ. สาขาวิชาวิศวกรรมโยธา-โครงสร้าง พื้นฐาน,Admission,,0,40,331,40,42.2535,36.8928
มหาวิทยาลัยเกษตรศาสตร์,กำแพงแสน,10020220302103B,0,C2800,คณะวิศวกรรมศาสต์รกำแพงแสน,วศ.บ. สาขาวิชาวิศวกรรมโยธา-โครงสร้าง พื้นฐาน,Admission,,0,29,219,29,38.6157,34.8747
มหาวิทยาลัยเกษตรศาสตร์,กำแพงแสน,10020220303301A,0,C2800,คณะวิศวกรรมศาสต์รกำแพงแสน,วศ.บ. สาขาวิชาวิศวกรรมอาหาร,Admission,,0,32,174,32,40.9843,32.6593
มหาวิทยาลัยเกษตรศาสตร์,กำแพงแสน,10020220303503A,0,C2800,คณะวิศวกรรมศาสต์รกำแพงแสน,วศ.บ. สาขาวิชาวิศวกรรมอุตสาหการ-โลจิสติกส์,Admission,,0,25,400,25,42.7536,37.7098
มหาวิทยาลัยเกษตรศาสตร์,กำแพงแสน,10020220303601A,0,C2800,คณะวิศวกรรมศาสต์รกำแพงแสน,วศ.บ. สาขาวิชาวิศวกรรมนวัตกรรมเพื่อ การเกษตรและอุตสาหกรรม,Admission,,0,18,43,18,36.1838,27.0516
มหาวิทยาลัยเกษตรศาสตร์,กำแพงแสน,10020221500201A,0,C2800,คณะศึกษาศาสตร์และพัฒนศาสตร์,วท.บ. สาขาวิชาเกษตรและสิ่งแวดล้อมศึกษา,Admission,,0,55,154,55,58.5170,38.5720
มหาวิทยาลัยเกษตรศาสตร์,กำแพงแสน,10020221700401A,D,C2800,คณะศึกษาศาสตร์และพัฒนศาสตร์,ศษ.บ. สาขาวิชาการจัดการเรียนรู้,Admission,วิชาเอกพล ศึกษาและ สุขศึกษา,0,15,646,15,80.5444,74.2012
มหาวิทยาลัยเกษตรศาสตร์,กำแพงแสน,10020221700401A,E,C2800,คณะศึกษาศาสตร์และพัฒนศาสตร์,ศษ.บ. สาขาวิชาการจัดการเรียนรู้,Admission,วิชาเอก ภาษาอังกฤษ ศึกษา,0,24,142,24,75.3455,64.8492
มหาวิทยาลัยเกษตรศาสตร์,กำแพงแสน,10020221700401A,F,C2800,คณะศึกษาศาสตร์และพัฒนศาสตร์,ศษ.บ. สาขาวิชาการจัดการเรียนรู้,Admission,วิชาเอก คณิตศาสต์รศึกษา,0,20,91,20,57.4175,44.9571
มหาวิทยาลัยเกษตรศาสตร์,กำแพงแสน,10020221700401A,G,C2800,คณะศึกษาศาสตร์และพัฒนศาสตร์,ศษ.บ. สาขาวิชาการจัดการเรียนรู้,Admission,วิชาเอก วิทยาศาสต์รศึกษา,0,50,62,32,62.6488,35.5136
มหาวิทยาลัยเกษตรศาสตร์,กำแพงแสน,10020221700401A,I,C2800,คณะศึกษาศาสตร์และพัฒนศาสตร์,ศษ.บ. สาขาวิชาการจัดการเรียนรู้,Admission,วิชาเอก ดนตรีศึกษา,0,25,80,25,66.3316,55.3742
มหาวิทยาลัยเกษตรศาสตร์,กำแพงแสน,10020222210302A,0,C2800,คณะศิลปศาสตร์และวิทยาศาสตร์,วท.บ. สาขาวิชาคณิตศาสตร์ประยุกต์,Admission,,0,39,53,15,50.0492,22.0707
มหาวิทยาลัยเกษตรศาสตร์,กำแพงแสน,10020222210401A,0,C2800,คณะศิลปศาสตร์และวิทยาศาสตร์,วท.บ. สาขาวิชาเคมี,Admission,,0,50,141,50,33.9850,22.4498
มหาวิทยาลัยเกษตรศาสตร์,กำแพงแสน,10020222210501A,0,C2800,คณะศิลปศาสตร์และวิทยาศาสตร์,วท.บ. สาขาวิชาจุลชีววิทยา,Admission,,0,63,137,63,39.5224,20.3308
มหาวิทยาลัยเกษตรศาสตร์,กำแพงแสน,10020222210703A,0,C2800,คณะศิลปศาสตร์และวิทยาศาสตร์,วท.บ. สาขาวิชาวิทยาศาสตร์ชีวภาพ,Admission,,0,51,362,51,43.0643,27.6652
มหาวิทยาลัยเกษตรศาสตร์,กำแพงแสน,10020222212502A,0,C2800,คณะศิลปศาสตร์และวิทยาศาสตร์,วท.บ. สาขาวิชาพฤกษนวัตกรรม,Admission,,0,39,96,35,59.5790,33.7580
มหาวิทยาลัยเกษตรศาสตร์,กำแพงแสน,10020222212701A,0,C2800,คณะศิลปศาสตร์และวิทยาศาสตร์,วท.บ. สาขาวิชาฟิสิกส์,Admission,,0,37,81,33,63.2770,32.2040
มหาวิทยาลัยเกษตรศาสตร์,กำแพงแสน,10020222220101A,0,C2800,คณะศิลปศาสตร์และวิทยาศาสตร์,วท.บ. สาขาวิชาเทคโนโลยีสารสนเทศ,Admission,,0,23,251,23,53.8605,46.9910
มหาวิทยาลัยเกษตรศาสตร์,กำแพงแสน,10020222220101B,0,C2800,คณะศิลปศาสตร์และวิทยาศาสตร์,วท.บ. สาขาวิชาเทคโนโลยีสารสนเทศ,Admission,,0,78,357,78,49.3645,36.4345
มหาวิทยาลัยเกษตรศาสตร์,กำแพงแสน,10020222220201A,0,C2800,คณะศิลปศาสตร์และวิทยาศาสตร์,วท.บ. สาขาวิชาวิทยาการคอมพิวเตอร์,Admission,,0,40,170,40,53.5292,33.8132
มหาวิทยาลัยเกษตรศาสตร์,กำแพงแสน,10020222220201B,0,C2800,คณะศิลปศาสตร์และวิทยาศาสตร์,วท.บ. สาขาวิชาวิทยาการคอมพิวเตอร์,Admission,,0,80,287,80,41.8018,25.0811
มหาวิทยาลัยเกษตรศาสตร์,กำแพงแสน,10020222610201A,0,C2800,คณะศิลปศาสตร์และวิทยาศาสตร์,บธ.บ. สาขาวิชาการจัดการ,Admission,,0,44,328,44,68.1110,46.9195
มหาวิทยาลัยเกษตรศาสตร์,กำแพงแสน,10020222610201B,0,C2800,คณะศิลปศาสตร์และวิทยาศาสตร์,บธ.บ. สาขาวิชาการจัดการ,Admission,,0,65,230,65,62.4150,33.3225
มหาวิทยาลัยเกษตรศาสตร์,กำแพงแสน,10020222610502A,0,C2800,คณะศิลปศาสตร์และวิทยาศาสตร์,บธ.บ. สาขาวิชาการบัญชี,Admission,,0,52,490,52,76.2865,62.1963
มหาวิทยาลัยเกษตรศาสตร์,กำแพงแสน,10020222610502B,0,C2800,คณะศิลปศาสตร์และวิทยาศาสตร์,บธ.บ. สาขาวิชาการบัญชี,Admission,,0,49,227,49,69.1665,49.7375
มหาวิทยาลัยเกษตรศาสตร์,กำแพงแสน,10020222610601A,0,C2800,คณะศิลปศาสตร์และวิทยาศาสตร์,บธ.บ. สาขาวิชาการตลาด,Admission,,0,88,409,88,69.3332,45.5280
มหาวิทยาลัยเกษตรศาสตร์,กำแพงแสน,10020222610601B,0,C2800,คณะศิลปศาสตร์และวิทยาศาสตร์,บธ.บ. สาขาวิชาการตลาด,Admission,,0,36,154,36,64.0216,40.2210
มหาวิทยาลัยเกษตรศาสตร์,กำแพงแสน,10020222900201A,0,C2800,คณะศิลปศาสตร์และวิทยาศาสตร์,ร.บ. สาขาวิชาการเมืองและการปกครอง,Admission,,0,45,231,45,58.6866,43.7581
มหาวิทยาลัยเกษตรศาสตร์,กำแพงแสน,10020222902501A,0,C2800,คณะศิลปศาสตร์และวิทยาศาสตร์,ศศ.บ. สาขาวิชาภาษาอังกฤษ,Admission,,0,100,547,100,84.4498,61.9000
มหาวิทยาลัยเกษตรศาสตร์,กำแพงแสน,10020222902501B,0,C2800,คณะศิลปศาสตร์และวิทยาศาสตร์,ศศ.บ. สาขาวิชาภาษาอังกฤษ,Admission,,0,118,288,118,69.7498,37.5999
มหาวิทยาลัยเกษตรศาสตร์,กำแพงแสน,10020223112001A,0,C2800,คณะวิทยาศาสตร์การกีฬาและสุขภาพ,วท.บ. สาขาวิชาวิทยาศาสตร์การกีฬาและการ ออกกำลังกาย,Admission,,0,54,511,54,66.1208,52.2266
มหาวิทยาลัยเกษตรศาสตร์,กำแพงแสน,10020223112001B,0,C2800,คณะวิทยาศาสตร์การกีฬาและสุขภาพ,วท.บ. สาขาวิชาวิทยาศาสตร์การกีฬาและการ ออกกำลังกาย,Admission,,0,20,220,20,53.2018,49.5064
มหาวิทยาลัยเกษตรศาสตร์,กำแพงแสน,10020233620101A,0,C2800,คณะอุตสาหกรรมบริการ,บธ.บ. สาขาวิชาการจัดการธุรกิจบริการและอุตสาหกรรมไมซ์,Admission,,0,36,274,37,72.1510,50.6320
มหาวิทยาลัยเกษตรศาสตร์,กำแพงแสน,10020233620101B,0,C2800,คณะอุตสาหกรรมบริการ,บธ.บ. สาขาวิชาการจัดการธุรกิจบริการและอุตสาหกรรมไมซ์,Admission,,0,39,954,43,68.3540,50.6320
มหาวิทยาลัยเกษตรศาสตร์,กำแพงแสน,10020233620103A,0,C2800,คณะอุตสาหกรรมบริการ,บธ.บ. สาขาวิชาการจัดการท่องเที่ยว โรงแรม และอีเวนต์,Admission,,0,35,859,35,69.8456,61.8814
มหาวิทยาลัยเกษตรศาสตร์,กำแพงแสน,10020233620103B,0,C2800,คณะอุตสาหกรรมบริการ,บธ.บ. สาขาวิชาการจัดการท่องเที่ยว โรงแรม และอีเวนต์,Admission,,0,69,268,69,66.5406,50.6704
มหาวิทยาลัยเกษตรศาสตร์,กำแพงแสน,10020233620104A,0,C2800,คณะอุตสาหกรรมบริการ,ศศ.บ. สาขาวิชาการโรงแรม ภัตตาคาร และ เรือสำราญ,Admission,,0,12,261,12,66.7508,56.0840
มหาวิทยาลัยเกษตรศาสตร์,กำแพงแสน,10020233620104B,0,C2800,คณะอุตสาหกรรมบริการ,ศศ.บ. สาขาวิชาการโรงแรม ภัตตาคาร และ เรือสำราญ,Admission,,0,30,115,30,57.7124,36.3036
มหาวิทยาลัยเกษตรศาสตร์,กำแพงแสน,10020233620105A,0,C2800,คณะอุตสาหกรรมบริการ,ศศ.บ. สาขาวิชาการท่องเที่ยวและนันทนาการ,Admission,,0,28,140,28,59.6328,39.0082
มหาวิทยาลัยเกษตรศาสตร์,กำแพงแสน,10020233620105B,0,C2800,คณะอุตสาหกรรมบริการ,ศศ.บ. สาขาวิชาการท่องเที่ยวและนันทนาการ,Admission,,0,60,589,61,55.2234,39.0330
มหาวิทยาลัยเกษตรศาสตร์,กำแพงแสน,10020233620106A,0,C2800,คณะอุตสาหกรรมบริการ,ศศ.บ. สาขาวิชาอุตสาหกรรมการท่องเที่ยว และบริการ,Admission,,0,30,211,30,58.9870,42.6707
มหาวิทยาลัยเกษตรศาสตร์,กำแพงแสน,10020233620106B,0,C2800,คณะอุตสาหกรรมบริการ,ศศ.บ. สาขาวิชาอุตสาหกรรมการท่องเที่ยว และบริการ,Admission,,0,39,752,39,60.5568,44.4680
มหาวิทยาลัยเกษตรศาสตร์,กำแพงแสน,10020233620201A,0,C2800,คณะอุตสาหกรรมบริการ,บธ.บ. สาขาวิชาการจัดการธุรกิจการบิน,Admission,,0,19,261,19,67.8919,55.6009
มหาวิทยาลัยเกษตรศาสตร์,กำแพงแสน,10020233620201B,0,C2800,คณะอุตสาหกรรมบริการ,บธ.บ. สาขาวิชาการจัดการธุรกิจการบิน,Admission,,0,23,100,23,65.3242,39.7124
มหาวิทยาลัยเกษตรศาสตร์,กำแพงแสน,10020233902502A,0,C2800,คณะอุตสาหกรรมบริการ,ศศ.บ. สาขาวิชาภาษาอังกฤษเพื่ออุตสาหกรรม บริการ,Admission,,0,20,295,20,87.9165,67.5000
มหาวิทยาลัยเกษตรศาสตร์,กำแพงแสน,10020233902502B,0,C2800,คณะอุตสาหกรรมบริการ,ศศ.บ. สาขาวิชาภาษาอังกฤษเพื่ออุตสาหกรรม บริการ,Admission,,0,51,78,24,66.6665,27.9165
มหาวิทยาลัยเกษตรศาสตร์,กำแพงแสน,10020233902503A,0,C2800,คณะอุตสาหกรรมบริการ,ศศ.บ. สาขาวิชาภาษาอังกฤษเพื่อการสื่อสาร ระหว่างวัฒนธรรมและผู้ประกอบการ,Admission,,0,26,418,26,90.0000,62.5000
มหาวิทยาลัยเกษตรศาสตร์,ศรีราชา,10020324611101A,0,C2847,คณะเศรษฐศาสต์รศรีราชา,ศ.บ. สาขาวิชาเศรษฐศาสตร์,Admission (คณะ เศรษฐศาสต์รศีรราชา ใช้คะแนน A-Level คณิตศาสตร์ประยุก์ต1),,0,75,238,75,53.2610,32.0915
มหาวิทยาลัยเกษตรศาสตร์,ศรีราชา,10020324611101A,0,C2848,คณะเศรษฐศาสต์รศรีราชา,ศ.บ. สาขาวิชาเศรษฐศาสตร์,Admission (คณะ เศรษฐศาสต์รศีรราชา ใช้คะแนน A-Level คณิตศาสตร์ประยุก์ต2),,0,75,292,75,67.7250,35.7440
มหาวิทยาลัยเกษตรศาสตร์,ศรีราชา,10020324611101B,0,C2847,คณะเศรษฐศาสต์รศรีราชา,ศ.บ. สาขาวิชาเศรษฐศาสตร์,Admission (คณะ เศรษฐศาสต์รศีรราชา ใช้คะแนน A-Level คณิตศาสตร์ประยุก์ต1),,0,60,172,49,46.7500,23.1420
มหาวิทยาลัยเกษตรศาสตร์,ศรีราชา,10020324611101B,0,C2848,คณะเศรษฐศาสต์รศรีราชา,ศ.บ. สาขาวิชาเศรษฐศาสตร์,Admission (คณะ เศรษฐศาสต์รศีรราชา ใช้คะแนน A-Level คณิตศาสตร์ประยุก์ต2),,0,60,160,41,58.4560,25.6860
มหาวิทยาลัยเกษตรศาสตร์,ศรีราชา,10020325210201A,0,C2800,คณะพาณิชยนาวีนานาชาติ,วท.บ. สาขาวิชาการขนส่งทางทะเล,Admission,,0,20,333,20,59.8865,48.9550
มหาวิทยาลัยเกษตรศาสตร์,ศรีราชา,10020325210202A,0,C2800,คณะพาณิชยนาวีนานาชาติ,วท.บ. สาขาวิชาวิทยาศาสตร์การเดินเรือ,Admission,,0,30,156,30,60.1026,37.4582
มหาวิทยาลัยเกษตรศาสตร์,ศรีราชา,10020325303801A,0,C2800,คณะพาณิชยนาวีนานาชาติ,วศ.บ. สาขาวิชาวิศวกรรมต่อเรือและวิศวกรรม สมุทรศาสตร์,Admission,,0,15,191,15,32.9000,27.9500
มหาวิทยาลัยเกษตรศาสตร์,ศรีราชา,10020325303802A,0,C2800,คณะพาณิชยนาวีนานาชาติ,วศ.บ. สาขาวิชาวิศวกรรมเครื่องกลเรือ,Admission,,0,25,102,25,58.8720,37.8112
มหาวิทยาลัยเกษตรศาสตร์,ศรีราชา,10020326610102A,0,C2838,คณะวิทยาการจัดการ,บธ.บ. สาขาวิชาการเงินและการลงทุน,Admission (คณะ วิทยาการจัดการ ใช้ คะแนน A-Level คณิตศาสตร์ประยุก์ต1),,0,20,207,20,53.6434,41.7040
มหาวิทยาลัยเกษตรศาสตร์,ศรีราชา,10020326610102A,0,C2839,คณะวิทยาการจัดการ,บธ.บ. สาขาวิชาการเงินและการลงทุน,Admission (คณะ วิทยาการจัดการ ใช้ คะแนน A-Level คณิตศาสตร์ประยุก์ต2),,0,20,392,20,68.5248,53.1322
มหาวิทยาลัยเกษตรศาสตร์,ศรีราชา,10020326610102B,0,C2838,คณะวิทยาการจัดการ,บธ.บ. สาขาวิชาการเงินและการลงทุน,Admission (คณะ วิทยาการจัดการ ใช้ คะแนน A-Level คณิตศาสตร์ประยุก์ต1),,0,45,121,41,47.3670,24.3884
มหาวิทยาลัยเกษตรศาสตร์,ศรีราชา,10020326610102B,0,C2839,คณะวิทยาการจัดการ,บธ.บ. สาขาวิชาการเงินและการลงทุน,Admission (คณะ วิทยาการจัดการ ใช้ คะแนน A-Level คณิตศาสตร์ประยุก์ต2),,0,45,192,45,62.4872,37.2378
มหาวิทยาลัยเกษตรศาสตร์,ศรีราชา,10020326610201A,0,C2838,คณะวิทยาการจัดการ,บธ.บ. สาขาวิชาการจัดการ,Admission (คณะ วิทยาการจัดการ ใช้ คะแนน A-Level คณิตศาสตร์ประยุก์ต1),,0,20,172,20,48.3048,36.7352
มหาวิทยาลัยเกษตรศาสตร์,ศรีราชา,10020326610201A,0,C2839,คณะวิทยาการจัดการ,บธ.บ. สาขาวิชาการจัดการ,Admission (คณะ วิทยาการจัดการ ใช้ คะแนน A-Level คณิตศาสตร์ประยุก์ต2),,0,20,265,20,61.9194,43.9412
มหาวิทยาลัยเกษตรศาสตร์,ศรีราชา,10020326610201B,0,C2838,คณะวิทยาการจัดการ,บธ.บ. สาขาวิชาการจัดการ,Admission (คณะ วิทยาการจัดการ ใช้ คะแนน A-Level คณิตศาสตร์ประยุก์ต1),,0,45,128,40,41.9360,21.9004
มหาวิทยาลัยเกษตรศาสตร์,ศรีราชา,10020326610201B,0,C2839,คณะวิทยาการจัดการ,บธ.บ. สาขาวิชาการจัดการ,Admission (คณะ วิทยาการจัดการ ใช้ คะแนน A-Level คณิตศาสตร์ประยุก์ต2),,0,45,172,45,47.4456,29.1414
มหาวิทยาลัยเกษตรศาสตร์,ศรีราชา,10020326610201D,0,C2838,คณะวิทยาการจัดการ,บธ.บ. สาขาวิชาการจัดการ,Admission (คณะ วิทยาการจัดการ ใช้ คะแนน A-Level คณิตศาสตร์ประยุก์ต1),,0,25,22,7,40.9916,31.2422
มหาวิทยาลัยเกษตรศาสตร์,ศรีราชา,10020326610201D,0,C2839,คณะวิทยาการจัดการ,บธ.บ. สาขาวิชาการจัดการ,Admission (คณะ วิทยาการจัดการ ใช้ คะแนน A-Level คณิตศาสตร์ประยุก์ต2),,0,25,31,5,45.5902,28.5672
มหาวิทยาลัยเกษตรศาสตร์,ศรีราชา,10020326610502A,0,C2838,คณะวิทยาการจัดการ,บธ.บ. สาขาวิชาการบัญชี,Admission (คณะ วิทยาการจัดการ ใช้ คะแนน A-Level คณิตศาสตร์ประยุก์ต1),,0,20,304,20,57.9998,47.8868
มหาวิทยาลัยเกษตรศาสตร์,ศรีราชา,10020326610502A,0,C2839,คณะวิทยาการจัดการ,บธ.บ. สาขาวิชาการบัญชี,Admission (คณะ วิทยาการจัดการ ใช้ คะแนน A-Level คณิตศาสตร์ประยุก์ต2),,0,20,619,20,71.1788,63.7504
มหาวิทยาลัยเกษตรศาสตร์,ศรีราชา,10020326610502B,0,C2838,คณะวิทยาการจัดการ,บธ.บ. สาขาวิชาการบัญชี,Admission (คณะ วิทยาการจัดการ ใช้ คะแนน A-Level คณิตศาสตร์ประยุก์ต1),,0,30,141,30,48.5946,37.9920
มหาวิทยาลัยเกษตรศาสตร์,ศรีราชา,10020326610502B,0,C2839,คณะวิทยาการจัดการ,บธ.บ. สาขาวิชาการบัญชี,Admission (คณะ วิทยาการจัดการ ใช้ คะแนน A-Level คณิตศาสตร์ประยุก์ต2),,0,30,253,30,68.8692,51.4300
มหาวิทยาลัยเกษตรศาสตร์,ศรีราชา,10020326610502D,0,C2838,คณะวิทยาการจัดการ,บธ.บ. สาขาวิชาการบัญชี,Admission (คณะ วิทยาการจัดการ ใช้ คะแนน A-Level คณิตศาสตร์ประยุก์ต1),,0,25,45,15,46.7878,23.1400
มหาวิทยาลัยเกษตรศาสตร์,ศรีราชา,10020326610502D,0,C2839,คณะวิทยาการจัดการ,บธ.บ. สาขาวิชาการบัญชี,Admission (คณะ วิทยาการจัดการ ใช้ คะแนน A-Level คณิตศาสตร์ประยุก์ต2),,0,25,85,25,64.0920,33.9728
มหาวิทยาลัยเกษตรศาสตร์,ศรีราชา,10020326610602A,0,C2838,คณะวิทยาการจัดการ,บธ.บ. สาขาวิชาการตลาดดิจิทัลและการสร้าง ตรา,Admission (คณะ วิทยาการจัดการ ใช้ คะแนน A-Level คณิตศาสตร์ประยุก์ต1),,0,20,161,20,52.3616,37.6944
มหาวิทยาลัยเกษตรศาสตร์,ศรีราชา,10020326610602A,0,C2839,คณะวิทยาการจัดการ,บธ.บ. สาขาวิชาการตลาดดิจิทัลและการสร้าง ตรา,Admission (คณะ วิทยาการจัดการ ใช้ คะแนน A-Level คณิตศาสตร์ประยุก์ต2),,0,20,263,20,60.3526,43.8840
มหาวิทยาลัยเกษตรศาสตร์,ศรีราชา,10020326610602B,0,C2838,คณะวิทยาการจัดการ,บธ.บ. สาขาวิชาการตลาดดิจิทัลและการสร้าง ตรา,Admission (คณะ วิทยาการจัดการ ใช้ คะแนน A-Level คณิตศาสตร์ประยุก์ต1),,0,45,102,36,42.4538,24.3772
มหาวิทยาลัยเกษตรศาสตร์,ศรีราชา,10020326610602B,0,C2839,คณะวิทยาการจัดการ,บธ.บ. สาขาวิชาการตลาดดิจิทัลและการสร้าง ตรา,Admission (คณะ วิทยาการจัดการ ใช้ คะแนน A-Level คณิตศาสตร์ประยุก์ต2),,0,45,155,45,48.9850,31.0604
มหาวิทยาลัยเกษตรศาสตร์,ศรีราชา,10020326610602D,0,C2838,คณะวิทยาการจัดการ,บธ.บ. สาขาวิชาการตลาดดิจิทัลและการสร้าง ตรา,Admission (คณะ วิทยาการจัดการ ใช้ คะแนน A-Level คณิตศาสตร์ประยุก์ต1),,0,25,17,5,39.7456,21.4694
มหาวิทยาลัยเกษตรศาสตร์,ศรีราชา,10020326610602D,0,C2839,คณะวิทยาการจัดการ,บธ.บ. สาขาวิชาการตลาดดิจิทัลและการสร้าง ตรา,Admission (คณะ วิทยาการจัดการ ใช้ คะแนน A-Level คณิตศาสตร์ประยุก์ต2),,0,25,30,9,59.0206,30.4878
มหาวิทยาลัยเกษตรศาสตร์,ศรีราชา,10020326610802A,0,C2838,คณะวิทยาการจัดการ,บธ.บ. สาขาวิชาธุรกิจระหว่างประเทศ,Admission (คณะ วิทยาการจัดการ ใช้ คะแนน A-Level คณิตศาสตร์ประยุก์ต1),,0,20,278,20,50.4336,41.8290
มหาวิทยาลัยเกษตรศาสตร์,ศรีราชา,10020326610802A,0,C2839,คณะวิทยาการจัดการ,บธ.บ. สาขาวิชาธุรกิจระหว่างประเทศ,Admission (คณะ วิทยาการจัดการ ใช้ คะแนน A-Level คณิตศาสตร์ประยุก์ต2),,0,20,512,20,66.7936,51.9714
มหาวิทยาลัยเกษตรศาสตร์,ศรีราชา,10020326610802B,0,C2838,คณะวิทยาการจัดการ,บธ.บ. สาขาวิชาธุรกิจระหว่างประเทศ,Admission (คณะ วิทยาการจัดการ ใช้ คะแนน A-Level คณิตศาสตร์ประยุก์ต1),,0,45,138,45,44.7944,26.5046
มหาวิทยาลัยเกษตรศาสตร์,ศรีราชา,10020326610802B,0,C2839,คณะวิทยาการจัดการ,บธ.บ. สาขาวิชาธุรกิจระหว่างประเทศ,Admission (คณะ วิทยาการจัดการ ใช้ คะแนน A-Level คณิตศาสตร์ประยุก์ต2),,0,45,226,45,50.4788,37.0188
มหาวิทยาลัยเกษตรศาสตร์,ศรีราชา,10020326610802D,0,C2838,คณะวิทยาการจัดการ,บธ.บ. สาขาวิชาธุรกิจระหว่างประเทศ,Admission (คณะ วิทยาการจัดการ ใช้ คะแนน A-Level คณิตศาสตร์ประยุก์ต1),,0,25,62,24,41.4584,21.9018
มหาวิทยาลัยเกษตรศาสตร์,ศรีราชา,10020326610802D,0,C2839,คณะวิทยาการจัดการ,บธ.บ. สาขาวิชาธุรกิจระหว่างประเทศ,Admission (คณะ วิทยาการจัดการ ใช้ คะแนน A-Level คณิตศาสตร์ประยุก์ต2),,0,25,112,25,57.6654,35.3566
มหาวิทยาลัยเกษตรศาสตร์,ศรีราชา,10020326611001A,0,C2838,คณะวิทยาการจัดการ,บธ.บ. สาขาวิชาการจัดการโลจิสติกส์,Admission (คณะ วิทยาการจัดการ ใช้ คะแนน A-Level คณิตศาสตร์ประยุก์ต1),,0,20,381,20,58.5082,42.4638
มหาวิทยาลัยเกษตรศาสตร์,ศรีราชา,10020326611001A,0,C2839,คณะวิทยาการจัดการ,บธ.บ. สาขาวิชาการจัดการโลจิสติกส์,Admission (คณะ วิทยาการจัดการ ใช้ คะแนน A-Level คณิตศาสตร์ประยุก์ต2),,0,20,589,20,67.2416,54.2926
มหาวิทยาลัยเกษตรศาสตร์,ศรีราชา,10020326611001B,0,C2838,คณะวิทยาการจัดการ,บธ.บ. สาขาวิชาการจัดการโลจิสติกส์,Admission (คณะ วิทยาการจัดการ ใช้ คะแนน A-Level คณิตศาสตร์ประยุก์ต1),,0,30,172,30,43.7268,36.1950
มหาวิทยาลัยเกษตรศาสตร์,ศรีราชา,10020326611001B,0,C2839,คณะวิทยาการจัดการ,บธ.บ. สาขาวิชาการจัดการโลจิสติกส์,Admission (คณะ วิทยาการจัดการ ใช้ คะแนน A-Level คณิตศาสตร์ประยุก์ต2),,0,30,254,30,51.2990,44.6260
มหาวิทยาลัยเกษตรศาสตร์,ศรีราชา,10020326611001D,0,C2838,คณะวิทยาการจัดการ,บธ.บ. สาขาวิชาการจัดการโลจิสติกส์,Admission (คณะ วิทยาการจัดการ ใช้ คะแนน A-Level คณิตศาสตร์ประยุก์ต1),,0,25,59,22,41.8160,23.4892
มหาวิทยาลัยเกษตรศาสตร์,ศรีราชา,10020326611001D,0,C2839,คณะวิทยาการจัดการ,บธ.บ. สาขาวิชาการจัดการโลจิสติกส์,Admission (คณะ วิทยาการจัดการ ใช้ คะแนน A-Level คณิตศาสตร์ประยุก์ต2),,0,25,81,25,65.5452,32.9770
มหาวิทยาลัยเกษตรศาสตร์,ศรีราชา,10020326620102A,A,C2838,คณะวิทยาการจัดการ,บธ.บ. สาขาวิชาการจัดการอุตสาหกรรมการ บริการ,Admission (คณะ วิทยาการจัดการ ใช้ คะแนน A-Level คณิตศาสตร์ประยุก์ต1),วิชาเอกการ จัดการ โรงแรมและ การเป็น ผู้ประกอบกา ร,0,28,109,28,49.5232,30.9288
มหาวิทยาลัยเกษตรศาสตร์,ศรีราชา,10020326620102A,A,C2839,คณะวิทยาการจัดการ,บธ.บ. สาขาวิชาการจัดการอุตสาหกรรมการ บริการ,Admission (คณะ วิทยาการจัดการ ใช้ คะแนน A-Level คณิตศาสตร์ประยุก์ต2),วิชาเอกการ จัดการ โรงแรมและ การเป็น ผู้ประกอบกา ร,0,27,178,27,49.8986,38.2028
มหาวิทยาลัยเกษตรศาสตร์,ศรีราชา,10020326620102A,B,C2838,คณะวิทยาการจัดการ,บธ.บ. สาขาวิชาการจัดการอุตสาหกรรมการ บริการ,Admission (คณะ วิทยาการจัดการ ใช้ คะแนน A-Level คณิตศาสตร์ประยุก์ต1),วิชาเอกการ จัดการและ การเป็น ผู้ประกอบกา รท่องเที่ยว,0,30,89,30,43.4298,28.9232
มหาวิทยาลัยเกษตรศาสตร์,ศรีราชา,10020326620102A,B,C2839,คณะวิทยาการจัดการ,บธ.บ. สาขาวิชาการจัดการอุตสาหกรรมการ บริการ,Admission (คณะ วิทยาการจัดการ ใช้ คะแนน A-Level คณิตศาสตร์ประยุก์ต2),วิชาเอกการ จัดการและ การเป็น ผู้ประกอบกา รท่องเที่ยว,0,30,147,30,53.7766,35.6332
มหาวิทยาลัยเกษตรศาสตร์,ศรีราชา,10020326620102B,A,C2838,คณะวิทยาการจัดการ,บธ.บ. สาขาวิชาการจัดการอุตสาหกรรมการ บริการ,Admission (คณะ วิทยาการจัดการ ใช้ คะแนน A-Level คณิตศาสตร์ประยุก์ต1),วิชาเอกการ จัดการ โรงแรมและ การเป็น ผู้ประกอบกา ร,0,45,105,26,39.9772,21.2930
มหาวิทยาลัยเกษตรศาสตร์,ศรีราชา,10020326620102B,A,C2839,คณะวิทยาการจัดการ,บธ.บ. สาขาวิชาการจัดการอุตสาหกรรมการ บริการ,Admission (คณะ วิทยาการจัดการ ใช้ คะแนน A-Level คณิตศาสตร์ประยุก์ต2),วิชาเอกการ จัดการ โรงแรมและ การเป็น ผู้ประกอบกา ร,0,45,120,44,45.7840,22.6760
มหาวิทยาลัยเกษตรศาสตร์,ศรีราชา,10020326620102B,B,C2838,คณะวิทยาการจัดการ,บธ.บ. สาขาวิชาการจัดการอุตสาหกรรมการ บริการ,Admission (คณะ วิทยาการจัดการ ใช้ คะแนน A-Level คณิตศาสตร์ประยุก์ต1),วิชาเอกการ จัดการและ การเป็น ผู้ประกอบกา รท่องเที่ยว,0,45,73,19,38.0430,22.9572
มหาวิทยาลัยเกษตรศาสตร์,ศรีราชา,10020326620102B,B,C2839,คณะวิทยาการจัดการ,บธ.บ. สาขาวิชาการจัดการอุตสาหกรรมการ บริการ,Admission (คณะ วิทยาการจัดการ ใช้ คะแนน A-Level คณิตศาสตร์ประยุก์ต2),วิชาเอกการ จัดการและ การเป็น ผู้ประกอบกา รท่องเที่ยว,0,45,121,37,42.9352,24.9582
มหาวิทยาลัยเกษตรศาสตร์,ศรีราชา,10020326620102D,A,C2838,คณะวิทยาการจัดการ,บธ.บ. สาขาวิชาการจัดการอุตสาหกรรมการ บริการ,Admission (คณะ วิทยาการจัดการ ใช้ คะแนน A-Level คณิตศาสตร์ประยุก์ต1),วิชาเอกการ จัดการ โรงแรมและ การเป็น ผู้ประกอบกา ร,0,25,10,2,29.0584,28.1546
มหาวิทยาลัยเกษตรศาสตร์,ศรีราชา,10020326620102D,A,C2839,คณะวิทยาการจัดการ,บธ.บ. สาขาวิชาการจัดการอุตสาหกรรมการ บริการ,Admission (คณะ วิทยาการจัดการ ใช้ คะแนน A-Level คณิตศาสตร์ประยุก์ต2),วิชาเอกการ จัดการ โรงแรมและ การเป็น ผู้ประกอบกา ร,0,25,17,4,35.0328,24.7518
มหาวิทยาลัยเกษตรศาสตร์,ศรีราชา,10020326620102D,B,C2838,คณะวิทยาการจัดการ,บธ.บ. สาขาวิชาการจัดการอุตสาหกรรมการ บริการ,Admission (คณะ วิทยาการจัดการ ใช้ คะแนน A-Level คณิตศาสตร์ประยุก์ต1),วิชาเอกการ จัดการและ การเป็น ผู้ประกอบกา รท่องเที่ยว,0,25,13,4,29.9858,25.9970
มหาวิทยาลัยเกษตรศาสตร์,ศรีราชา,10020326620102D,B,C2839,คณะวิทยาการจัดการ,บธ.บ. สาขาวิชาการจัดการอุตสาหกรรมการ บริการ,Admission (คณะ วิทยาการจัดการ ใช้ คะแนน A-Level คณิตศาสตร์ประยุก์ต2),วิชาเอกการ จัดการและ การเป็น ผู้ประกอบกา รท่องเที่ยว,0,25,18,12,42.2608,24.9970
มหาวิทยาลัยเกษตรศาสตร์,ศรีราชา,10020327210303A,0,C2849,คณะวิทยาศาสต์รศรีราชา,วท.บ. สาขาวิชาวิทยาการวิเคราะห์ข้อมูลและ คณิตศาสตร์ประกันภัย,Admission (วิทยาการวิเคราะห์ ข้อมูลและ คณิตศาสต์รประกันภัย ใช้คะแนน A-Level คณิตศาสตร์ประยุก์ต1),,0,40,134,37,46.8522,25.4820
มหาวิทยาลัยเกษตรศาสตร์,ศรีราชา,10020327210303A,0,C2850,คณะวิทยาศาสต์รศรีราชา,วท.บ. สาขาวิชาวิทยาการวิเคราะห์ข้อมูลและ คณิตศาสตร์ประกันภัย,Admission (วิทยาการวิเคราะห์ ข้อมูลและ คณิตศาสต์รประกันภัย ใช้คะแนน TPAT3),,0,35,127,35,60.1062,35.2356
มหาวิทยาลัยเกษตรศาสตร์,ศรีราชา,10020327210401A,0,C2851,คณะวิทยาศาสต์รศรีราชา,วท.บ. สาขาวิทยาศาสตร์และเทคโนโลยีเคีมประยุกต์,Admission (วิทยาศาสตร์และเทคโนโลยีเคีมประยุก์ตใช้คะแนน A-Level คณิตศาสตร์ประยุก์ต1),,0,50,43,12,34.4030,18.7296
มหาวิทยาลัยเกษตรศาสตร์,ศรีราชา,10020327210401A,0,C2852,คณะวิทยาศาสต์รศรีราชา,วท.บ. สาขาวิทยาศาสตร์และเทคโนโลยีเคีมประยุกต์,Admission (วิทยาศาสตร์และเทคโนโลยีเคีมประยุก์ตใช้คะแนน A-Level เคม)ี,,0,50,30,8,35.9410,19.8311
มหาวิทยาลัยเกษตรศาสตร์,ศรีราชา,10020327212701A,0,C2853,คณะวิทยาศาสต์รศรีราชา,วท.บ. สาขาวิชาฟิสิกส์,Admission (ฟิสิก์สใช้คะแนน A-Level ฟิสิกส์),,0,45,18,6,41.5430,27.6044
มหาวิทยาลัยเกษตรศาสตร์,ศรีราชา,10020327212701A,0,C2854,คณะวิทยาศาสต์รศรีราชา,วท.บ. สาขาวิชาฟิสิกส์,Admission (ฟิสิก์สใช้คะแนน TPAT3),,0,45,18,4,38.3160,35.3412
มหาวิทยาลัยเกษตรศาสตร์,ศรีราชา,10020327213501A,0,C2800,คณะวิทยาศาสต์รศรีราชา,วท.บ. สาขาวิชาวิทยาศาสตร์และเทคโนโลียสิ่งแวดล้อม,Admission,,0,50,341,50,50.3673,36.0936
มหาวิทยาลัยเกษตรศาสตร์,ศรีราชา,10020327220101A,0,C2800,คณะวิทยาศาสต์รศรีราชา,วท.บ. สาขาวิชาวิทยาการและเทคโนโลยีดิจิทัล,Admission,,0,60,167,60,58.8930,24.5582
มหาวิทยาลัยเกษตรศาสตร์,ศรีราชา,10020327220101B,0,C2800,คณะวิทยาศาสต์รศรีราชา,วท.บ. สาขาวิชาวิทยาการและเทคโนโลยีดิจิทัล,Admission,,0,70,212,70,43.5518,26.4376
มหาวิทยาลัยเกษตรศาสตร์,ศรีราชา,10020327220201A,0,C2855,คณะวิทยาศาสต์รศรีราชา,วท.บ. สาขาวิชาวิทยาการคอมพิวเตอร์,Admission (วิทยาการ คอมพิวเตอ์รใช้ คะแนน A-Level คณิตศาสตร์ประยุก์ต2),,0,30,215,30,65.9880,44.8546
มหาวิทยาลัยเกษตรศาสตร์,ศรีราชา,10020327220201A,0,C2856,คณะวิทยาศาสต์รศรีราชา,วท.บ. สาขาวิชาวิทยาการคอมพิวเตอร์,Admission (วิทยาการ คอมพิวเตอ์รใช้ คะแนน TPAT3),,0,30,186,30,52.1248,41.3264
มหาวิทยาลัยเกษตรศาสตร์,ศรีราชา,10020327220201B,0,C2855,คณะวิทยาศาสต์รศรีราชา,วท.บ. สาขาวิชาวิทยาการคอมพิวเตอร์,Admission (วิทยาการ คอมพิวเตอ์รใช้ คะแนน A-Level คณิตศาสตร์ประยุก์ต2),,0,30,189,30,65.2728,43.9776
มหาวิทยาลัยเกษตรศาสตร์,ศรีราชา,10020327220201B,0,C2856,คณะวิทยาศาสต์รศรีราชา,วท.บ. สาขาวิชาวิทยาการคอมพิวเตอร์,Admission (วิทยาการ คอมพิวเตอ์รใช้ คะแนน TPAT3),,0,30,134,30,54.1136,34.5648
มหาวิทยาลัยเกษตรศาสตร์,ศรีราชา,10020328300502A,0,C2800,คณะวิศวกรรมศาสต์รศรีราชา,วศ.บ. สาขาวิชาวิศวกรรมคอมพิวเตอร์และ สารสนเทศศาสตร์,Admission,,0,75,851,75,44.4194,27.5764
มหาวิทยาลัยเกษตรศาสตร์,ศรีราชา,10020328300702A,0,C2800,คณะวิศวกรรมศาสต์รศรีราชา,วศ.บ. สาขาวิชาวิศวกรรมเครื่องกลและการ ออกแบบ,Admission,,0,40,792,40,40.7916,34.5198
มหาวิทยาลัยเกษตรศาสตร์,ศรีราชา,10020328301602A,0,C2800,คณะวิศวกรรมศาสต์รศรีราชา,วศ.บ. สาขาวิชาวิศวกรรมไฟฟ้าและ อิเล็กทรอนิกส์,Admission,,0,55,984,55,60.7784,48.9235
มหาวิทยาลัยเกษตรศาสตร์,ศรีราชา,10020328302001E,0,C2800,คณะวิศวกรรมศาสต์รศรีราชา,วศ.บ. สาขาวิชาวิศวกรรมยานยนต์,Admission,,0,36,162,36,55.9758,39.3812
มหาวิทยาลัยเกษตรศาสตร์,ศรีราชา,10020328302101A,0,C2800,คณะวิศวกรรมศาสต์รศรีราชา,วศ.บ. สาขาวิชาวิศวกรรมโยธา,Admission,,0,46,671,46,42.3334,36.9238
มหาวิทยาลัยเกษตรศาสตร์,ศรีราชา,10020328302901E,0,C2800,คณะวิศวกรรมศาสต์รศรีราชา,วศ.บ. สาขาวิชาวิศวกรรมหุ่นยนต์และระบบ อัตโนมัติ,Admission,,0,25,136,25,58.6182,41.3772
มหาวิทยาลัยเกษตรศาสตร์,ศรีราชา,10020328303401A,0,C2800,คณะวิศวกรรมศาสต์รศรีราชา,วศ.บ. สาขาวิชาวิศวกรรมดิจิทัลและ อิเล็กทรอนิกส์อัจฉริยะ,Admission,,0,30,492,30,62.5114,44.1188
มหาวิทยาลัยเกษตรศาสตร์,ศรีราชา,10020328303502A,0,C2800,คณะวิศวกรรมศาสต์รศรีราชา,วศ.บ. สาขาวิชาวิศวกรรมอุตสาหการและระบบ,Admission,,0,40,1188,40,55.7608,48.4778
มหาวิทยาลัยเกษตรศาสตร์,ศรีราชา,10020328303504D,0,C2800,คณะวิศวกรรมศาสต์รศรีราชา,วศ.บ. สาขาวิชาวิศวกรรมระบบการผลิตดิจิทัล,Admission,,0,35,169,35,47.6848,36.6052
มหาวิทยาลัยเกษตรศาสตร์,เฉลิมพระเกียริตจ.สกลนคร,10020429111801A,0,C2800,คณะทรัพยากรธรรมชาติและอุตสาหกรรมเกษตร,วท.บ. สาขาวิชาอาหารปลอดภัยและโภชนาการ,Admission,,0,80,13,3,42.8400,40.7300
มหาวิทยาลัยเกษตรศาสตร์,เฉลิมพระเกียริตจ.สกลนคร,10020429211001A,0,C2800,คณะทรัพยากรธรรมชาติและอุตสาหกรรมเกษตร,วท.บ. สาขาวิชาเทคโนโลยีการอาหาร,Admission,,0,80,9,5,44.0200,36.8100
มหาวิทยาลัยเกษตรศาสตร์,เฉลิมพระเกียริตจ.สกลนคร,10020429500201A,0,C2800,คณะทรัพยากรธรรมชาติและอุตสาหกรรมเกษตร,วท.บ. สาขาวิชาพืชศาสตร์,Admission,,0,80,4,1,44.7200,44.7200
มหาวิทยาลัยเกษตรศาสตร์,เฉลิมพระเกียริตจ.สกลนคร,10020429500202A,0,C2800,คณะทรัพยากรธรรมชาติและอุตสาหกรรมเกษตร,วท.บ. สาขาวิชาการจัดการทรัพยากรเกษตร และธุรกิจเกษตร,Admission,,0,80,0,0,0.0000,0.0000
มหาวิทยาลัยเกษตรศาสตร์,เฉลิมพระเกียริตจ.สกลนคร,10020429500601A,0,C2800,คณะทรัพยากรธรรมชาติและอุตสาหกรรมเกษตร,วท.บ. สาขาวิชาเทคโนโลยีการเพาะเลี้ยงสัต์วน้ำอย่างยงั่ยืน,Admission,,0,40,7,2,42.1500,33.0000
มหาวิทยาลัยเกษตรศาสตร์,เฉลิมพระเกียริตจ.สกลนคร,10020429501201A,0,C2800,คณะทรัพยากรธรรมชาติและอุตสาหกรรมเกษตร,วท.บ. สาขาวิชาสัตวศาสตร์,Admission,,0,40,35,11,47.0100,36.8200
มหาวิทยาลัยเกษตรศาสตร์,เฉลิมพระเกียริตจ.สกลนคร,10020430210403A,0,C2800,คณะวิทยาศาสตร์และวิศวกรรมศาสตร์,วท.บ. สาขาวิชาเคมีประยุกต์,Admission,,0,30,76,16,66.7032,43.8508
มหาวิทยาลัยเกษตรศาสตร์,เฉลิมพระเกียริตจ.สกลนคร,10020430220201A,0,C2800,คณะวิทยาศาสตร์และวิศวกรรมศาสตร์,วท.บ. สาขาวิชาวิทยาการคอมพิวเตอร์,Admission,,0,60,175,40,71.6840,27.9936
มหาวิทยาลัยเกษตรศาสตร์,เฉลิมพระเกียริตจ.สกลนคร,10020430300501A,0,C2800,คณะวิทยาศาสตร์และวิศวกรรมศาสตร์,วศ.บ. สาขาวิชาวิศวกรรมคอมพิวเตอร์,Admission,,0,20,26,16,52.0152,37.7395
มหาวิทยาลัยเกษตรศาสตร์,เฉลิมพระเกียริตจ.สกลนคร,10020430300703A,0,C2800,คณะวิทยาศาสตร์และวิศวกรรมศาสตร์,วศ.บ. สาขาวิชาวิศวกรรมเครื่องกลและการผลิต,Admission,,0,30,169,30,61.1388,48.0720
มหาวิทยาลัยเกษตรศาสตร์,เฉลิมพระเกียริตจ.สกลนคร,10020430301601A,0,C2800,คณะวิทยาศาสตร์และวิศวกรรมศาสตร์,วศ.บ. สาขาวิชาวิศวกรรมไฟฟ้า,Admission,,0,20,40,17,56.1496,33.8591
มหาวิทยาลัยเกษตรศาสตร์,เฉลิมพระเกียริตจ.สกลนคร,10020430302101A,0,C2800,คณะวิทยาศาสตร์และวิศวกรรมศาสตร์,วศ.บ. สาขาวิชาวิศวกรรมโยธา,Admission,,0,40,88,30,64.4508,23.7384
มหาวิทยาลัยเกษตรศาสตร์,เฉลิมพระเกียริตจ.สกลนคร,10020430302802A,0,C2800,คณะวิทยาศาสตร์และวิศวกรรมศาสตร์,วศ.บ. สาขาวิชาวิศวกรรมสิ่งแวดล้อมเพื่อการ พัฒนาอย่างยงั่ยืน,Admission,,0,20,85,20,62.7620,44.2440
มหาวิทยาลัยเกษตรศาสตร์,เฉลิมพระเกียริตจ.สกลนคร,10020430303501A,0,C2800,คณะวิทยาศาสตร์และวิศวกรรมศาสตร์,วศ.บ. สาขาวิชาวิศวกรรมอุตสาหการ,Admission,,0,40,128,40,60.7980,36.4008
มหาวิทยาลัยเกษตรศาสตร์,เฉลิมพระเกียริตจ.สกลนคร,10020431610101A,0,C2800,คณะศิลปศาสตร์และวิทยาการจัดการ,บธ.บ. สาขาวิชาการบริหารการเงินและการ ลงทุน,Admission,,0,60,114,27,66.6436,37.3788
มหาวิทยาลัยเกษตรศาสตร์,เฉลิมพระเกียริตจ.สกลนคร,10020431610201A,0,C2800,คณะศิลปศาสตร์และวิทยาการจัดการ,บธ.บ. สาขาวิชาการจัดการ,Admission,,0,80,58,11,56.7532,30.6596
มหาวิทยาลัยเกษตรศาสตร์,เฉลิมพระเกียริตจ.สกลนคร,10020431610501A,0,C2800,คณะศิลปศาสตร์และวิทยาการจัดการ,บช.บ.(บัญชีบัณฑิต),Admission,,0,100,271,81,70.5340,38.4076
มหาวิทยาลัยเกษตรศาสตร์,เฉลิมพระเกียริตจ.สกลนคร,10020431610601A,0,C2800,คณะศิลปศาสตร์และวิทยาการจัดการ,บธ.บ. สาขาวิชาการตลาด,Admission,,0,60,40,13,61.8220,30.2328
มหาวิทยาลัยเกษตรศาสตร์,เฉลิมพระเกียริตจ.สกลนคร,10020431620101A,0,C2800,คณะศิลปศาสตร์และวิทยาการจัดการ,บธ.บ. สาขาวิชาการจัดการโรงแรมและ ท่องเที่ยวสมัยใหม่,Admission,,0,60,59,16,61.8788,39.3476
มหาวิทยาลัยเกษตรศาสตร์,เฉลิมพระเกียริตจ.สกลนคร,10020431901001A,0,C2800,คณะศิลปศาสตร์และวิทยาการจัดการ,น.บ.(นิติศาสตรบัณฑิต),Admission,,0,60,302,60,63.3656,48.9552
มหาวิทยาลัยเกษตรศาสตร์,เฉลิมพระเกียริตจ.สกลนคร,10020431902501A,0,C2800,คณะศิลปศาสตร์และวิทยาการจัดการ,ศศ.บ. สาขาวิชาภาษาอังกฤษ,Admission,,0,150,202,52,68.9576,24.7776
มหาวิทยาลัยเกษตรศาสตร์,เฉลิมพระเกียริตจ.สกลนคร,10020431903101A,0,C2800,คณะศิลปศาสตร์และวิทยาการจัดการ,รป.บ.(รัฐประศาสนศาสตรบัณฑิต),Admission,,0,120,126,29,62.0456,38.7664
มหาวิทยาลัยเกษตรศาสตร์,เฉลิมพระเกียริตจ.สกลนคร,10020432112701A,0,C2800,คณะสาธารณสุขศาสตร์,ส.บ.(สาธารณสุขศาสตรบัณฑิต),Admission,,0,20,281,20,50.7850,43.1938
มหาวิทยาลัยเกษตรศาสตร์,เฉลิมพระเกียริตจ.สกลนคร,10020432112702A,0,C2800,คณะสาธารณสุขศาสตร์,วท.บ. สาขาวิชาอนามัยสิ่งแวดล้อม,Admission,,0,40,378,40,44.0710,38.9978
มหาวิทยาลัยเกษตรศาสตร์,เฉลิมพระเกียริตจ.สกลนคร,10020432112703A,0,C2800,คณะสาธารณสุขศาสตร์,วท.บ. สาขาวิชาอาชีวอนามัยและความปลอดภัย,Admission,,0,20,222,20,51.7410,42.9426
มหาวิทยาลัยเกษตรศาสตร์,สำนักงานเขต บริหารการ เรียนรู้พื้นที่ สุพรรณบุรี,10020535620101A,0,C2800,คณะสหวิทยาการจัดการและเทคโนโลยี,บธ.บ. สาขาวิชาการจัดการท่องเที่ยวเชิง วัฒนธรรมและสุขภาพ,Admission,,0,40,77,17,60.7590,21.5180
มหาวิทยาลัยเกษตรศาสตร์,สำนักงานเขต บริหารการ เรียนรู้พื้นที่ สุพรรณบุรี,10020535620102A,B,C2800,คณะสหวิทยาการจัดการและเทคโนโลยี,บธ.บ. สาขาวิชาการจัดการอุตสาหกรรมการ บริการ,Admission,วิชาเอกการ จัดการ โรงแรม,0,40,56,8,58.2270,29.1130
มหาวิทยาลัยเกษตรศาสตร์,สำนักงานเขต บริหารการ เรียนรู้พื้นที่ สุพรรณบุรี,10020535620102A,C,C2800,คณะสหวิทยาการจัดการและเทคโนโลยี,บธ.บ. สาขาวิชาการจัดการอุตสาหกรรมการ บริการ,Admission,วิชาเอกการ จัดการการ ท่องเที่ยว ร่วมสมัย,0,40,71,13,50.6320,29.1130
มหาวิทยาลัยขอนแก่น,ขอนแก่น,10030102210304A,0,H3000,คณะวิทยาศาสตร์,วิทยาศาสตรบัณฑิต(คณิตศาสตร)์ คณิตศาสตร์,คณะวิทยาศาสต์รวท.บ. (คณิตศาสตร)์ คณิตศาสตร์,,0,45,94,27,41.6375,30.0457
มหาวิทยาลัยขอนแก่น,ขอนแก่น,10030102210402A,0,H3000,คณะวิทยาศาสตร์,วิทยาศาสตรบัณฑิต(เคม)ี เคมี,คณะวิทยาศาสต์รวท.บ. (เคม)ี เคมี,,0,50,200,49,44.2866,30.1532
มหาวิทยาลัยขอนแก่น,ขอนแก่น,10030102210502A,0,H3000,คณะวิทยาศาสตร์,วิทยาศาสตรบัณฑิต(จุลชีววิทยา) จุลชีววิทยา,คณะวิทยาศาสต์รวท.บ. (จุลชีววิทยา) จุลชีววิทยา,,0,31,328,31,51.0944,35.2867
มหาวิทยาลัยขอนแก่น,ขอนแก่น,10030102210602A,0,H3000,คณะวิทยาศาสตร์,วิทยาศาสตรบัณฑิต(ชีวเคม)ี ชีวเคมี,คณะวิทยาศาสต์รวท.บ. (ชีวเคม)ี ชีวเคมี,,0,28,286,28,42.7445,34.3395
มหาวิทยาลัยขอนแก่น,ขอนแก่น,10030102210702A,0,H0201,คณะวิทยาศาสตร์,วิทยาศาสตรบัณฑิต(ชีววิทยา) ชีววิทยา,คณะวิทยาศาสต์รวท.บ. (ชีววิทยา) ชีววิทยา รูปแบบที่ 2,,0,5,109,5,50.8112,39.4248
มหาวิทยาลัยขอนแก่น,ขอนแก่น,10030102210702A,0,H0202,คณะวิทยาศาสตร์,วิทยาศาสตรบัณฑิต(ชีววิทยา) ชีววิทยา,คณะวิทยาศาสต์รวท.บ. (ชีววิทยา) ชีววิทยา รูปแบบที่ 1,,0,54,130,35,41.5500,30.1457
มหาวิทยาลัยขอนแก่น,ขอนแก่น,10030102211401A,0,H3000,คณะวิทยาศาสตร์,วิทยาศาสตรบัณฑิต(วิทยาศาสตร์แบตเตอรี่ และพลังงานใหม่) วิทยาศาสตร์แบตเตอรี่และ พลังงานใหม่,คณะวิทยาศาสต์รวท.บ. (วิทยาศาสต์รแบตเตอรี่และ พลังงานใหม)่ วิทยาศาสต์รแบตเตอรี่และ พลังงานใหม่,,0,19,148,19,40.8963,32.9029
มหาวิทยาลัยขอนแก่น,ขอนแก่น,10030102212702A,0,H3000,คณะวิทยาศาสตร์,วิทยาศาสตรบัณฑิต(ฟิสิกส์) ฟิสิกส์,คณะวิทยาศาสต์รวท.บ. (ฟิสิกส์) ฟิสิกส์,,0,34,164,34,38.0077,31.6032
มหาวิทยาลัยขอนแก่น,ขอนแก่น,10030102212802A,0,H3000,คณะวิทยาศาสตร์,วิทยาศาสตรบัณฑิต(วัสดุศาสตร์และนาโน เทคโนโลยี) วัสดุศาสตร์และนาโนเทคโนโลยี,คณะวิทยาศาสต์รวท.บ. (วัสดุศาสต์รและนาโนเทคโนโลยี) วัสดุศาสตร์และนา โนเทคโนโลยี,,0,18,136,18,37.7874,32.1766
มหาวิทยาลัยขอนแก่น,ขอนแก่น,10030102213102A,0,H3000,คณะวิทยาศาสตร์,วิทยาศาสตรบัณฑิต(วิทยาศาสตร์สิ่งแวดล้อม) วิทยาศาสตร์สิ่งแวดล้อม,คณะวิทยาศาสต์รวท.บ. (วิทยาศาสต์รสิ่งแวดล้อม) วิทยาศาสต์รสิ่งแวดล้อม,,0,37,208,37,37.8307,31.3583
มหาวิทยาลัยขอนแก่น,ขอนแก่น,10030102213303A,0,H3000,คณะวิทยาศาสตร์,วิทยาศาสตรบัณฑิต(สถิติและวิทยาการข้อมูล) สถิติและวิทยาการข้อมูล,คณะวิทยาศาสต์รวท.บ. (สถิติและ วิทยาการข้อมูล) สถิติและวิทยาการ ข้อมูล,,0,44,168,44,46.2224,33.3840
มหาวิทยาลัยขอนแก่น,ขอนแก่น,10030103500201A,A,H3000,คณะเกษตรศาสตร์,วิทยาศาสตรบัณฑิต(เกษตรศาสตร)์ เกษตรศาสต์รวิชาเอกกีฏวิทยา แผนที่ 2,คณะเกษตรศาสต์รวท.บ. (เกษตรศาสตร)์ เกษตรศาสต์รวิชาเอกกีฏวิทยา แผนที่ 2 รับเฉพาะ สายวิทย์-คณิต,เกษตรศาสต์รวิชาเอกกีฏ วิทยา แผนที่ 2,0,10,15,2,30.6106,30.3848
มหาวิทยาลัยขอนแก่น,ขอนแก่น,10030103500201A,B,H3000,คณะเกษตรศาสตร์,วิทยาศาสตรบัณฑิต(เกษตรศาสตร)์ เกษตรศาสต์รวิชาเอกโรคพืชวิทยา แผนที่ 2,คณะเกษตรศาสต์รวท.บ. (เกษตรศาสตร)์ เกษตรศาสต์รวิชาเอกโรคพืชวิทยา แผนที่ 2 รับเฉพาะ สายวิทย์-คณิต,เกษตรศาสต์รวิชาเอกโรค พืชวิทยา แผนที่ 2,0,3,17,1,31.3158,31.3158
มหาวิทยาลัยขอนแก่น,ขอนแก่น,10030103500201A,C,H3000,คณะเกษตรศาสตร์,วิทยาศาสตรบัณฑิต(เกษตรศาสตร)์ เกษตรศาสต์รวิชาเอกปฐพีศาสตร์และ สิ่งแวดล้อม แผนที่ 2,คณะเกษตรศาสต์รวท.บ. (เกษตรศาสตร)์ เกษตรศาสต์รวิชาเอกปฐพีศาสต์รและสิ่งแวดล้อม แผนที่ 2 รับเฉพาะ สายวิทย์-คณิต,เกษตรศาสต์รวิชาเอก ปฐพีศาสต์รและ สิ่งแวดล้อม แผนที่ 2,0,15,19,2,32.7822,32.0929
มหาวิทยาลัยขอนแก่น,ขอนแก่น,10030103500201A,D,H3000,คณะเกษตรศาสตร์,วิทยาศาสตรบัณฑิต(เกษตรศาสตร)์ เกษตรศาสต์รวิชาเอกพืชสวน แผนที่ 2,คณะเกษตรศาสต์รวท.บ. (เกษตรศาสตร)์ เกษตรศาสต์รวิชาเอกพืชสวน แผนที่ 2 รับเฉพาะ สายวิทย์-คณิต,เกษตรศาสต์รวิชาเอกพืช สวน แผนที่ 2,0,10,20,2,31.4732,30.4685
มหาวิทยาลัยขอนแก่น,ขอนแก่น,10030103500201A,F,H3000,คณะเกษตรศาสตร์,วิทยาศาสตรบัณฑิต(เกษตรศาสตร)์ เกษตรศาสต์รวิชาเอกการส่งเสริมและพัฒนาการเกษตร แผนที่ 2,คณะเกษตรศาสต์รวท.บ. (เกษตรศาสตร)์ เกษตรศาสต์รวิชาเอกการส่งเสริม และพัฒนาการ เกษตร แผนที่ 2 รับ เฉพาะสายวิทย์-คณิต,เกษตรศาสต์รวิชาเอก การส่งเสริม และพัฒนาการ เกษตร แผน ที่ 2,0,20,16,6,32.2783,30.1195
มหาวิทยาลัยขอนแก่น,ขอนแก่น,10030103500201A,G,H3000,คณะเกษตรศาสตร์,วิทยาศาสตรบัณฑิต(เกษตรศาสตร)์ เกษตรศาสต์รวิชาเอกพืชไร่ แผนที่ 2,คณะเกษตรศาสต์รวท.บ. (เกษตรศาสตร)์ เกษตรศาสต์รวิชาเอกพืชไร่ แผนที่ 2 รับเฉพาะสาย วิทย์-คณิต,เกษตรศาสต์รวิชาเอกพืช ไร่ แผนที่ 2,0,10,24,4,33.2577,31.7350
มหาวิทยาลัยขอนแก่น,ขอนแก่น,10030103500202A,B,H3000,คณะเกษตรศาสตร์,วิทยาศาสตรบัณฑิต(เศรษฐศาสตร์เกษตรและ ธุรกิจเกษตร) เศรษฐศาสตร์เกษตรและธุรกิจ เกษตร แผนที่ 2,คณะเกษตรศาสต์รวท.บ. (เศรษฐศาสต์รเกษตรและธุรกิจ เกษตร) เศรษฐศาสตร์เกษตร และธุรกิจเกษตร แผนที่ 2 รับเฉพาะ สายวิทย์-คณิต,เศรษฐศาสต์รเกษตรและ ธุรกิจเกษตร แผนที่ 2,0,11,22,5,39.1511,30.3405
มหาวิทยาลัยขอนแก่น,ขอนแก่น,10030103500401A,0,H3000,คณะเกษตรศาสตร์,เกษตรศาสตรบัณฑิต(เกษตรนวัตกรรม) เกษตรนวัตกรรม,คณะเกษตรศาสต์รกษ.บ. (เกษตร นวัตกรรม) เกษตร นวัตกรรม รับเฉพาะ สายวิทย์-คณิต,,0,15,40,15,33.5844,30.4348
มหาวิทยาลัยขอนแก่น,ขอนแก่น,10030103500602A,0,H3000,คณะเกษตรศาสตร์,วิทยาศาสตรบัณฑิต(การประมง) การประมง แผนที่ 2,คณะเกษตรศาสต์รวท.บ. (การประมง) การประมง แผนที่ 2 รับเฉพาะสายวิทย์- คณิต,,0,20,27,3,31.8507,30.0630
มหาวิทยาลัยขอนแก่น,ขอนแก่น,10030103501203A,B,H3000,คณะเกษตรศาสตร์,วิทยาศาสตรบัณฑิต(สัตวศาสตร)์ สัตวศาสต์รแผนที่ 2,คณะเกษตรศาสต์รวท.บ.(สัตวศาสตร)์ สัตวศาสต์รแผนที่ 2 รับเฉพาะสายวิทย์- คณิต,สัตวศาสต์รแผนที่ 2,0,40,171,40,42.3237,31.8333
มหาวิทยาลัยขอนแก่น,ขอนแก่น,10030104300401A,0,H3000,คณะวิศวกรรมศาสตร์,วิศวกรรมศาสตรบัณฑิต(วิศวกรรมเกษตร) วิศวกรรมเกษตร,คณะ วิศวกรรมศาสต์รวศ.บ. (วิศวกรรม เกษตร) วิศวกรรม เกษตร,,0,11,65,11,35.2666,32.1000
มหาวิทยาลัยขอนแก่น,ขอนแก่น,10030104300501A,0,H3000,คณะวิศวกรรมศาสตร์,วิศวกรรมศาสตรบัณฑิต(วิศวกรรม คอมพิวเตอร)์ วิศวกรรมคอมพิวเตอร์,คณะ วิศวกรรมศาสต์รวศ.บ. (วิศวกรรม คอมพิวเตอร)์ วิศวกรรมคอมพิวเตอร์,,0,30,265,30,51.8082,43.6832
มหาวิทยาลัยขอนแก่น,ขอนแก่น,10030104300603E,0,H3000,คณะวิศวกรรมศาสตร์,วิศวกรรมศาสตรบัณฑิต(วิศวกรรมกระบวนการ เคม)ี วิศวกรรมกระบวนการเคีมหลักสูตร นานาชาติ,คณะ วิศวกรรมศาสต์รวศ.บ. (วิศวกรรม กระบวนการเคมี) วิศวกรรมศาสตร บัณฑิตสาขาวิชา วิศวกรรม กระบวนการเคีม(หลักสูตรนานาชาต)ิ,,0,30,1,0,0.0000,0.0000
มหาวิทยาลัยขอนแก่น,ขอนแก่น,10030104300604A,0,H3000,คณะวิศวกรรมศาสตร์,วิศวกรรมศาสตรบัณฑิต(วิศวกรรมเคม)ี วิศวกรรมเคมี,คณะ วิศวกรรมศาสต์รวศ.บ. (วิศวกรรมเคม)ี วิศวกรรมเคมี,,0,26,145,26,43.0625,33.9250
มหาวิทยาลัยขอนแก่น,ขอนแก่น,10030104300701A,0,H3000,คณะวิศวกรรมศาสตร์,วิศวกรรมศาสตรบัณฑิต(วิศวกรรมเครื่องกล) วิศวกรรมเครื่องกล,คณะ วิศวกรรมศาสต์รวศ.บ. (วิศวกรรมเครื่องกล) วิศวกรรมเครื่องกล,,0,29,266,29,44.5166,36.6832
มหาวิทยาลัยขอนแก่น,ขอนแก่น,10030104301001E,0,H3000,คณะวิศวกรรมศาสตร์,วิศวกรรมศาสตรบัณฑิต(วิศวกรรมสื่อดิจิทัล) หลักสูตรนานาชาติ วิศวกรรมสื่อดิจิทัล หลักสูตรนานาชาติ,คณะ วิศวกรรมศาสต์รวศ.บ. (วิศวกรรมสื่อ ดิจิทัล) นานาชาติ หลักสูตรวิศวกรรม ศาสตรบัณฑิตสาขาวิชาวิศวกรรม สื่อดิจิทัล (หลักสูตร นานาชาติ),,0,24,34,12,44.5957,30.9207
มหาวิทยาลัยขอนแก่น,ขอนแก่น,10030104301601A,0,H3000,คณะวิศวกรรมศาสตร์,วิศวกรรมศาสตรบัณฑิต(วิศวกรรมไฟฟ้า) วิศวกรรมไฟฟ้า,คณะ วิศวกรรมศาสต์รวศ.บ. (วิศวกรรมไฟฟ้า) วิศวกรรมไฟฟ้า,,0,22,204,22,47.8832,37.6832
มหาวิทยาลัยขอนแก่น,ขอนแก่น,10030104301801E,0,H3000,คณะวิศวกรรมศาสตร์,วิศวกรรมศาสตรบัณฑิต(วิศวกรรม โทรคมนาคม) หลักสูตรนานาชาติ วิศวกรรม โทรคมนาคม หลักสูตรนานาชาติ,คณะ วิศวกรรมศาสต์รวศ.บ. (วิศวกรรม โทรคมนาคม) นานาชาติ วิศวกรรม ศาสตรบัณฑิตสาขาวิชาวิศวกรรม โทรคมนาคม (หลักสูตรนานาชาต)ิ,,0,37,3,0,0.0000,0.0000
มหาวิทยาลัยขอนแก่น,ขอนแก่น,10030104302101A,0,H3000,คณะวิศวกรรมศาสตร์,วิศวกรรมศาสตรบัณฑิต(วิศวกรรมโยธา) วิศวกรรมโยธา,คณะ วิศวกรรมศาสต์รวศ.บ. (วิศวกรรม โยธา) วิศวกรรมโยธา,,0,28,182,28,41.7166,34.5250
มหาวิทยาลัยขอนแก่น,ขอนแก่น,10030104302201A,0,E0401,คณะวิศวกรรมศาสตร์,วิศวกรรมศาสตรบัณฑิต(วิศวกรรมรถไฟ ความเร็วสูง) วิศวกรรมรถไฟความเร็วสูง,คณะ วิศวกรรมศาสต์รวศ.บ. (วิศวกรรม รถไฟความเร็วสูง) วิศวกรรมรถไฟ ความเร็วสูง,,0,15,13,7,39.6666,30.8750
มหาวิทยาลัยขอนแก่น,ขอนแก่น,10030104302301A,0,H3000,คณะวิศวกรรมศาสตร์,วิศวกรรมศาสตรบัณฑิต(วิศวกรรมอัตโนมัติ หุ่นยน์ตและระบบอัจฉริยะ) วิศวกรรมอัตโนมัติ หุ่นยน์ตและระบบอัจฉริยะ,คณะ วิศวกรรมศาสต์รวศ.บ. (วิศวกรรม อัตโนมัติ หุ่นยน์ตและระบบอัจฉริยะ) วิศวกรรมอัตโนมัติ หุ่นยน์ตและระบบ อัจฉริยะ,,0,23,83,18,38.3332,35.2000
มหาวิทยาลัยขอนแก่น,ขอนแก่น,10030104302401E,0,H3000,คณะวิศวกรรมศาสตร์,วิศวกรรมศาสตรบัณฑิต(วิศวกรรมโลจิสติกส์) หลักสูตรนานาชาติ วิศวกรรมโลจิสติก์สหลักสูตรนานาชาติ,คณะ วิศวกรรมศาสต์รวศ.บ. (วิศวกรรมโลิจสติกส์) นานาชาติ วิศวกรรมศาสตร บัณฑิตสาขาวิชา วิศวกรรมโลจิสติก์ส(หลักสูตรนานาชาต)ิ,,0,34,8,1,36.0250,36.0250
มหาวิทยาลัยขอนแก่น,ขอนแก่น,10030104302801A,0,H3000,คณะวิศวกรรมศาสตร์,วิศวกรรมศาสตรบัณฑิต(วิศวกรรมสิ่งแวดล้อม) วิศวกรรมสิ่งแวดล้อม,คณะ วิศวกรรมศาสต์รวศ.บ. (วิศวกรรม สิ่งแวดล้อม) วิศวกรรมสิ่งแวดล้อม,,0,34,272,34,39.2666,33.9166
มหาวิทยาลัยขอนแก่น,ขอนแก่น,10030104303402A,0,H3000,คณะวิศวกรรมศาสตร์,วิศวกรรมศาสตรบัณฑิต(วิศวกรรมเซมิคอนดัก เตอร)์ วิศวกรรมศาสตรบัณฑิตสาขาวิชา วิศวกรรมเซมิคอนดักเตอร์,คณะ วิศวกรรมศาสต์รวศ.บ. (วิศวกรรมเซิมคอนดักเตอร)์ วิศวกรรมศาสตร บัณฑิตสาขาวิชา วิศวกรรมเซมิคอนดัก เตอร์,,0,9,26,9,38.3500,30.8000
มหาวิทยาลัยขอนแก่น,ขอนแก่น,10030104303501A,0,H3000,คณะวิศวกรรมศาสตร์,วิศวกรรมศาสตรบัณฑิต(วิศวกรรมอุตสาหการ) วิศวกรรมอุตสาหการ,คณะ วิศวกรรมศาสต์รวศ.บ. (วิศวกรรมอุต สาหการ) วิศวกรรม อุตสาหการ,,0,24,221,25,44.9832,35.3500
มหาวิทยาลัยขอนแก่น,ขอนแก่น,10030105700201A,0,H3000,คณะศึกษาศาสตร์,ศึกษาศาสตรบัณฑิต(การศึกษาปฐมวัยและ ประถมศึกษา) ศึกษาศาสตรบัณฑิตวิชาเอก เดี่ยวการประถมศึกษา,คณะศึกษาศาสต์รศษ.บ. (การศึกษา ปฐมวัยและ ประถมศึกษา) ศึกษา ศาสตรบัณฑิตวิชาเอกเดี่ยวการ ประถมศึกษา,,0,3,486,3,62.1500,59.2400
มหาวิทยาลัยขอนแก่น,ขอนแก่น,10030105702003B,0,H3000,คณะศึกษาศาสตร์,ศึกษาศาสตรบัณฑิต(การสอนภาษาจีนใน ฐานะภาษาต่างประเทศ) การสอนภาษาจีนใน ฐานะภาษาต่างประเทศ,คณะศึกษาศาสต์รศษ.บ. (การสอน ภาษาจีนในฐานะ ภาษาต่างประเทศ) การสอนภาษาจีนใน ฐานะ ภาษาต่างประเทศ,,0,4,19,4,55.2375,51.3625
มหาวิทยาลัยขอนแก่น,ขอนแก่น,10030105702504A,0,H3000,คณะศึกษาศาสตร์,ศึกษาศาสตรบัณฑิต(ดนตรีศึกษา) ศึกษา ศาสตรบัณฑิตวิชาเอกดนตรีศึกษา,คณะศึกษาศาสต์รศษ.บ. (ดนตรีศึกษา) ศึกษาศาสตรบัณฑิตวิชาเอกดนตรีศึกษา,,0,2,0,0,0.0000,0.0000
มหาวิทยาลัยขอนแก่น,ขอนแก่น,10030105703501A,A,H3000,คณะศึกษาศาสตร์,ศึกษาศาสตรบัณฑิต(การสอนภาษาไทย) ศึกษาศาสตรบัณฑิตวิชาเอกการสอนภาษาไทย,คณะศึกษาศาสต์รศษ.บ. (การสอน ภาษาไทย) ศึกษา ศาสตรบัณฑิตวิชาเอกการสอน ภาษาไทย,ศึกษา ศาสตร บัณฑิตวิชาเอกการ สอน ภาษาไทย,0,4,7,4,64.7750,56.1500
มหาวิทยาลัยขอนแก่น,ขอนแก่น,10030105703501A,B,H3000,คณะศึกษาศาสตร์,ศึกษาศาสตรบัณฑิต(คณิตศาสตรศึกษา) ศึกษาศาสตรบัณฑิตวิชาเอกคณิตศาสตรศึกษา,คณะศึกษาศาสต์รศษ.บ. (คณิตศาสตร ศึกษา) ศึกษาศาสตร บัณฑิตวิชาเอกคณิต ศาสตรศึกษา,ศึกษา ศาสตร บัณฑิตวิชาเอก คณิตศาสตร ศึกษา,0,3,211,3,65.2125,58.0500
มหาวิทยาลัยขอนแก่น,ขอนแก่น,10030105703501A,C,H3000,คณะศึกษาศาสตร์,ศึกษาศาสตรบัณฑิต(วิทยาศาสตร์ศึกษา) ศึกษาศาสตรบัณฑิตวิชาเอกวิทยาศาสตร์ศึกษา,คณะศึกษาศาสต์รศษ.บ. (วิทยาศาสต์รศึกษา) ศึกษาศาสตร บัณฑิตวิชาเอก วิทยาศาสตร์ศึกษา,ศึกษา ศาสตร บัณฑิตวิชาเอก วิทยาศาสต์รศึกษา,0,7,78,7,56.7750,51.9660
มหาวิทยาลัยขอนแก่น,ขอนแก่น,10030105703501A,D,H3000,คณะศึกษาศาสตร์,ศึกษาศาสตรบัณฑิต(คอมพิวเตอร์ศึกษา) ศึกษาศาสตรบัณฑิตวิชาเอกคอมพิวเตอร์ศึกษา,คณะศึกษาศาสต์รศษ.บ. (คอมพิวเตอ์รศึกษา) ศึกษาศาสตร บัณฑิตวิชาเอก คอมพิวเตอร์ศึกษา,ศึกษา ศาสตร บัณฑิตวิชาเอก คอมพิวเตอ์รศึกษา,0,9,124,9,55.4675,46.6900
มหาวิทยาลัยขอนแก่น,ขอนแก่น,10030105703501A,E,H3000,คณะศึกษาศาสตร์,ศึกษาศาสตรบัณฑิต(พลศึกษา) ศึกษาศาสตร บัณฑิตวิชาเอกพลศึกษา,คณะศึกษาศาสต์รศษ.บ. (พลศึกษา ) ศึกษาศาสตรบัณฑิตวิชาเอกพลศึกษา,ศึกษา ศาสตร บัณฑิตวิชาเอกพล ศึกษา,0,7,160,7,52.7500,46.7800
มหาวิทยาลัยขอนแก่น,ขอนแก่น,10030105703501A,F,H3000,คณะศึกษาศาสตร์,ศึกษาศาสตรบัณฑิต(การสอนภาษาญี่ปุ่น) ศึกษาศาสตรบัณฑิตวิชาเอกการสอนภาษาญี่ปุ่น,คณะศึกษาศาสต์รศษ.บ. (การสอน ภาษาญี่ปุ่น) ศึกษา ศาสตรบัณฑิตวิชาเอกการสอน ภาษาญี่ปุ่น,ศึกษา ศาสตร บัณฑิตวิชาเอกการ สอน ภาษาญี่ปุ่น,0,5,49,5,71.4000,57.3500
มหาวิทยาลัยขอนแก่น,ขอนแก่น,10030105703501A,G,H3000,คณะศึกษาศาสตร์,ศึกษาศาสตรบัณฑิต(สังคมศึกษา) ศึกษา ศาสตรบัณฑิตวิชาเอกสังคมศึกษา,คณะศึกษาศาสต์รศษ.บ. (สังคมศึกษา) ศึกษาศาสตรบัณฑิตวิชาเอกสังคมศึกษา,ศึกษา ศาสตร บัณฑิตวิชาเอก สังคมศึกษา,0,3,76,3,63.6250,62.1250
มหาวิทยาลัยขอนแก่น,ขอนแก่น,10030105703501A,H,H3000,คณะศึกษาศาสตร์,ศึกษาศาสตรบัณฑิต(ศิลปศึกษา) ศึกษาศาสตร บัณฑิตวิชาเอกศิลปศึกษา,คณะศึกษาศาสต์รศษ.บ. (ศิลปศึกษา) ศึกษาศาสตรบัณฑิตวิชาเอกศิลปศึกษา,ศึกษา ศาสตร บัณฑิตวิชาเอก ศิลปศึกษา,0,2,116,2,59.0500,57.0375
มหาวิทยาลัยขอนแก่น,ขอนแก่น,10030105703502E,0,H3000,คณะศึกษาศาสตร์,ศึกษาศาสตรบัณฑิต(การสอนภาษาอังกฤษให้ ผู้มีพื้นฐานภาษาอื่นนอกจากภาษาอังกฤษ) หลักสูตรนานาชาติ การสอนภาษาอังกฤษให้ผู้ มีพื้นฐานภาษาอื่นนอกจากภาษาอังกฤษ (หลักสูตรนานาชาต)ิ,คณะศึกษาศาสต์รศษ.บ. (การสอน ภาษาอังกฤษให้ผู้มี พื้นฐานภาษาอื่น นอกจาก ภาษาอังกฤษ) การ สอนภาษาอังกฤษให้ ผู้มีพื้นฐานภาษาอื่น นอกจาก ภาษาอังกฤษ (หลักสูตรนานาชาต)ิ,,0,2,63,2,84.2750,78.7250
มหาวิทยาลัยขอนแก่น,ขอนแก่น,10030106111703A,0,H0601,คณะพยาบาลศาสตร์,พยาบาลศาสตรบัณฑิตพยาบาลศาสตรบัณฑิต,คณะพยาบาลศาสต์รพย.บ. พยาบาลศา สตรบัณฑิตโปรแกรมใช้ ภาษาไทย(Thai)ใน การจัดการเรียนการ สอนเป็นหลัก,,0,20,412,20,54.2225,45.2775
มหาวิทยาลัยขอนแก่น,ขอนแก่น,10030106111704D,0,H0602,คณะพยาบาลศาสตร์,พยาบาลศาสตรบัณฑิตพยาบาลศาสตรบัณฑิต(ภาษาอังกฤษ),คณะพยาบาลศาสต์รพย.บ. พยาบาลศา สตรบัณฑิต(ภาษาอังกฤษ) โปรแกรมใช้ ภาษาอังกฤษ (English)ในการ จัดการเรียนการสอน เป็นหลัก,,0,50,70,48,46.8350,30.1750
มหาวิทยาลัยขอนแก่น,ขอนแก่น,10030107111901A,0,H3000,คณะแพทยศาสตร์,วิทยาศาสตรบัณฑิต(รังสีเทคนิค) รังสีเทคนิค,คณะแพทยศาสต์รวท.บ. (รังสีเทคนิค) รังสีเทคนิค,,0,20,282,20,52.9825,47.0450
มหาวิทยาลัยขอนแก่น,ขอนแก่น,10030107112301A,0,H3000,คณะแพทยศาสตร์,วิทยาศาสตรบัณฑิต(เวชนิทัศน์) เวชนิทัศน์,คณะแพทยศาสต์รวท.บ. (เวชนิทัศน์) เวชนิทัศน์,,0,7,151,7,66.9525,61.2900
มหาวิทยาลัยขอนแก่น,ขอนแก่น,10030108900801A,0,H3000,คณะมนุษยศาสตร์และสังคมศาสตร์,สารสนเทศศาสตรบัณฑิตสารสนเทศศาสตร บัณฑิต,คณะมนุษยศาสต์รและสังคมศาสต์รสท.บ. สารสนเทศศา สตรบัณฑิต,,0,8,259,8,57.5750,50.3500
มหาวิทยาลัยขอนแก่น,ขอนแก่น,10030108902001A,0,H3000,คณะมนุษยศาสตร์และสังคมศาสตร์,ศิลปศาสตรบัณฑิต(ภาษาไทย) ภาษาไทย,คณะมนุษยศาสต์รและสังคมศาสต์รศศ.บ. (ภาษาไทย) ภาษาไทย,,0,24,794,24,67.6250,57.5500
มหาวิทยาลัยขอนแก่น,ขอนแก่น,10030108902401A,A,H0807,คณะมนุษยศาสตร์และสังคมศาสตร์,ศิลปศาสตรบัณฑิต(ภาษาตะวันตก) ภาษา ตะวันตก วิชาเอกภาษาสเปน,คณะมนุษยศาสต์รและสังคมศาสต์รศศ.บ. (ภาษา ตะวันตก) ภาษา ตะวันตก วิชาเอก ภาษาสเปน เลือก สอบภาษาสเปน,ภาษา ตะวันตก วิชาเอก ภาษาสเปน,13947,15,56,12,59.5250,46.2750
มหาวิทยาลัยขอนแก่น,ขอนแก่น,10030108902401A,A,H0808,คณะมนุษยศาสตร์และสังคมศาสตร์,ศิลปศาสตรบัณฑิต(ภาษาตะวันตก) ภาษา ตะวันตก วิชาเอกภาษาสเปน,คณะมนุษยศาสต์รและสังคมศาสต์รศศ.บ. (ภาษา ตะวันตก) ภาษา ตะวันตก วิชาเอก ภาษาสเปน เลือก สอบภาษาฝรั่งเศส,ภาษา ตะวันตก วิชาเอก ภาษาสเปน,13947,15,17,3,56.1750,46.2750
มหาวิทยาลัยขอนแก่น,ขอนแก่น,10030108902401A,A,H0809,คณะมนุษยศาสตร์และสังคมศาสตร์,ศิลปศาสตรบัณฑิต(ภาษาตะวันตก) ภาษา ตะวันตก วิชาเอกภาษาสเปน,คณะมนุษยศาสต์รและสังคมศาสต์รศศ.บ. (ภาษา ตะวันตก) ภาษา ตะวันตก วิชาเอก ภาษาสเปน เลือก สอบภาษาเยอรมัน,ภาษา ตะวันตก วิชาเอก ภาษาสเปน,13947,15,12,0,0.0000,0.0000
มหาวิทยาลัยขอนแก่น,ขอนแก่น,10030108902401A,B,H0801,คณะมนุษยศาสตร์และสังคมศาสตร์,ศิลปศาสตรบัณฑิต(ภาษาตะวันตก) ภาษา ตะวันตก วิชาเอกภาษาฝรั่งเศส,คณะมนุษยศาสต์รและสังคมศาสต์รศศ.บ. (ภาษา ตะวันตก) ภาษา ตะวันตก วิชาเอก ภาษาฝรั่งเศส เลือก สอบภาษาฝรั่งเศส,ภาษา ตะวันตก วิชาเอก ภาษาฝรั่งเศส,13941,10,100,9,59.5750,47.6250
มหาวิทยาลัยขอนแก่น,ขอนแก่น,10030108902401A,B,H0802,คณะมนุษยศาสตร์และสังคมศาสตร์,ศิลปศาสตรบัณฑิต(ภาษาตะวันตก) ภาษา ตะวันตก วิชาเอกภาษาฝรั่งเศส,คณะมนุษยศาสต์รและสังคมศาสต์รศศ.บ. (ภาษา ตะวันตก) ภาษา ตะวันตก วิชาเอก ภาษาฝรั่งเศส เลือก สอบภาษาสเปน,ภาษา ตะวันตก วิชาเอก ภาษาฝรั่งเศส,13941,10,23,1,48.2500,48.2500
มหาวิทยาลัยขอนแก่น,ขอนแก่น,10030108902401A,B,H0803,คณะมนุษยศาสตร์และสังคมศาสตร์,ศิลปศาสตรบัณฑิต(ภาษาตะวันตก) ภาษา ตะวันตก วิชาเอกภาษาฝรั่งเศส,คณะมนุษยศาสต์รและสังคมศาสต์รศศ.บ. (ภาษา ตะวันตก) ภาษา ตะวันตก วิชาเอก ภาษาฝรั่งเศส เลือก สอบภาษาเยอรมัน,ภาษา ตะวันตก วิชาเอก ภาษาฝรั่งเศส,13941,10,10,0,0.0000,0.0000
มหาวิทยาลัยขอนแก่น,ขอนแก่น,10030108902401A,C,H0804,คณะมนุษยศาสตร์และสังคมศาสตร์,ศิลปศาสตรบัณฑิต(ภาษาตะวันตก) ภาษา ตะวันตก วิชาเอกภาษาเยอรมัน,คณะมนุษยศาสต์รและสังคมศาสต์รศศ.บ. (ภาษา ตะวันตก) ภาษา ตะวันตก วิชาเอก ภาษาเยอรมัน เลือก สอบภาษาสเปน,ภาษา ตะวันตก วิชาเอก ภาษาเยอรมัน,13944,15,22,5,52.3500,44.3000
มหาวิทยาลัยขอนแก่น,ขอนแก่น,10030108902401A,C,H0805,คณะมนุษยศาสตร์และสังคมศาสตร์,ศิลปศาสตรบัณฑิต(ภาษาตะวันตก) ภาษา ตะวันตก วิชาเอกภาษาเยอรมัน,คณะมนุษยศาสต์รและสังคมศาสต์รศศ.บ. (ภาษา ตะวันตก) ภาษา ตะวันตก วิชาเอก ภาษาเยอรมัน เลือก สอบภาษาเยอรมัน,ภาษา ตะวันตก วิชาเอก ภาษาเยอรมัน,13944,15,40,6,61.4500,42.6500
มหาวิทยาลัยขอนแก่น,ขอนแก่น,10030108902401A,C,H0806,คณะมนุษยศาสตร์และสังคมศาสตร์,ศิลปศาสตรบัณฑิต(ภาษาตะวันตก) ภาษา ตะวันตก วิชาเอกภาษาเยอรมัน,คณะมนุษยศาสต์รและสังคมศาสต์รศศ.บ. (ภาษา ตะวันตก) ภาษา ตะวันตก วิชาเอก ภาษาเยอรมัน เลือก สอบภาษาฝรั่งเศส,ภาษา ตะวันตก วิชาเอก ภาษาเยอรมัน,13944,15,35,4,53.1000,43.1500
มหาวิทยาลัยขอนแก่น,ขอนแก่น,10030108902501A,0,H3000,คณะมนุษยศาสตร์และสังคมศาสตร์,ศิลปศาสตรบัณฑิต(ภาษาอังกฤษ) ภาษาอังกฤษ,คณะมนุษยศาสต์รและสังคมศาสต์รศศ.บ. (ภาษาอังกฤษ) ภาษาอังกฤษ,,0,40,1029,40,80.6000,68.1250
มหาวิทยาลัยขอนแก่น,ขอนแก่น,10030108902801A,A,H3000,คณะมนุษยศาสตร์และสังคมศาสตร์,ศิลปศาสตรบัณฑิต(ภาษาตะวันออก) ภาษา ตะวันออก วิชาเอกภาษาจีน (แผน A),คณะมนุษยศาสต์รและสังคมศาสต์รศศ.บ. (ภาษา ตะวันออก) ภาษา ตะวันออก วิชาเอก ภาษาจีน (แผน A),ภาษา ตะวันออก วิชาเอก ภาษาจีน (แผน A),0,15,225,15,63.7646,54.0684
มหาวิทยาลัยขอนแก่น,ขอนแก่น,10030108902801A,B,H3000,คณะมนุษยศาสตร์และสังคมศาสตร์,ศิลปศาสตรบัณฑิต(ภาษาตะวันออก) ภาษา ตะวันออก วิชาเอกภาษาจีน (แผน B),คณะมนุษยศาสต์รและสังคมศาสต์รศศ.บ. (ภาษา ตะวันออก) ภาษา ตะวันออก วิชาเอก ภาษาจีน (แผน B),ภาษา ตะวันออก วิชาเอก ภาษาจีน (แผน B),0,10,200,10,67.0930,58.7348
มหาวิทยาลัยขอนแก่น,ขอนแก่น,10030108902801A,C,H3000,คณะมนุษยศาสตร์และสังคมศาสตร์,ศิลปศาสตรบัณฑิต(ภาษาตะวันออก) ภาษา ตะวันออก วิชาเอกภาษาญี่ปุ่น,คณะมนุษยศาสต์รและสังคมศาสต์รศศ.บ. (ภาษา ตะวันออก) ภาษา ตะวันออก วิชาเอก ภาษาญี่ปุ่น,ภาษา ตะวันออก วิชาเอก ภาษาญี่ปุ่น,0,6,222,6,68.7182,62.2828
มหาวิทยาลัยขอนแก่น,ขอนแก่น,10030108902801A,D,H3000,คณะมนุษยศาสตร์และสังคมศาสตร์,ศิลปศาสตรบัณฑิต(ภาษาตะวันออก) ภาษา ตะวันออก วิชาเอกภาษาเกาหลี,คณะมนุษยศาสต์รและสังคมศาสต์รศศ.บ. (ภาษา ตะวันออก) ภาษา ตะวันออก วิชาเอก ภาษาเกาหลี,ภาษา ตะวันออก วิชาเอก ภาษาเกาหลี,0,15,141,15,58.3828,50.3876
มหาวิทยาลัยขอนแก่น,ขอนแก่น,10030108902802A,0,H3000,คณะมนุษยศาสตร์และสังคมศาสตร์,ศิลปศาสตรบัณฑิต(เอเชียตะวันออกเฉียงใต้ ศึกษา) เอเชียตะวันออกเฉียงใต้ศึกษา,คณะมนุษยศาสต์รและสังคมศาสต์รศศ.บ. (เอเชีย ตะวันออกเฉียงใต้ ศึกษา) เอเชีย ตะวันออกเฉียงใต้ ศึกษา,,0,10,201,10,58.5000,49.2875
มหาวิทยาลัยขอนแก่น,ขอนแก่น,10030108903102A,0,H3000,คณะมนุษยศาสตร์และสังคมศาสตร์,รัฐประศาสนศาสตรบัณฑิต(รัฐประศาสน ศาสตร)์ รัฐประศาสนศาสตร์,คณะมนุษยศาสต์รและสังคมศาสต์รรป.บ. (รัฐประศาสน ศาสตร)์ รัฐ ประศาสนศาสตร์,,0,25,501,25,57.5250,50.5250
มหาวิทยาลัยขอนแก่น,ขอนแก่น,10030108903502A,0,H3000,คณะมนุษยศาสตร์และสังคมศาสตร์,ศิลปศาสตรบัณฑิต(สังคมวิทยาและ มานุษยวิทยา) สังคมวิทยาและมานุษยวิทยา,คณะมนุษยศาสต์รและสังคมศาสต์รศศ.บ. (สังคมวิทยา และมานุษยวิทยา) สังคมวิทยาและ มานุษยวิทยา,,0,10,392,10,57.2750,51.0750
มหาวิทยาลัยขอนแก่น,ขอนแก่น,10030108903601A,0,H3000,คณะมนุษยศาสตร์และสังคมศาสตร์,ศิลปศาสตรบัณฑิต(พัฒนาสังคม) พัฒนาสังคม,คณะมนุษยศาสต์รและสังคมศาสต์รศศ.บ. (พัฒนาสังคม) พัฒนาสังคม,,0,11,347,11,52.2750,49.1000
มหาวิทยาลัยขอนแก่น,ขอนแก่น,10030109110101A,0,H3000,คณะเทคนิคการแพทย์,วิทยาศาสตรบัณฑิต(กายภาพบำบัด) กายภาพบำบัด,คณะเทคนิค การแพท์ยวท.บ. (กายภาพบำบัด) กายภาพบำบัด,,0,32,1667,32,62.4738,57.5866
มหาวิทยาลัยขอนแก่น,ขอนแก่น,10030109111302A,0,H3000,คณะเทคนิคการแพทย์,เทคนิคการแพทยบัณฑิตเทคนิคการแพทย บัณฑิต,คณะเทคนิค การแพท์ยทพ.บ. เทคนิคการแพทย บัณฑิต,,0,60,932,60,60.3554,49.2088
มหาวิทยาลัยขอนแก่น,ขอนแก่น,10030111112704A,0,P1134,คณะสาธารณสุขศาสตร์,วิทยาศาสตรบัณฑิต(สาธารณสุขศาสตร์) สาธารณสุขศาสต์รวิชาเอก : อนามัยสิ่งแวดล้อม,คณะสาธารณสุข ศาสต์รวท.บ. (สาธารณสุขศาสต์รวิชาเอก : อนามัย สิ่งแวดล้อม) สาธารณสุขศาสต์รวิชาเอก : อนามัย สิ่งแวดล้อม Admission,,0,30,119,30,39.6250,30.8750
มหาวิทยาลัยขอนแก่น,ขอนแก่น,10030111112705A,0,P1133,คณะสาธารณสุขศาสตร์,วิทยาศาสตรบัณฑิต(สาธารณสุขศาสตร์) สาธารณสุขศาสต์รวิชาเอก : อาชีวอนามัยและ ความปลอดภัย,คณะสาธารณสุข ศาสต์รวท.บ. (สาธารณสุขศาสต์รวิชาเอก : อาชีวอนา มัยและความ ปลอดภัย) สาธารณสุขศาสต์รวิชาเอก : อาชีวอนา มัยและความ ปลอดภัย Admission,,0,35,127,31,41.3400,30.0000
มหาวิทยาลัยขอนแก่น,ขอนแก่น,10030111112706B,0,P1132,คณะสาธารณสุขศาสตร์,วิทยาศาสตรบัณฑิต(สาธารณสุขศาสตร์) อนามัยสิ่งแวดล้อม อาชีวอนามัยและความ ปลอดภัย,คณะสาธารณสุข ศาสต์รวท.บ. (สาธารณสุขศาสตร์) วิทยาศาสตรบัณฑิตสาขาวิชาอนามัย สิ่งแวดล้อม อาชีวอ นามัยและความ ปลอดภัย Admission,,0,30,39,15,42.3600,30.2600
มหาวิทยาลัยขอนแก่น,ขอนแก่น,10030111112707A,0,P1131,คณะสาธารณสุขศาสตร์,สาธารณสุขศาสตรบัณฑิตสาธารณสุขศาสตร บัณฑิต,คณะสาธารณสุข ศาสต์รส.บ. สาธารณสุขศาสตร บัณฑิตAdmission,,0,50,315,50,47.3300,35.6600
มหาวิทยาลัยขอนแก่น,ขอนแก่น,10030115130101A,0,H3000,คณะเภสัชศาสตร์,เภสัชศาสตรบัณฑิตเภสัชศาสตรบัณฑิต,คณะเภสัชศาสต์รภ.บ. เภสัชศาสตร บัณฑิต,,0,36,1271,36,65.9823,54.7374
มหาวิทยาลัยขอนแก่น,ขอนแก่น,10030115130101B,0,G2000,คณะเภสัชศาสตร์,เภสัชศาสตรบัณฑิตเภสัชศาสตรบัณฑิต,คณะเภสัชศาสต์รภ.บ. เภสัชศาสตร บัณฑิตโครงการ พิเศษ โครงการพิเศษ,,0,8,636,8,58.7024,54.4032
มหาวิทยาลัยขอนแก่น,ขอนแก่น,10030115130102E,0,J0000,คณะเภสัชศาสตร์,เภสัชศาสตรบัณฑิต(หลักสูตรนานาชาต)ิ เภสัชศาสตรบัณฑิต(หลักสูตรนานาชาต)ิ,คณะเภสัชศาสต์รภ.บ. เภสัชศาสตร บัณฑิต(หลักสูตร นานาชาติ) โครงการพิเศษ หลักสูตรนานาชาติ,,0,19,438,19,55.5631,52.2166
มหาวิทยาลัยขอนแก่น,ขอนแก่น,10030116210101A,0,H3000,คณะเทคโนโลยี,วิทยาศาสตรบัณฑิต(วิทยาศาสตร์และเทคโนโลยีการประกอบอาหาร) วิทยาศาสต์รและเทคโนโลยีการประกอบอาหาร,คณะเทคโนโลียวท.บ. (วิทยาศาสต์รและเทคโนโลยีการ ประกอบอาหาร) วิทยาศาสตร์และเทคโนโลยีการ ประกอบอาหาร,,0,65,1,0,0.0000,0.0000
มหาวิทยาลัยขอนแก่น,ขอนแก่น,10030116211002A,0,H3000,คณะเทคโนโลยี,วิทยาศาสตรบัณฑิต(เทคโนโลยีการอาหาร) เทคโนโลยีการอาหาร,คณะเทคโนโลียวท.บ. (เทคโนโลียการอาหาร) เทคโนโลยีการอาหาร,,0,30,110,30,40.2950,30.3050
มหาวิทยาลัยขอนแก่น,ขอนแก่น,10030116211202A,0,H3000,คณะเทคโนโลยี,วิทยาศาสตรบัณฑิต(เทคโนโลยีชีวภาพ) เทคโนโลยีชีวภาพ,คณะเทคโนโลียวท.บ. (เทคโนโลยีชีวภาพ) เทคโนโลยีชีวภาพ,,0,30,597,30,42.8825,37.7700
มหาวิทยาลัยขอนแก่น,ขอนแก่น,10030116212201A,0,H3000,คณะเทคโนโลยี,วิทยาศาสตรบัณฑิต(เทคโนโลยีระบบการผลิต และการจัดการอุตสาหกรรม) เทคโนโลยีระบบ การผลิตและการจัดการอุตสาหกรรม,คณะเทคโนโลียวท.บ. (เทคโนโลียระบบการผลิตและ การจัดการ อุตสาหกรรม) เทคโนโลยีระบบการ ผลิตและการจัดการ อุตสาหกรรม,,0,10,169,10,42.0500,37.9250
มหาวิทยาลัยขอนแก่น,ขอนแก่น,10030116212301A,0,H3000,คณะเทคโนโลยี,วิทยาศาสตรบัณฑิต(เทคโนโลยีธรณี) เทคโนโลยีธรณี,คณะเทคโนโลียวท.บ. (เทคโนโลียธรณี) เทคโนโลยีธรณี,,0,30,35,14,45.4900,30.0275
มหาวิทยาลัยขอนแก่น,ขอนแก่น,10030120400203A,0,H3000,คณะสถาปัตยกรรมศาสตร์,การออกแบบบัณฑิต(การออกแบบ) การ ออกแบบ วิชาเอกออกแบบตกแต่งภายใน,คณะสถาปัตยกรรม ศาสต์รอบ.บ. (การ ออกแบบ) การ ออกแบบ วิชาเอก ออกแบบตกแต่ง ภายใน,,0,1,31,1,43.4100,43.4100
มหาวิทยาลัยขอนแก่น,ขอนแก่น,10030120400204A,0,H3000,คณะสถาปัตยกรรมศาสตร์,การออกแบบบัณฑิต(การออกแบบ) การ ออกแบบ วิชาเอกออกแบบผลิตภัณฑ์,คณะสถาปัตยกรรม ศาสต์รอบ.บ. (การ ออกแบบ) การ ออกแบบ วิชาเอก ออกแบบผลิตภัณฑ์,,0,2,18,2,42.8200,40.7100
มหาวิทยาลัยขอนแก่น,ขอนแก่น,10030120400205A,0,H3000,คณะสถาปัตยกรรมศาสตร์,การออกแบบบัณฑิต(การออกแบบ) การ ออกแบบ วิชาเอกออกแบบกราฟิกและ มัลติมีเดีย,คณะสถาปัตยกรรม ศาสต์รอบ.บ. (การ ออกแบบ) การ ออกแบบ วิชาเอก ออกแบบกราฟิกและ มัลติมีเดีย,,0,1,17,1,40.1300,40.1300
มหาวิทยาลัยขอนแก่น,ขอนแก่น,10030120400501A,0,H3000,คณะสถาปัตยกรรมศาสตร์,สถาปัตยกรรมศาสตรบัณฑิตสถาปัตยกรรมศา สตรบัณฑิต,คณะสถาปัตยกรรม ศาสต์รสถ.บ. (สถาปัตยกรรม ศาสตร)์ สถาปัตยกรรมศา สตรบัณฑิต,,0,10,78,10,52.8100,41.1425
มหาวิทยาลัยขอนแก่น,ขอนแก่น,10030121610502E,0,H2103,คณะบริหารธุรกิจและการบัญชี,บัญชีบัณฑิตบัญชีบัณฑิต(หลักสูตรนานาชาต)ิ,คณะบริหารธุรกิจ และการบัญีชหลักสูตรบัญชีบัณฑิต(หลักสูตรนานาชาต)ิ,,0,30,64,27,60.3000,41.4000
มหาวิทยาลัยขอนแก่น,ขอนแก่น,10030121610503A,0,H2101,คณะบริหารธุรกิจและการบัญชี,บัญชีบัณฑิตบัญชีบัณฑิต,คณะบริหารธุรกิจ และการบัญีชบช.บ. บัญชีบัณฑิตกลุ่ม 1 (คณิตศาสต์รประยุกต1์ ),,0,35,581,35,66.2352,54.7172
มหาวิทยาลัยขอนแก่น,ขอนแก่น,10030121610503A,0,H2102,คณะบริหารธุรกิจและการบัญชี,บัญชีบัณฑิตบัญชีบัณฑิต,คณะบริหารธุรกิจ และการบัญีชบช.บ. บัญชีบัณฑิตกลุ่ม 2 (คณิตศาสต์รประยุก์ต2),,0,35,1031,35,76.2588,68.1836
มหาวิทยาลัยขอนแก่น,ขอนแก่น,10030121610603A,0,H3000,คณะบริหารธุรกิจและการบัญชี,บริหารธุรกิจบัณฑิต(เทคโนโลยีการตลาด) บริหารธุรกิจบัณฑิตสาขาวิชาเทคโนโลียการตลาด,คณะบริหารธุรกิจ และการบัญีชบธ.บ. (เทคโนโลยีการตลาด) บริหารธุรกิจบัณฑิตสาขาวิชาเทคโนโลียการตลาด,,0,30,522,30,61.1150,49.6475
มหาวิทยาลัยขอนแก่น,ขอนแก่น,10030121610801A,0,H3000,คณะบริหารธุรกิจและการบัญชี,บริหารธุรกิจบัณฑิต(ผู้ประกอบการดิจิทัล) บริหารธุรกิจบัณฑิตสาขาวิชาผู้ประกอบการ ดิจิทัล,คณะบริหารธุรกิจ และการบัญีชบธ.บ. (ผู้ประกอบการ ดิจิทัล) บริหารธุรกิจ บัณฑิตสาขาวิชา ผู้ประกอบการดิจิทัล,,0,30,480,30,63.3325,48.6800
มหาวิทยาลัยขอนแก่น,ขอนแก่น,10030121610801A,A,H3000,คณะบริหารธุรกิจและการบัญชี,บริหารธุรกิจบัณฑิต(การเงินและเทคโนโลียทางการเงิน) การเงินและเทคโนโลยีทางการเงิน,คณะบริหารธุรกิจ และการบัญีชบธ.บ. (การเงินและเทคโนโลยีทาง การเงิน) การเงินและเทคโนโลยีทางการเงิน,การเงินและ เทคโนโลียทางการเงิน,0,30,282,30,65.7625,53.7850
มหาวิทยาลัยขอนแก่น,ขอนแก่น,10030121610801A,D,H3000,คณะบริหารธุรกิจและการบัญชี,บริหารธุรกิจบัณฑิต(การจัดการ ผู้ประกอบการและโลจิสติกส์) การจัดการ ผู้ประกอบการและโลจิสติกส์,คณะบริหารธุรกิจ และการบัญีชบธ.บ. (การจัดการ ผู้ประกอบการ และโลจิสติกส์) การ จัดการ ผู้ประกอบการ และโลจิสติกส์,การจัดการ ผู้ประกอบกา รและโลิจสติกส์,0,10,403,10,61.9875,52.2200
มหาวิทยาลัยขอนแก่น,ขอนแก่น,10030121610801A,F,H3000,คณะบริหารธุรกิจและการบัญชี,บริหารธุรกิจบัณฑิต(การจัดการธุรกิจบริการ และอีเว้นท์) การจัดการธุรกิจบริการและอีเว้นท์,คณะบริหารธุรกิจ และการบัญีชบธ.บ. (การจัดการธุรกิจ บริการและอีเว้นท์) การจัดการธุรกิจ บริการและอีเว้นท์,การจัดการ ธุรกิจบริการ และอีเว้นท์,0,20,455,20,58.3625,53.2250
มหาวิทยาลัยขอนแก่น,ขอนแก่น,10030121610802C,0,H3000,คณะบริหารธุรกิจและการบัญชี,บริหารธุรกิจบัณฑิต(การจัดการธุรกิจบริการ และอีเว้นท์) การจัดการธุรกิจบริการและอีเว้น์ท(กลุ่มเรียนภาษาไทยและภาษาอังกฤษ),คณะบริหารธุรกิจ และการบัญีชบธ.บ. (การจัดการธุรกิจ บริการและอีเว้นท์) การจัดการธุรกิจ บริการและอีเว้น์ท(กลุ่มเรียนภาษาไทย และภาษาอังกฤษ),,0,15,228,15,66.3000,50.7000
มหาวิทยาลัยขอนแก่น,ขอนแก่น,10030121620102A,A,H3000,คณะบริหารธุรกิจและการบัญชี,บริหารธุรกิจบัณฑิต(การจัดการนวัตกรรมการ ท่องเที่ยว) การจัดการนวัตกรรมการท่องเที่ยว,คณะบริหารธุรกิจ และการบัญีชบธ.บ. (การจัดการ นวัตกรรมการ ท่องเที่ยว) การ จัดการนวัตกรรม การท่องเที่ยว,การจัดการ นวัตกรรม การท่องเที่ยว,0,40,429,41,58.2250,47.8250
มหาวิทยาลัยขอนแก่น,ขอนแก่น,10030121620102A,B,H3000,คณะบริหารธุรกิจและการบัญชี,บริหารธุรกิจบัณฑิต(การจัดการนวัตกรรมการ ท่องเที่ยว) การจัดการนวัตกรรมการท่องเที่ยว (กลุ่มเรียนภาษาอังกฤษ),คณะบริหารธุรกิจ และการบัญีชบธ.บ. (การจัดการ นวัตกรรมการ ท่องเที่ยว) การ จัดการนวัตกรรม การท่องเที่ยว (กลุ่ม เรียนภาษาอังกฤษ),การจัดการ นวัตกรรม การ ท่องเที่ยว (กลุ่มเรียน ภาษาอังกฤษ),0,40,216,40,51.5500,43.6750
มหาวิทยาลัยขอนแก่น,ขอนแก่น,10030122800102A,0,H3000,คณะศิลปกรรมศาสตร์,ศิลปกรรมศาสตรบัณฑิต(ทัศนศิลป์) ทัศนศิลป์,คณะศิลปกรรม ศาสต์รศป.บ. (ทัศนศิลป์) ทัศนศิลป์,,0,15,64,15,56.7452,42.1090
มหาวิทยาลัยขอนแก่น,ขอนแก่น,10030127901004A,0,H3270,คณะนิติศาสตร์,นิติศาสตรบัณฑิต(นิติศาสตร)์ หลักสูตรนิติ ศาสตรบัณฑิตสาขาวิชานิติศาสตร์,คณะนิติศาสต์รน.บ. (นิติศาสตร)์ หลักสูตรนิติศาสตร บัณฑิตสาขาวิชา นิติศาสต์รเลือก สอบคณิตศาสต์รประยุก์ต1,,0,175,521,174,62.7500,45.0000
มหาวิทยาลัยขอนแก่น,ขอนแก่น,10030127901004A,0,H3271,คณะนิติศาสตร์,นิติศาสตรบัณฑิต(นิติศาสตร)์ หลักสูตรนิติ ศาสตรบัณฑิตสาขาวิชานิติศาสตร์,คณะนิติศาสต์รน.บ. (นิติศาสตร)์ หลักสูตรนิติศาสตร บัณฑิตสาขาวิชา นิติศาสต์รเลือก สอบคณิตศาสต์รประยุก์ต2,,0,175,1055,175,67.5000,52.7500
มหาวิทยาลัยขอนแก่น,ขอนแก่น,10030128610106A,0,H2808,วิทยาลัยการปกครองท้องถิ่น,รัฐประศาสนศาสตรบัณฑิต(การจัดการการเงิน และการคลัง) รัฐประศาสนศาสตรบัณฑิตวิชาเอก การจัดการการเงินและการคลัง,วิทยาลัยการ ปกครองท้องถิ่น รป.บ. (การจัดการ การเงินและการคลัง ) รัฐประศาสนศาสตร บัณฑิตวิชาเอก การ จัดการการเงินและ การคลัง (ภาษาจีน),,13133,45,26,2,47.5625,41.0375
มหาวิทยาลัยขอนแก่น,ขอนแก่น,10030128610106A,0,H2810,วิทยาลัยการปกครองท้องถิ่น,รัฐประศาสนศาสตรบัณฑิต(การจัดการการเงิน และการคลัง) รัฐประศาสนศาสตรบัณฑิตวิชาเอก การจัดการการเงินและการคลัง,วิทยาลัยการ ปกครองท้องถิ่น รป.บ. (การจัดการ การเงินและการคลัง ) รัฐประศาสนศาสตร บัณฑิตวิชาเอก การ จัดการการเงินและ การคลัง (คณิต-วิทย์),,13133,45,109,1,40.8925,40.8925
มหาวิทยาลัยขอนแก่น,ขอนแก่น,10030128610106A,0,H2811,วิทยาลัยการปกครองท้องถิ่น,รัฐประศาสนศาสตรบัณฑิต(การจัดการการเงิน และการคลัง) รัฐประศาสนศาสตรบัณฑิตวิชาเอก การจัดการการเงินและการคลัง,วิทยาลัยการ ปกครองท้องถิ่น รป.บ. (การจัดการ การเงินและการคลัง ) รัฐประศาสนศาสตร บัณฑิตวิชาเอก การ จัดการการเงินและ การคลัง (ภาษาญี่ปุ่น),,13133,45,19,3,50.8125,40.8875
มหาวิทยาลัยขอนแก่น,ขอนแก่น,10030128610106A,0,H2812,วิทยาลัยการปกครองท้องถิ่น,รัฐประศาสนศาสตรบัณฑิต(การจัดการการเงิน และการคลัง) รัฐประศาสนศาสตรบัณฑิตวิชาเอก การจัดการการเงินและการคลัง,วิทยาลัยการ ปกครองท้องถิ่น รป.บ. (การจัดการ การเงินและการคลัง ) รัฐประศาสนศาสตร บัณฑิตวิชาเอก การ จัดการการเงินและ การคลัง (ภาษาเยอรมัน),,13133,45,2,0,0.0000,0.0000
มหาวิทยาลัยขอนแก่น,ขอนแก่น,10030128610106A,0,H2813,วิทยาลัยการปกครองท้องถิ่น,รัฐประศาสนศาสตรบัณฑิต(การจัดการการเงิน และการคลัง) รัฐประศาสนศาสตรบัณฑิตวิชาเอก การจัดการการเงินและการคลัง,วิทยาลัยการ ปกครองท้องถิ่น รป.บ. (การจัดการ การเงินและการคลัง ) รัฐประศาสนศาสตร บัณฑิตวิชาเอก การ จัดการการเงินและ การคลัง (ภาษา ฝรั่งเศส),,13133,45,13,0,0.0000,0.0000
มหาวิทยาลัยขอนแก่น,ขอนแก่น,10030128610106A,0,H2814,วิทยาลัยการปกครองท้องถิ่น,รัฐประศาสนศาสตรบัณฑิต(การจัดการการเงิน และการคลัง) รัฐประศาสนศาสตรบัณฑิตวิชาเอก การจัดการการเงินและการคลัง,วิทยาลัยการ ปกครองท้องถิ่น รป.บ. (การจัดการ การเงินและการคลัง ) รัฐประศาสนศาสตร บัณฑิตวิชาเอก การ จัดการการเงินและ การคลัง (ภาษาบาลี),,13133,45,4,0,0.0000,0.0000
มหาวิทยาลัยขอนแก่น,ขอนแก่น,10030128610106A,0,M2809,วิทยาลัยการปกครองท้องถิ่น,รัฐประศาสนศาสตรบัณฑิต(การจัดการการเงิน และการคลัง) รัฐประศาสนศาสตรบัณฑิตวิชาเอก การจัดการการเงินและการคลัง,วิทยาลัยการ ปกครองท้องถิ่น รป.บ. (การจัดการ การเงินและการคลัง ) รัฐประศาสนศาสตร บัณฑิตวิชาเอก การ จัดการการเงินและ การคลัง (คณิต-ศิลป์),,13133,45,199,39,52.1225,40.5175
มหาวิทยาลัยขอนแก่น,ขอนแก่น,10030128903107A,0,H2815,วิทยาลัยการปกครองท้องถิ่น,รัฐประศาสนศาสตรบัณฑิต(การจัดการเมือง และเทคโนโลยีเมือง ) รัฐประศาสนศาสตร บัณฑิต(การจัดการเมืองและเทคโนโลยีเมือง),วิทยาลัยการ ปกครองท้องถิ่น รป.บ. (การจัด การเมืองและเทคโนโลยีเมือง ) รัฐ ประศาสนศาสตร บัณฑิต(การจัด การเมืองและเทคโนโลยีเมือง) (ภาษาเยอรมัน),,13125,45,6,0,0.0000,0.0000
มหาวิทยาลัยขอนแก่น,ขอนแก่น,10030128903107A,0,H2816,วิทยาลัยการปกครองท้องถิ่น,รัฐประศาสนศาสตรบัณฑิต(การจัดการเมือง และเทคโนโลยีเมือง ) รัฐประศาสนศาสตร บัณฑิต(การจัดการเมืองและเทคโนโลยีเมือง),วิทยาลัยการ ปกครองท้องถิ่น รป.บ. (การจัด การเมืองและเทคโนโลยีเมือง ) รัฐ ประศาสนศาสตร บัณฑิต(การจัด การเมืองและเทคโนโลยีเมือง) (ภาษาฝรั่งเศส),,13125,45,12,1,45.5125,45.5125
มหาวิทยาลัยขอนแก่น,ขอนแก่น,10030128903107A,0,H2817,วิทยาลัยการปกครองท้องถิ่น,รัฐประศาสนศาสตรบัณฑิต(การจัดการเมือง และเทคโนโลยีเมือง ) รัฐประศาสนศาสตร บัณฑิต(การจัดการเมืองและเทคโนโลยีเมือง),วิทยาลัยการ ปกครองท้องถิ่น รป.บ. (การจัด การเมืองและเทคโนโลยีเมือง ) รัฐ ประศาสนศาสตร บัณฑิต(การจัด การเมืองและเทคโนโลยีเมือง) (ภาษาบาลี),,13125,45,3,0,0.0000,0.0000
มหาวิทยาลัยขอนแก่น,ขอนแก่น,10030128903107A,0,H2818,วิทยาลัยการปกครองท้องถิ่น,รัฐประศาสนศาสตรบัณฑิต(การจัดการเมือง และเทคโนโลยีเมือง ) รัฐประศาสนศาสตร บัณฑิต(การจัดการเมืองและเทคโนโลยีเมือง),วิทยาลัยการ ปกครองท้องถิ่น รป.บ. (การจัด การเมืองและเทคโนโลยีเมือง ) รัฐ ประศาสนศาสตร บัณฑิต(การจัด การเมืองและเทคโนโลยีเมือง) (คณิต-วิทย์),,13125,45,112,6,41.3775,40.8175
มหาวิทยาลัยขอนแก่น,ขอนแก่น,10030128903107A,0,H2819,วิทยาลัยการปกครองท้องถิ่น,รัฐประศาสนศาสตรบัณฑิต(การจัดการเมือง และเทคโนโลยีเมือง ) รัฐประศาสนศาสตร บัณฑิต(การจัดการเมืองและเทคโนโลยีเมือง),วิทยาลัยการ ปกครองท้องถิ่น รป.บ. (การจัด การเมืองและเทคโนโลยีเมือง ) รัฐ ประศาสนศาสตร บัณฑิต(การจัด การเมืองและเทคโนโลยีเมือง) (ภาษาจีน),,13125,45,32,2,43.5625,40.7875
มหาวิทยาลัยขอนแก่น,ขอนแก่น,10030128903107A,0,H2820,วิทยาลัยการปกครองท้องถิ่น,รัฐประศาสนศาสตรบัณฑิต(การจัดการเมือง และเทคโนโลยีเมือง ) รัฐประศาสนศาสตร บัณฑิต(การจัดการเมืองและเทคโนโลยีเมือง),วิทยาลัยการ ปกครองท้องถิ่น รป.บ. (การจัด การเมืองและเทคโนโลยีเมือง ) รัฐ ประศาสนศาสตร บัณฑิต(การจัด การเมืองและเทคโนโลยีเมือง) (ภาษาญี่ปุ่น),,13125,45,21,6,50.4625,41.1250
มหาวิทยาลัยขอนแก่น,ขอนแก่น,10030128903107A,0,M2821,วิทยาลัยการปกครองท้องถิ่น,รัฐประศาสนศาสตรบัณฑิต(การจัดการเมือง และเทคโนโลยีเมือง ) รัฐประศาสนศาสตร บัณฑิต(การจัดการเมืองและเทคโนโลยีเมือง),วิทยาลัยการ ปกครองท้องถิ่น รป.บ. (การจัด การเมืองและเทคโนโลยีเมือง ) รัฐ ประศาสนศาสตร บัณฑิต(การจัด การเมืองและเทคโนโลยีเมือง) (คณิต-ศิลป์),,13125,45,208,30,51.4000,40.6800
มหาวิทยาลัยขอนแก่น,ขอนแก่น,10030128903108A,0,H2801,วิทยาลัยการปกครองท้องถิ่น,รัฐประศาสนศาสตรบัณฑิต(การจัดการ ปกครองและกิจการสาธารณะ) รัฐ ประศาสนศาสตรบัณฑิตวิชาเอกการจัดการ ปกครองและกิจการสาธารณะ,วิทยาลัยการ ปกครองท้องถิ่น รป.บ. (การจัดการ ปกครองและกิจการ สาธารณะ) รัฐ ประศาสนศาสตร บัณฑิตวิชาเอกการ จัดการปกครองและ กิจการสาธารณะ (ภาษาบาลี),,13140,45,8,0,0.0000,0.0000
มหาวิทยาลัยขอนแก่น,ขอนแก่น,10030128903108A,0,H2802,วิทยาลัยการปกครองท้องถิ่น,รัฐประศาสนศาสตรบัณฑิต(การจัดการ ปกครองและกิจการสาธารณะ) รัฐ ประศาสนศาสตรบัณฑิตวิชาเอกการจัดการ ปกครองและกิจการสาธารณะ,วิทยาลัยการ ปกครองท้องถิ่น รป.บ. (การจัดการ ปกครองและกิจการ สาธารณะ) รัฐ ประศาสนศาสตร บัณฑิตวิชาเอกการ จัดการปกครองและ กิจการสาธารณะ (ภาษาฝรั่งเศส),,13140,45,18,3,50.6500,44.1125
มหาวิทยาลัยขอนแก่น,ขอนแก่น,10030128903108A,0,H2803,วิทยาลัยการปกครองท้องถิ่น,รัฐประศาสนศาสตรบัณฑิต(การจัดการ ปกครองและกิจการสาธารณะ) รัฐ ประศาสนศาสตรบัณฑิตวิชาเอกการจัดการ ปกครองและกิจการสาธารณะ,วิทยาลัยการ ปกครองท้องถิ่น รป.บ. (การจัดการ ปกครองและกิจการ สาธารณะ) รัฐ ประศาสนศาสตร บัณฑิตวิชาเอกการ จัดการปกครองและ กิจการสาธารณะ (ภาษาเยอรมัน),,13140,45,5,0,0.0000,0.0000
มหาวิทยาลัยขอนแก่น,ขอนแก่น,10030128903108A,0,H2804,วิทยาลัยการปกครองท้องถิ่น,รัฐประศาสนศาสตรบัณฑิต(การจัดการ ปกครองและกิจการสาธารณะ) รัฐ ประศาสนศาสตรบัณฑิตวิชาเอกการจัดการ ปกครองและกิจการสาธารณะ,วิทยาลัยการ ปกครองท้องถิ่น รป.บ. (การจัดการ ปกครองและกิจการ สาธารณะ) รัฐ ประศาสนศาสตร บัณฑิตวิชาเอกการ จัดการปกครองและ กิจการสาธารณะ (ภาษาจีน),,13140,45,32,4,49.4750,44.1125
มหาวิทยาลัยขอนแก่น,ขอนแก่น,10030128903108A,0,H2806,วิทยาลัยการปกครองท้องถิ่น,รัฐประศาสนศาสตรบัณฑิต(การจัดการ ปกครองและกิจการสาธารณะ) รัฐ ประศาสนศาสตรบัณฑิตวิชาเอกการจัดการ ปกครองและกิจการสาธารณะ,วิทยาลัยการ ปกครองท้องถิ่น รป.บ. (การจัดการ ปกครองและกิจการ สาธารณะ) รัฐ ประศาสนศาสตร บัณฑิตวิชาเอกการ จัดการปกครองและ กิจการสาธารณะ (คณิต- วิทย์),,13140,45,119,3,43.9625,42.7850
มหาวิทยาลัยขอนแก่น,ขอนแก่น,10030128903108A,0,H2807,วิทยาลัยการปกครองท้องถิ่น,รัฐประศาสนศาสตรบัณฑิต(การจัดการ ปกครองและกิจการสาธารณะ) รัฐ ประศาสนศาสตรบัณฑิตวิชาเอกการจัดการ ปกครองและกิจการสาธารณะ,วิทยาลัยการ ปกครองท้องถิ่น รป.บ. (การจัดการ ปกครองและกิจการ สาธารณะ) รัฐ ประศาสนศาสตร บัณฑิตวิชาเอกการ จัดการปกครองและ กิจการสาธารณะ (ภาษาญี่ปุ่น),,13140,45,23,5,48.6750,43.3875
มหาวิทยาลัยขอนแก่น,ขอนแก่น,10030128903108A,0,M2805,วิทยาลัยการปกครองท้องถิ่น,รัฐประศาสนศาสตรบัณฑิต(การจัดการ ปกครองและกิจการสาธารณะ) รัฐ ประศาสนศาสตรบัณฑิตวิชาเอกการจัดการ ปกครองและกิจการสาธารณะ,วิทยาลัยการ ปกครองท้องถิ่น รป.บ. (การจัดการ ปกครองและกิจการ สาธารณะ) รัฐ ประศาสนศาสตร บัณฑิตวิชาเอกการ จัดการปกครองและ กิจการสาธารณะ (คณิต- ศิลป์)(cid:9),,13140,45,204,30,52.1800,42.4000
มหาวิทยาลัยขอนแก่น,ขอนแก่น,10030129610203E,0,H3000,วิทยาลัยนานาชาติ,การจัดการบัณฑิต(การจัดการนวัตกรรม) การ จัดการบัณฑิตการจัดการนวัตกรรม วิชาเอก การจัดการนวัตกรรมดิจิทัล,วิทยาลัยนานาชาติ กจ.บ. (การจัดการ นวัตกรรม) การ จัดการบัณฑิตการ จัดการนวัตกรรม วิชาเอกการจัดการ นวัตกรรมดิจิทัล,,0,41,38,19,58.9538,32.1548
มหาวิทยาลัยขอนแก่น,ขอนแก่น,10030129610204E,0,H3000,วิทยาลัยนานาชาติ,การจัดการบัณฑิต(การจัดการนวัตกรรม) การ จัดการบัณฑิตการจัดการนวัตกรรม วิชาเอก การจัดการนวัตกรรมชีวภาพ (หลักสูตร นานาชาติ พหุวิทยาการ),วิทยาลัยนานาชาติ กจ.บ. (การจัดการ นวัตกรรม) การ จัดการบัณฑิตการ จัดการนวัตกรรม วิชาเอกการจัดการ นวัตกรรมชีวภาพ (หลักสูตรนานาชาติ พหุวิทยาการ),,0,43,13,2,43.5540,34.5290
มหาวิทยาลัยขอนแก่น,ขอนแก่น,10030129610606E,0,H3000,วิทยาลัยนานาชาติ,บริหารธุรกิจบัณฑิต(หลักสูตรนานาชาต)ิ บริหารธุรกิจบัณฑิต(หลักสูตรนานาชาต)ิ วิชาเอกการตลาดระหว่างประเทศ,วิทยาลัยนานาชาติ บธ.บ. (หลักสูตร นานาชาติ) หลักสูตร บริหารธุรกิจบัณฑิตวิชาเอกการตลาด ระหว่างประเทศ (หลักสูตรนานาชาต)ิ,,0,35,213,35,76.0989,49.8369
มหาวิทยาลัยขอนแก่น,ขอนแก่น,10030129610804E,0,H3000,วิทยาลัยนานาชาติ,บริหารธุรกิจบัณฑิต(หลักสูตรนานาชาต)ิ บริหารธุรกิจบัณฑิต(หลักสูตรนานาชาต)ิ วิชา วิชาเอกการจัดการธุรกิจระดับโลก,วิทยาลัยนานาชาติ บธ.บ. (หลักสูตร นานาชาติ) หลักสูตร บริหารธุรกิจบัณฑิตวิชาวิชาเอกการ จัดการธุรกิจระดับ โลก (หลักสูตร นานาชาติ),,0,45,320,45,72.9162,46.7720
มหาวิทยาลัยขอนแก่น,ขอนแก่น,10030129610805E,0,H3000,วิทยาลัยนานาชาติ,บริหารธุรกิจบัณฑิต(หลักสูตรนานาชาต)ิ บริหารธุรกิจบัณฑิต(หลักสูตรนานาชาต)ิ วิชาเอกการเป็นผู้ประกอบการระหว่างประเทศ,วิทยาลัยนานาชาติ บธ.บ. (หลักสูตร นานาชาติ) หลักสูตร บริหารธุรกิจบัณฑิตวิชาเอกการเป็น ผู้ประกอบการ ระหว่างประเทศ (หลักสูตรนานาชาต)ิ,,0,23,225,23,72.6535,48.2909
มหาวิทยาลัยขอนแก่น,ขอนแก่น,10030129620102E,0,H3000,วิทยาลัยนานาชาติ,ศิลปศาสตรบัณฑิต(การจัดการการท่องเที่ยว) หลักสูตรนานาชาติ การจัดการการท่องเที่ยว (นานาชาติ),วิทยาลัยนานาชาติ ศศ.บ. (การจัดการ การท่องเที่ยว) การ จัดการการท่องเที่ยว (นานาชาติ),,0,14,167,14,78.3330,60.0000
มหาวิทยาลัยขอนแก่น,ขอนแก่น,10030129900502E,0,H3000,วิทยาลัยนานาชาติ,ศิลปศาสตรบัณฑิต(การระหว่างประเทศ) หลักสูตรนานาชาติ ศิลปศาสตรบัณฑิตการ ระหว่างประเทศ (หลักสูตรนานาชาต)ิ วิชาเอก การพัฒนาระหว่างประเทศ,วิทยาลัยนานาชาติ ศศ.บ. (การระหว่าง ประเทศ) หลักสูตร ศิลปศาสตรบัณฑิตสาขาวิชาการ ระหว่างประเทศ วิชาเอกการพัฒนา ระหว่างประเทศ (หลักสูตรนานาชาต)ิ,,0,16,230,17,91.6660,66.6660
มหาวิทยาลัยขอนแก่น,ขอนแก่น,10030129900503E,0,H3000,วิทยาลัยนานาชาติ,ศิลปศาสตรบัณฑิต(การระหว่างประเทศ) หลักสูตรนานาชาติ ศิลปศาสตรบัณฑิตการ ระหว่างประเทศ (หลักสูตรนานาชาต)ิ วิชาเอก ความสัมพันธ์ระหว่างประเทศและการทูต,วิทยาลัยนานาชาติ ศศ.บ. (การระหว่าง ประเทศ) ศิลปศา สตรบัณฑิตการ ระหว่างประเทศ (หลักสูตรนานาชาต)ิ วิชาเอก ความสัมพัน์ธระหว่างประเทศและ การทูต,,0,17,191,22,91.6660,73.3330
มหาวิทยาลัยขอนแก่น,ขอนแก่น,10030129901101E,C,H3000,วิทยาลัยนานาชาติ,นิเทศศาสตรบัณฑิต(หลักสูตรนานาชาต)ิ นิเทศศาสตรบัณฑิตวิชาเอกการสื่อสารและ เนื้อหาสร้างสรรค์,วิทยาลัยนานาชาติ นศ.บ. นิเทศศาสตร บัณฑิตวิชาเอกการ สื่อสารและเนื้อหา สร้างสรรค์,นิเทศศา สตรบัณฑิตวิชาเอกการ สื่อสารและ เนื้อหา สร้างสรรค์,0,47,294,47,81.6660,51.6660
มหาวิทยาลัยขอนแก่น,ขอนแก่น,10030129901105E,0,H3000,วิทยาลัยนานาชาติ,นิเทศศาสตรบัณฑิต(หลักสูตรนานาชาต)ิ นิเทศศาสตรบัณฑิตวิชาเอกเทคโนโลยีสื่อ สร้างสรรค์,วิทยาลัยนานาชาติ นศ.บ. นิเทศศาสตร บัณฑิตวิชาเอก เทคโนโลยีสื่อ สร้างสรรค์,,0,33,138,35,71.6660,43.3330
มหาวิทยาลัยขอนแก่น,ขอนแก่น,10030132611103A,0,H3201,คณะเศรษฐศาสตร์,เศรษฐศาสตรบัณฑิตเศรษฐศาสตรบัณฑิต,คณะเศรษฐศาสต์รศ.บ. เศรษฐศาสตร บัณฑิต,,0,50,80,8,60.0431,40.1506
มหาวิทยาลัยขอนแก่น,ขอนแก่น,10030132611104E,0,H3202,คณะเศรษฐศาสตร์,เศรษฐศาสตรบัณฑิต(หลักสูตรนานาชาต)ิ เศรษฐศาสตรบัณฑิต(หลักสูตรนานาชาต)ิ,คณะเศรษฐศาสต์รศ.บ. เศรษฐศาสตร บัณฑิต(หลักสูตร นานาชาติ) คณิตศาสตร์ประยุก์ต2 (พื้นฐาน),,13805,50,82,22,56.2863,41.8669
มหาวิทยาลัยขอนแก่น,ขอนแก่น,10030132611104E,0,H3203,คณะเศรษฐศาสตร์,เศรษฐศาสตรบัณฑิต(หลักสูตรนานาชาต)ิ เศรษฐศาสตรบัณฑิต(หลักสูตรนานาชาต)ิ,คณะเศรษฐศาสต์รศ.บ. เศรษฐศาสตร บัณฑิต(หลักสูตร นานาชาติ) คณิตศาสตร์ประยุก์ต1 (พื้นฐาน+เพิ่มเติม),,13805,50,18,4,46.2762,40.5985
มหาวิทยาลัยขอนแก่น,ขอนแก่น,10030138220102A,0,H3000,วิทยาลัยการคอมพิวเตอร์,วิทยาศาสตรบัณฑิต(เทคโนโลยีสารสนเทศ และนวัตกรรมอัจฉริยะ) หลักสูตรวิทยาศาสตร บัณฑิตสาขาวิชาเทคโนโลยีสารสนเทศและนวัตกรรมอัจฉริยะ,วิทยาลัยการ คอมพิวเตอ์รวท.บ. (เทคโนโลียสารสนเทศและนวัตกรรมอัจฉริยะ) หลักสูตรวิทยา ศาสตรบัณฑิตสาขาวิชาเทคโนโลียสารสนเทศและนวัตกรรมอัจฉริยะ ภาคปกติ,,0,25,129,25,45.0750,33.5611
มหาวิทยาลัยขอนแก่น,ขอนแก่น,10030138220103A,0,H3000,วิทยาลัยการคอมพิวเตอร์,วิทยาศาสตรบัณฑิต(ภูมิสารสนเทศศาสตร)์ ภูมิสารสนเทศศาสตร์,วิทยาลัยการ คอมพิวเตอ์รวท.บ. (ภูมิสารสนเทศ ศาสตร)์ ภูมิ สารสนเทศศาสต์รภาคปกติ,,0,30,104,30,35.8166,31.2449
มหาวิทยาลัยขอนแก่น,ขอนแก่น,10030138220202A,0,H3000,วิทยาลัยการคอมพิวเตอร์,วิทยาศาสตรบัณฑิต(วิทยาการคอมพิวเตอร์) วิทยาการคอมพิวเตอร์,วิทยาลัยการ คอมพิวเตอ์รวท.บ. (วิทยาการ คอมพิวเตอร)์ วิทยาการ คอมพิวเตอ์รภาค ปกติ,,0,20,217,20,48.7008,42.3818
มหาวิทยาลัยขอนแก่น,ขอนแก่น,10030138220203A,0,H3000,วิทยาลัยการคอมพิวเตอร์,วิทยาศาสตรบัณฑิต(ปัญญาประดิษฐ์) ปัญญาประดิษฐ์,วิทยาลัยการ คอมพิวเตอ์รวท.บ. (ปัญญาประดิษฐ์) ปัญญาประดิษ์ฐภาคปกติ,,0,35,283,35,41.9698,36.7667
มหาวิทยาลัยขอนแก่น,ขอนแก่น,10030138220203B,0,H3000,วิทยาลัยการคอมพิวเตอร์,วิทยาศาสตรบัณฑิต(วิทยาการคอมพิวเตอร์) วิทยาการคอมพิวเตอร์,วิทยาลัยการ คอมพิวเตอ์รวท.บ. (วิทยาการ คอมพิวเตอร)์ วิทยาการ คอมพิวเตอ์รโครงการพิเศษ,,0,50,221,50,42.6625,33.3324
มหาวิทยาลัยขอนแก่น,ขอนแก่น,10030138220204A,0,H3000,วิทยาลัยการคอมพิวเตอร์,วิทยาศาสตรบัณฑิต(ความมั่นคงปลอดภัยไซ เบอร์) ความมั่นคงปลอดภัยไซเบอร์,วิทยาลัยการ คอมพิวเตอ์รวท.บ. (ความมั่นคงปลอดภัย ไซเบอร์) ความมั่นคง ปลอดภัยไซเบอ์รภาคปกติ,,0,35,298,35,54.1908,41.0998
มหาวิทยาลัยขอนแก่น,ขอนแก่น,10030138220204B,0,H3000,วิทยาลัยการคอมพิวเตอร์,วิทยาศาสตรบัณฑิต(ปัญญาประดิษฐ์) ปัญญาประดิษฐ์,วิทยาลัยการ คอมพิวเตอ์รวท.บ. (ปัญญาประดิษฐ์) ปัญญาประดิษ์ฐโครงการพิเศษ,,0,35,203,35,36.3560,32.4787
มหาวิทยาลัยขอนแก่น,ขอนแก่น,10030138220205B,0,H3000,วิทยาลัยการคอมพิวเตอร์,วิทยาศาสตรบัณฑิต(ความมั่นคงปลอดภัยไซ เบอร์) ความมั่นคงปลอดภัยไซเบอร์,วิทยาลัยการ คอมพิวเตอ์รวท.บ. (ความมั่นคงปลอดภัย ไซเบอร์) ความมั่นคง ปลอดภัยไซเบอ์รโครงการพิเศษ,,0,35,201,35,40.8674,35.7146
มหาวิทยาลัยขอนแก่น,หนองคาย,10030245112001A,0,H3000,คณะสหวิทยาการ,วิทยาศาสตรบัณฑิต(วิทยาศาสตร์การกีฬา นวัตกรรมและสุขภาพ) วิทยาศาสตร์การกีฬา นวัตกรรมและสุขภาพ,คณะสหวิทยาการ วท.บ. (วิทยาศาสต์รการกีฬา นวัตกรรม และสุขภาพ) วิทยาศาสตร์การกีฬา นวัตกรรมและ สุขภาพ,,0,30,16,6,37.6575,30.3950
มหาวิทยาลัยขอนแก่น,หนองคาย,10030245210102A,0,H3000,คณะสหวิทยาการ,วิทยาศาสตรบัณฑิต(วิทยาศาสตร์สิ่งแวดล้อม และทรัพยากรธรรมชาติ) วิทยาศาสต์รสิ่งแวดล้อมและทรัพยากรธรรมชาติ,คณะสหวิทยาการ วท.บ. (วิทยาศาสต์รสิ่งแวดล้อมและทรัพยากรธรรมชาติ) วิทยาศาสต์รสิ่งแวดล้อมและทรัพยากรธรรมชาติ,,0,30,2,0,0.0000,0.0000
มหาวิทยาลัยขอนแก่น,หนองคาย,10030245220102A,0,H3000,คณะสหวิทยาการ,วิทยาศาสตรบัณฑิต(วิทยาการคอมพิวเตอ์รและสารสนเทศ) วิทยาการคอมพิวเตอร์และ สารสนเทศ,คณะสหวิทยาการ วท.บ. (วิทยาการ คอมพิวเตอร์และ สารสนเทศ) วิทยาการ คอมพิวเตอร์และ สารสนเทศ,,0,40,54,23,42.0625,30.1250
มหาวิทยาลัยขอนแก่น,หนองคาย,10030245610103A,0,H3000,คณะสหวิทยาการ,บริหารธุรกิจบัณฑิตบริหารธุรกิจบัณฑิตวิชาเอกการเงินธุรกิจ,คณะสหวิทยาการ บริหารธุรกิจบัณฑิตวิชาเอกการเงินธุรกิจ วิทย์,,13442,30,63,10,40.8625,34.7000
มหาวิทยาลัยขอนแก่น,หนองคาย,10030245610103A,0,M3000,คณะสหวิทยาการ,บริหารธุรกิจบัณฑิตบริหารธุรกิจบัณฑิตวิชาเอกการเงินธุรกิจ,คณะสหวิทยาการ บริหารธุรกิจบัณฑิตวิชาเอกการเงินธุรกิจ ศิลป์,,13442,30,70,20,48.7000,33.5625
มหาวิทยาลัยขอนแก่น,หนองคาย,10030245610504A,0,M4501,คณะสหวิทยาการ,บัญชีบัณฑิตบัญชีบัณฑิต,คณะสหวิทยาการ บัญชีบัณฑิตศิลป์,,13494,30,64,15,45.7625,31.6375
มหาวิทยาลัยขอนแก่น,หนองคาย,10030245610504A,0,M4502,คณะสหวิทยาการ,บัญชีบัณฑิตบัญชีบัณฑิต,คณะสหวิทยาการ บัญชีบัณฑิตวิทย์,,13494,30,51,13,40.4625,30.0000
มหาวิทยาลัยขอนแก่น,หนองคาย,10030245610804A,0,H3000,คณะสหวิทยาการ,บริหารธุรกิจบัณฑิตบริหารธุรกิจบัณฑิตวิชาเอกธุรกิจระหว่างประเทศ,คณะสหวิทยาการ บริหารธุรกิจบัณฑิตวิชาเอกธุรกิจ ระหว่างประเทศ วิทย์,,13444,30,71,7,41.5750,35.6500
มหาวิทยาลัยขอนแก่น,หนองคาย,10030245610804A,0,M3000,คณะสหวิทยาการ,บริหารธุรกิจบัณฑิตบริหารธุรกิจบัณฑิตวิชาเอกธุรกิจระหว่างประเทศ,คณะสหวิทยาการ บริหารธุรกิจบัณฑิตวิชาเอกธุรกิจ ระหว่างประเทศ ศิลป์,,13444,30,99,23,50.1125,35.0625
มหาวิทยาลัยขอนแก่น,หนองคาย,10030245611101A,0,H3000,คณะสหวิทยาการ,เศรษฐศาสตรบัณฑิต(เศรษฐศาสตร์ระหว่าง ประเทศ นวัตกรรม และความยงั่ยืน) เศรษฐศาสตร์ระหว่างประเทศ นวัตกรรม และ ความยงั่ยืน,คณะสหวิทยาการ ศ.บ. (เศรษฐศาสต์รระหว่างประเทศ นวัตกรรม และความ ยงั่ยืน) เศรษฐศาสต์รระหว่างประเทศ นวัตกรรม และความ ยงั่ยืน วิทย์,,13488,35,91,19,52.4125,34.0625
มหาวิทยาลัยขอนแก่น,หนองคาย,10030245611101A,0,M3000,คณะสหวิทยาการ,เศรษฐศาสตรบัณฑิต(เศรษฐศาสตร์ระหว่าง ประเทศ นวัตกรรม และความยงั่ยืน) เศรษฐศาสตร์ระหว่างประเทศ นวัตกรรม และ ความยงั่ยืน,คณะสหวิทยาการ ศ.บ. (เศรษฐศาสต์รระหว่างประเทศ นวัตกรรม และความ ยงั่ยืน) เศรษฐศาสต์รระหว่างประเทศ นวัตกรรม และความ ยงั่ยืน ศิลป์,,13488,35,80,16,47.3625,34.1750
มหาวิทยาลัยขอนแก่น,หนองคาย,10030245620101A,0,H3000,คณะสหวิทยาการ,บริหารธุรกิจบัณฑิต(นวัตกรรมการท่องเที่ยว และการบริการ) นวัตกรรมการท่องเที่ยวและ การบริการ,คณะสหวิทยาการ บธ.บ. (นวัตกรรม การท่องเที่ยวและ การบริการ) นวัตกรรมการ ท่องเที่ยวและการ บริการ,,0,40,176,40,51.0750,38.0250
มหาวิทยาลัยขอนแก่น,หนองคาย,10030245702002A,0,H3000,คณะสหวิทยาการ,ศึกษาศาสตรบัณฑิต(การสอนภาษาอังกฤษใน ฐานะภาษาต่างประเทศ) การสอนภาษาอังกฤษ ในฐานะภาษาต่างประเทศ,คณะสหวิทยาการ ศษ.บ. (การสอน ภาษาอังกฤษใน ฐานะ ภาษาต่างประเทศ) การสอน ภาษาอังกฤษใน ฐานะ ภาษาต่างประเทศ วิทย์,,13501,4,48,4,59.4000,49.4000
มหาวิทยาลัยขอนแก่น,หนองคาย,10030245702002A,0,M3000,คณะสหวิทยาการ,ศึกษาศาสตรบัณฑิต(การสอนภาษาอังกฤษใน ฐานะภาษาต่างประเทศ) การสอนภาษาอังกฤษ ในฐานะภาษาต่างประเทศ,คณะสหวิทยาการ ศษ.บ. (การสอน ภาษาอังกฤษใน ฐานะ ภาษาต่างประเทศ) การสอน ภาษาอังกฤษใน ฐานะ ภาษาต่างประเทศ ศิลป์,,13501,4,3,0,0.0000,0.0000
มหาวิทยาลัยขอนแก่น,หนองคาย,10030245901002A,0,H3000,คณะสหวิทยาการ,นิติศาสตรบัณฑิต(นิติศาสตร)์ นิติศาสตร์,คณะสหวิทยาการ นิติศาสต์รวิทย์,,13498,80,260,35,52.9000,44.5250
มหาวิทยาลัยขอนแก่น,หนองคาย,10030245901002A,0,M3000,คณะสหวิทยาการ,นิติศาสตรบัณฑิต(นิติศาสตร)์ นิติศาสตร์,คณะสหวิทยาการ นิติศาสต์รศิลป์,,13498,80,266,45,56.1750,44.8750
มหาวิทยาลัยขอนแก่น,หนองคาย,10030245902501A,0,H3000,คณะสหวิทยาการ,ศิลปศาสตรบัณฑิต(ภาษาอังกฤษเพื่อการ สื่อสารธุรกิจ) ภาษาอังกฤษเพื่อการสื่อสารธุรกิจ,คณะสหวิทยาการ ศศ.บ. (ภาษาอังกฤษ เพื่อการสื่อสารธุรกิจ) ภาษาอังกฤษเพื่อ การสื่อสารธุรกิจ,,0,30,121,30,69.8000,36.4500
มหาวิทยาลัยเชียงใหม่,วิทยาเขตหลัก,10040101211001A,0,M3024,คณะมนุษยศาสตร์,ศศ.วท.บ.ศิลปะการอาหารเชิงนวัตกรรมและ การเป็นผู้ประกอบการ,การรับตรงร่วมกัน (รหัส 431273113- ศิลปะการอาหารเชิง นวัตกรรมและการ เป็นผู้ประกอบการ),,,11,259,11,54.4859,50.3837
มหาวิทยาลัยเชียงใหม่,วิทยาเขตหลัก,10040101211001A,0,M3025,คณะมนุษยศาสตร์,ศศ.วท.บ.ศิลปะการอาหารเชิงนวัตกรรมและ การเป็นผู้ประกอบการ,การรับตรงร่วมกัน (รหัส 431273124- ศิลปะการอาหารเชิง นวัตกรรมและการ เป็นผู้ประกอบการ),,,11,417,11,56.1067,52.7692
มหาวิทยาลัยเชียงใหม่,วิทยาเขตหลัก,10040101211001A,0,M3026,คณะมนุษยศาสตร์,ศศ.วท.บ.ศิลปะการอาหารเชิงนวัตกรรมและ การเป็นผู้ประกอบการ,การรับตรงร่วมกัน (รหัส 431273133- ศิลปะการอาหารเชิง นวัตกรรมและการ เป็นผู้ประกอบการ),,,1,2,1,46.8612,46.8612
มหาวิทยาลัยเชียงใหม่,วิทยาเขตหลัก,10040101211001A,0,M3027,คณะมนุษยศาสตร์,ศศ.วท.บ.ศิลปะการอาหารเชิงนวัตกรรมและ การเป็นผู้ประกอบการ,การรับตรงร่วมกัน (รหัส 431273144- ศิลปะการอาหารเชิง นวัตกรรมและการ เป็นผู้ประกอบการ),,,1,4,1,52.3127,52.3127
มหาวิทยาลัยเชียงใหม่,วิทยาเขตหลัก,10040101620101A,0,M3014,คณะมนุษยศาสตร์,ศศ.บ.การท่องเที่ยวและการโรงแรม,การรับตรงร่วมกัน (รหัส 43117311- การท่องเที่ยวและ การโรงแรม),,,30,1359,30,62.9050,56.9695
มหาวิทยาลัยเชียงใหม่,วิทยาเขตหลัก,10040101620101B,0,M3029,คณะมนุษยศาสตร์,ศศ.บ.การท่องเที่ยวและการโรงแรม,การรับตรงร่วมกัน (รหัส 43194311- การท่องเที่ยวและ การโรงแรม ภาค พิเศษ),,,30,669,30,56.5496,54.5770
มหาวิทยาลัยเชียงใหม่,วิทยาเขตหลัก,10040101900101A,0,M3005,คณะมนุษยศาสตร์,ศศ.บ.สารสนเทศศึกษา,การรับตรงร่วมกัน (รหัส 4316311- สารสนเทศศึกษา),,,5,628,5,58.7318,55.1603
มหาวิทยาลัยเชียงใหม่,วิทยาเขตหลัก,10040101900701A,A,M3006,คณะมนุษยศาสตร์,วท.บ.จิตวิทยา,การรับตรงร่วมกัน (รหัส 43115311- จิตวิทยา (แขนง จิตวิทยาคลินิก)),แขนง จิตวิทยา คลินิก,,6,623,6,60.1164,58.2032
มหาวิทยาลัยเชียงใหม่,วิทยาเขตหลัก,10040101900701A,A,M3007,คณะมนุษยศาสตร์,วท.บ.จิตวิทยา,การรับตรงร่วมกัน (รหัส 43115312- จิตวิทยา (แขนง จิตวิทยาคลินิก)),แขนง จิตวิทยา คลินิก,,6,361,6,62.7567,60.3296
มหาวิทยาลัยเชียงใหม่,วิทยาเขตหลัก,10040101900701A,A,M3008,คณะมนุษยศาสตร์,วท.บ.จิตวิทยา,การรับตรงร่วมกัน (รหัส 43115313- จิตวิทยา (แขนง จิตวิทยาคลินิก)),แขนง จิตวิทยา คลินิก,,1,7,1,51.6064,51.6064
มหาวิทยาลัยเชียงใหม่,วิทยาเขตหลัก,10040101900701A,A,M3009,คณะมนุษยศาสตร์,วท.บ.จิตวิทยา,การรับตรงร่วมกัน (รหัส 43115314- จิตวิทยา (แขนง จิตวิทยาคลินิก)),แขนง จิตวิทยา คลินิก,,1,11,1,57.5473,57.5473
มหาวิทยาลัยเชียงใหม่,วิทยาเขตหลัก,10040101900701A,B,M3010,คณะมนุษยศาสตร์,วท.บ.จิตวิทยา,การรับตรงร่วมกัน (รหัส 43116311- จิตวิทยา (แขนง จิตวิทยา อุตสาหกรรมและ องค์การ)),แขนง จิตวิทยา อุตสาหกรรม และองค์การ,,8,279,8,57.2043,55.6043
มหาวิทยาลัยเชียงใหม่,วิทยาเขตหลัก,10040101900701A,B,M3011,คณะมนุษยศาสตร์,วท.บ.จิตวิทยา,การรับตรงร่วมกัน (รหัส 43116312- จิตวิทยา (แขนง จิตวิทยา อุตสาหกรรมและ องค์การ)),แขนง จิตวิทยา อุตสาหกรรม และองค์การ,,8,225,8,60.1514,57.0437
มหาวิทยาลัยเชียงใหม่,วิทยาเขตหลัก,10040101900701A,B,M3012,คณะมนุษยศาสตร์,วท.บ.จิตวิทยา,การรับตรงร่วมกัน (รหัส 43116313- จิตวิทยา (แขนง จิตวิทยา อุตสาหกรรมและ องค์การ)),แขนง จิตวิทยา อุตสาหกรรม และองค์การ,,1,3,1,51.8784,51.8784
มหาวิทยาลัยเชียงใหม่,วิทยาเขตหลัก,10040101900701A,B,M3013,คณะมนุษยศาสตร์,วท.บ.จิตวิทยา,การรับตรงร่วมกัน (รหัส 43116314- จิตวิทยา (แขนง จิตวิทยา อุตสาหกรรมและ องค์การ)),แขนง จิตวิทยา อุตสาหกรรม และองค์การ,,1,9,1,56.1354,56.1354
มหาวิทยาลัยเชียงใหม่,วิทยาเขตหลัก,10040101902201A,0,M3023,คณะมนุษยศาสตร์,ศศ.บ.ภาษาและวัฒนธรรมเมียนมา,การรับตรงร่วมกัน (รหัส 43126311- ภาษาและวัฒนธรรม เมียนมา),,,23,237,23,54.3081,51.3579
มหาวิทยาลัยเชียงใหม่,วิทยาเขตหลัก,10040101902401A,0,M3003,คณะมนุษยศาสตร์,ศศ.บ.ภาษาฝรั่งเศส,การรับตรงร่วมกัน (รหัส 4312311- ภาษาฝรั่งเศส),,,15,135,15,59.0033,52.3214
มหาวิทยาลัยเชียงใหม่,วิทยาเขตหลัก,10040101902501A,0,M3001,คณะมนุษยศาสตร์,ศศ.บ.ภาษาอังกฤษ,การรับตรงร่วมกัน (รหัส 4311311- ภาษาอังกฤษ),,,13,1211,13,67.1252,63.5156
มหาวิทยาลัยเชียงใหม่,วิทยาเขตหลัก,10040101902501A,0,M3002,คณะมนุษยศาสตร์,ศศ.บ.ภาษาอังกฤษ,การรับตรงร่วมกัน (รหัส 4311312- ภาษาอังกฤษ),,,1,48,1,65.5683,65.5683
มหาวิทยาลัยเชียงใหม่,วิทยาเขตหลัก,10040101903601A,0,M3004,คณะมนุษยศาสตร์,ศศ.บ.บ้านและชุมชน,การรับตรงร่วมกัน (รหัส 43153114- บ้านและชุมชน),,,8,230,8,54.9493,53.6029
มหาวิทยาลัยเชียงใหม่,วิทยาเขตหลัก,10040101904301E,0,M3028,คณะมนุษยศาสตร์,ศศ.บ.มนุษยศาสตร์และความยงั่ยืน,การรับตรงร่วมกัน (รหัส 43171311- มนุษยศาสตร์และ ความยงั่ยืน (นานาชาติ ช่องทาง TCAS)),,,10,62,10,64.0256,58.6958
มหาวิทยาลัยเชียงใหม่,วิทยาเขตหลัก,10040101904302A,A,M3015,คณะมนุษยศาสตร์,ศศ.บ.ศิลปศาสตรบัณฑิต,การรับตรงร่วมกัน (รหัส 43118311- ศิลปศาสต์ร(วิชาเอกภาษาไทย)),วิชาเอก ภาษาไทย,,30,737,30,62.4538,56.5180
มหาวิทยาลัยเชียงใหม่,วิทยาเขตหลัก,10040101904302A,B,M3016,คณะมนุษยศาสตร์,ศศ.บ.ศิลปศาสตรบัณฑิต,การรับตรงร่วมกัน (รหัส 43119311- ศิลปศาสต์ร(วิชาเอกภาษาจีน)),วิชาเอก ภาษาจีน,,10,328,10,64.6459,61.5226
มหาวิทยาลัยเชียงใหม่,วิทยาเขตหลัก,10040101904302A,C,M3017,คณะมนุษยศาสตร์,ศศ.บ.ศิลปศาสตรบัณฑิต,การรับตรงร่วมกัน (รหัส 4312311- ศิลปศาสต์ร(วิชาเอกภาษาและ วัฒนธรรมญี่ปุ่น)),วิชาเอก ภาษาและ วัฒนธรรม ญี่ปุ่น,,20,113,20,60.6049,54.6448
มหาวิทยาลัยเชียงใหม่,วิทยาเขตหลัก,10040101904302A,D,M3018,คณะมนุษยศาสตร์,ศศ.บ.ศิลปศาสตรบัณฑิต,การรับตรงร่วมกัน (รหัส 43121311- ศิลปศาสต์ร(วิชาเอกภาษาและ วัฒนธรรมอินเดีย)),วิชาเอก ภาษาและ วัฒนธรรม อินเดีย,,15,221,15,55.8125,52.4020
มหาวิทยาลัยเชียงใหม่,วิทยาเขตหลัก,10040101904302A,E,M3019,คณะมนุษยศาสตร์,ศศ.บ.ศิลปศาสตรบัณฑิต,การรับตรงร่วมกัน (รหัส 431223114- ศิลปศาสต์ร(วิชาเอกภาษาและ วัฒนธรรมเกาหลี)),วิชาเอก ภาษาและ วัฒนธรรม เกาหลี,,15,81,15,67.4121,62.9347
มหาวิทยาลัยเชียงใหม่,วิทยาเขตหลัก,10040101904302A,F,M3020,คณะมนุษยศาสตร์,ศศ.บ.ศิลปศาสตรบัณฑิต,การรับตรงร่วมกัน (รหัส 43123311- ศิลปศาสต์ร(วิชาเอกภาษาและ วัฒนธรรมเยอรมัน)),วิชาเอก ภาษาและ วัฒนธรรม เยอรมัน,,13,212,13,59.0803,53.7682
มหาวิทยาลัยเชียงใหม่,วิทยาเขตหลัก,10040101904302A,G,M3021,คณะมนุษยศาสตร์,ศศ.บ.ศิลปศาสตรบัณฑิต,การรับตรงร่วมกัน (รหัส 43124311- ศิลปศาสต์ร(วิชาเอก ประวัติศาสตร)์),วิชาเอก ประวัติศาสต ร์,,12,431,12,62.2185,58.7258
มหาวิทยาลัยเชียงใหม่,วิทยาเขตหลัก,10040101904302A,H,M3022,คณะมนุษยศาสตร์,ศศ.บ.ศิลปศาสตรบัณฑิต,การรับตรงร่วมกัน (รหัส 43125311- ศิลปศาสต์ร(วิชาเอกปรัชญา)),วิชาเอก ปรัชญา,,35,793,35,63.7646,60.6952
มหาวิทยาลัยเชียงใหม่,วิทยาเขตหลัก,10040102700201A,0,M3030,คณะศึกษาศาสตร์,ศษ.บ.ประถมศึกษา,การรับตรงร่วมกัน (รหัส 4321311- ประถมศึกษา),,,5,576,5,59.3840,58.8026
มหาวิทยาลัยเชียงใหม่,วิทยาเขตหลัก,10040102700601A,A,M3041,คณะศึกษาศาสตร์,ศษ.บ.การศึกษาปฐมวัย-การศึกษาพิเศษ,การรับตรงร่วมกัน (รหัส 43215311- การศึกษาปฐมวัย - การศึกษาพิเศษ (แขนงการศึกษา ปฐมวัย)),แขนง การศึกษา ปฐมวัย,,4,358,4,58.3324,57.7038
มหาวิทยาลัยเชียงใหม่,วิทยาเขตหลัก,10040102700801A,0,M3038,คณะศึกษาศาสตร์,ศษ.บ.คณิตศาสตร์,การรับตรงร่วมกัน (รหัส 43211311- คณิตศาสตร)์,,,10,466,10,58.3032,56.8734
มหาวิทยาลัยเชียงใหม่,วิทยาเขตหลัก,10040102701001A,0,M3036,คณะศึกษาศาสตร์,ศษ.บ.เคมี,การรับตรงร่วมกัน (รหัส 4329311-เคม)ี,,,10,150,10,57.7393,54.9878
มหาวิทยาลัยเชียงใหม่,วิทยาเขตหลัก,10040102701301A,0,M3034,คณะศึกษาศาสตร์,ศษ.บ.ชีววิทยา,การรับตรงร่วมกัน (รหัส 4327311- ชีววิทยา),,,10,248,10,59.9331,56.8546
มหาวิทยาลัยเชียงใหม่,วิทยาเขตหลัก,10040102701801A,0,M3035,คณะศึกษาศาสตร์,ศษ.บ.ฟิสิกส์,การรับตรงร่วมกัน (รหัส 4328311- ฟิสิกส์),,,10,188,10,59.5990,55.5291
มหาวิทยาลัยเชียงใหม่,วิทยาเขตหลัก,10040102702001A,0,M3031,คณะศึกษาศาสตร์,ศษ.บ.ภาษาไทย,การรับตรงร่วมกัน (รหัส 4324311- ภาษาไทย),,,8,508,8,60.9325,58.4197
มหาวิทยาลัยเชียงใหม่,วิทยาเขตหลัก,10040102702002A,0,M3032,คณะศึกษาศาสตร์,ศษ.บ.ภาษาอังกฤษ,การรับตรงร่วมกัน (รหัส 4325311- ภาษาอังกฤษ),,,4,358,4,62.5249,59.4358
มหาวิทยาลัยเชียงใหม่,วิทยาเขตหลัก,10040102702501A,0,M3037,คณะศึกษาศาสตร์,ศษ.บ.ศิลปศึกษา,การรับตรงร่วมกัน (รหัส 4321311- ศิลปศึกษา),,,10,68,10,63.2150,54.5756
มหาวิทยาลัยเชียงใหม่,วิทยาเขตหลัก,10040102702701A,0,M3033,คณะศึกษาศาสตร์,ศษ.บ.สังคมศึกษา,การรับตรงร่วมกัน (รหัส 4326311- สังคมศึกษา),,,4,449,4,58.7278,57.3564
มหาวิทยาลัยเชียงใหม่,วิทยาเขตหลัก,10040102702801A,0,M3039,คณะศึกษาศาสตร์,ศษ.บ.พลศึกษา,การรับตรงร่วมกัน (รหัส 43212311- พลศึกษา),,,6,219,6,55.0925,53.5554
มหาวิทยาลัยเชียงใหม่,วิทยาเขตหลัก,10040102703201A,0,M3042,คณะศึกษาศาสตร์,ศษ.บ.อุตสาหกรรมและการงานอาชีพ,การรับตรงร่วมกัน (รหัส 43216311- อุตสาหกรรมและ การงานอาชีพ),,,4,119,4,56.8762,56.0435
มหาวิทยาลัยเชียงใหม่,วิทยาเขตหลัก,10040102703201A,0,M3043,คณะศึกษาศาสตร์,ศษ.บ.อุตสาหกรรมและการงานอาชีพ,การรับตรงร่วมกัน (รหัส 43216312- อุตสาหกรรมและ การงานอาชีพ),,,4,131,4,58.5471,55.4917
มหาวิทยาลัยเชียงใหม่,วิทยาเขตหลัก,10040103800101A,0,M3046,คณะวิจิตรศิลป์,ศล.บ.การออกแบบ,การรับตรงร่วมกัน (รหัส 4335311-การ ออกแบบ),,,2,503,2,60.4738,59.6178
มหาวิทยาลัยเชียงใหม่,วิทยาเขตหลัก,10040103800301A,0,M3049,คณะวิจิตรศิลป์,ศล.บ.การถ่ายภาพสร้างสรรค์,การรับตรงร่วมกัน (รหัส 4331311-การ ถ่ายภาพสร้างสรรค์),,,16,458,16,61.5427,55.2183
มหาวิทยาลัยเชียงใหม่,วิทยาเขตหลัก,10040103800302A,0,M3047,คณะวิจิตรศิลป์,ศล.บ.สื่อศิลปะและการออกแบบสื่อ,การรับตรงร่วมกัน (รหัส 4337311-สื่อ ศิลปะและการ ออกแบบสื่อ),,,2,466,2,58.6700,58.3418
มหาวิทยาลัยเชียงใหม่,วิทยาเขตหลัก,10040103800303A,0,M3050,คณะวิจิตรศิลป์,ศล.บ.ศิลปะไทยและวัฒนธรรมสร้างสรรค์,การรับตรงร่วมกัน (รหัส 43312311- ศิลปะไทยและ วัฒนธรรมสร้างสรรค์),,,5,297,5,59.7271,54.3912
มหาวิทยาลัยเชียงใหม่,วิทยาเขตหลัก,10040103800305A,0,M3045,คณะวิจิตรศิลป์,ศล.บ.ประติมากรรม,การรับตรงร่วมกัน (รหัส 4333311- ประติมากรรม),,,30,319,30,59.2977,52.4032
มหาวิทยาลัยเชียงใหม่,วิทยาเขตหลัก,10040103800306A,0,M3044,คณะวิจิตรศิลป์,ศล.บ.ศิลปะภาพพิมพ์,การรับตรงร่วมกัน (รหัส 4331311- ศิลปะภาพพิมพ์),,,10,133,10,57.4593,51.8930
มหาวิทยาลัยเชียงใหม่,วิทยาเขตหลัก,10040103800307A,0,M3048,คณะวิจิตรศิลป์,ศล.บ.สหศาสตร์ศิลป์,การรับตรงร่วมกัน (รหัส 4338311-สห ศาสตร์ศิลป์),,,26,331,26,56.7398,53.1767
มหาวิทยาลัยเชียงใหม่,วิทยาเขตหลัก,10040104902601A,0,M3055,คณะสังคมศาสตร์,ศศ.บ.อาเซียนศึกษา,การรับตรงร่วมกัน (รหัส 43473113- อาเซียนศึกษา),,,8,215,8,54.4649,51.3038
มหาวิทยาลัยเชียงใหม่,วิทยาเขตหลัก,10040104902601A,0,M3056,คณะสังคมศาสตร์,ศศ.บ.อาเซียนศึกษา,การรับตรงร่วมกัน (รหัส 43473124- อาเซียนศึกษา),,,19,518,19,55.9794,52.5725
มหาวิทยาลัยเชียงใหม่,วิทยาเขตหลัก,10040104903001A,0,M3051,คณะสังคมศาสตร์,วท.บ.ภูมิศาสตร์,การรับตรงร่วมกัน (รหัส 4341311- ภูมิศาสตร)์,,,22,288,22,55.8964,52.5993
มหาวิทยาลัยเชียงใหม่,วิทยาเขตหลัก,10040104903001A,0,M3052,คณะสังคมศาสตร์,วท.บ.ภูมิศาสตร์,การรับตรงร่วมกัน (รหัส 4341312- ภูมิศาสตร)์,,,15,493,15,55.9149,53.5975
มหาวิทยาลัยเชียงใหม่,วิทยาเขตหลัก,10040104903501A,0,M3053,คณะสังคมศาสตร์,ศศ.บ.สังคมวิทยาและมานุษยวิทยา,การรับตรงร่วมกัน (รหัส 4343311- สังคมวิทยาและ มานุษยวิทยา),,,20,398,20,57.5767,54.6462
มหาวิทยาลัยเชียงใหม่,วิทยาเขตหลัก,10040104903501A,0,M3054,คณะสังคมศาสตร์,ศศ.บ.สังคมวิทยาและมานุษยวิทยา,การรับตรงร่วมกัน (รหัส 4343312- สังคมวิทยาและ มานุษยวิทยา),,,20,458,20,58.8328,54.4903
มหาวิทยาลัยเชียงใหม่,วิทยาเขตหลัก,10040105210002A,0,M3057,คณะวิทยาศาสตร์,วท.บ.เคม/ีวท.บ.เคมีอุตสาหกรรม/วท.บ.ชีวเคีมและชีวเคมีนวัตกรรม,"การรับตรงร่วมกัน (รหัส 43513113-เคีม,เคมีอุตสาหกรรม, ชีวเคมีและชีวเคีมนวัตกรรม)",,,37,623,37,55.9737,52.5385
มหาวิทยาลัยเชียงใหม่,วิทยาเขตหลัก,10040105210002A,0,M3058,คณะวิทยาศาสตร์,วท.บ.เคม/ีวท.บ.เคมีอุตสาหกรรม/วท.บ.ชีวเคีมและชีวเคมีนวัตกรรม,"การรับตรงร่วมกัน (รหัส 4351312-เคีม,เคมีอุตสาหกรรม, ชีวเคมีและชีวเคีมนวัตกรรม)",,,37,447,37,62.5781,57.3821
มหาวิทยาลัยเชียงใหม่,วิทยาเขตหลัก,10040105210003A,0,M3059,คณะวิทยาศาสตร์,วท.บ.ชีววิทยา/วท.บ.จุลวิทยา/วท.บ.สัตววิทยา,"การรับตรงร่วมกัน (รหัส 43523113- ชีววิทยา,จุลชีววิทยา ,สัตววิทยา)",,,26,681,26,62.7117,52.7824
มหาวิทยาลัยเชียงใหม่,วิทยาเขตหลัก,10040105210003A,0,M3060,คณะวิทยาศาสตร์,วท.บ.ชีววิทยา/วท.บ.จุลวิทยา/วท.บ.สัตววิทยา,"การรับตรงร่วมกัน (รหัส 4352312- ชีววิทยา,จุลชีววิทยา ,สัตววิทยา)",,,26,404,26,61.7340,57.1698
มหาวิทยาลัยเชียงใหม่,วิทยาเขตหลัก,10040105210004A,0,M3061,คณะวิทยาศาสตร์,วท.บ.ฟิสิกส์/วท.บ.วัสดุศาสตร์,"การรับตรงร่วมกัน (รหัส 43533113- ฟิสิกส์,วัสดุศาสตร)์",,,15,315,15,53.9732,51.1435
มหาวิทยาลัยเชียงใหม่,วิทยาเขตหลัก,10040105210004A,0,M3062,คณะวิทยาศาสตร์,วท.บ.ฟิสิกส์/วท.บ.วัสดุศาสตร์,"การรับตรงร่วมกัน (รหัส 4353312- ฟิสิกส์,วัสดุศาสตร)์",,,15,234,15,71.7747,56.9518
มหาวิทยาลัยเชียงใหม่,วิทยาเขตหลัก,10040105210005A,0,M3067,คณะวิทยาศาสตร์,วท.บ.คณิตศาสตร/์วท.บ.สถิติ,"การรับตรงร่วมกัน (รหัส 43563113- คณิตศาสตร,์สถิติ)",,,25,326,25,52.8854,51.3807
มหาวิทยาลัยเชียงใหม่,วิทยาเขตหลัก,10040105210005A,0,M3068,คณะวิทยาศาสตร์,วท.บ.คณิตศาสตร/์วท.บ.สถิติ,"การรับตรงร่วมกัน (รหัส 4356312- คณิตศาสตร,์สถิติ)",,,25,306,25,63.9487,56.8150
มหาวิทยาลัยเชียงใหม่,วิทยาเขตหลัก,10040105212301A,0,M3063,คณะวิทยาศาสตร์,วท.บ.ธรณีวิทยา,การรับตรงร่วมกัน (รหัส 43543113- ธรณีวิทยา),,,8,240,8,57.4060,51.7753
มหาวิทยาลัยเชียงใหม่,วิทยาเขตหลัก,10040105212301A,0,M3064,คณะวิทยาศาสตร์,วท.บ.ธรณีวิทยา,การรับตรงร่วมกัน (รหัส 4354312- ธรณีวิทยา),,,8,157,8,64.0298,56.4892
มหาวิทยาลัยเชียงใหม่,วิทยาเขตหลัก,10040105213101E,0,M3073,คณะวิทยาศาสตร์,วท.บ.วิทยาศาสตร์สิ่งแวดล้อม,การรับตรงร่วมกัน (รหัส 435713113- วิทยาศาสต์รสิ่งแวดล้อม (นานาชาติ ช่องทาง TCAS)),,,3,51,3,51.9775,51.0336
มหาวิทยาลัยเชียงใหม่,วิทยาเขตหลัก,10040105213101E,0,M3074,คณะวิทยาศาสตร์,วท.บ.วิทยาศาสตร์สิ่งแวดล้อม,การรับตรงร่วมกัน (รหัส 43571312- วิทยาศาสต์รสิ่งแวดล้อม (นานาชาติ ช่องทาง TCAS)),,,3,57,3,56.8102,54.5106
มหาวิทยาลัยเชียงใหม่,วิทยาเขตหลัก,10040105213401A,0,M3065,คณะวิทยาศาสตร์,วท.บ.อัญมณีวิทยา,การรับตรงร่วมกัน (รหัส 43553113- อัญมณีวิทยา),,,10,164,10,53.0624,50.5835
มหาวิทยาลัยเชียงใหม่,วิทยาเขตหลัก,10040105213401A,0,M3066,คณะวิทยาศาสตร์,วท.บ.อัญมณีวิทยา,การรับตรงร่วมกัน (รหัส 4355312-อัญ มณีวิทยา),,,10,115,10,59.3959,53.8620
มหาวิทยาลัยเชียงใหม่,วิทยาเขตหลัก,10040105220201A,0,M3069,คณะวิทยาศาสตร์,วท.บ.วิทยาการคอมพิวเตอร์,การรับตรงร่วมกัน (รหัส 43573113- วิทยาการ คอมพิวเตอร)์,,,19,376,19,56.4495,51.7549
มหาวิทยาลัยเชียงใหม่,วิทยาเขตหลัก,10040105220201A,0,M3070,คณะวิทยาศาสตร์,วท.บ.วิทยาการคอมพิวเตอร์,การรับตรงร่วมกัน (รหัส 4357312- วิทยาการ คอมพิวเตอร)์,,,19,398,19,65.3833,58.9988
มหาวิทยาลัยเชียงใหม่,วิทยาเขตหลัก,10040105220301A,0,M3071,คณะวิทยาศาสตร์,วท.บ.วิทยาการข้อมูล,การรับตรงร่วมกัน (รหัส 43583113- วิทยาการข้อมูล),,,9,158,9,60.4736,51.4213
มหาวิทยาลัยเชียงใหม่,วิทยาเขตหลัก,10040105220301A,0,M3072,คณะวิทยาศาสตร์,วท.บ.วิทยาการข้อมูล,การรับตรงร่วมกัน (รหัส 4358312- วิทยาการข้อมูล),,,9,129,9,61.7916,57.9072
มหาวิทยาลัยเชียงใหม่,วิทยาเขตหลัก,10040106300501A,0,M3080,คณะวิศวกรรมศาสตร์,วศ.บ.วิศวกรรมคอมพิวเตอร์,การรับตรงร่วมกัน (รหัส 4368311- วิศวกรรม คอมพิวเตอร)์,,,10,238,10,65.4514,59.2612
มหาวิทยาลัยเชียงใหม่,วิทยาเขตหลัก,10040106300502E,0,M3089,คณะวิศวกรรมศาสตร์,วศ.บ.ระบบสารสนเทศและความมั่นคง ปลอดภัยไซเบอร์,การรับตรงร่วมกัน (รหัส 43666311- ระบบสารสนเทศ และความมั่นคง ปลอดภัยไซเบอ์ร(นานาชาติ ช่องทาง TCAS)),,,8,39,8,55.0991,52.7253
มหาวิทยาลัยเชียงใหม่,วิทยาเขตหลัก,10040106300701A,0,M3079,คณะวิศวกรรมศาสตร์,วศ.บ.วิศวกรรมเครื่องกล,การรับตรงร่วมกัน (รหัส 4365311- วิศวกรรมเครื่องกล),,,30,446,30,64.9330,57.2772
มหาวิทยาลัยเชียงใหม่,วิทยาเขตหลัก,10040106300702E,0,M3085,คณะวิศวกรรมศาสตร์,วศ.บ.วิศวกรรมเครื่องกลและการบริหาร โครงการวิศวกรรม,การรับตรงร่วมกัน (รหัส 4366311- วิศวกรรมเครื่องกล และการบริหาร โครงการวิศวกรรม (นานาชาติ ช่องทาง TCAS)),,,10,51,10,56.2683,53.1922
มหาวิทยาลัยเชียงใหม่,วิทยาเขตหลัก,10040106301601A,0,M3076,คณะวิศวกรรมศาสตร์,วศ.บ.วิศวกรรมไฟฟ้า,การรับตรงร่วมกัน (รหัส 4362311- วิศวกรรมไฟฟ้า),,,15,319,15,67.9810,60.3750
มหาวิทยาลัยเชียงใหม่,วิทยาเขตหลัก,10040106301602E,0,M3086,คณะวิศวกรรมศาสตร์,วศ.บ.วิศวกรรมไฟฟ้าและเทคโนโลยีโครงข่าย ไฟฟ้าอัจฉริยะ,การรับตรงร่วมกัน (รหัส 43662311- วิศวกรรมไฟฟ้าและเทคโนโลยีโครงข่าย ไฟฟ้าอัจฉริยะ (นานาชาติ ช่องทาง TCAS)),,,10,57,10,60.5558,53.4692
มหาวิทยาลัยเชียงใหม่,วิทยาเขตหลัก,10040106302101A,0,M3075,คณะวิศวกรรมศาสตร์,วศ.บ.วิศวกรรมโยธา,การรับตรงร่วมกัน (รหัส 4361311- วิศวกรรมโยธา),,,40,447,40,64.9048,55.6639
มหาวิทยาลัยเชียงใหม่,วิทยาเขตหลัก,10040106302101E,0,M3087,คณะวิศวกรรมศาสตร์,วศ.บ.วิศวกรรมโยธา,การรับตรงร่วมกัน (รหัส 43663311- วิศวกรรมโยธา (นานาชาติ ช่องทาง TCAS)),,,10,44,10,57.1555,52.3124
มหาวิทยาลัยเชียงใหม่,วิทยาเขตหลัก,10040106302801A,0,M3077,คณะวิศวกรรมศาสตร์,วศ.บ.วิศวกรรมสิ่งแวดล้อม,การรับตรงร่วมกัน (รหัส 4363311- วิศวกรรมสิ่งแวดล้อม),,,8,143,8,66.6986,55.9936
มหาวิทยาลัยเชียงใหม่,วิทยาเขตหลัก,10040106302901A,0,M3081,คณะวิศวกรรมศาสตร์,วศ.บ.วิศวกรรมหุ่นยนต์และปัญญาประดิษฐ์,การรับตรงร่วมกัน (รหัส 4361311- วิศวกรรมหุ่นยน์ตและปัญญาประดิษฐ์),,,20,149,20,59.6426,56.0110
มหาวิทยาลัยเชียงใหม่,วิทยาเขตหลัก,10040106303001A,0,M3083,คณะวิศวกรรมศาสตร์,วศ.บ.วิศวกรรมเหมืองแร่และปิโตรเลียม,การรับตรงร่วมกัน (รหัส 43612311- วิศวกรรมเหมืองแร่ และปิโตรเลียม),,,14,237,14,62.2628,56.5526
มหาวิทยาลัยเชียงใหม่,วิทยาเขตหลัก,10040106303401C,0,M3084,คณะวิศวกรรมศาสตร์,วศ.บ.วิศวกรรมเซมิคอนดักเตอร์,การรับตรงร่วมกัน (รหัส 43613311- วิศวกรรมเซมิคอนดัก เตอ์ร(สองภาษา)),,,10,139,10,59.7366,56.0344
มหาวิทยาลัยเชียงใหม่,วิทยาเขตหลัก,10040106303501A,0,M3078,คณะวิศวกรรมศาสตร์,วศ.บ.วิศวกรรมอุตสาหการ,การรับตรงร่วมกัน (รหัส 4364311- วิศวกรรมอุตสาหการ),,,40,516,40,61.8380,56.1648
มหาวิทยาลัยเชียงใหม่,วิทยาเขตหลัก,10040106303501B,0,M3091,คณะวิศวกรรมศาสตร์,วศ.บ.วิศวกรรมอุตสาหการ,การรับตรงร่วมกัน (รหัส 43691311- วิศวกรรมอุตสาหการ ภาคพิเศษ),,,60,702,60,57.6018,54.7356
มหาวิทยาลัยเชียงใหม่,วิทยาเขตหลัก,10040106303502E,0,M3088,คณะวิศวกรรมศาสตร์,วศ.บ.วิศวกรรมอุตสาหการและการจัดการโลิจสติกส์,การรับตรงร่วมกัน (รหัส 43664311- วิศวกรรมอุตสา หการและการ จัดการโลจิสติก์ส(นานาชาติ ช่องทาง TCAS)),,,10,51,10,55.1952,52.8174
มหาวิทยาลัยเชียงใหม่,วิทยาเขตหลัก,10040106303601A,0,M3082,คณะวิศวกรรมศาสตร์,วศ.บ.วิศวกรรมบูรณาการ,การรับตรงร่วมกัน (รหัส 43611311- วิศวกรรมบูรณาการ),,,10,110,10,57.5248,55.5718
มหาวิทยาลัยเชียงใหม่,วิทยาเขตหลัก,10040108500201A,A,M3098,คณะเกษตรศาสตร์,วท.บ.เกษตรศาสตร์,การรับตรงร่วมกัน (รหัส 4385311- เกษตรศาสต์ร(วิชาเอกพืชสวน วิชาเอกพืชไร่ วิชาเอกปฐพีศาสตร์)),วิชาเอกพืช สวน วิชาเอกพืชไร่ วิชาเอก ปฐพีศาสตร์,,100,327,100,55.5132,47.5342
มหาวิทยาลัยเชียงใหม่,วิทยาเขตหลัก,10040108500201A,B,M3099,คณะเกษตรศาสตร์,วท.บ.เกษตรศาสตร์,การรับตรงร่วมกัน (รหัส 4386311- เกษตรศาสต์ร(วิชาเอกโรคพืช)),วิชาเอกโรค พืช,,12,185,12,54.0916,50.9503
มหาวิทยาลัยเชียงใหม่,วิทยาเขตหลัก,10040108500201A,C,M3100,คณะเกษตรศาสตร์,วท.บ.เกษตรศาสตร์,การรับตรงร่วมกัน (รหัส 4387311- เกษตรศาสต์ร(วิชาเอกกีฏวิทยา)),วิชาเอกกีฏ วิทยา,,20,144,20,54.2627,47.7681
มหาวิทยาลัยเชียงใหม่,วิทยาเขตหลัก,10040108500201A,D,M3101,คณะเกษตรศาสตร์,วท.บ.เกษตรศาสตร์,การรับตรงร่วมกัน (รหัส 4388311- เกษตรศาสต์ร(วิชาเอกส่งเสริมและ เผยแพร่การเกษตร)),วิชาเอก ส่งเสริมและ เผยแพ่รการเกษตร,,30,115,30,53.1004,47.6390
มหาวิทยาลัยเชียงใหม่,วิทยาเขตหลัก,10040108500401A,0,M3106,คณะเกษตรศาสตร์,วท.บ.ผู้ประกอบการด้านเกษตรอัจฉริยะและ อาหาร (หลักสูตรพหุวิทยาการ),การรับตรงร่วมกัน (รหัส 43813311- ผู้ประกอบการด้าน เกษตรอัจฉริยะและ อาหาร (หลักสูตรพุหวิทยาการ)),,,60,316,60,55.0655,48.9109
มหาวิทยาลัยเชียงใหม่,วิทยาเขตหลัก,10040108501001A,0,M3105,คณะเกษตรศาสตร์,วท.บ.เกษตรที่สูงและทรัพยากรป่าไม้,การรับตรงร่วมกัน (รหัส 43812311- เกษตรที่สูงและทรัพยากรป่าไม้),,,25,396,25,55.4603,51.5504
มหาวิทยาลัยเชียงใหม่,วิทยาเขตหลัก,10040108501201A,A,M3103,คณะเกษตรศาสตร์,วท.บ.สัตวศาสตร์,การรับตรงร่วมกัน (รหัส 4381311-สัตว ศาสต์ร(วิชาเอกสัตว ศาสตร)์),วิชาเอกสัตว ศาสตร์,,29,417,29,57.2044,52.9619
มหาวิทยาลัยเชียงใหม่,วิทยาเขตหลัก,10040108501201A,B,M3104,คณะเกษตรศาสตร์,วท.บ.สัตวศาสตร์,การรับตรงร่วมกัน (รหัส 43811311- สัตวศาสต์ร(วิชาเอก วิทยาศาสตร์การ ประมง)),วิชาเอก วิทยาศาสต์รการประมง,,22,178,22,53.1059,49.5180
มหาวิทยาลัยเชียงใหม่,วิทยาเขตหลัก,10040108611101A,0,M3097,คณะเกษตรศาสตร์,วท.บ.เศรษฐศาสตร์เกษตรและธุรกิจเกษตร,การรับตรงร่วมกัน (รหัส 4384311- เศรษฐศาสตร์เกษตร และธุรกิจเกษตร),,,45,464,45,55.8972,52.2586
มหาวิทยาลัยเชียงใหม่,วิทยาเขตหลัก,10040111110101A,0,M3112,คณะเทคนิคการแพทย์,วท.บ.กายภาพบำบัด,การรับตรงร่วมกัน (รหัส 43114311- กายภาพบำบัด),,,29,2560,29,67.3268,63.9979
มหาวิทยาลัยเชียงใหม่,วิทยาเขตหลัก,10040111110901A,0,M3110,คณะเทคนิคการแพทย์,วท.บ.กิจกรรมบำบัด,การรับตรงร่วมกัน (รหัส 431123113- กิจกรรมบำบัด),,,44,804,44,58.3062,56.3640
มหาวิทยาลัยเชียงใหม่,วิทยาเขตหลัก,10040111111001A,0,M3113,คณะเทคนิคการแพทย์,วท.บ.วิทยาศาสตร์สื่อความหมายและความ ผิดปกติของการสื่อความหมาย,การรับตรงร่วมกัน (รหัส 431153113- วิทยาศาสตร์สื่อ ความหมายและ ความผิดปกติของ การสื่อความหมาย),,,5,374,5,58.1445,57.7825
มหาวิทยาลัยเชียงใหม่,วิทยาเขตหลัก,10040111111301A,0,M3109,คณะเทคนิคการแพทย์,ทพ.บ.เทคนิคการแพทยบัณฑิต,การรับตรงร่วมกัน (รหัส 43111311- เทคนิคการแพทย์),,,42,1051,42,63.9900,59.4267
มหาวิทยาลัยเชียงใหม่,วิทยาเขตหลัก,10040111111901A,0,M3111,คณะเทคนิคการแพทย์,วท.บ.รังสีเทคนิค,การรับตรงร่วมกัน (รหัส 431133113- รังสีเทคนิค),,,49,1411,49,63.1737,57.5033
มหาวิทยาลัยเชียงใหม่,วิทยาเขตหลัก,10040112111701A,0,M3114,คณะพยาบาลศาสตร์,พย.บ.พยาบาลศาสตรบัณฑิต,การรับตรงร่วมกัน (รหัส 43121311- พยาบาลศาสตร์),,,84,2917,84,59.7756,56.1772
มหาวิทยาลัยเชียงใหม่,วิทยาเขตหลัก,10040112111701E,0,M3115,คณะพยาบาลศาสตร์,พย.บ.พยาบาลศาสตรบัณฑิต,การรับตรงร่วมกัน (รหัส 431271311- พยาบาลศาสต์ร(นานาชาติ ช่องทาง TCAS)),,,17,194,17,58.3464,55.5016
มหาวิทยาลัยเชียงใหม่,วิทยาเขตหลัก,10040113211001A,0,M3116,คณะอุตสาหกรรมเกษตร,วท.บ.วิทยาศาสตร์และเทคโนโลยีการอาหาร,การรับตรงร่วมกัน (รหัส 431313113- วิทยาศาสตร์และเทคโนโลยีการอาหาร),,,4,363,4,57.0364,54.9700
มหาวิทยาลัยเชียงใหม่,วิทยาเขตหลัก,10040113211001E,0,M3123,คณะอุตสาหกรรมเกษตร,วท.บ.วิทยาศาสตร์และเทคโนโลยีการอาหาร,การรับตรงร่วมกัน (รหัส 4313713113- วิทยาศาสตร์และเทคโนโลยีการอาหาร (นานาชาติ ช่องทาง TCAS)),,,5,35,5,54.6857,49.7760
มหาวิทยาลัยเชียงใหม่,วิทยาเขตหลัก,10040113211002A,0,M3118,คณะอุตสาหกรรมเกษตร,วท.บ.วิศวกรรมกระบวนการอาหาร,การรับตรงร่วมกัน (รหัส 431333113- วิศวกรรม กระบวนการอาหาร),,,14,359,14,54.0829,51.6307
มหาวิทยาลัยเชียงใหม่,วิทยาเขตหลัก,10040113211201A,0,M3117,คณะอุตสาหกรรมเกษตร,วท.บ.เทคโนโลยีชีวภาพทางอุตสาหกรรมเกษตร,การรับตรงร่วมกัน (รหัส 431323113- เทคโนโลยีชีวภาพ ทางอุตสาหกรรม เกษตร),,,18,375,18,55.9031,51.2090
มหาวิทยาลัยเชียงใหม่,วิทยาเขตหลัก,10040113211202A,0,M3121,คณะอุตสาหกรรมเกษตร,วท.บ.เทคโนโลยีและนวัตกรรมผลิตภัณ์ฑอาหารทะเล,การรับตรงร่วมกัน (รหัส 431373113- เทคโนโลยีและนวัตกรรมผลิตภัณ์ฑอาหารทะเล),,,32,264,32,51.1741,49.2799
มหาวิทยาลัยเชียงใหม่,วิทยาเขตหลัก,10040113212201A,0,M3119,คณะอุตสาหกรรมเกษตร,วท.บ.เทคโนโลยีการพัฒนาผลิตภัณฑ์,การรับตรงร่วมกัน (รหัส 431343113- เทคโนโลยีการ พัฒนาผลิตภัณฑ)์,,,13,339,13,54.2286,51.1486
มหาวิทยาลัยเชียงใหม่,วิทยาเขตหลัก,10040113212202A,0,M3120,คณะอุตสาหกรรมเกษตร,วท.บ.เทคโนโลยีการบรรจุ,การรับตรงร่วมกัน (รหัส 431353113- เทคโนโลยีการบรรจุ),,,28,354,28,51.1814,50.0440
มหาวิทยาลัยเชียงใหม่,วิทยาเขตหลัก,10040113212401A,0,M3122,คณะอุตสาหกรรมเกษตร,วท.บ.นวัตกรรมอุตสาหกรรมเกษตรและการ เป็นผู้ประกอบการ,การรับตรงร่วมกัน (รหัส 431383113- นวัตกรรม อุตสาหกรรมเกษตร และการเป็น ผู้ประกอบการ),,,27,407,27,51.9786,50.0507
มหาวิทยาลัยเชียงใหม่,วิทยาเขตหลัก,10040114140102A,0,M3125,คณะสัตวแพทยศาสตร์,วท.บ.การพยาบาลสัตว์,การรับตรงร่วมกัน (รหัส 43142311- การพยาบาลสัตว์),,,10,1022,10,61.2473,59.2145
มหาวิทยาลัยเชียงใหม่,วิทยาเขตหลัก,10040114140102A,0,M3126,คณะสัตวแพทยศาสตร์,วท.บ.การพยาบาลสัตว์,การรับตรงร่วมกัน (รหัส 43142312- การพยาบาลสัตว์),,,10,412,10,59.5210,57.1675
มหาวิทยาลัยเชียงใหม่,วิทยาเขตหลัก,10040115610001A,0,M3127,คณะบริหารธุรกิจ,บช.บ.บัญชีบัณฑิต/บธ.บ.บริหารธุรกิจบัณฑิต,การรับตรงร่วมกัน (รหัส 431513114- บัญชีและบริหารธุรกิจ),,,50,1082,50,63.5596,59.2332
มหาวิทยาลัยเชียงใหม่,วิทยาเขตหลัก,10040115610001A,0,M3128,คณะบริหารธุรกิจ,บช.บ.บัญชีบัณฑิต/บธ.บ.บริหารธุรกิจบัณฑิต,การรับตรงร่วมกัน (รหัส 431513123- บัญชีและบริหารธุรกิจ),,,60,994,60,62.7930,56.8533
มหาวิทยาลัยเชียงใหม่,วิทยาเขตหลัก,10040115610001B,0,M3132,คณะบริหารธุรกิจ,บช.บ.บัญชีบัณฑิต/บธ.บ.บริหารธุรกิจบัณฑิต,การรับตรงร่วมกัน (รหัส 431593114- บัญชีและบริหารธุรกิจ ภาค พิเศษ),,,65,633,65,59.1673,55.9186
มหาวิทยาลัยเชียงใหม่,วิทยาเขตหลัก,10040115610001B,0,M3133,คณะบริหารธุรกิจ,บช.บ.บัญชีบัณฑิต/บธ.บ.บริหารธุรกิจบัณฑิต,การรับตรงร่วมกัน (รหัส 431593123- บัญชีและบริหารธุรกิจ ภาค พิเศษ),,,80,619,80,58.0531,53.9225
มหาวิทยาลัยเชียงใหม่,วิทยาเขตหลัก,10040115610301C,0,M3129,คณะบริหารธุรกิจ,บธ.บ.การจัดการธุรกิจบริการ,การรับตรงร่วมกัน (รหัส 431523114- การจัดการธุรกิจ บริการ (สามภาษา)),,,10,236,10,58.8520,55.2905
มหาวิทยาลัยเชียงใหม่,วิทยาเขตหลัก,10040115610301C,0,M3130,คณะบริหารธุรกิจ,บธ.บ.การจัดการธุรกิจบริการ,การรับตรงร่วมกัน (รหัส 431523123- การจัดการธุรกิจ บริการ (สามภาษา)),,,15,183,15,56.5271,53.2350
มหาวิทยาลัยเชียงใหม่,วิทยาเขตหลัก,10040115610501E,0,M3131,คณะบริหารธุรกิจ,บช.บ.บัญชีบัณฑิต,การรับตรงร่วมกัน รับนักเรียนด้วยผล สอบภาษาอังกฤษ (รหัส 431571311- การบัญีช(นานาชาติ ช่องทาง TCAS)),,,30,33,16,59.5514,46.5390
มหาวิทยาลัยเชียงใหม่,วิทยาเขตหลัก,10040116611101A,0,M3134,คณะเศรษฐศาสตร์,ศ.บ.เศรษฐศาสตร์,การรับตรงร่วมกัน (รหัส 431613113- เศรษฐศาสตร)์,,,50,852,50,57.2248,53.5844
มหาวิทยาลัยเชียงใหม่,วิทยาเขตหลัก,10040116611101A,0,M3135,คณะเศรษฐศาสตร์,ศ.บ.เศรษฐศาสตร์,การรับตรงร่วมกัน (รหัส 431613124- เศรษฐศาสตร)์,,,45,996,45,59.0856,55.0509
มหาวิทยาลัยเชียงใหม่,วิทยาเขตหลัก,10040116611101E,0,M3140,คณะเศรษฐศาสตร์,ศ.บ.เศรษฐศาสตร์,การรับตรงร่วมกัน (รหัส 4316713113- เศรษฐศาสต์ร(นานาชาติ ช่องทาง TCAS)),,,25,116,25,54.3595,50.5673
มหาวิทยาลัยเชียงใหม่,วิทยาเขตหลัก,10040116611101E,0,M3141,คณะเศรษฐศาสตร์,ศ.บ.เศรษฐศาสตร์,การรับตรงร่วมกัน (รหัส 4316713124- เศรษฐศาสต์ร(นานาชาติ ช่องทาง TCAS)),,,25,170,25,56.6052,52.9844
มหาวิทยาลัยเชียงใหม่,วิทยาเขตหลัก,10040117400201A,0,M3145,คณะสถาปัตยกรรมศาสตร์,วท.บ.การออกแบบอุตสาหกรรม,การรับตรงร่วมกัน (รหัส 43174311- การออกแบบ อุตสาหกรรม),,,25,76,25,53.8099,48.2144
มหาวิทยาลัยเชียงใหม่,วิทยาเขตหลัก,10040117400301A,0,M3144,คณะสถาปัตยกรรมศาสตร์,ภ.สถ.บ.ภูมิสถาปัตยกรรม,การรับตรงร่วมกัน (รหัส 43173311- ภูมิสถาปัตยกรรม ศาสต์รหลักสูตร 5 ปี),,,10,215,10,55.4902,52.2124
มหาวิทยาลัยเชียงใหม่,วิทยาเขตหลัก,10040117400501A,0,M3142,คณะสถาปัตยกรรมศาสตร์,สถ.บ.สถาปัตยกรรม,การรับตรงร่วมกัน (รหัส 43171311- สถาปัตยกรรมศาสต์รหลักสูตร 5 ปี ),,,40,397,40,60.1894,52.5084
มหาวิทยาลัยเชียงใหม่,วิทยาเขตหลัก,10040117400502A,0,M3143,คณะสถาปัตยกรรมศาสตร์,วท.บ.สถาปัตยกรรม,การรับตรงร่วมกัน (รหัส 43172311- สถาปัตยกรรม หลักสูตร 4 ปี),,,26,52,16,51.9385,49.9650
มหาวิทยาลัยเชียงใหม่,วิทยาเขตหลัก,10040117400503E,0,M3146,คณะสถาปัตยกรรมศาสตร์,วท.บ.การออกแบบเชิงบูรณาการ สถาปัตยกรรมแนวใหม่,การรับตรงร่วมกัน (รหัส 431771311- การออกแบบเชิง บูรณาการ สถาปัตยกรรมแนว ให่ม(นานาชาติ ช่องทาง TCAS)),,,17,7,2,50.4054,49.7438
มหาวิทยาลัยเชียงใหม่,วิทยาเขตหลัก,10040118901101A,A,M3149,คณะการสื่อสารมวลชน,ศศ.บ.การสื่อสารมวลชน,การรับตรงร่วมกัน (รหัส 431843113- การสื่อสารมวลชน (วิชาเอกการผลิตสื่อ สร้างสรรค์)),วิชาเอกการ ผลิตสื่อ สร้างสรรค์,,8,617,8,56.3647,54.0683
มหาวิทยาลัยเชียงใหม่,วิทยาเขตหลัก,10040118901101A,A,M3150,คณะการสื่อสารมวลชน,ศศ.บ.การสื่อสารมวลชน,การรับตรงร่วมกัน (รหัส 431843124- การสื่อสารมวลชน (วิชาเอกการผลิตสื่อ สร้างสรรค์)),วิชาเอกการ ผลิตสื่อ สร้างสรรค์,,12,896,12,61.2790,55.2992
มหาวิทยาลัยเชียงใหม่,วิทยาเขตหลัก,10040118901101A,B,M3153,คณะการสื่อสารมวลชน,ศศ.บ.การสื่อสารมวลชน,การรับตรงร่วมกัน (รหัส 431863113- การสื่อสารมวลชน (วิชาเอกการสื่อสาร การตลาด)),วิชาเอกการ สื่อสาร การตลาด,,5,435,5,55.4544,53.9141
มหาวิทยาลัยเชียงใหม่,วิทยาเขตหลัก,10040118901101A,B,M3154,คณะการสื่อสารมวลชน,ศศ.บ.การสื่อสารมวลชน,การรับตรงร่วมกัน (รหัส 431863124- การสื่อสารมวลชน (วิชาเอกการสื่อสาร การตลาด)),วิชาเอกการ สื่อสาร การตลาด,,7,668,7,57.4534,55.1902
มหาวิทยาลัยเชียงใหม่,วิทยาเขตหลัก,10040118901601C,0,M3147,คณะการสื่อสารมวลชน,ศศ.บ.ภาพยนตร์ดิจิทัล,การรับตรงร่วมกัน (รหัส 431833113- ภาพยนตร์ดิจิทัล (สองภาษา)),,,9,311,9,54.5460,51.7061
มหาวิทยาลัยเชียงใหม่,วิทยาเขตหลัก,10040118901601C,0,M3148,คณะการสื่อสารมวลชน,ศศ.บ.ภาพยนตร์ดิจิทัล,การรับตรงร่วมกัน (รหัส 431833124- ภาพยนตร์ดิจิทัล (สองภาษา)),,,13,433,13,58.6498,53.4972
มหาวิทยาลัยเชียงใหม่,วิทยาเขตหลัก,10040119210101E,0,M3163,คณะรัฐศาสตร์และรัฐประศาสนศาสตร์,วท.บ.ศาสตร์แห่งความยงั่ยืน,การรับตรงร่วมกัน (รหัส 4319713113- ศาสตร์แห่งความ ยงั่ยืน (นานาชาติ ช่องทาง TCAS)),,,15,61,15,56.4932,49.7852
มหาวิทยาลัยเชียงใหม่,วิทยาเขตหลัก,10040119210101E,0,M3164,คณะรัฐศาสตร์และรัฐประศาสนศาสตร์,วท.บ.ศาสตร์แห่งความยงั่ยืน,การรับตรงร่วมกัน (รหัส 4319713124- ศาสตร์แห่งความ ยงั่ยืน (นานาชาติ ช่องทาง TCAS)),,,15,66,15,52.9726,50.0894
มหาวิทยาลัยเชียงใหม่,วิทยาเขตหลัก,10040119903101A,0,M3159,คณะรัฐศาสตร์และรัฐประศาสนศาสตร์,รป.บ.รัฐประศาสนศาสตรบัณฑิต,การรับตรงร่วมกัน (รหัส 43192311-รัฐ ประศาสนศาสตร)์,,,12,244,12,56.6432,55.1228
มหาวิทยาลัยเชียงใหม่,วิทยาเขตหลัก,10040119903101A,0,M3160,คณะรัฐศาสตร์และรัฐประศาสนศาสตร์,รป.บ.รัฐประศาสนศาสตรบัณฑิต,การรับตรงร่วมกัน (รหัส 43192312-รัฐ ประศาสนศาสตร)์,,,18,297,18,60.3500,55.3622
มหาวิทยาลัยเชียงใหม่,วิทยาเขตหลัก,10040119903201A,0,M3157,คณะรัฐศาสตร์และรัฐประศาสนศาสตร์,ร.บ.การเมืองและการปกครอง,การรับตรงร่วมกัน (รหัส 43191311- การเมืองและการ ปกครอง),,,20,281,20,62.3717,58.9586
มหาวิทยาลัยเชียงใหม่,วิทยาเขตหลัก,10040119903201A,0,M3158,คณะรัฐศาสตร์และรัฐประศาสนศาสตร์,ร.บ.การเมืองและการปกครอง,การรับตรงร่วมกัน (รหัส 43191312- การเมืองและการ ปกครอง),,,20,349,20,64.8427,60.3334
มหาวิทยาลัยเชียงใหม่,วิทยาเขตหลัก,10040119903202A,0,M3161,คณะรัฐศาสตร์และรัฐประศาสนศาสตร์,ร.บ.การระหว่างประเทศ,การรับตรงร่วมกัน (รหัส 43193311- การระหว่างประเทศ ),,,8,182,8,62.9825,60.6381
มหาวิทยาลัยเชียงใหม่,วิทยาเขตหลัก,10040119903202A,0,M3162,คณะรัฐศาสตร์และรัฐประศาสนศาสตร์,ร.บ.การระหว่างประเทศ,การรับตรงร่วมกัน (รหัส 43193312- การระหว่างประเทศ ),,,15,264,15,64.9740,60.5226
มหาวิทยาลัยเชียงใหม่,วิทยาเขตหลัก,10040120901001A,0,M3165,คณะนิติศาสตร์,น.บ.นิติศาสตรบัณฑิต,การรับตรงร่วมกัน (รหัส 4321311- นิติศาสตร)์,,,15,1330,15,62.4377,58.7549
มหาวิทยาลัยเชียงใหม่,วิทยาเขตหลัก,10040120901001A,0,M3166,คณะนิติศาสตร์,น.บ.นิติศาสตรบัณฑิต,การรับตรงร่วมกัน (รหัส 4321312- นิติศาสตร)์,,,7,1163,7,63.6563,60.5870
มหาวิทยาลัยเชียงใหม่,วิทยาเขตหลัก,10040120901001A,0,M3167,คณะนิติศาสตร์,น.บ.นิติศาสตรบัณฑิต,การรับตรงร่วมกัน (รหัส 4321313- นิติศาสตร)์,,,3,157,3,60.4348,57.4658
มหาวิทยาลัยเชียงใหม่,วิทยาเขตหลัก,10040120901001A,0,M3168,คณะนิติศาสตร์,น.บ.นิติศาสตรบัณฑิต,การรับตรงร่วมกัน (รหัส 4321314- นิติศาสตร)์,,,2,84,2,57.7548,57.2085
มหาวิทยาลัยเชียงใหม่,วิทยาเขตหลัก,10040120901001A,0,M3169,คณะนิติศาสตร์,น.บ.นิติศาสตรบัณฑิต,การรับตรงร่วมกัน (รหัส 4321315- นิติศาสตร)์,,,1,60,1,59.2478,59.2478
มหาวิทยาลัยเชียงใหม่,วิทยาเขตหลัก,10040120901001A,0,M3170,คณะนิติศาสตร์,น.บ.นิติศาสตรบัณฑิต,การรับตรงร่วมกัน (รหัส 4321316- นิติศาสตร)์,,,1,59,1,51.7525,51.7525
มหาวิทยาลัยเชียงใหม่,วิทยาเขตหลัก,10040120901001A,0,M3171,คณะนิติศาสตร์,น.บ.นิติศาสตรบัณฑิต,การรับตรงร่วมกัน (รหัส 4321317- นิติศาสตร)์,,,1,60,1,62.7470,62.7470
มหาวิทยาลัยเชียงใหม่,วิทยาเขตหลัก,10040120901001B,0,M3172,คณะนิติศาสตร์,น.บ.นิติศาสตรบัณฑิต,การรับตรงร่วมกัน (รหัส 43291311- นิติศาสต์รภาคพิเศษ),,,30,895,30,59.5440,55.6128
มหาวิทยาลัยเชียงใหม่,วิทยาเขตหลัก,10040120901001B,0,M3173,คณะนิติศาสตร์,น.บ.นิติศาสตรบัณฑิต,การรับตรงร่วมกัน (รหัส 43291312- นิติศาสต์รภาคพิเศษ),,,14,780,14,60.5449,57.4930
มหาวิทยาลัยเชียงใหม่,วิทยาเขตหลัก,10040120901001B,0,M3174,คณะนิติศาสตร์,น.บ.นิติศาสตรบัณฑิต,การรับตรงร่วมกัน (รหัส 43291313- นิติศาสต์รภาคพิเศษ),,,6,70,6,55.0535,53.6923
มหาวิทยาลัยเชียงใหม่,วิทยาเขตหลัก,10040120901001B,0,M3175,คณะนิติศาสตร์,น.บ.นิติศาสตรบัณฑิต,การรับตรงร่วมกัน (รหัส 43291314- นิติศาสต์รภาคพิเศษ),,,4,48,4,54.5060,52.1465
มหาวิทยาลัยเชียงใหม่,วิทยาเขตหลัก,10040120901001B,0,M3176,คณะนิติศาสตร์,น.บ.นิติศาสตรบัณฑิต,การรับตรงร่วมกัน (รหัส 43291315- นิติศาสต์รภาคพิเศษ),,,2,42,2,53.0610,52.7715
มหาวิทยาลัยเชียงใหม่,วิทยาเขตหลัก,10040120901001B,0,M3177,คณะนิติศาสตร์,น.บ.นิติศาสตรบัณฑิต,การรับตรงร่วมกัน (รหัส 43291316- นิติศาสต์รภาคพิเศษ),,,2,39,2,50.3525,49.9688
มหาวิทยาลัยเชียงใหม่,วิทยาเขตหลัก,10040120901001B,0,M3178,คณะนิติศาสตร์,น.บ.นิติศาสตรบัณฑิต,การรับตรงร่วมกัน (รหัส 43291317- นิติศาสต์รภาคพิเศษ),,,2,45,2,51.2435,51.1248
มหาวิทยาลัยเชียงใหม่,วิทยาเขตหลัก,10040121220101A,0,M3179,วิทยาลัยศิลปะสื่อและเทคโนโลยี,วท.บ.การจัดการสมัยใหม่และเทคโนโลียสารสนเทศ,การรับตรงร่วมกัน (รหัส 43212311- การจัดการสมัยให่มและเทคโนโลียสารสนเทศ ),,,30,254,30,61.1772,57.0910
มหาวิทยาลัยเชียงใหม่,วิทยาเขตหลัก,10040121220101E,0,M3183,วิทยาลัยศิลปะสื่อและเทคโนโลยี,วท.บ.การจัดการสมัยใหม่และเทคโนโลียสารสนเทศ,การรับตรงร่วมกัน (รหัส 432173311- การจัดการสมัยให่มและเทคโนโลียสารสนเทศ (นานาชาติ ช่องทาง TCAS)),,,10,63,10,61.5388,55.4136
มหาวิทยาลัยเชียงใหม่,วิทยาเขตหลัก,10040121220401E,0,M3182,วิทยาลัยศิลปะสื่อและเทคโนโลยี,วท.บ.วิศวกรรมซอฟต์แวร์,การรับตรงร่วมกัน (รหัส 432171311- วิศวกรรมซอฟต์แว์ร(นานาชาติ ช่องทาง TCAS)),,,15,177,15,61.8203,56.1494
มหาวิทยาลัยเชียงใหม่,วิทยาเขตหลัก,10040121220402A,0,M3180,วิทยาลัยศิลปะสื่อและเทคโนโลยี,วท.บ.ดิจิทัลเกม,การรับตรงร่วมกัน (รหัส 43214311- ดิจิทัลเกม),,,6,268,6,63.3905,60.4953
มหาวิทยาลัยเชียงใหม่,วิทยาเขตหลัก,10040121220501A,0,M3181,วิทยาลัยศิลปะสื่อและเทคโนโลยี,ศศ.บ.แอนนิเมชันและวิชวลเอฟเฟกต์,การรับตรงร่วมกัน (รหัส 43216311- แอนนิเมชันและวิชวล เอฟเฟกต์),,,3,218,3,63.6143,59.5030
มหาวิทยาลัยเชียงใหม่,วิทยาเขตหลัก,10040124220403E,0,M3184,วิทยาลัยนานาชาตินวัตกรรมดิจิทัล,วท.บ.นวัตกรรมดิจิทัล,การรับตรงร่วมกัน (รหัส 43241311- นวัตกรรมดิจิทัล (นานาชาติ ช่องทาง TCAS) ),,,5,113,5,55.9395,53.8980
มหาวิทยาลัยเชียงใหม่,วิทยาเขตหลัก,10040124220403E,0,M3185,วิทยาลัยนานาชาตินวัตกรรมดิจิทัล,วท.บ.นวัตกรรมดิจิทัล,การรับตรงร่วมกัน (รหัส 43241312- นวัตกรรมดิจิทัล (นานาชาติ ช่องทาง TCAS) ),,,8,70,8,59.1130,52.9480
มหาวิทยาลัยเชียงใหม่,วิทยาเขตหลัก,10040124220403E,0,M3186,วิทยาลัยนานาชาตินวัตกรรมดิจิทัล,วท.บ.นวัตกรรมดิจิทัล,การรับตรงร่วมกัน (รหัส 43241313- นวัตกรรมดิจิทัล (นานาชาติ ช่องทาง TCAS) ),,,1,2,1,48.9720,48.9720
มหาวิทยาลัยเชียงใหม่,วิทยาเขตหลัก,10040124220403E,0,M3187,วิทยาลัยนานาชาตินวัตกรรมดิจิทัล,วท.บ.นวัตกรรมดิจิทัล,การรับตรงร่วมกัน (รหัส 43241314- นวัตกรรมดิจิทัล (นานาชาติ ช่องทาง TCAS) ),,,1,5,1,80.3030,80.3030
มหาวิทยาลัยธรรมศาสตร์,ท่าพระจันทร์,10050102610501A,0,0,คณะพาณิชยศาสตร์และการบัญชี,บช.บ.การบัญชีธุรกิจแบบบูรณาการ (ศึกษาที่ มธ.ท่าพระจันทร์),,,0,30,925,30,70.7500,64.3750
มหาวิทยาลัยธรรมศาสตร์,ท่าพระจันทร์,10050102610801A,0,0,คณะพาณิชยศาสตร์และการบัญชี,บธ.บ.การจัดการธุกิจแบบบูรณาการ (ศึกษาที่ มธ.ท่าพระจันทร์),,,0,30,1007,30,72.6250,58.7500
มหาวิทยาลัยธรรมศาสตร์,ท่าพระจันทร์,10050103903201E,0,0,คณะรัฐศาสตร์,ร.บ.การเมืองและการระหว่างประเทศ (หลักสูตรนานาชาต)ิ (ศึกษาที่ มธ.ท่า พระจันทร)์ (BIR),,,0,30,38,30,88.0000,61.0000
มหาวิทยาลัยธรรมศาสตร์,ท่าพระจันทร์,10050105903701B,0,0,คณะสังคมสงเคราะห์ศาสตร์,ศศ.บ.สาขาวิชานโยบายสังคมและการพัฒนา (โครงการพิเศษ) (ศึกษาที่ มธ.ท่าพระจันทร)์,,,0,56,1641,56,74.4830,66.8440
มหาวิทยาลัยธรรมศาสตร์,ท่าพระจันทร์,10050105903701E,0,0,คณะสังคมสงเคราะห์ศาสตร์,ศศ.บ.สาขาวิชานโยบายสังคมและการพัฒนา (หลักสูตรนานาชาต)ิ (ศึกษาที่ มธ.ท่า พระจันทร)์ (SPD),,,0,15,230,15,74.6642,63.1904
มหาวิทยาลัยธรรมศาสตร์,ท่าพระจันทร์,10050106902401B,0,0,คณะศิลปศาสตร์,ศศ.บ.สาขาวิชาอาณาบริเวณศึกษา วิชาเอก รัสเซียและยูเรเซียศึกษา (โครงการพิเศษ) (ศึกษาที่ มธ.ท่าพระจันทร์),,,3037,42,484,41,66.3880,59.1243
มหาวิทยาลัยธรรมศาสตร์,ท่าพระจันทร์,10050106902401B,0,T3044,คณะศิลปศาสตร์,ศศ.บ.สาขาวิชาอาณาบริเวณศึกษา วิชาเอก รัสเซียและยูเรเซียศึกษา (โครงการพิเศษ) (ศึกษาที่ มธ.ท่าพระจันทร์),ผู้สมัครกลุ่มเทียบวุฒิ มัธยมศึกษาตอน ปลาย (GED),,3037,42,7,1,59.8575,59.8575
มหาวิทยาลัยธรรมศาสตร์,ท่าพระจันทร์,10050106902801B,0,0,คณะศิลปศาสตร์,ศศ.บ.สาขาวิชาอาณาบริเวณศึกษา วิชาเอก เอเชียตะวันออกเฉียงใต้ศึกษา (โครงการพิเศษ) (ศึกษาที่ มธ.ท่าพระจันทร์),,,3038,38,682,36,70.0388,61.7720
มหาวิทยาลัยธรรมศาสตร์,ท่าพระจันทร์,10050106902801B,0,T3045,คณะศิลปศาสตร์,ศศ.บ.สาขาวิชาอาณาบริเวณศึกษา วิชาเอก เอเชียตะวันออกเฉียงใต้ศึกษา (โครงการพิเศษ) (ศึกษาที่ มธ.ท่าพระจันทร์),ผู้สมัครกลุ่มเทียบวุฒิ มัธยมศึกษาตอน ปลาย (GED),,3038,38,12,2,68.8553,62.7413
มหาวิทยาลัยธรรมศาสตร์,ท่าพระจันทร์,10050106904301B,0,0,คณะศิลปศาสตร์,ศศ.บ.สาขาวิชาการแปลและล่ามในยุคดิจิทัล (โครงการพิเศษ) (ศึกษาที่ มธ.ท่าพระจันทร)์,,,3039,35,563,34,80.3000,69.1250
มหาวิทยาลัยธรรมศาสตร์,ท่าพระจันทร์,10050106904301B,0,T3046,คณะศิลปศาสตร์,ศศ.บ.สาขาวิชาการแปลและล่ามในยุคดิจิทัล (โครงการพิเศษ) (ศึกษาที่ มธ.ท่าพระจันทร)์,ผู้สมัครกลุ่มเทียบวุฒิ มัธยมศึกษาตอน ปลาย (GED),,3039,35,3,1,77.9250,77.9250
มหาวิทยาลัยธรรมศาสตร์,ท่าพระจันทร์,10050123210801B,0,0,วิทยาลัยนวัตกรรม,วท.บ.สาขาวิชานวัตกรรม และการแปรรูปทาง ดิจิทัล (โครงการพิเศษ) (ศึกษาที่ มธ.ท่า พระจันทร)์,,,0,50,431,50,80.3200,71.0108
มหาวิทยาลัยธรรมศาสตร์,ท่าพระจันทร์,10050123904001B,0,0,วิทยาลัยนวัตกรรม,ศศ.บ.สาขาวิชาการจัดการมรดกวัฒนธรรมและอุตสาหกรรมสร้างสรร์ค(โครงการพิเศษ) (ศึกษาที่ มธ.ท่าพระจันทร์),,,0,100,836,100,75.7736,57.5040
มหาวิทยาลัยธรรมศาสตร์,ท่าพระจันทร์,10050124903601B,0,0,วิทยาลัยสหวิทยาการ,ศศ.บ.สาขาวิชาปรัชญาการเมืองและ เศรษฐศาสต์ร(โครงการพิเศษ) (ศึกษาที่ มธ.ท่า พระจันทร)์,,,0,48,554,48,68.9750,60.0500
มหาวิทยาลัยธรรมศาสตร์,ท่าพระจันทร์,10050127902601E,0,0,วิทยาลัยนานาชาติปรีดีพนมยงค์,ศศ.บ.สาขาวิชาไทยศึกษา (หลักสูตรนานาชาต)ิ (ศึกษาที่ มธ.ท่าพระจันทร์),,,0,15,157,15,66.3420,61.1462
มหาวิทยาลัยธรรมศาสตร์,ท่าพระจันทร์,10050127902801E,0,0,วิทยาลัยนานาชาติปรีดีพนมยงค์,ศศ.บ.สาขาวิชาจีนศึกษา (หลักสูตรนานาชาต)ิ (ศึกษาที่ มธ.ท่าพระจันทร์),,,0,20,184,20,73.9380,63.0014
มหาวิทยาลัยธรรมศาสตร์,ศูนย์รังสิต,10050201901001A,0,T3005,คณะนิติศาสตร์,นิติศาสตรบัณฑิต,เกณฑ์คัดเลือก รูปแบบ TGAT+A-level คณิต 1,,0,42,1194,42,77.9645,63.5535
มหาวิทยาลัยธรรมศาสตร์,ศูนย์รังสิต,10050201901001A,0,T3006,คณะนิติศาสตร์,นิติศาสตรบัณฑิต,เกณฑ์คัดเลือก รูปแบบ TGAT+A-level จีน,,0,42,366,42,80.2665,64.4935
มหาวิทยาลัยธรรมศาสตร์,ศูนย์รังสิต,10050201901001A,0,T3007,คณะนิติศาสตร์,นิติศาสตรบัณฑิต,เกณฑ์คัดเลือก รูปแบบ TGAT+A-level ญี่ปุ่น,,0,25,253,25,81.1155,69.3455
มหาวิทยาลัยธรรมศาสตร์,ศูนย์รังสิต,10050201901001A,0,T3008,คณะนิติศาสตร์,นิติศาสตรบัณฑิต,เกณฑ์คัดเลือก รูปแบบ TGAT+A-level ฝรั่งเศส,,0,39,305,39,72.2940,63.8765
มหาวิทยาลัยธรรมศาสตร์,ศูนย์รังสิต,10050201901001A,0,T3009,คณะนิติศาสตร์,นิติศาสตรบัณฑิต,เกณฑ์คัดเลือก รูปแบบ TGAT+A-level เยอรมัน,,0,19,135,19,73.4670,60.5055
มหาวิทยาลัยธรรมศาสตร์,ศูนย์รังสิต,10050201901001A,0,T3034,คณะนิติศาสตร์,นิติศาสตรบัณฑิต,เกณฑ์คัดเลือก รูปแบบ TGAT+A-level คณิต 2,,0,200,2876,200,83.6260,71.0805
มหาวิทยาลัยธรรมศาสตร์,ศูนย์รังสิต,10050201901001A,0,T3035,คณะนิติศาสตร์,นิติศาสตรบัณฑิต,เกณฑ์คัดเลือก รูปแบบ TGAT+A-level เกาหลี,,0,3,96,3,72.7700,68.9440
มหาวิทยาลัยธรรมศาสตร์,ศูนย์รังสิต,10050202610501A,0,0,คณะพาณิชยศาสตร์และการบัญชี,บัญชีบัณฑิต,,,0,105,1720,109,73.0000,59.1250
มหาวิทยาลัยธรรมศาสตร์,ศูนย์รังสิต,10050202610801A,0,0,คณะพาณิชยศาสตร์และการบัญชี,บริหารธุรกิจบัณฑิต,,,0,196,2205,199,68.1250,53.2500
มหาวิทยาลัยธรรมศาสตร์,ศูนย์รังสิต,10050203903201A,A,T3004,คณะรัฐศาสตร์,ร.บ.วิชาเอกสาขาการเมืองการปกครอง,เกณฑ์คัดเลือก รูปแบบ TGAT+A-Level,วิชาเอก การเมือง การปกครอง,0,45,937,45,78.9781,66.3443
มหาวิทยาลัยธรรมศาสตร์,ศูนย์รังสิต,10050203903201A,A,T3017,คณะรัฐศาสตร์,ร.บ.วิชาเอกสาขาการเมืองการปกครอง,เกณฑ์คัดเลือก รูปแบบ TGAT+วิชา เฉพาะ มธ.,วิชาเอก การเมือง การปกครอง,0,40,242,40,69.9525,56.4745
มหาวิทยาลัยธรรมศาสตร์,ศูนย์รังสิต,10050203903201A,B,T3004,คณะรัฐศาสตร์,ร.บ.วิชาเอกสาขาการระหว่างประเทศ,เกณฑ์คัดเลือก รูปแบบ TGAT+A-Level,วิชาเอกการ ระหว่าง ประเทศ,0,45,1297,45,75.7625,69.0750
มหาวิทยาลัยธรรมศาสตร์,ศูนย์รังสิต,10050203903201A,B,T3017,คณะรัฐศาสตร์,ร.บ.วิชาเอกสาขาการระหว่างประเทศ,เกณฑ์คัดเลือก รูปแบบ TGAT+วิชา เฉพาะ มธ.,วิชาเอกการ ระหว่าง ประเทศ,0,40,340,40,76.0537,62.7436
มหาวิทยาลัยธรรมศาสตร์,ศูนย์รังสิต,10050203903201A,C,T3004,คณะรัฐศาสตร์,ร.บ.วิชาเอกสาขาบริหารรัฐกิจ,เกณฑ์คัดเลือก รูปแบบ TGAT+A-Level,วิชาเอก บริหารรัฐกิจ,0,45,790,45,69.6311,65.0626
มหาวิทยาลัยธรรมศาสตร์,ศูนย์รังสิต,10050203903201A,C,T3017,คณะรัฐศาสตร์,ร.บ.วิชาเอกสาขาบริหารรัฐกิจ,เกณฑ์คัดเลือก รูปแบบ TGAT+วิชา เฉพาะ มธ.,วิชาเอก บริหารรัฐกิจ,0,40,154,40,70.1739,55.6360
มหาวิทยาลัยธรรมศาสตร์,ศูนย์รังสิต,10050204611101A,0,0,คณะเศรษฐศาสตร์,เศรษฐศาสตรบัณฑิต,,,0,270,2040,270,55.5579,46.1088
มหาวิทยาลัยธรรมศาสตร์,ศูนย์รังสิต,10050205903701A,0,T3004,คณะสังคมสงเคราะห์ศาสตร์,สังคมสงเคราะห์ศาสตรบัณฑิต,เกณฑ์คัดเลือก รูปแบบ TGAT+A-Level,,0,55,883,55,69.2052,59.0044
มหาวิทยาลัยธรรมศาสตร์,ศูนย์รังสิต,10050205903701A,0,T3012,คณะสังคมสงเคราะห์ศาสตร์,สังคมสงเคราะห์ศาสตรบัณฑิต,เกณฑ์คัดเลือก รูปแบบ TGAT+วิชา เฉพาะ มธ.,,0,180,713,180,79.8227,67.1151
มหาวิทยาลัยธรรมศาสตร์,ศูนย์รังสิต,10050206113101A,0,T3002,คณะศิลปศาสตร์,วท.บ.สาขาวิชาจิตวิทยา,เกณฑ์คัดเลือก รูปแบบ A-Level 4 วิชา,,3029,25,664,24,80.0625,68.1875
มหาวิทยาลัยธรรมศาสตร์,ศูนย์รังสิต,10050206113101A,0,T3003,คณะศิลปศาสตร์,วท.บ.สาขาวิชาจิตวิทยา,เกณฑ์คัดเลือก รูปแบบ A-Level 5 วิชา,,3028,25,147,25,64.0400,52.3900
มหาวิทยาลัยธรรมศาสตร์,ศูนย์รังสิต,10050206113101A,0,T3029,คณะศิลปศาสตร์,วท.บ.สาขาวิชาจิตวิทยา,เกณฑ์คัดเลือก รูปแบบ TGAT,,3030,10,1225,10,81.4590,76.8700
มหาวิทยาลัยธรรมศาสตร์,ศูนย์รังสิต,10050206113101A,0,T3036,คณะศิลปศาสตร์,วท.บ.สาขาวิชาจิตวิทยา,ผู้สมัครกลุ่มเทียบวุฒิ มัธยมศึกษาตอน ปลาย (GED) เกณ์ฑัคดเลือกรูปแบบ A-Level 5 วิชา,,3028,25,0,0,0.0000,0.0000
มหาวิทยาลัยธรรมศาสตร์,ศูนย์รังสิต,10050206113101A,0,T3037,คณะศิลปศาสตร์,วท.บ.สาขาวิชาจิตวิทยา,ผู้สมัครกลุ่มเทียบวุฒิ มัธยมศึกษาตอน ปลาย (GED) เกณ์ฑัคดเลือกรูปแบบ A-Level 4 วิชา,,3029,25,14,1,69.7500,69.7500
มหาวิทยาลัยธรรมศาสตร์,ศูนย์รังสิต,10050206113101A,0,T3038,คณะศิลปศาสตร์,วท.บ.สาขาวิชาจิตวิทยา,ผู้สมัครกลุ่มเทียบวุฒิ มัธยมศึกษาตอน ปลาย (GED) เกณ์ฑัคดเลือกรูปแบบ TGAT,,3030,10,19,0,0.0000,0.0000
มหาวิทยาลัยธรรมศาสตร์,ศูนย์รังสิต,10050206900101A,0,0,คณะศิลปศาสตร์,ศศ.บ.วิชาเอกภาษาศาสตร์,,,3033,30,341,29,69.9375,63.1250
มหาวิทยาลัยธรรมศาสตร์,ศูนย์รังสิต,10050206900101A,0,T3040,คณะศิลปศาสตร์,ศศ.บ.วิชาเอกภาษาศาสตร์,ผู้สมัครกลุ่มเทียบวุฒิ มัธยมศึกษาตอน ปลาย (GED),,3033,30,16,1,64.3750,64.3750
มหาวิทยาลัยธรรมศาสตร์,ศูนย์รังสิต,10050206901201A,0,0,คณะศิลปศาสตร์,ศศ.บ.วิชาเอกบรรณารักษศาสตร์และ สารสนเทศศาสตร์,,,0,30,241,31,78.9375,59.0000
มหาวิทยาลัยธรรมศาสตร์,ศูนย์รังสิต,10050206901401A,0,0,คณะศิลปศาสตร์,ศศ.บ.วิชาเอกประวัติศาสตร์,,,3034,33,459,30,68.3750,59.8750
มหาวิทยาลัยธรรมศาสตร์,ศูนย์รังสิต,10050206901401A,0,T3041,คณะศิลปศาสตร์,ศศ.บ.วิชาเอกประวัติศาสตร์,ผู้สมัครกลุ่มเทียบวุฒิ มัธยมศึกษาตอน ปลาย (GED),,3034,33,10,3,63.7500,60.3125
มหาวิทยาลัยธรรมศาสตร์,ศูนย์รังสิต,10050206901501A,0,0,คณะศิลปศาสตร์,ศศ.บ.วิชาเอกปรัชญา,,,0,30,320,30,68.8418,60.5694
มหาวิทยาลัยธรรมศาสตร์,ศูนย์รังสิต,10050206901801A,0,0,คณะศิลปศาสตร์,ศศ.บ.วิชาเอกภาษาและวัฒนธรรมจีน,,,3035,45,634,44,82.3875,72.1000
มหาวิทยาลัยธรรมศาสตร์,ศูนย์รังสิต,10050206901801A,0,T3042,คณะศิลปศาสตร์,ศศ.บ.วิชาเอกภาษาและวัฒนธรรมจีน,ผู้สมัครกลุ่มเทียบวุฒิ มัธยมศึกษาตอน ปลาย (GED),,3035,45,1,1,74.6750,74.6750
มหาวิทยาลัยธรรมศาสตร์,ศูนย์รังสิต,10050206901901A,0,T3013,คณะศิลปศาสตร์,ศศ.บ.วิชาเอกภาษาญี่ปุ่น,ผู้สมัครกลุ่มมีพื้น ฐานความรู้ภาษาญี่ปุ่น,,0,33,226,34,81.5000,67.0000
มหาวิทยาลัยธรรมศาสตร์,ศูนย์รังสิต,10050206901901A,0,T3014,คณะศิลปศาสตร์,ศศ.บ.วิชาเอกภาษาญี่ปุ่น,ผู้สมัครกลุ่มไม่มีพื้น ฐานความรู้ภาษาญี่ปุ่น,,0,22,390,22,70.6875,65.5000
มหาวิทยาลัยธรรมศาสตร์,ศูนย์รังสิต,10050206902001A,0,0,คณะศิลปศาสตร์,ศศ.บ.สาขาวิชาภาษาไทย,,,3036,21,469,21,69.7556,62.2866
มหาวิทยาลัยธรรมศาสตร์,ศูนย์รังสิต,10050206902001A,0,T3043,คณะศิลปศาสตร์,ศศ.บ.สาขาวิชาภาษาไทย,ผู้สมัครกลุ่มเทียบวุฒิ มัธยมศึกษาตอน ปลาย (GED),,3036,21,3,0,0.0000,0.0000
มหาวิทยาลัยธรรมศาสตร์,ศูนย์รังสิต,10050206902401A,0,0,คณะศิลปศาสตร์,ศศ.บ.วิชาเอกภาษาฝรั่งเศส,,,0,28,216,28,82.7750,65.6500
มหาวิทยาลัยธรรมศาสตร์,ศูนย์รังสิต,10050206902402A,0,0,คณะศิลปศาสตร์,ศศ.บ.วิชาเอกภาษาเยอรมัน,,,0,21,62,21,75.3552,48.9589
มหาวิทยาลัยธรรมศาสตร์,ศูนย์รังสิต,10050206902403A,0,0,คณะศิลปศาสตร์,ศศ.บ.วิชาเอกภาษารัสเซีย,,,0,30,264,30,66.1875,60.0000
มหาวิทยาลัยธรรมศาสตร์,ศูนย์รังสิต,10050206902404A,0,0,คณะศิลปศาสตร์,ศศ.บ.วิชาเอกสเปนและลาตินอเมริกันศึกษา,,,3031,26,246,26,72.9375,63.8125
มหาวิทยาลัยธรรมศาสตร์,ศูนย์รังสิต,10050206902404A,0,T3039,คณะศิลปศาสตร์,ศศ.บ.วิชาเอกสเปนและลาตินอเมริกันศึกษา,ผู้สมัครกลุ่มเทียบวุฒิ มัธยมศึกษาตอน ปลาย (GED),,3031,26,1,0,0.0000,0.0000
มหาวิทยาลัยธรรมศาสตร์,ศูนย์รังสิต,10050206902501A,0,0,คณะศิลปศาสตร์,ศศ.บ.สาขาวิชาภาษาอังกฤษ,,,3013,70,1045,71,80.5000,71.7500
มหาวิทยาลัยธรรมศาสตร์,ศูนย์รังสิต,10050206902501A,0,T3033,คณะศิลปศาสตร์,ศศ.บ.สาขาวิชาภาษาอังกฤษ,ผู้สมัครกลุ่มเทียบวุฒิ มัธยมศึกษาตอน ปลาย (GED),,3013,70,2,1,74.6250,74.6250
มหาวิทยาลัยธรรมศาสตร์,ศูนย์รังสิต,10050206902502A,0,0,คณะศิลปศาสตร์,ศศ.บ.วิชาเอกภาษาและวรรณคดีอังกฤษ,,,3014,35,812,35,87.5250,76.5750
มหาวิทยาลัยธรรมศาสตร์,ศูนย์รังสิต,10050206902502A,0,T3033,คณะศิลปศาสตร์,ศศ.บ.วิชาเอกภาษาและวรรณคดีอังกฤษ,ผู้สมัครกลุ่มเทียบวุฒิ มัธยมศึกษาตอน ปลาย (GED),,3014,35,2,0,0.0000,0.0000
มหาวิทยาลัยธรรมศาสตร์,ศูนย์รังสิต,10050206903001A,0,0,คณะศิลปศาสตร์,วท.บ.สาขาวิชาภูมิศาสตร์และภูมิสารสนเทศ,,,0,35,337,35,53.6870,47.0435
มหาวิทยาลัยธรรมศาสตร์,ศูนย์รังสิต,10050207903801A,0,T3015,คณะวารสารศาสตร์และสื่อสารมวลชน,วารสารศาสตรบัณฑิต,เกณฑ์คัดเลือก รูปแบบ เกณฑ์กลุ่ม พื้นฐานวิทยาศาสตร์,,0,90,1838,90,75.8460,65.2982
มหาวิทยาลัยธรรมศาสตร์,ศูนย์รังสิต,10050207903801A,0,T3016,คณะวารสารศาสตร์และสื่อสารมวลชน,วารสารศาสตรบัณฑิต,เกณฑ์คัดเลือก รูปแบบ เกณฑ์กลุ่ม พื้นฐานศิลปศาสตร์,,0,135,1570,135,71.4694,60.5110
มหาวิทยาลัยธรรมศาสตร์,ศูนย์รังสิต,10050208903501A,0,0,คณะสังคมวิทยาและมานุษยวิทยา,สังคมวิทยาและมานุษยวิทยาบัณฑิต,,,0,78,1212,78,74.1910,64.5675
มหาวิทยาลัยธรรมศาสตร์,ศูนย์รังสิต,10050208903501B,0,0,คณะสังคมวิทยาและมานุษยวิทยา,สม.บ.สาขาวิชาการวิจัยทางสังคม (โครงการ พิเศษ),,,0,87,819,87,69.8843,58.3840
มหาวิทยาลัยธรรมศาสตร์,ศูนย์รังสิต,10050209210301A,0,T3049,คณะวิทยาศาสตร์และเทคโนโลยี,วท.บ.สาขาวิชาคณิตศาสตร์,ผู้สมัครกลุ่มพื้นฐาน วิทยาศาสต์รคณิตศาสต์รเกณ์ฑัคดเลือกรูปแบบ TGAT+TPAT,,3017,46,251,33,60.1320,48.2634
มหาวิทยาลัยธรรมศาสตร์,ศูนย์รังสิต,10050209210301A,0,T3050,คณะวิทยาศาสตร์และเทคโนโลยี,วท.บ.สาขาวิชาคณิตศาสตร์,ผู้สมัครกลุ่มพื้นฐาน คณิตศาสต์รภาษาต่างประเทศ เกณฑ์คัดเลือก รูปแบบ TGAT+TPAT,,3017,46,118,10,57.4178,48.3094
มหาวิทยาลัยธรรมศาสตร์,ศูนย์รังสิต,10050209210301A,0,T3055,คณะวิทยาศาสตร์และเทคโนโลยี,วท.บ.สาขาวิชาคณิตศาสตร์,ผู้สมัครกลุ่มพื้นฐาน วิทยาศาสต์รคณิตศาสต์รเกณ์ฑัคดเลือกรูปแบบ TGAT+TPAT+A-Lev el วิชาคณิตศาสต์รประยุก์ต1,,3017,46,82,2,52.6744,52.2624
มหาวิทยาลัยธรรมศาสตร์,ศูนย์รังสิต,10050209210301A,0,T3056,คณะวิทยาศาสตร์และเทคโนโลยี,วท.บ.สาขาวิชาคณิตศาสตร์,ผู้สมัครกลุ่มพื้นฐาน คณิตศาสต์รภาษาต่างประเทศ เกณฑ์คัดเลือก รูปแบบ TGAT+TPAT+A-Lev el วิชาคณิตศาสต์รประยุก์ต1,,3017,46,73,1,49.2668,49.2668
มหาวิทยาลัยธรรมศาสตร์,ศูนย์รังสิต,10050209210301B,0,T3018,คณะวิทยาศาสตร์และเทคโนโลยี,วท.บ.สาขาวิชาคณิตศาสต์ร(โครงการพิเศษ),ผู้สมัครกลุ่มพื้นฐาน คณิตศาสต์รภาษาต่างประเทศ,,3018,52,173,15,53.7912,44.9062
มหาวิทยาลัยธรรมศาสตร์,ศูนย์รังสิต,10050209210301B,0,T3019,คณะวิทยาศาสตร์และเทคโนโลยี,วท.บ.สาขาวิชาคณิตศาสต์ร(โครงการพิเศษ),ผู้สมัครกลุ่มพื้นฐาน วิทยาศาสต์รคณิตศาสตร์,,3018,52,329,37,55.6238,44.7760
มหาวิทยาลัยธรรมศาสตร์,ศูนย์รังสิต,10050209210302A,0,T3051,คณะวิทยาศาสตร์และเทคโนโลยี,วท.บ.สาขาวิชาคณิตศาสตร์ประยุกต์,ผู้สมัครกลุ่มพื้นฐาน วิทยาศาสต์รคณิตศาสต์รเกณ์ฑัคดเลือกรูปแบบ TGAT+TPAT,,3026,42,148,30,53.4908,44.4067
มหาวิทยาลัยธรรมศาสตร์,ศูนย์รังสิต,10050209210302A,0,T3052,คณะวิทยาศาสตร์และเทคโนโลยี,วท.บ.สาขาวิชาคณิตศาสตร์ประยุกต์,ผู้สมัครกลุ่มพื้นฐาน คณิตศาสต์รภาษาต่างประเทศ เกณฑ์คัดเลือก รูปแบบ TGAT+TPAT,,3026,42,64,12,56.9366,44.6204
มหาวิทยาลัยธรรมศาสตร์,ศูนย์รังสิต,10050209210302A,0,T3057,คณะวิทยาศาสตร์และเทคโนโลยี,วท.บ.สาขาวิชาคณิตศาสตร์ประยุกต์,ผู้สมัครกลุ่มพื้นฐาน วิทยาศาสต์รคณิตศาสต์รเกณ์ฑัคดเลือกรูปแบบ TGAT+TPAT+A-Lev el วิชาคณิตศาสต์รประยุก์ต1,,3026,42,54,0,0.0000,0.0000
มหาวิทยาลัยธรรมศาสตร์,ศูนย์รังสิต,10050209210302A,0,T3058,คณะวิทยาศาสตร์และเทคโนโลยี,วท.บ.สาขาวิชาคณิตศาสตร์ประยุกต์,ผู้สมัครกลุ่มพื้นฐาน คณิตศาสต์รภาษาต่างประเทศ เกณฑ์คัดเลือก รูปแบบ TGAT+TPAT+A-Lev el วิชาคณิตศาสต์รประยุก์ต1,,3026,42,39,0,0.0000,0.0000
มหาวิทยาลัยธรรมศาสตร์,ศูนย์รังสิต,10050209210302B,0,T3047,คณะวิทยาศาสตร์และเทคโนโลยี,วท.บ.สาขาวิชาคณิตศาสตร์การจัดการ (โครงการพิเศษ),ผู้สมัครกลุ่มพื้นฐาน วิทยาศาสต์รคณิตศาสต์รเกณ์ฑัคดเลือกรูปแบบ TGAT+TPAT+A-Lev el วิชาคณิตศาสต์รประยุก์ต2,,3023,56,235,41,63.0499,45.6103
มหาวิทยาลัยธรรมศาสตร์,ศูนย์รังสิต,10050209210302B,0,T3048,คณะวิทยาศาสตร์และเทคโนโลยี,วท.บ.สาขาวิชาคณิตศาสตร์การจัดการ (โครงการพิเศษ),ผู้สมัครกลุ่มพื้นฐาน คณิตศาสต์รภาษาต่างประเทศ เกณฑ์คัดเลือก รูปแบบ TGAT+TPAT+A-Lev el วิชาคณิตศาสต์รประยุก์ต2,,3023,56,105,15,55.3248,45.5439
มหาวิทยาลัยธรรมศาสตร์,ศูนย์รังสิต,10050209210302B,0,T3053,คณะวิทยาศาสตร์และเทคโนโลยี,วท.บ.สาขาวิชาคณิตศาสตร์การจัดการ (โครงการพิเศษ),ผู้สมัครกลุ่มพื้นฐาน วิทยาศาสต์รคณิตศาสต์รเกณ์ฑัคดเลือกรูปแบบ TGAT+TPAT+A-Lev el วิชาคณิตศาสต์รประยุก์ต1,,3023,56,53,0,0.0000,0.0000
มหาวิทยาลัยธรรมศาสตร์,ศูนย์รังสิต,10050209210302B,0,T3054,คณะวิทยาศาสตร์และเทคโนโลยี,วท.บ.สาขาวิชาคณิตศาสตร์การจัดการ (โครงการพิเศษ),ผู้สมัครกลุ่มพื้นฐาน คณิตศาสต์รภาษาต่างประเทศ เกณฑ์คัดเลือก รูปแบบ TGAT+TPAT+A-Lev el วิชาคณิตศาสต์รประยุก์ต1,,3023,56,43,0,0.0000,0.0000
มหาวิทยาลัยธรรมศาสตร์,ศูนย์รังสิต,10050209210401A,0,0,คณะวิทยาศาสตร์และเทคโนโลยี,วท.บ.สาขาวิชาเคมี,,,0,83,318,83,61.3514,45.9894
มหาวิทยาลัยธรรมศาสตร์,ศูนย์รังสิต,10050209211001A,0,0,คณะวิทยาศาสตร์และเทคโนโลยี,วท.บ.สาขาวิชาวิทยาศาสตร์และเทคโนโลยีการ อาหาร,,,0,66,371,66,54.5788,44.2550
มหาวิทยาลัยธรรมศาสตร์,ศูนย์รังสิต,10050209211002A,0,T3030,คณะวิทยาศาสตร์และเทคโนโลยี,วท.บ.สาขาวิชาวิทยาศาสตร์และนวัตกรรมทาง อาหาร,เกณฑ์คัดเลือก รูปแบบ TGAT+TPAT+A- Level,,3021,47,138,1,53.6567,53.6567
มหาวิทยาลัยธรรมศาสตร์,ศูนย์รังสิต,10050209211002A,0,T3031,คณะวิทยาศาสตร์และเทคโนโลยี,วท.บ.สาขาวิชาวิทยาศาสตร์และนวัตกรรมทาง อาหาร,เกณฑ์คัดเลือก รูปแบบ TGAT+TPAT,,3021,47,451,45,59.7439,53.3830
มหาวิทยาลัยธรรมศาสตร์,ศูนย์รังสิต,10050209211002A,0,T3047,คณะวิทยาศาสตร์และเทคโนโลยี,วท.บ.สาขาวิชาวิทยาศาสตร์และนวัตกรรมทาง อาหาร,ผู้สมัครที่จบหลักสูตร GED เกณฑ์คัดเลือก รูปแบบ TGAT+TPAT+A- Level,,3021,47,0,0,0.0000,0.0000
มหาวิทยาลัยธรรมศาสตร์,ศูนย์รังสิต,10050209211002A,0,T3048,คณะวิทยาศาสตร์และเทคโนโลยี,วท.บ.สาขาวิชาวิทยาศาสตร์และนวัตกรรมทาง อาหาร,ผู้สมัครที่จบหลักสูตร GED เกณฑ์คัดเลือก รูปแบบ TGAT+TPAT,,3021,47,3,1,53.5583,53.5583
มหาวิทยาลัยธรรมศาสตร์,ศูนย์รังสิต,10050209211201A,0,0,คณะวิทยาศาสตร์และเทคโนโลยี,วท.บ.สาขาวิชาเทคโนโลยีชีวภาพ,,,0,76,525,76,59.8708,49.9276
มหาวิทยาลัยธรรมศาสตร์,ศูนย์รังสิต,10050209211401B,0,0,คณะวิทยาศาสตร์และเทคโนโลยี,วท.บ.สาขาวิชาเทคโนโลยีพลังงานชีวภาพและ การแปรรูปเคมีชีวภาพ (โครงการพิเศษ),,,0,55,224,55,53.2566,43.2234
มหาวิทยาลัยธรรมศาสตร์,ศูนย์รังสิต,10050209211801A,0,0,คณะวิทยาศาสตร์และเทคโนโลยี,วท.บ.สาขาวิชาวิทยาศาสตร์และเทคโนโลยีสิ่ง ทอ,,,0,41,201,41,52.5223,44.2581
มหาวิทยาลัยธรรมศาสตร์,ศูนย์รังสิต,10050209212701A,0,0,คณะวิทยาศาสตร์และเทคโนโลยี,วท.บ.สาขาวิชาฟิสิกส์,,,0,46,206,46,58.7154,44.9860
มหาวิทยาลัยธรรมศาสตร์,ศูนย์รังสิต,10050209212702A,0,T3030,คณะวิทยาศาสตร์และเทคโนโลยี,วท.บ.สาขาวิชาฟิสิกส์อิเล็กทรอนิกส์,เกณฑ์คัดเลือก รูปแบบ TGAT+TPAT+A- Level,,3022,41,44,0,0.0000,0.0000
มหาวิทยาลัยธรรมศาสตร์,ศูนย์รังสิต,10050209212702A,0,T3031,คณะวิทยาศาสตร์และเทคโนโลยี,วท.บ.สาขาวิชาฟิสิกส์อิเล็กทรอนิกส์,เกณฑ์คัดเลือก รูปแบบ TGAT+TPAT,,3022,41,164,41,59.7105,45.0912
มหาวิทยาลัยธรรมศาสตร์,ศูนย์รังสิต,10050209212801A,0,0,คณะวิทยาศาสตร์และเทคโนโลยี,วท.บ.สาขาวิชาวัสดุศาสตร์,,,0,36,232,36,57.7122,45.6330
มหาวิทยาลัยธรรมศาสตร์,ศูนย์รังสิต,10050209213101A,0,0,คณะวิทยาศาสตร์และเทคโนโลยี,วท.บ.สาขาวิชาวิทยาศาสตร์สิ่งแวดล้อม,,,0,45,395,45,56.6900,47.6466
มหาวิทยาลัยธรรมศาสตร์,ศูนย์รังสิต,10050209213301A,0,0,คณะวิทยาศาสตร์และเทคโนโลยี,วท.บ.สาขาวิชาสถิติ,,,0,72,388,72,63.9144,52.8820
มหาวิทยาลัยธรรมศาสตร์,ศูนย์รังสิต,10050209213301B,0,T3018,คณะวิทยาศาสตร์และเทคโนโลยี,วท.บ.สาขาวิชาสถิติ (โครงการพิเศษ),ผู้สมัครกลุ่มพื้นฐาน คณิตศาสต์รภาษาต่างประเทศ,,3019,70,121,18,54.4584,47.1976
มหาวิทยาลัยธรรมศาสตร์,ศูนย์รังสิต,10050209213301B,0,T3019,คณะวิทยาศาสตร์และเทคโนโลยี,วท.บ.สาขาวิชาสถิติ (โครงการพิเศษ),ผู้สมัครกลุ่มพื้นฐาน วิทยาศาสต์รคณิตศาสตร์,,3019,70,259,52,58.5010,47.1720
มหาวิทยาลัยธรรมศาสตร์,ศูนย์รังสิต,10050209213302B,0,T3018,คณะวิทยาศาสตร์และเทคโนโลยี,วท.บ.สาขาวิชาวิทยาการประกันภัย (โครงการ พิเศษ),ผู้สมัครกลุ่มพื้นฐาน คณิตศาสต์รภาษาต่างประเทศ,,3027,48,95,10,63.0165,51.8160
มหาวิทยาลัยธรรมศาสตร์,ศูนย์รังสิต,10050209213302B,0,T3019,คณะวิทยาศาสตร์และเทคโนโลยี,วท.บ.สาขาวิชาวิทยาการประกันภัย (โครงการ พิเศษ),ผู้สมัครกลุ่มพื้นฐาน วิทยาศาสต์รคณิตศาสตร์,,3027,48,224,38,62.3140,51.9660
มหาวิทยาลัยธรรมศาสตร์,ศูนย์รังสิต,10050209214001A,0,0,คณะวิทยาศาสตร์และเทคโนโลยี,วท.บ.สาขาวิชาเทคโนโลยีเพื่อการพัฒนายงั่ยืน,,,0,51,259,51,56.3488,41.5576
มหาวิทยาลัยธรรมศาสตร์,ศูนย์รังสิต,10050209220201A,0,T3018,คณะวิทยาศาสตร์และเทคโนโลยี,วท.บ.สาขาวิชาวิทยาการคอมพิวเตอร์,ผู้สมัครกลุ่มพื้นฐาน คณิตศาสต์รภาษาต่างประเทศ,,3015,65,175,22,53.1862,43.8287
มหาวิทยาลัยธรรมศาสตร์,ศูนย์รังสิต,10050209220201A,0,T3019,คณะวิทยาศาสตร์และเทคโนโลยี,วท.บ.สาขาวิชาวิทยาการคอมพิวเตอร์,ผู้สมัครกลุ่มพื้นฐาน วิทยาศาสต์รคณิตศาสตร์,,3015,65,361,43,55.7905,43.7083
มหาวิทยาลัยธรรมศาสตร์,ศูนย์รังสิต,10050209220201B,0,T3018,คณะวิทยาศาสตร์และเทคโนโลยี,วท.บ.สาขาวิชาวิทยาการคอมพิวเตอ์ร(โครงการพิเศษ),ผู้สมัครกลุ่มพื้นฐาน คณิตศาสต์รภาษาต่างประเทศ,,3016,67,111,17,44.5804,36.4126
มหาวิทยาลัยธรรมศาสตร์,ศูนย์รังสิต,10050209220201B,0,T3019,คณะวิทยาศาสตร์และเทคโนโลยี,วท.บ.สาขาวิชาวิทยาการคอมพิวเตอ์ร(โครงการพิเศษ),ผู้สมัครกลุ่มพื้นฐาน วิทยาศาสต์รคณิตศาสตร์,,3016,67,224,50,46.9595,36.1239
มหาวิทยาลัยธรรมศาสตร์,ศูนย์รังสิต,10050209220202B,0,T3018,คณะวิทยาศาสตร์และเทคโนโลยี,วท.บ.สาขาวิชาคอมพิวเตอร์เครือข่ายและ ความปลอดภัยทางไซเบอ์ร(โครงการพิเศษ),ผู้สมัครกลุ่มพื้นฐาน คณิตศาสต์รภาษาต่างประเทศ,,3032,50,183,14,45.6305,37.2031
มหาวิทยาลัยธรรมศาสตร์,ศูนย์รังสิต,10050209220202B,0,T3019,คณะวิทยาศาสตร์และเทคโนโลยี,วท.บ.สาขาวิชาคอมพิวเตอร์เครือข่ายและ ความปลอดภัยทางไซเบอ์ร(โครงการพิเศษ),ผู้สมัครกลุ่มพื้นฐาน วิทยาศาสต์รคณิตศาสตร์,,3032,50,362,36,45.7851,37.1906
มหาวิทยาลัยธรรมศาสตร์,ศูนย์รังสิต,10050209500401A,0,0,คณะวิทยาศาสตร์และเทคโนโลยี,วท.บ.สาขาวิชาเทคโนโลยีการเกษตร,,,0,72,383,72,53.4996,43.2488
มหาวิทยาลัยธรรมศาสตร์,ศูนย์รังสิต,10050210300003E,0,0,คณะวิศวกรรมศาสตร์,วิศวกรรมศาสตรบัณฑิต(หลักสูตรนานาชาต)ิ (หลักสูตรสองสถาบัน) (TEP) และ วิศวกรรม ศาสตรบัณฑิต(หลักสูตรนานาชาต)ิ (TEPE),,,0,80,176,80,39.6229,13.6000
มหาวิทยาลัยธรรมศาสตร์,ศูนย์รังสิต,10050210300501A,0,0,คณะวิศวกรรมศาสตร์,วศ.บ.สาขาวิชาวิศวกรรมคอมพิวเตอร์,,,0,40,507,40,55.5997,43.0666
มหาวิทยาลัยธรรมศาสตร์,ศูนย์รังสิต,10050210300601A,0,0,คณะวิศวกรรมศาสตร์,วศ.บ.สาขาวิชาวิศวกรรมเคมี,,,0,70,1405,70,52.4330,39.4664
มหาวิทยาลัยธรรมศาสตร์,ศูนย์รังสิต,10050210300701A,0,0,คณะวิศวกรรมศาสตร์,วศ.บ.สาขาวิชาวิศวกรรมเครื่องกล,,,0,45,945,45,45.5664,40.1332
มหาวิทยาลัยธรรมศาสตร์,ศูนย์รังสิต,10050210301001B,0,0,คณะวิศวกรรมศาสตร์,วศ.บ.สาขาวิชาวิศวกรรมซอฟต์แว์ร(โครงการ พิเศษ),,,0,27,195,27,47.2000,36.3665
มหาวิทยาลัยธรรมศาสตร์,ศูนย์รังสิต,10050210301601A,0,0,คณะวิศวกรรมศาสตร์,วศ.บ.สาขาวิชาวิศวกรรมไฟฟ้า,,,0,55,908,55,54.9666,42.2997
มหาวิทยาลัยธรรมศาสตร์,ศูนย์รังสิต,10050210301601B,0,0,คณะวิศวกรรมศาสตร์,วศ.บ.สาขาวิชาวิศวกรรมไฟฟ้าและการจัดการ อุตสาหกรรม (โครงการพิเศษ),,,0,40,354,40,37.8999,34.6333
มหาวิทยาลัยธรรมศาสตร์,ศูนย์รังสิต,10050210302101A,0,0,คณะวิศวกรรมศาสตร์,วศ.บ.สาขาวิชาวิศวกรรมโยธา,,,0,50,984,50,49.3330,40.0664
มหาวิทยาลัยธรรมศาสตร์,ศูนย์รังสิต,10050210302101B,0,0,คณะวิศวกรรมศาสตร์,วศ.บ.สาขาวิชาวิศวกรรมโยธาและการบริหาร การก่อสร้าง (โครงการพิเศษ),,,0,40,316,40,43.5666,33.4999
มหาวิทยาลัยธรรมศาสตร์,ศูนย์รังสิต,10050210303501A,0,0,คณะวิศวกรรมศาสตร์,วศ.บ.สาขาวิชาวิศวกรรมอุตสาหการ,,,0,50,1835,50,47.5997,39.9665
มหาวิทยาลัยธรรมศาสตร์,ศูนย์รังสิต,10050211110801A,0,0,คณะแพทยศาสตร์,การแพทย์แผนไทยประยุกต์บัณฑิต,,,0,25,687,25,61.0552,56.2837
มหาวิทยาลัยธรรมศาสตร์,ศูนย์รังสิต,10050212110101A,0,0,คณะสหเวชศาสตร์,วท.บ.สาขาวิชากายภาพบำบัด,,,0,65,616,65,62.0866,55.5398
มหาวิทยาลัยธรรมศาสตร์,ศูนย์รังสิต,10050212111301A,0,0,คณะสหเวชศาสตร์,เทคนิคการแพทยบัณฑิต,,,0,60,1597,60,58.9744,51.7566
มหาวิทยาลัยธรรมศาสตร์,ศูนย์รังสิต,10050212111901B,0,0,คณะสหเวชศาสตร์,วท.บ.สาขาวิชารังสีเทคนิค (โครงการพิเศษ),,,0,45,865,45,53.0600,43.9532
มหาวิทยาลัยธรรมศาสตร์,ศูนย์รังสิต,10050212112001A,0,0,คณะสหเวชศาสตร์,วท.บ.สาขาวิชาวิทยาศาสตร์การกีฬาและการ ออกกำลังกาย,,,0,35,381,35,40.1308,33.0036
มหาวิทยาลัยธรรมศาสตร์,ศูนย์รังสิต,10050212112001B,0,0,คณะสหเวชศาสตร์,ศศ.บ.สาขาวิชาการจัดการการกีฬา (โครงการ พิเศษ),,,0,75,598,75,63.2788,54.3816
มหาวิทยาลัยธรรมศาสตร์,ศูนย์รังสิต,10050212112002B,0,0,คณะสหเวชศาสตร์,ศศ.บ.สาขาวิชาการฝึกสอนกีฬา (โครงการพิเศษ),,,0,120,599,120,58.1972,45.6096
มหาวิทยาลัยธรรมศาสตร์,ศูนย์รังสิต,10050214111701A,0,0,คณะพยาบาลศาสตร์,พยาบาลศาสตรบัณฑิต,,,0,85,1138,85,66.9166,55.3188
มหาวิทยาลัยธรรมศาสตร์,ศูนย์รังสิต,10050215800101A,A,T3011,คณะศิลปกรรมศาสตร์,ศป.บ.สาขาวิชาศิลปะการออกแบบพัสตราภร์ณวิชาเอกสิ่งทอ,เกณฑ์คัดเลือก รูปแบบ TGAT+TPAT+A- Level,สาขาวิชา ศิลปะการ ออกแบบพัส ตราภร์ณวิชาเอกสิ่งทอ,0,30,167,30,57.9932,51.4356
มหาวิทยาลัยธรรมศาสตร์,ศูนย์รังสิต,10050215800101A,A,T3012,คณะศิลปกรรมศาสตร์,ศป.บ.สาขาวิชาศิลปะการออกแบบพัสตราภร์ณวิชาเอกสิ่งทอ,เกณฑ์คัดเลือก รูปแบบ TGAT+วิชา เฉพาะ มธ.,สาขาวิชา ศิลปะการ ออกแบบพัส ตราภร์ณวิชาเอกสิ่งทอ,0,10,4,4,77.9570,70.5520
มหาวิทยาลัยธรรมศาสตร์,ศูนย์รังสิต,10050215800101A,B,T3011,คณะศิลปกรรมศาสตร์,ศป.บ.สาขาวิชาศิลปะการออกแบบพัสตราภร์ณวิชาเอกแฟชั่น,เกณฑ์คัดเลือก รูปแบบ TGAT+TPAT+A- Level,สาขาวิชา ศิลปะการ ออกแบบพัส ตราภร์ณวิชาเอก แฟชั่น,0,5,117,5,63.5342,56.8956
มหาวิทยาลัยธรรมศาสตร์,ศูนย์รังสิต,10050215800101A,B,T3012,คณะศิลปกรรมศาสตร์,ศป.บ.สาขาวิชาศิลปะการออกแบบพัสตราภร์ณวิชาเอกแฟชั่น,เกณฑ์คัดเลือก รูปแบบ TGAT+วิชา เฉพาะ มธ.,สาขาวิชา ศิลปะการ ออกแบบพัส ตราภร์ณวิชาเอก แฟชั่น,0,17,36,17,89.1250,69.2621
มหาวิทยาลัยธรรมศาสตร์,ศูนย์รังสิต,10050215800501B,0,0,คณะศิลปกรรมศาสตร์,ศป.บ.สาขาวิชาการบริหารจัดการศิลปะ (โครงการพิเศษ),,,0,42,367,42,71.3674,53.6917
มหาวิทยาลัยธรรมศาสตร์,ศูนย์รังสิต,10050216400301B,0,0,คณะสถาปัตยกรรมศาสตร์และการผัง เมือง,ภูมิสถาปัตยกรรมศาสตรบัณฑิต,,,0,26,257,26,57.1785,48.7535
มหาวิทยาลัยธรรมศาสตร์,ศูนย์รังสิต,10050216400401B,0,0,คณะสถาปัตยกรรมศาสตร์และการผัง เมือง,การผังเมืองบัณฑิต,,,0,50,343,50,76.3384,61.7624
มหาวิทยาลัยธรรมศาสตร์,ศูนย์รังสิต,10050216400501B,0,0,คณะสถาปัตยกรรมศาสตร์และการผัง เมือง,วท.บ.สาขาวิชาสถาปัตยกรรม,,,0,58,154,50,52.8387,40.7684
มหาวิทยาลัยธรรมศาสตร์,ศูนย์รังสิต,10050216400502B,0,0,คณะสถาปัตยกรรมศาสตร์และการผัง เมือง,วท.บ.สาขาวิชาสถาปัตยกรรมเพื่อการพัฒนา อสังหาริมทรัพย์,,,0,20,103,20,47.2554,41.8874
มหาวิทยาลัยธรรมศาสตร์,ศูนย์รังสิต,10050216400701B,0,0,คณะสถาปัตยกรรมศาสตร์และการผัง เมือง,สถาปัตยกรรมภายในบัณฑิต,,,0,20,178,20,61.5823,52.0130
มหาวิทยาลัยธรรมศาสตร์,ศูนย์รังสิต,10050216610201E,0,0,คณะสถาปัตยกรรมศาสตร์และการผัง เมือง,วท.บ.สาขาวิชาการจัดการออกแบบธุรกิจและ เทคโนโลีย(หลักสูตรนานาชาต)ิ (DBTM),,,0,35,0,0,0.0000,0.0000
มหาวิทยาลัยธรรมศาสตร์,ศูนย์รังสิต,10050217112701A,0,0,คณะสาธารณสุขศาสตร์,วท.บ.สาขาวิชาอาชีวอนามัยและความปลอดภัย,,,0,70,808,70,46.6000,36.7625
มหาวิทยาลัยธรรมศาสตร์,ศูนย์รังสิต,10050217112702A,0,0,คณะสาธารณสุขศาสตร์,วท.บ.สาขาวิชาอนามัยสิ่งแวดล้อม,,,0,60,535,60,43.4225,34.2575
มหาวิทยาลัยธรรมศาสตร์,ศูนย์รังสิต,10050218130101A,0,0,คณะเภสัชศาสตร์,เภสัชศาสตรบัณฑิต,,,0,80,2179,80,62.1899,56.2860
มหาวิทยาลัยธรรมศาสตร์,ศูนย์รังสิต,10050219903601A,0,0,คณะวิทยาการเรียนรู้และศึกษาศาสตร์,ศศ.บ.สาขาวิชาวิทยาการเรียนรู้,,,0,14,160,14,65.0453,61.2110
มหาวิทยาลัยธรรมศาสตร์,ศูนย์รังสิต,10050219903601B,0,T3049,คณะวิทยาการเรียนรู้และศึกษาศาสตร์,ศศ.บ.สาขาวิชาศักยภาพมนุษย์และสุขภาวะ,เกณฑ์คัดเลือก รูปแบบ A-Level 5 วิชา,,0,25,40,22,44.5000,32.0400
มหาวิทยาลัยธรรมศาสตร์,ศูนย์รังสิต,10050219903601B,0,T3050,คณะวิทยาการเรียนรู้และศึกษาศาสตร์,ศศ.บ.สาขาวิชาศักยภาพมนุษย์และสุขภาวะ,เกณฑ์คัดเลือก รูปแบบ A-Level 4 วิชา,,0,25,303,25,59.9375,51.5000
มหาวิทยาลัยธรรมศาสตร์,ศูนย์รังสิต,10050219903601B,0,T3051,คณะวิทยาการเรียนรู้และศึกษาศาสตร์,ศศ.บ.สาขาวิชาศักยภาพมนุษย์และสุขภาวะ,เกณฑ์คัดเลือก รูปแบบ TGAT,,0,25,808,25,75.7330,64.0240
มหาวิทยาลัยธรรมศาสตร์,ศูนย์รังสิต,10050222300001E,0,0,สถาบันเทคโนโลยีนานาชาติสิรินธร,วศ.บ.สาขาวิชาวิศวกรรมไฟฟ้า วิศวกรรมโยธา วิศวกรรมเครื่องกล วิศวกรรมเคีมวิศวกรรมอุต สาหการ และโลจิสติกส์อัจฉริยะ (หลักสูตร นานาชาติ) (SIIT),,,0,120,792,120,59.5998,27.1000
มหาวิทยาลัยธรรมศาสตร์,ศูนย์รังสิต,10050222300501E,0,0,สถาบันเทคโนโลยีนานาชาติสิรินธร,วศ.บ.สาขาวิชาวิศวกรรมดิจิทัล และวิศวกรรม คอมพิวเตอ์ร(หลักสูตรนานาชาต)ิ (SIIT),,,0,15,139,15,55.6000,41.4999
มหาวิทยาลัยธรรมศาสตร์,ศูนย์รังสิต,10050222300601E,0,0,สถาบันเทคโนโลยีนานาชาติสิรินธร,วศ.บ.สาขาวิชาวิศวกรรมเคีม(หลักสูตร นานาชาติ) (SIIT),,,0,15,139,15,42.9499,32.4500
มหาวิทยาลัยธรรมศาสตร์,ศูนย์รังสิต,10050222300701E,0,0,สถาบันเทคโนโลยีนานาชาติสิรินธร,วศ.บ.สาขาวิชาวิศวกรรมเครื่องกล (หลักสูตร นานาชาติ) (SIIT),,,0,10,127,10,51.4498,36.1498
มหาวิทยาลัยธรรมศาสตร์,ศูนย์รังสิต,10050222301601E,0,0,สถาบันเทคโนโลยีนานาชาติสิรินธร,วศ.บ.สาขาวิชาวิศวกรรมไฟฟ้า (หลักสูตร นานาชาติ) (SIIT),,,0,10,124,10,40.5499,35.4499
มหาวิทยาลัยธรรมศาสตร์,ศูนย์รังสิต,10050222302101E,0,0,สถาบันเทคโนโลยีนานาชาติสิรินธร,วศ.บ.สาขาวิชาวิศวกรรมโยธา (หลักสูตร นานาชาติ) (SIIT),,,0,15,114,15,45.2500,31.5998
มหาวิทยาลัยธรรมศาสตร์,ศูนย์รังสิต,10050222303501E,0,0,สถาบันเทคโนโลยีนานาชาติสิรินธร,วศ.บ.สาขาวิชาวิศวกรรมอุตสาหการและ ระบบโลจิสติกส์ส์อัจฉริยะ (หลักสูตรนานาชาต)ิ (SIIT),,,0,10,133,10,45.6499,35.8999
มหาวิทยาลัยธรรมศาสตร์,ศูนย์รังสิต,10050222610801E,0,0,สถาบันเทคโนโลยีนานาชาติสิรินธร,วท.บ.สาขาวิชาการวิเคราะห์ธุรกิจและโซ่ อุปทาน (หลักสูตรนานาชาต)ิ (SIIT),,,0,45,241,46,45.5000,33.3999
มหาวิทยาลัยธรรมศาสตร์,ศูนย์รังสิต,10050224213501B,0,T3052,วิทยาลัยสหวิทยาการ,วท.บ.สาขาวิชาการจัดการเพื่อความยงั่ยืน (โครงการพิเศษ) (ศึกษาที่ มธ.ศูนย์รังสิต),เกณฑ์คัดเลือก รูปแบบ A-Level,,0,25,335,25,67.7050,53.2650
มหาวิทยาลัยธรรมศาสตร์,ศูนย์รังสิต,10050224213501B,0,T3053,วิทยาลัยสหวิทยาการ,วท.บ.สาขาวิชาการจัดการเพื่อความยงั่ยืน (โครงการพิเศษ) (ศึกษาที่ มธ.ศูนย์รังสิต),เกณฑ์คัดเลือก รูปแบบ TGAT,,0,25,813,25,76.4430,65.5300
มหาวิทยาลัยธรรมศาสตร์,ศูนย์รังสิต,10050224220301B,0,0,วิทยาลัยสหวิทยาการ,วท.บ.สาขาวิชาวิทยาศาสตร์และนวัตกรรม ข้อมูล (โครงการพิเศษ) (ศึกษาที่ มธ.ศูนย์รังสิต) (DSI),,,0,35,153,35,58.1150,42.3674
มหาวิทยาลัยธรรมศาสตร์,ศูนย์รังสิต,10050224903601B,0,T3052,วิทยาลัยสหวิทยาการ,ศศ.บ.สาขาวิชาสหวิทยาการ (โครงการพิเศษ) (ศึกษาที่ มธ.ศูนย์รังสิต),เกณฑ์คัดเลือก รูปแบบ A-Level,,0,40,669,40,69.2000,58.8250
มหาวิทยาลัยธรรมศาสตร์,ศูนย์รังสิต,10050224903601B,0,T3053,วิทยาลัยสหวิทยาการ,ศศ.บ.สาขาวิชาสหวิทยาการ (โครงการพิเศษ) (ศึกษาที่ มธ.ศูนย์รังสิต),เกณฑ์คัดเลือก รูปแบบ TGAT,,0,20,960,20,76.4270,69.5790
มหาวิทยาลัยธรรมศาสตร์,ศูนย์รังสิต,10050229110501E,0,0,วิทยาลัยแพทยศาสตร์นานาชาติจุฬา ภรณ์,การแพทย์แผนจีนบัณฑิต(หลักสูตรนานาชาต)ิ (TCM),,,0,14,62,14,49.5700,42.3800
มหาวิทยาลัยธรรมศาสตร์,ศูนย์รังสิต,10050229111501E,0,0,วิทยาลัยแพทยศาสตร์นานาชาติจุฬา ภรณ์,วท.บ.สาขาวิชาเทคโนโลยีหัวใจและทรวงอก (หลักสูตรนานาชาต)ิ (CVS),,,0,15,88,15,52.4100,44.3400
มหาวิทยาลัยธรรมศาสตร์,ศูนย์รังสิต,10050229113001E,0,0,วิทยาลัยแพทยศาสตร์นานาชาติจุฬา ภรณ์,ทัศนมาตรศาสตรบัณฑิต(หลักสูตรนานาชาต)ิ (O.D.),,,0,10,133,10,49.2800,40.2300
มหาวิทยาลัยธรรมศาสตร์,ศูนย์รังสิต,10050230903601B,0,T3025,วิทยาลัยพัฒนศาสตร์ป๋วยอึ๊งภากรณ์,ศศ.บ.สาขาวิชานวัตกรรมการพัฒนามนุษย์และ สังคม (โครงการพิเศษ),เกณฑ์คัดเลือก รูปแบบ TGAT+A-Level วิชาคณิตศาสต์รประยุก์ต1,,0,55,396,55,51.0952,46.1558
มหาวิทยาลัยธรรมศาสตร์,ศูนย์รังสิต,10050230903601B,0,T3026,วิทยาลัยพัฒนศาสตร์ป๋วยอึ๊งภากรณ์,ศศ.บ.สาขาวิชานวัตกรรมการพัฒนามนุษย์และ สังคม (โครงการพิเศษ),เกณฑ์คัดเลือก รูปแบบ TGAT+A-Level วิชาคณิตศาสต์รประยุก์ต2,,0,60,434,60,57.9006,49.2132
มหาวิทยาลัยธรรมศาสตร์,ศูนย์พัทยา,10050310302001B,0,0,คณะวิศวกรรมศาสตร์,วศ.บ.สาขาวิชาวิศวกรรมยานยนต์และระบบ อัตโนมัติ (ศึกษาที่ มธ.ศูนย์พัทยา) (โครงการ พิเศษ) (AUTOMOTIVE),,,0,40,127,40,35.5333,26.1333
มหาวิทยาลัยธรรมศาสตร์,ศูนย์ลำปาง,10050401901001A,0,T3005,คณะนิติศาสตร์,นิติศาสตรบัณฑิต(ศึกษาที่ มธ.ศูนย์ลำปาง),เกณฑ์คัดเลือก รูปแบบ TGAT+A-level คณิต 1,,0,24,197,24,62.9075,51.7375
มหาวิทยาลัยธรรมศาสตร์,ศูนย์ลำปาง,10050401901001A,0,T3006,คณะนิติศาสตร์,นิติศาสตรบัณฑิต(ศึกษาที่ มธ.ศูนย์ลำปาง),เกณฑ์คัดเลือก รูปแบบ TGAT+A-level จีน,,0,24,103,24,63.3635,46.8805
มหาวิทยาลัยธรรมศาสตร์,ศูนย์ลำปาง,10050401901001A,0,T3007,คณะนิติศาสตร์,นิติศาสตรบัณฑิต(ศึกษาที่ มธ.ศูนย์ลำปาง),เกณฑ์คัดเลือก รูปแบบ TGAT+A-level ญี่ปุ่น,,0,17,65,17,63.2665,50.9685
มหาวิทยาลัยธรรมศาสตร์,ศูนย์ลำปาง,10050401901001A,0,T3008,คณะนิติศาสตร์,นิติศาสตรบัณฑิต(ศึกษาที่ มธ.ศูนย์ลำปาง),เกณฑ์คัดเลือก รูปแบบ TGAT+A-level ฝรั่งเศส,,0,24,155,24,58.7025,50.9170
มหาวิทยาลัยธรรมศาสตร์,ศูนย์ลำปาง,10050401901001A,0,T3009,คณะนิติศาสตร์,นิติศาสตรบัณฑิต(ศึกษาที่ มธ.ศูนย์ลำปาง),เกณฑ์คัดเลือก รูปแบบ TGAT+A-level เยอรมัน,,0,12,49,12,62.1415,47.3370
มหาวิทยาลัยธรรมศาสตร์,ศูนย์ลำปาง,10050401901001A,0,T3034,คณะนิติศาสตร์,นิติศาสตรบัณฑิต(ศึกษาที่ มธ.ศูนย์ลำปาง),เกณฑ์คัดเลือก รูปแบบ TGAT+A-level คณิต 2,,0,110,769,110,70.6640,59.5065
มหาวิทยาลัยธรรมศาสตร์,ศูนย์ลำปาง,10050401901001A,0,T3035,คณะนิติศาสตร์,นิติศาสตรบัณฑิต(ศึกษาที่ มธ.ศูนย์ลำปาง),เกณฑ์คัดเลือก รูปแบบ TGAT+A-level เกาหลี,,0,6,52,6,63.5075,50.5415
มหาวิทยาลัยธรรมศาสตร์,ศูนย์ลำปาง,10050405903701A,0,T3004,คณะสังคมสงเคราะห์ศาสตร์,สังคมสงเคราะห์ศาสตรบัณฑิต(ศึกษาที่ มธ. ศูนย์ลำปาง),เกณฑ์คัดเลือก รูปแบบ TGAT+A-Level,,0,90,379,91,53.8496,44.4784
มหาวิทยาลัยธรรมศาสตร์,ศูนย์ลำปาง,10050405903701A,0,T3012,คณะสังคมสงเคราะห์ศาสตร์,สังคมสงเคราะห์ศาสตรบัณฑิต(ศึกษาที่ มธ. ศูนย์ลำปาง),เกณฑ์คัดเลือก รูปแบบ TGAT+วิชา เฉพาะ มธ.,,0,100,314,100,68.5564,59.0204
มหาวิทยาลัยธรรมศาสตร์,ศูนย์ลำปาง,10050409220201A,0,T3025,คณะวิทยาศาสตร์และเทคโนโลยี,วท.บ. สาขาวิชาเทคโนโลยีและนวัตกรรมดิจิทัล (ศึกษาที่ มธ.ศูนย์ลำปาง),เกณฑ์คัดเลือก รูปแบบ TGAT+A-Level วิชาคณิตศาสต์รประยุก์ต1,,3024,24,36,0,0.0000,0.0000
มหาวิทยาลัยธรรมศาสตร์,ศูนย์ลำปาง,10050409220201A,0,T3026,คณะวิทยาศาสตร์และเทคโนโลยี,วท.บ. สาขาวิชาเทคโนโลยีและนวัตกรรมดิจิทัล (ศึกษาที่ มธ.ศูนย์ลำปาง),เกณฑ์คัดเลือก รูปแบบ TGAT+A-Level วิชาคณิตศาสต์รประยุก์ต2,,3024,24,151,13,59.4395,46.6355
มหาวิทยาลัยธรรมศาสตร์,ศูนย์ลำปาง,10050409220201A,0,T3027,คณะวิทยาศาสตร์และเทคโนโลยี,วท.บ. สาขาวิชาเทคโนโลยีและนวัตกรรมดิจิทัล (ศึกษาที่ มธ.ศูนย์ลำปาง),เกณฑ์คัดเลือก รูปแบบคะแนน GED,,3024,24,23,7,77.3750,73.7500
มหาวิทยาลัยธรรมศาสตร์,ศูนย์ลำปาง,10050409220201A,0,T3028,คณะวิทยาศาสตร์และเทคโนโลยี,วท.บ. สาขาวิชาเทคโนโลยีและนวัตกรรมดิจิทัล (ศึกษาที่ มธ.ศูนย์ลำปาง),เกณฑ์คัดเลือก รูปแบบคะแนน V-NET,,3024,24,12,4,68.9800,52.5000
มหาวิทยาลัยธรรมศาสตร์,ศูนย์ลำปาง,10050411110801A,0,0,คณะแพทยศาสตร์,การแพทย์แผนไทยประยุกต์บัณฑิต(ศึกษาที่ มธ.ศูนย์ลำปาง),,,0,30,206,30,54.6720,45.7223
มหาวิทยาลัยธรรมศาสตร์,ศูนย์ลำปาง,10050415800101A,0,T3001,คณะศิลปกรรมศาสตร์,ศป.บ. สาขาวิชาออกแบบหัตถอุตสาหกรรม สร้างสรรค์,รูปแบบที่ 1 A-Level,,3025,45,78,27,59.0000,38.0500
มหาวิทยาลัยธรรมศาสตร์,ศูนย์ลำปาง,10050415800101A,0,T3020,คณะศิลปกรรมศาสตร์,ศป.บ. สาขาวิชาออกแบบหัตถอุตสาหกรรม สร้างสรรค์,รูปแบบที่ 2 TPAT2+A-Level,,3025,45,31,7,50.9586,39.8202
มหาวิทยาลัยธรรมศาสตร์,ศูนย์ลำปาง,10050415800101A,0,T3024,คณะศิลปกรรมศาสตร์,ศป.บ. สาขาวิชาออกแบบหัตถอุตสาหกรรม สร้างสรรค์,รูปแบบที่ 3 TPAT21,,3025,45,40,11,66.0000,46.0000
มหาวิทยาลัยธรรมศาสตร์,ศูนย์ลำปาง,10050417112701A,0,0,คณะสาธารณสุขศาสตร์,วท.บ.สาขาวิชาอาชีวอนามัยและความปลอดภัย (ศึกษาที่ มธ.ศูนย์ลำปาง),,,0,20,297,20,38.6400,31.9650
มหาวิทยาลัยธรรมศาสตร์,ศูนย์ลำปาง,10050417112702A,0,0,คณะสาธารณสุขศาสตร์,วท.บ.สาขาวิชาอนามัยสิ่งแวดล้อม (ศึกษาที่ มธ.ศูนย์ลำปาง),,,0,40,248,40,33.2725,26.4900
มหาวิทยาลัยธรรมศาสตร์,ศูนย์ลำปาง,10050417112703A,0,0,คณะสาธารณสุขศาสตร์,วท.บ.สาขาวิชาอนามัยชุมชน (ศึกษาที่ มธ.ศูน์ยลำปาง),,,0,10,293,10,32.4250,29.9625
มหาวิทยาลัยธรรมศาสตร์,ศูนย์ลำปาง,10050424903601A,0,0,วิทยาลัยสหวิทยาการ,ศศ.บ.สาขาวิชาสหวิทยาการ (ศึกษาที่ มธ.ศูน์ยลำปาง),,,0,94,475,94,54.8750,44.5250
มหาวิทยาลัยธรรมศาสตร์,ศูนย์ลำปาง,10050424903601B,0,0,วิทยาลัยสหวิทยาการ,ศศ.บ.สาขาวิชาปรัชญาการเมืองและ เศรษฐศาสต์ร(โครงการพิเศษ) (ศึกษาที่ มธ. ศูนย์ลำปาง),,,0,35,250,35,52.3625,39.8375
มหาวิทยาลัยมหิดล,ศาลายา,10060101110201A,0,0,คณะแพทยศาสตร์ศิริราชพยาบาล,หลักสูตรวิทยาศาสตรบัณฑิตสาขาวิชากาย อุปกรณ์,,,0,12,331,12,57.8884,52.0663
มหาวิทยาลัยมหิดล,ศาลายา,10060101110801A,0,0,คณะแพทยศาสตร์ศิริราชพยาบาล,หลักสูตรการแพทย์แผนไทยประยุกต์บัณฑิต,,,0,26,913,26,63.0553,57.9446
มหาวิทยาลัยมหิดล,ศาลายา,10060101111401A,0,0,คณะแพทยศาสตร์ศิริราชพยาบาล,หลักสูตรเทคโนโลยีบัณฑิตสาขาวิชาเทคโนโลียการศึกษาแพทยศาสตร์,,,0,8,28,8,67.5650,57.4700
มหาวิทยาลัยมหิดล,ศาลายา,10060102111001A,A,0,คณะแพทยศาสตร์โรงพยาบาล รามาธิบดี,หลักสูตรวิทยาศาสตรบัณฑิตสาขาวิชาความ ผิดปกติของการสื่อความหมาย,,แก้ไขการได้ ยิน,0,12,341,12,63.7083,53.1120
มหาวิทยาลัยมหิดล,ศาลายา,10060102111001A,B,0,คณะแพทยศาสตร์โรงพยาบาล รามาธิบดี,หลักสูตรวิทยาศาสตรบัณฑิตสาขาวิชาความ ผิดปกติของการสื่อความหมาย,,แก้ไขการพูด,0,8,257,8,59.9728,54.1530
มหาวิทยาลัยมหิดล,ศาลายา,10060102111601A,0,C3001,คณะแพทยศาสตร์โรงพยาบาล รามาธิบดี,หลักสูตรฉุกเฉินการแพทยศาสตรบัณฑิตสาขาวิชาฉุกเฉินการแพทย์,,,0,7,630,7,64.0000,57.2770
มหาวิทยาลัยมหิดล,ศาลายา,10060102111701A,0,0,คณะแพทยศาสตร์โรงพยาบาล รามาธิบดี,หลักสูตรพยาบาลศาสตรบัณฑิต,,,0,86,620,86,61.9450,48.9393
มหาวิทยาลัยมหิดล,ศาลายา,10060102700701B,0,C3002,คณะแพทยศาสตร์โรงพยาบาล รามาธิบดี,หลักสูตรศึกษาศาสตรบัณฑิตสาขาวิชาหู หนวกศึกษาและการศึกษาของคนหูหนวก,โครงการผู้ที่มีการได้ ยิน,,0,1,225,1,94.3000,94.3000
มหาวิทยาลัยมหิดล,ศาลายา,10060105112101E,0,0,คณะวิทยาศาสตร์,หลักสูตรวิทยาศาสตรบัณฑิตสาขาวิชา วิทยาศาสตร์ชีวการแพท์ย(หลักสูตรนานาชาต)ิ,,,0,10,28,10,73.3800,56.0600
มหาวิทยาลัยมหิดล,ศาลายา,10060105210001A,0,0,คณะวิทยาศาสตร์,หลักสูตรวิทยาศาสตรบัณฑิต,,,0,60,441,60,42.3418,37.3776
มหาวิทยาลัยมหิดล,ศาลายา,10060105210301A,0,0,คณะวิทยาศาสตร์,หลักสูตรวิทยาศาสตรบัณฑิตสาขาวิชา คณิตศาสตร์,,,0,15,182,15,42.1782,37.9350
มหาวิทยาลัยมหิดล,ศาลายา,10060105210301E,0,C3005,คณะวิทยาศาสตร์,หลักสูตรวิทยาศาสตรบัณฑิตสาขาวิชา คณิตศาสตร์ประกันภัย (หลักสูตรนานาชาต)ิ,โครงการ-Math-1,,0,40,64,38,67.6500,41.5500
มหาวิทยาลัยมหิดล,ศาลายา,10060105210301E,0,C3006,คณะวิทยาศาสตร์,หลักสูตรวิทยาศาสตรบัณฑิตสาขาวิชา คณิตศาสตร์ประกันภัย (หลักสูตรนานาชาต)ิ,โครงการ-Math-2,,0,10,88,10,94.4000,77.0250
มหาวิทยาลัยมหิดล,ศาลายา,10060105210302E,0,C3003,คณะวิทยาศาสตร์,หลักสูตรวิทยาศาสตรบัณฑิตสาขาวิชา คณิตศาสตร์อุตสาหการและวิทยาการข้อมูล (หลักสูตรนานาชาต)ิ,โครงการ-Math-1,,0,40,24,11,83.1000,42.6250
มหาวิทยาลัยมหิดล,ศาลายา,10060105210302E,0,C3004,คณะวิทยาศาสตร์,หลักสูตรวิทยาศาสตรบัณฑิตสาขาวิชา คณิตศาสตร์อุตสาหการและวิทยาการข้อมูล (หลักสูตรนานาชาต)ิ,โครงการ-Math-2,,0,10,38,10,77.7000,62.4250
มหาวิทยาลัยมหิดล,ศาลายา,10060105210401A,0,0,คณะวิทยาศาสตร์,หลักสูตรวิทยาศาสตรบัณฑิตสาขาวิชาเคมี,,,0,10,211,10,48.8970,42.7280
มหาวิทยาลัยมหิดล,ศาลายา,10060105210401E,0,0,คณะวิทยาศาสตร์,หลักสูตรวิทยาศาสตรบัณฑิตสาขาวิชา นวัตกรรมเคมีและเทคโนโลีย(หลักสูตร นานาชาติ),,,0,40,232,40,63.6100,46.9900
มหาวิทยาลัยมหิดล,ศาลายา,10060105210701A,0,0,คณะวิทยาศาสตร์,หลักสูตรวิทยาศาสตรบัณฑิตสาขาวิชาชีววิทยา,,,0,10,230,10,46.6092,42.1422
มหาวิทยาลัยมหิดล,ศาลายา,10060105210701E,0,0,คณะวิทยาศาสตร์,หลักสูตรวิทยาศาสตรบัณฑิตสาขาวิชา ทรัพยากรชีวภาพและชีววิทยาสภาวะแวดล้อม (หลักสูตรนานาชาต)ิ,,,0,30,6,2,55.5750,54.2150
มหาวิทยาลัยมหิดล,ศาลายา,10060105211201A,0,0,คณะวิทยาศาสตร์,หลักสูตรวิทยาศาสตรบัณฑิตสาขาวิชา เทคโนโลยีชีวภาพ,,,0,10,176,10,47.5906,40.9576
มหาวิทยาลัยมหิดล,ศาลายา,10060105212401E,0,0,คณะวิทยาศาสตร์,หลักสูตรวิทยาศาสตรบัณฑิตสาขาวิชาชีวนวัต กรรม (หลักสูตรนานาชาต)ิ,,,0,40,252,40,73.6250,58.2000
มหาวิทยาลัยมหิดล,ศาลายา,10060105212501A,0,0,คณะวิทยาศาสตร์,หลักสูตรวิทยาศาสตรบัณฑิตสาขาวิชา พฤกษศาสตร์,,,0,20,188,20,38.1796,34.9960
มหาวิทยาลัยมหิดล,ศาลายา,10060105212701A,0,0,คณะวิทยาศาสตร์,หลักสูตรวิทยาศาสตรบัณฑิตสาขาวิชาฟิสิกส์,,,0,20,175,20,59.8946,37.1856
มหาวิทยาลัยมหิดล,ศาลายา,10060105212801E,0,0,คณะวิทยาศาสตร์,หลักสูตรวิทยาศาสตรบัณฑิตสาขาวิชาวัสุดศาสตร์และวิศวกรรมนาโน (หลักสูตรนานาชาต)ิ,,,0,40,65,38,59.5950,37.6500
มหาวิทยาลัยมหิดล,ศาลายา,10060106111301A,0,0,คณะเทคนิคการแพทย์,หลักสูตรวิทยาศาสตรบัณฑิตสาขาวิชาเทคนิค การแพทย์,,,0,54,1309,54,72.9970,53.1772
มหาวิทยาลัยมหิดล,ศาลายา,10060106111901A,0,0,คณะเทคนิคการแพทย์,หลักสูตรวิทยาศาสตรบัณฑิตสาขาวิชารังีสเทคนิค,,,0,25,573,25,63.1328,54.0704
มหาวิทยาลัยมหิดล,ศาลายา,10060107111803A,0,0,คณะสาธารณสุขศาสตร์,หลักสูตรวิทยาศาสตรบัณฑิตสาขาวิชาโภช นวิทยาและการกำหนดอาหาร,,,0,60,188,60,51.7600,30.2700
มหาวิทยาลัยมหิดล,ศาลายา,10060107112701A,0,0,คณะสาธารณสุขศาสตร์,หลักสูตรวิทยาศาสตรบัณฑิตสาขาวิชา สาธารณสุขศาสตร์,,,0,40,233,40,49.9800,38.0025
มหาวิทยาลัยมหิดล,ศาลายา,10060107112702A,0,0,คณะสาธารณสุขศาสตร์,หลักสูตรวิทยาศาสตรบัณฑิตสาขาวิชาอาชีวอ นามัยและความปลอดภัย,,,0,40,452,40,55.6625,39.1875
มหาวิทยาลัยมหิดล,ศาลายา,10060107112704A,0,0,คณะสาธารณสุขศาสตร์,หลักสูตรวิทยาศาสตรบัณฑิตสาขาวิชาอนามัย สิ่งแวดล้อม,,,0,50,207,50,46.6750,31.8000
มหาวิทยาลัยมหิดล,ศาลายา,10060108111701A,0,0,คณะพยาบาลศาสตร์,หลักสูตรพยาบาลศาสตรบัณฑิต,,,0,150,759,150,54.5829,41.1262
มหาวิทยาลัยมหิดล,ศาลายา,10060109110101A,0,0,คณะกายภาพบำบัด,หลักสูตรวิทยาศาสตรบัณฑิตสาขาวิชา กายภาพบำบัด,,,0,32,417,32,68.6746,59.7928
มหาวิทยาลัยมหิดล,ศาลายา,10060109110901A,0,0,คณะกายภาพบำบัด,หลักสูตรวิทยาศาสตรบัณฑิตสาขาวิชา กิจกรรมบำบัด,,,0,18,151,18,63.4092,57.1582
มหาวิทยาลัยมหิดล,ศาลายา,10060111210102E,0,C3009,คณะสิ่งแวดล้อมและทรัพยากรศาสตร์,หลักสูตรวิทยาศาสตรบัณฑิตสาขาวิชาการ จัดการทรัพยากรธรรมชาติและสิ่งแวดล้อม (หลักสูตรนานาชาต)ิ,Admission กลุ่มที่ 1 ใช้คะแนน A-Level,,0,15,89,15,40.1250,30.9250
มหาวิทยาลัยมหิดล,ศาลายา,10060111210102E,0,C3010,คณะสิ่งแวดล้อมและทรัพยากรศาสตร์,หลักสูตรวิทยาศาสตรบัณฑิตสาขาวิชาการ จัดการทรัพยากรธรรมชาติและสิ่งแวดล้อม (หลักสูตรนานาชาต)ิ,Admission กลุ่มที่ 2 ใช้คะแนน TGAT และ TPAT3,,0,20,175,20,53.8564,42.3116
มหาวิทยาลัยมหิดล,ศาลายา,10060111210102E,0,C3011,คณะสิ่งแวดล้อมและทรัพยากรศาสตร์,หลักสูตรวิทยาศาสตรบัณฑิตสาขาวิชาการ จัดการทรัพยากรธรรมชาติและสิ่งแวดล้อม (หลักสูตรนานาชาต)ิ,Admission กลุ่มที่ 3 ใช้คะแนน GED,,0,5,40,5,83.2500,77.1250
มหาวิทยาลัยมหิดล,ศาลายา,10060111213101A,0,0,คณะสิ่งแวดล้อมและทรัพยากรศาสตร์,หลักสูตรวิทยาศาสตรบัณฑิตสาขาวิชา วิทยาศาสตร์และเทคโนโลยีสิ่งแวดล้อม,,,0,60,962,60,53.2668,44.1754
มหาวิทยาลัยมหิดล,ศาลายา,10060112300501A,0,0,คณะวิศวกรรมศาสตร์,หลักสูตรวิศวกรรมศาสตรบัณฑิตสาขาวิชา วิศวกรรมคอมพิวเตอร์,,,0,20,374,20,62.9625,48.0500
มหาวิทยาลัยมหิดล,ศาลายา,10060112300601A,0,0,คณะวิศวกรรมศาสตร์,หลักสูตรวิศวกรรมศาสตรบัณฑิตสาขาวิชา วิศวกรรมเคมี,,,0,10,185,10,46.7500,41.6248
มหาวิทยาลัยมหิดล,ศาลายา,10060112300601E,0,C3007,คณะวิศวกรรมศาสตร์,หลักสูตรวิศวกรรมศาสตรบัณฑิตสาขาวิชา วิศวกรรมเคมีและกระบวนการ (หลักสูตร นานาชาติ),โครงการกลุ่ม GPA ฟิสิกส์,,3001,20,2,0,0.0000,0.0000
มหาวิทยาลัยมหิดล,ศาลายา,10060112300601E,0,C3008,คณะวิศวกรรมศาสตร์,หลักสูตรวิศวกรรมศาสตรบัณฑิตสาขาวิชา วิศวกรรมเคมีและกระบวนการ (หลักสูตร นานาชาติ),โครงการกลุ่ม GPA เคมี,,3001,5,2,0,0.0000,0.0000
มหาวิทยาลัยมหิดล,ศาลายา,10060112300701A,0,0,คณะวิศวกรรมศาสตร์,หลักสูตรวิศวกรรมศาสตรบัณฑิตสาขาวิชา วิศวกรรมเครื่องกล,,,0,16,136,16,52.1498,38.0248
มหาวิทยาลัยมหิดล,ศาลายา,10060112300901E,0,0,คณะวิศวกรรมศาสตร์,หลักสูตรวิศวกรรมศาสตรบัณฑิตสาขาวิชา วิศวกรรมชีวการแพท์ย(หลักสูตรนานาชาต)ิ,,,0,5,11,5,60.9498,21.8875
มหาวิทยาลัยมหิดล,ศาลายา,10060112301601A,0,0,คณะวิศวกรรมศาสตร์,หลักสูตรวิศวกรรมศาสตรบัณฑิตสาขาวิชา วิศวกรรมไฟฟ้า,,,0,40,622,40,48.6998,39.9248
มหาวิทยาลัยมหิดล,ศาลายา,10060112302101A,0,0,คณะวิศวกรรมศาสตร์,หลักสูตรวิศวกรรมศาสตรบัณฑิตสาขาวิชา วิศวกรรมโยธา,,,0,25,565,25,41.2499,36.8499
มหาวิทยาลัยมหิดล,ศาลายา,10060112303501A,0,0,คณะวิศวกรรมศาสตร์,หลักสูตรวิศวกรรมศาสตรบัณฑิตสาขาวิชา วิศวกรรมอุตสาหการ,,,0,30,560,30,43.0248,36.6000
มหาวิทยาลัยมหิดล,ศาลายา,10060112303501E,0,0,คณะวิศวกรรมศาสตร์,หลักสูตรวิศวกรรมศาสตรบัณฑิตสาขาวิชา วิศวกรรมอุตสาหการและการผลิต (หลักสูตร นานาชาติ),,,0,10,5,2,51.6660,48.0000
มหาวิทยาลัยมหิดล,ศาลายา,10060113901801E,0,0,คณะศิลปศาสตร์,หลักสูตรศิลปศาสตรบัณฑิตสาขาวิชาภาษาจีน (หลักสูตรนานาชาต)ิ,,,0,5,68,5,96.3250,91.2500
มหาวิทยาลัยมหิดล,ศาลายา,10060113902001A,0,0,คณะศิลปศาสตร์,หลักสูตรศิลปศาสตรบัณฑิตสาขาวิชาภาษาไทย,,,0,47,1732,47,81.0625,76.7250
มหาวิทยาลัยมหิดล,ศาลายา,10060113902501A,0,0,คณะศิลปศาสตร์,หลักสูตรศิลปศาสตรบัณฑิตสาขาวิชา ภาษาอังกฤษ,,,0,45,2015,45,90.4100,81.1900
มหาวิทยาลัยมหิดล,ศาลายา,10060114112401A,0,0,คณะสังคมศาสตร์และมนุษย์ศาสตร์,หลักสูตรวิทยาศาสตรบัณฑิตสาขาวิชาเวช ระเบียน,,,0,35,246,35,54.5558,45.8778
มหาวิทยาลัยมหิดล,ศาลายา,10060114901001A,0,C3019,คณะสังคมศาสตร์และมนุษย์ศาสตร์,หลักสูตรนิติศาสตรบัณฑิต,เลือกสอบวิชาคณิต 1,,3003,45,789,0,0.0000,0.0000
มหาวิทยาลัยมหิดล,ศาลายา,10060114901001A,0,C3020,คณะสังคมศาสตร์และมนุษย์ศาสตร์,หลักสูตรนิติศาสตรบัณฑิต,เลือกสอบวิชาคณิต 2,,3003,45,2155,32,71.4345,66.2775
มหาวิทยาลัยมหิดล,ศาลายา,10060114901001A,0,C3021,คณะสังคมศาสตร์และมนุษย์ศาสตร์,หลักสูตรนิติศาสตรบัณฑิต,เลือกสอบวิชา วิทยาศาสตร์ประยุกต์,,3003,45,771,2,70.5512,67.6614
มหาวิทยาลัยมหิดล,ศาลายา,10060114901001A,0,C3022,คณะสังคมศาสตร์และมนุษย์ศาสตร์,หลักสูตรนิติศาสตรบัณฑิต,เลือกสอบวิชาฟิสิกส์,,3003,45,365,0,0.0000,0.0000
มหาวิทยาลัยมหิดล,ศาลายา,10060114901001A,0,C3023,คณะสังคมศาสตร์และมนุษย์ศาสตร์,หลักสูตรนิติศาสตรบัณฑิต,เลือกสอบวิชาเคมี,,3003,45,307,0,0.0000,0.0000
มหาวิทยาลัยมหิดล,ศาลายา,10060114901001A,0,C3024,คณะสังคมศาสตร์และมนุษย์ศาสตร์,หลักสูตรนิติศาสตรบัณฑิต,เลือกสอบวิชาชีววิทยา,,3003,45,653,7,70.0851,66.2516
มหาวิทยาลัยมหิดล,ศาลายา,10060114901001A,0,C3025,คณะสังคมศาสตร์และมนุษย์ศาสตร์,หลักสูตรนิติศาสตรบัณฑิต,เลือกสอบวิชาภาษา ฝรั่งเศส,,3003,45,188,0,0.0000,0.0000
มหาวิทยาลัยมหิดล,ศาลายา,10060114901001A,0,C3026,คณะสังคมศาสตร์และมนุษย์ศาสตร์,หลักสูตรนิติศาสตรบัณฑิต,เลือกสอบวิชา ภาษาเยอรมัน,,3003,45,85,1,66.5810,66.5810
มหาวิทยาลัยมหิดล,ศาลายา,10060114901001A,0,C3027,คณะสังคมศาสตร์และมนุษย์ศาสตร์,หลักสูตรนิติศาสตรบัณฑิต,เลือกสอบวิชา ภาษาญี่ปุ่น,,3003,45,261,3,68.1993,66.7866
มหาวิทยาลัยมหิดล,ศาลายา,10060114901001A,0,C3028,คณะสังคมศาสตร์และมนุษย์ศาสตร์,หลักสูตรนิติศาสตรบัณฑิต,เลือกสอบวิชาภาษา เกาหลี,,3003,45,124,0,0.0000,0.0000
มหาวิทยาลัยมหิดล,ศาลายา,10060114901001A,0,C3029,คณะสังคมศาสตร์และมนุษย์ศาสตร์,หลักสูตรนิติศาสตรบัณฑิต,เลือกสอบวิชา ภาษาจีน,,3003,45,338,0,0.0000,0.0000
มหาวิทยาลัยมหิดล,ศาลายา,10060114901001A,0,C3030,คณะสังคมศาสตร์และมนุษย์ศาสตร์,หลักสูตรนิติศาสตรบัณฑิต,เลือกสอบวิชาภาษา บาลี,,3003,45,29,0,0.0000,0.0000
มหาวิทยาลัยมหิดล,ศาลายา,10060114901001A,0,C3031,คณะสังคมศาสตร์และมนุษย์ศาสตร์,หลักสูตรนิติศาสตรบัณฑิต,เลือกสอบวิชาภาษา สเปน,,3003,45,57,0,0.0000,0.0000
มหาวิทยาลัยมหิดล,ศาลายา,10060115220101E,0,C3016,คณะเทคโนโลยีสารสนเทศและการ สื่อสาร,หลักสูตรวิทยาศาสตรบัณฑิตสาขาวิชา เทคโนโลยีสารสนเทศและการสื่อสาร (หลักสูตรนานาชาต)ิ,กลุ่ม TGAT-TPAT3,,0,25,113,25,67.8965,54.8140
มหาวิทยาลัยมหิดล,ศาลายา,10060115220101E,0,C3017,คณะเทคโนโลยีสารสนเทศและการ สื่อสาร,หลักสูตรวิทยาศาสตรบัณฑิตสาขาวิชา เทคโนโลยีสารสนเทศและการสื่อสาร (หลักสูตรนานาชาต)ิ,กลุ่ม A_level,,0,25,80,25,64.2500,38.2500
มหาวิทยาลัยมหิดล,ศาลายา,10060115220301A,0,C3015,คณะเทคโนโลยีสารสนเทศและการ สื่อสาร,หลักสูตรวิทยาศาสตรบัณฑิตสาขาวิชา วิทยาการและเทคโนโลยีดิจิทัล,กลุ่ม A_level,,0,15,148,15,56.5000,45.5000
มหาวิทยาลัยมหิดล,ศาลายา,10060115220301A,0,C3018,คณะเทคโนโลยีสารสนเทศและการ สื่อสาร,หลักสูตรวิทยาศาสตรบัณฑิตสาขาวิชา วิทยาการและเทคโนโลยีดิจิทัล,กลุ่ม TGAT-TPAT3,,0,15,459,15,66.2890,59.7910
มหาวิทยาลัยมหิดล,ศาลายา,10060116901501A,0,0,วิทยาลัยศาสนศึกษา,หลักสูตรศิลปศาสตรบัณฑิตสาขาวิชาศาสน ศึกษา,,,0,100,393,100,73.7770,56.6033
มหาวิทยาลัยมหิดล,ศาลายา,10060117112001A,0,0,วิทยาลัยวิทยาศาสตร์และเทคโนโลียการกีฬา,หลักสูตรวิทยาศาสตรบัณฑิตสาขาวิชา วิทยาศาสตร์การกีฬา,,,0,35,530,35,74.1340,57.6498
มหาวิทยาลัยมหิดล,ศาลายา,10060117112002A,A,0,วิทยาลัยวิทยาศาสตร์และเทคโนโลียการกีฬา,หลักสูตรศิลปศาสตรบัณฑิตสาขาวิชาการออก กำลังกายและการกีฬา,,การออก กำลังกาย และการกีฬา,0,30,529,30,64.5396,55.7774
มหาวิทยาลัยมหิดล,ศาลายา,10060117112002A,B,0,วิทยาลัยวิทยาศาสตร์และเทคโนโลียการกีฬา,หลักสูตรศิลปศาสตรบัณฑิตสาขาวิชาการออก กำลังกายและการกีฬา,,ฟุตบอล,0,5,177,5,62.0124,53.3158
มหาวิทยาลัยมหิดล,กาญจนบุรี,10060219210701A,0,0,วิทยาเขตกาญจนบุรี,หลักสูตรวิทยาศาสตรบัณฑิตสาขาวิชาชีววิทยา เชิงอนุรักษ์,,,0,30,296,30,99.7500,95.0000
มหาวิทยาลัยมหิดล,กาญจนบุรี,10060219211001A,0,0,วิทยาเขตกาญจนบุรี,หลักสูตรวิทยาศาสตรบัณฑิตสาขาวิชา เทคโนโลยีการอาหาร,,,0,40,217,40,35.7800,25.1800
มหาวิทยาลัยมหิดล,กาญจนบุรี,10060219212301A,0,0,วิทยาเขตกาญจนบุรี,หลักสูตรวิทยาศาสตรบัณฑิตสาขาวิชาธรีณศาสตร์,,,0,20,261,20,99.7500,96.7500
มหาวิทยาลัยมหิดล,กาญจนบุรี,10060219302801A,0,0,วิทยาเขตกาญจนบุรี,หลักสูตรวิศวกรรมศาสตรบัณฑิตสาขาวิชา วิศวกรรมสิ่งแวดล้อมและการจัดการภัยพิบัติ,,,0,30,47,30,63.1834,51.3165
มหาวิทยาลัยมหิดล,กาญจนบุรี,10060219500201A,0,0,วิทยาเขตกาญจนบุรี,หลักสูตรวิทยาศาสตรบัณฑิตสาขาวิชา วิทยาศาสตร์การเกษตร,,,0,60,172,60,93.6250,74.7333
มหาวิทยาลัยมหิดล,กาญจนบุรี,10060219610501A,0,0,วิทยาเขตกาญจนบุรี,หลักสูตรบัญชีบัณฑิต,,,0,45,346,45,57.3968,49.7162
มหาวิทยาลัยมหิดล,กาญจนบุรี,10060219610801A,0,C3013,วิทยาเขตกาญจนบุรี,หลักสูตรบริหารธุรกิจบัณฑิต,กลุ่มวิทย์คณิต,,3002,50,233,30,95.9500,85.5000
มหาวิทยาลัยมหิดล,กาญจนบุรี,10060219610801A,0,C3014,วิทยาเขตกาญจนบุรี,หลักสูตรบริหารธุรกิจบัณฑิต,กลุ่มศิลป์คำนวณ,,3002,50,172,21,90.5000,85.4500
มหาวิทยาลัยมหิดล,นครสวรรค์,10060320112701A,0,0,วิทยาเขตนครสวรรค์,หลักสูตรสาธารณสุขศาสตรบัณฑิตสาขาวิชา สาธารณสุขชุมชน,,,0,40,255,40,42.4150,30.9450
มหาวิทยาลัยมหิดล,นครสวรรค์,10060320500201A,0,0,วิทยาเขตนครสวรรค์,หลักสูตรวิทยาศาสตรบัณฑิตสาขาวิชาเกษตร ยงั่ยืนเพื่อสุขภาพและการประกอบการ,,,0,45,141,45,96.5000,73.7500
มหาวิทยาลัยมหิดล,นครสวรรค์,10060320900301A,0,0,วิทยาเขตนครสวรรค์,หลักสูตรศิลปศาสตรบัณฑิตสาขาวิชาการ ประกอบการเชิงนิเวศวัฒนธรรม,,,0,60,418,61,98.7500,87.0000
มหาวิทยาลัยมหิดล,อำนาจเจริญ,10060421112101A,0,0,วิทยาเขตอำนาจเจริญ,หลักสูตรวิทยาศาสตรบัณฑิตสาขาวิชาวิทยา ศาตร์การแพทย์,,,0,30,232,30,53.4568,42.1663
มหาวิทยาลัยมหิดล,อำนาจเจริญ,10060421112701A,0,0,วิทยาเขตอำนาจเจริญ,หลักสูตรสาธารณสุขศาสตรบัณฑิต,,,0,20,375,20,46.7075,40.5025
มหาวิทยาลัยมหิดล,อำนาจเจริญ,10060421500201A,0,0,วิทยาเขตอำนาจเจริญ,หลักสูตรวิทยาศาสตรบัณฑิตสาขาวิชา เกษตรศาสตร์,,,0,40,203,40,94.2500,72.7500
มหาวิทยาลัยมหิดล,อำนาจเจริญ,10060421903503A,0,0,วิทยาเขตอำนาจเจริญ,หลักสูตรศิลปศาสตรบัณฑิตสาขาวิชา นวัตกรรมการจัดการสังคมและสิ่งแวดล้อม,,,0,30,215,30,69.9000,60.6000
มหาวิทยาลัยศิลปากร,วังท่าพระ,10080101800301A,A,A0052,คณะจิตรกรรมประติมากรรมและภาพ พิมพ์,หลักสูตรศิลปบัณฑิตสาขาวิชาทัศนศิลป์,โครงการรับตรงทุก กลุ่มวิชาเอก,ทัศนศิลป์,0,45,47,44,77.0500,45.3250
มหาวิทยาลัยศิลปากร,วังท่าพระ,10080101800301A,B,A0053,คณะจิตรกรรมประติมากรรมและภาพ พิมพ์,หลักสูตรศิลปบัณฑิตสาขาวิชาทัศนศิลป์,โครงการรับตรงเอก ทฤษฎีศิลป์,ทฤษฎีศิลป์,0,11,33,11,55.4875,33.7500
มหาวิทยาลัยศิลปากร,วังท่าพระ,10080101800501B,0,A0089,คณะจิตรกรรมประติมากรรมและภาพ พิมพ์,หลักสูตรศิลปศาสตรบัณฑิตสาขาวิชาศิลปะ กับการบริหารจัดการเพื่อสังคม,โครงการรับตรง สาขาศิลปะกับการ บริหารจัดการเพื่อ สังคม,,0,40,11,2,53.9375,51.2500
มหาวิทยาลัยศิลปากร,วังท่าพระ,10080102400301A,0,0,คณะสถาปัตยกรรมศาสตร์,หลักสูตรภูมิสถาปัตยกรรมศาสตรบัณฑิต,,,0,15,70,15,47.5000,39.5500
มหาวิทยาลัยศิลปากร,วังท่าพระ,10080102400501A,0,0,คณะสถาปัตยกรรมศาสตร์,หลักสูตรสถาปัตยกรรมศาสตรบัณฑิต,,,0,27,149,28,56.8500,47.0500
มหาวิทยาลัยศิลปากร,วังท่าพระ,10080102400601A,0,0,คณะสถาปัตยกรรมศาสตร์,หลักสูตรสถาปัตยกรรมศาสตรบัณฑิตสาขาวิชาสถาปัตยกรรมไทย,,,0,27,168,27,62.2623,48.4086
มหาวิทยาลัยศิลปากร,วังท่าพระ,10080103901301A,0,A0062,คณะโบราณคดี,หลักสูตรศิลปศาสตรบัณฑิตสาขาวิชาโบราณคดี,รูปแบบที่ 1,,3001,22,76,4,77.1385,62.7015
มหาวิทยาลัยศิลปากร,วังท่าพระ,10080103901301A,0,A0063,คณะโบราณคดี,หลักสูตรศิลปศาสตรบัณฑิตสาขาวิชาโบราณคดี,รูปแบบที่ 2,,3001,22,241,18,74.5815,62.4885
มหาวิทยาลัยศิลปากร,วังท่าพระ,10080103901401A,0,0,คณะโบราณคดี,หลักสูตรศิลปศาสตรบัณฑิตสาขาวิชา ประวัติศาสตร์ท้องถิ่น,,,0,30,637,30,63.7100,54.3800
มหาวิทยาลัยศิลปากร,วังท่าพระ,10080103902001A,0,0,คณะโบราณคดี,หลักสูตรศิลปศาสตรบัณฑิตสาขาวิชาภาษาไทย,,,0,40,378,40,76.2620,68.3226
มหาวิทยาลัยศิลปากร,วังท่าพระ,10080103902401A,0,0,คณะโบราณคดี,หลักสูตรศิลปศาสตรบัณฑิตสาขาวิชาภาษา ฝรั่งเศส,,,0,35,135,37,72.0000,42.0000
มหาวิทยาลัยศิลปากร,วังท่าพระ,10080103902501A,0,0,คณะโบราณคดี,หลักสูตรศิลปศาสตรบัณฑิตสาขาวิชา ภาษาอังกฤษ,,,0,60,523,62,90.0000,71.9998
มหาวิทยาลัยศิลปากร,วังท่าพระ,10080103903501A,0,0,คณะโบราณคดี,หลักสูตรศิลปศาสตรบัณฑิตสาขาวิชา มานุษยวิทยา,,,0,45,740,45,74.3260,57.8293
มหาวิทยาลัยศิลปากร,วังท่าพระ,10080103904101A,0,0,คณะโบราณคดี,หลักสูตรศิลปศาสตรบัณฑิตสาขาวิชา ประวัติศาสตร์ศิลปะ,,,0,40,583,40,79.7274,61.3497
มหาวิทยาลัยศิลปากร,สนามจันทร์,10080205900001A,0,0,คณะอักษรศาสตร์,หลักสูตรอักษรศาสตรบัณฑิตสาขาวิชา สังคมศาสตร์การพัฒนา,,,0,20,402,21,66.3333,54.5000
มหาวิทยาลัยศิลปากร,สนามจันทร์,10080205901201A,0,0,คณะอักษรศาสตร์,หลักสูตรอักษรศาสตรบัณฑิตสาขาวิชา สารสนเทศศาสตร์และบรรณารักษศาสตร์,,,0,13,299,13,62.4167,56.0000
มหาวิทยาลัยศิลปากร,สนามจันทร์,10080205901401A,0,0,คณะอักษรศาสตร์,หลักสูตรอักษรศาสตรบัณฑิตสาขาวิชา ประวัติศาสตร์,,,0,10,421,10,66.5000,59.7500
มหาวิทยาลัยศิลปากร,สนามจันทร์,10080205901501A,0,0,คณะอักษรศาสตร์,หลักสูตรอักษรศาสตรบัณฑิตสาขาวิชาปรัชญา,,,0,23,471,23,76.2500,56.2500
มหาวิทยาลัยศิลปากร,สนามจันทร์,10080205902001A,0,0,คณะอักษรศาสตร์,หลักสูตรอักษรศาสตรบัณฑิตสาขาวิชา ภาษาไทย,,,0,9,304,9,72.8250,67.7625
มหาวิทยาลัยศิลปากร,สนามจันทร์,10080205902401A,A,0,คณะอักษรศาสตร์,หลักสูตรอักษรศาสตรบัณฑิตสาขาวิชาภาษา ตะวันตก,,ภาษาฝรั่งเศส,0,4,76,4,64.3750,59.7917
มหาวิทยาลัยศิลปากร,สนามจันทร์,10080205902401A,B,0,คณะอักษรศาสตร์,หลักสูตรอักษรศาสตรบัณฑิตสาขาวิชาภาษา ตะวันตก,,ภาษาเยอรมัน,0,6,41,5,54.2917,46.3333
มหาวิทยาลัยศิลปากร,สนามจันทร์,10080205902402B,A,A0018,คณะอักษรศาสตร์,หลักสูตรอักษรศาสตรบัณฑิตสาขาวิชายุโรป ศึกษา,โครงการพิเศษยุโรป ศึกษา,ภาษาฝรั่งเศส,0,25,229,25,62.7350,55.5775
มหาวิทยาลัยศิลปากร,สนามจันทร์,10080205902402B,B,A0018,คณะอักษรศาสตร์,หลักสูตรอักษรศาสตรบัณฑิตสาขาวิชายุโรป ศึกษา,โครงการพิเศษยุโรป ศึกษา,ภาษาเยอรมัน,0,29,179,29,62.6390,53.0660
มหาวิทยาลัยศิลปากร,สนามจันทร์,10080205902801B,A,A0035,คณะอักษรศาสตร์,หลักสูตรอักษรศาสตรบัณฑิตสาขาวิชาเอเชีย ศึกษา,โครงการพิเศษเอเชีย ศึกษา,ภาษาจีน,0,47,816,47,64.7765,56.1070
มหาวิทยาลัยศิลปากร,สนามจันทร์,10080205902801B,B,A0035,คณะอักษรศาสตร์,หลักสูตรอักษรศาสตรบัณฑิตสาขาวิชาเอเชีย ศึกษา,โครงการพิเศษเอเชีย ศึกษา,ภาษาญี่ปุ่น,0,46,622,46,69.8380,57.0515
มหาวิทยาลัยศิลปากร,สนามจันทร์,10080205902801B,C,A0035,คณะอักษรศาสตร์,หลักสูตรอักษรศาสตรบัณฑิตสาขาวิชาเอเชีย ศึกษา,โครงการพิเศษเอเชีย ศึกษา,ภาษาเกาหลี,0,26,358,26,73.8050,54.4830
มหาวิทยาลัยศิลปากร,สนามจันทร์,10080205902801B,D,A0035,คณะอักษรศาสตร์,หลักสูตรอักษรศาสตรบัณฑิตสาขาวิชาเอเชีย ศึกษา,โครงการพิเศษเอเชีย ศึกษา,ภาษา เวียดนาม,0,34,155,34,59.5240,46.6775
มหาวิทยาลัยศิลปากร,สนามจันทร์,10080205903001A,0,0,คณะอักษรศาสตร์,หลักสูตรอักษรศาสตรบัณฑิตสาขาวิชา ภูมิศาสตร์,,,0,30,443,30,62.3333,54.1667
มหาวิทยาลัยศิลปากร,สนามจันทร์,10080205904301A,B,0,คณะอักษรศาสตร์,หลักสูตรอักษรศาสตรบัณฑิตสาขาวิชานาฏย สังคีต,,สังคีตศิล์ปไทย,0,15,131,15,65.2500,51.9167
มหาวิทยาลัยศิลปากร,สนามจันทร์,10080205904302A,0,0,คณะอักษรศาสตร์,หลักสูตรอักษรศาสตรบัณฑิต(ไม่แยกสาขา วิชาเอก),,,0,400,2889,400,71.3878,55.1981
มหาวิทยาลัยศิลปากร,สนามจันทร์,10080206112001A,0,0,คณะศึกษาศาสตร์,หลักสูตรวิทยาศาสตรบัณฑิตสาขาวิชา วิทยาศาสตร์การกีฬา,,,0,30,726,30,58.5833,52.1774
มหาวิทยาลัยศิลปากร,สนามจันทร์,10080206112001B,0,0,คณะศึกษาศาสตร์,หลักสูตรวิทยาศาสตรบัณฑิตสาขาวิชา วิทยาศาสตร์การกีฬา,,,0,30,477,30,54.7180,46.5474
มหาวิทยาลัยศิลปากร,สนามจันทร์,10080206700201A,0,0,คณะศึกษาศาสตร์,หลักสูตรศึกษาศาสตรบัณฑิตสาขาวิชาการ ประถมศึกษา,,,0,17,508,17,64.3638,58.9300
มหาวิทยาลัยศิลปากร,สนามจันทร์,10080206700601A,0,0,คณะศึกษาศาสตร์,หลักสูตรศึกษาศาสตรบัณฑิตสาขาวิชา การศึกษาปฐมวัย,,,0,20,540,20,67.9170,64.2235
มหาวิทยาลัยศิลปากร,สนามจันทร์,10080206700601B,0,0,คณะศึกษาศาสตร์,หลักสูตรศึกษาศาสตรบัณฑิตสาขาวิชา การศึกษาปฐมวัย,,,0,15,269,15,63.7428,61.1160
มหาวิทยาลัยศิลปากร,สนามจันทร์,10080206700801A,0,0,คณะศึกษาศาสตร์,หลักสูตรศึกษาศาสตรบัณฑิตสาขาวิชา คณิตศาสตร์,,,0,13,95,13,57.3107,47.8910
มหาวิทยาลัยศิลปากร,สนามจันทร์,10080206700801B,0,0,คณะศึกษาศาสตร์,หลักสูตรศึกษาศาสตรบัณฑิตสาขาวิชา คณิตศาสตร์,,,0,25,220,25,62.7608,54.8776
มหาวิทยาลัยศิลปากร,สนามจันทร์,10080206702001A,0,0,คณะศึกษาศาสตร์,หลักสูตรศึกษาศาสตรบัณฑิตสาขาวิชา ภาษาไทย,,,0,5,284,5,74.5078,68.3828
มหาวิทยาลัยศิลปากร,สนามจันทร์,10080206702002A,0,0,คณะศึกษาศาสตร์,หลักสูตรศึกษาศาสตรบัณฑิตสาขาวิชา ภาษาอังกฤษ,,,0,15,371,15,89.3625,76.5041
มหาวิทยาลัยศิลปากร,สนามจันทร์,10080206702002B,0,0,คณะศึกษาศาสตร์,หลักสูตรศึกษาศาสตรบัณฑิตสาขาวิชา ภาษาอังกฤษ,,,0,25,186,25,86.2166,66.7166
มหาวิทยาลัยศิลปากร,สนามจันทร์,10080206702003A,0,0,คณะศึกษาศาสตร์,หลักสูตรศึกษาศาสตรบัณฑิตสาขาวิชาภาษาจีน,,,0,20,170,20,77.5916,64.9750
มหาวิทยาลัยศิลปากร,สนามจันทร์,10080206702003B,0,0,คณะศึกษาศาสตร์,หลักสูตรศึกษาศาสตรบัณฑิตสาขาวิชาภาษาจีน,,,0,21,152,21,70.1000,57.6500
มหาวิทยาลัยศิลปากร,สนามจันทร์,10080206702003Q,0,0,คณะศึกษาศาสตร์,หลักสูตรศึกษาศาสตรบัณฑิตสาขาวิชาภาษาจีน,,,0,9,82,9,74.5582,63.9166
มหาวิทยาลัยศิลปากร,สนามจันทร์,10080206702701A,0,0,คณะศึกษาศาสตร์,หลักสูตรศึกษาศาสตรบัณฑิตสาขาวิชาสังคม ศึกษา,,,0,9,170,9,66.2983,60.8936
มหาวิทยาลัยศิลปากร,สนามจันทร์,10080206703701A,0,A0060,คณะศึกษาศาสตร์,หลักสูตรศึกษาศาสตรบัณฑิตสาขาวิชา วิทยาศาสตร์ศึกษา,โครงการความ ร่วมมือระหว่าง คณะศึกษาศาสต์รและคณะ วิทยาศาสต์รมหาวิทยาลัยศิลปากร,,0,15,258,15,72.4794,64.4297
มหาวิทยาลัยศิลปากร,สนามจันทร์,10080206703701B,0,A0060,คณะศึกษาศาสตร์,หลักสูตรศึกษาศาสตรบัณฑิตสาขาวิชา วิทยาศาสตร์ศึกษา,โครงการความ ร่วมมือระหว่าง คณะศึกษาศาสต์รและคณะ วิทยาศาสต์รมหาวิทยาลัยศิลปากร,,0,28,130,28,63.5941,56.2748
มหาวิทยาลัยศิลปากร,สนามจันทร์,10080206703702A,0,0,คณะศึกษาศาสตร์,หลักสูตรศึกษาศาสตรบัณฑิตสาขาวิชา ศิลปศึกษา,,,0,16,59,16,63.8141,52.2157
มหาวิทยาลัยศิลปากร,สนามจันทร์,10080206703702B,0,0,คณะศึกษาศาสตร์,หลักสูตรศึกษาศาสตรบัณฑิตสาขาวิชา ศิลปศึกษา,,,0,7,10,5,50.4225,44.1467
มหาวิทยาลัยศิลปากร,สนามจันทร์,10080206900701A,0,0,คณะศึกษาศาสตร์,หลักสูตรศิลปศาสตรบัณฑิตสาขาวิชาจิตวิทยา,,,0,40,724,40,65.8666,60.0748
มหาวิทยาลัยศิลปากร,สนามจันทร์,10080206900701B,0,0,คณะศึกษาศาสตร์,หลักสูตรศิลปศาสตรบัณฑิตสาขาวิชาจิตวิทยา,,,0,50,720,50,74.0460,62.8332
มหาวิทยาลัยศิลปากร,สนามจันทร์,10080206903801A,0,0,คณะศึกษาศาสตร์,หลักสูตรศิลปศาสตรบัณฑิตสาขาวิชา เทคโนโลยีการศึกษา,,,0,20,441,20,68.9426,57.8429
มหาวิทยาลัยศิลปากร,สนามจันทร์,10080206903801B,0,0,คณะศึกษาศาสตร์,หลักสูตรศิลปศาสตรบัณฑิตสาขาวิชา เทคโนโลยีการศึกษา,,,0,20,316,20,57.4481,54.3155
มหาวิทยาลัยศิลปากร,สนามจันทร์,10080206904201A,0,0,คณะศึกษาศาสตร์,หลักสูตรศิลปศาสตรบัณฑิตสาขาวิชา การศึกษาตลอดชีวิต,,,0,45,369,45,61.6273,56.5406
มหาวิทยาลัยศิลปากร,สนามจันทร์,10080207111101A,0,A0077,คณะวิทยาศาสตร์,หลักสูตรวิทยาศาสตรบัณฑิตสาขาวิชาเคีมผลิตภัณฑ์และธุรกิจเครื่องสำอาง,หลักสูตรแกนกลาง (A-Level),,3013,10,110,0,0.0000,0.0000
มหาวิทยาลัยศิลปากร,สนามจันทร์,10080207111101A,0,A0078,คณะวิทยาศาสตร์,หลักสูตรวิทยาศาสตรบัณฑิตสาขาวิชาเคีมผลิตภัณฑ์และธุรกิจเครื่องสำอาง,หลักสูตรแกนกลาง (TGAT/TPAT),,3013,10,370,10,58.4150,50.9897
มหาวิทยาลัยศิลปากร,สนามจันทร์,10080207210301A,0,A0078,คณะวิทยาศาสตร์,หลักสูตรวิทยาศาสตรบัณฑิตสาขาวิชา คณิตศาสตร์,หลักสูตรแกนกลาง (TGAT/TPAT),,3002,50,224,48,63.5135,46.4950
มหาวิทยาลัยศิลปากร,สนามจันทร์,10080207210301A,0,A0080,คณะวิทยาศาสตร์,หลักสูตรวิทยาศาสตรบัณฑิตสาขาวิชา คณิตศาสตร์,หลักสูตรอื่น ๆ (TGAT/TPAT),,3002,50,8,2,57.1220,55.9205
มหาวิทยาลัยศิลปากร,สนามจันทร์,10080207210301B,0,A0078,คณะวิทยาศาสตร์,หลักสูตรวิทยาศาสตรบัณฑิตสาขาวิชา คณิตศาสตร์,หลักสูตรแกนกลาง (TGAT/TPAT),,3014,10,71,10,50.1649,41.9040
มหาวิทยาลัยศิลปากร,สนามจันทร์,10080207210301B,0,A0080,คณะวิทยาศาสตร์,หลักสูตรวิทยาศาสตรบัณฑิตสาขาวิชา คณิตศาสตร์,หลักสูตรอื่น ๆ (TGAT/TPAT),,3014,10,0,0,0.0000,0.0000
มหาวิทยาลัยศิลปากร,สนามจันทร์,10080207210302A,0,A0078,คณะวิทยาศาสตร์,หลักสูตรวิทยาศาสตรบัณฑิตสาขาวิชา คณิตศาสตร์ประยุกต์,หลักสูตรแกนกลาง (TGAT/TPAT),,3003,30,120,30,62.3709,47.8729
มหาวิทยาลัยศิลปากร,สนามจันทร์,10080207210302A,0,A0080,คณะวิทยาศาสตร์,หลักสูตรวิทยาศาสตรบัณฑิตสาขาวิชา คณิตศาสตร์ประยุกต์,หลักสูตรอื่น ๆ (TGAT/TPAT),,3003,30,6,0,0.0000,0.0000
มหาวิทยาลัยศิลปากร,สนามจันทร์,10080207210302B,0,A0078,คณะวิทยาศาสตร์,หลักสูตรวิทยาศาสตรบัณฑิตสาขาวิชา คณิตศาสตร์ประยุกต์,หลักสูตรแกนกลาง (TGAT/TPAT),,3015,10,51,10,52.3914,43.5306
มหาวิทยาลัยศิลปากร,สนามจันทร์,10080207210302B,0,A0080,คณะวิทยาศาสตร์,หลักสูตรวิทยาศาสตรบัณฑิตสาขาวิชา คณิตศาสตร์ประยุกต์,หลักสูตรอื่น ๆ (TGAT/TPAT),,3015,10,1,0,0.0000,0.0000
มหาวิทยาลัยศิลปากร,สนามจันทร์,10080207210401A,0,A0077,คณะวิทยาศาสตร์,หลักสูตรวิทยาศาสตรบัณฑิตสาขาวิชาเคมี,หลักสูตรแกนกลาง (A-Level),,3004,60,67,1,46.7700,46.7700
มหาวิทยาลัยศิลปากร,สนามจันทร์,10080207210401A,0,A0078,คณะวิทยาศาสตร์,หลักสูตรวิทยาศาสตรบัณฑิตสาขาวิชาเคมี,หลักสูตรแกนกลาง (TGAT/TPAT),,3004,60,310,59,54.3442,40.4281
มหาวิทยาลัยศิลปากร,สนามจันทร์,10080207210401B,0,A0077,คณะวิทยาศาสตร์,หลักสูตรวิทยาศาสตรบัณฑิตสาขาวิชาเคมี,หลักสูตรแกนกลาง (A-Level),,3016,20,40,0,0.0000,0.0000
มหาวิทยาลัยศิลปากร,สนามจันทร์,10080207210401B,0,A0078,คณะวิทยาศาสตร์,หลักสูตรวิทยาศาสตรบัณฑิตสาขาวิชาเคมี,หลักสูตรแกนกลาง (TGAT/TPAT),,3016,20,77,20,44.9757,34.1239
มหาวิทยาลัยศิลปากร,สนามจันทร์,10080207210402A,0,A0077,คณะวิทยาศาสตร์,หลักสูตรวิทยาศาสตรบัณฑิตสาขาวิชาเคีมประยุกต์และจุลชีววิทยาอุตสาหกรรม,หลักสูตรแกนกลาง (A-Level),,3012,30,48,0,0.0000,0.0000
มหาวิทยาลัยศิลปากร,สนามจันทร์,10080207210402A,0,A0078,คณะวิทยาศาสตร์,หลักสูตรวิทยาศาสตรบัณฑิตสาขาวิชาเคีมประยุกต์และจุลชีววิทยาอุตสาหกรรม,หลักสูตรแกนกลาง (TGAT/TPAT),,3012,30,174,30,49.6549,40.2497
มหาวิทยาลัยศิลปากร,สนามจันทร์,10080207210501A,0,A0077,คณะวิทยาศาสตร์,หลักสูตรวิทยาศาสตรบัณฑิตสาขาวิชาจุล ชีววิทยา,หลักสูตรแกนกลาง (A-Level),,3009,50,94,0,0.0000,0.0000
มหาวิทยาลัยศิลปากร,สนามจันทร์,10080207210501A,0,A0078,คณะวิทยาศาสตร์,หลักสูตรวิทยาศาสตรบัณฑิตสาขาวิชาจุล ชีววิทยา,หลักสูตรแกนกลาง (TGAT/TPAT),,3009,50,350,50,63.4304,51.6270
มหาวิทยาลัยศิลปากร,สนามจันทร์,10080207210501B,0,A0077,คณะวิทยาศาสตร์,หลักสุตรวิทยาศาสตรบัณฑิตสาขาวิชาจุล ชีววิทยา,หลักสูตรแกนกลาง (A-Level),,3020,30,40,0,0.0000,0.0000
มหาวิทยาลัยศิลปากร,สนามจันทร์,10080207210501B,0,A0078,คณะวิทยาศาสตร์,หลักสุตรวิทยาศาสตรบัณฑิตสาขาวิชาจุล ชีววิทยา,หลักสูตรแกนกลาง (TGAT/TPAT),,3020,30,98,30,55.3532,41.8380
มหาวิทยาลัยศิลปากร,สนามจันทร์,10080207210701A,0,A0077,คณะวิทยาศาสตร์,หลักสูตรวิทยาศาสตรบัณฑิตสาขาวิชาชีววิทยา,หลักสูตรแกนกลาง (A-Level),,0,80,434,80,40.2750,27.8375
มหาวิทยาลัยศิลปากร,สนามจันทร์,10080207210701B,0,A0078,คณะวิทยาศาสตร์,หลักสูตรวิทยาศาสตรบัณฑิตสาขาวิชาชีววิทยา,หลักสูตรแกนกลาง (TGAT/TPAT),,0,40,193,40,68.3894,51.4185
มหาวิทยาลัยศิลปากร,สนามจันทร์,10080207212701A,0,A0077,คณะวิทยาศาสตร์,หลักสูตรวิทยาศาสตรบัณฑิตสาขาวิชาฟิสิกส์,หลักสูตรแกนกลาง (A-Level),,3005,30,33,0,0.0000,0.0000
มหาวิทยาลัยศิลปากร,สนามจันทร์,10080207212701A,0,A0078,คณะวิทยาศาสตร์,หลักสูตรวิทยาศาสตรบัณฑิตสาขาวิชาฟิสิกส์,หลักสูตรแกนกลาง (TGAT/TPAT),,3005,30,213,30,71.0400,63.8118
มหาวิทยาลัยศิลปากร,สนามจันทร์,10080207212701A,0,A0079,คณะวิทยาศาสตร์,หลักสูตรวิทยาศาสตรบัณฑิตสาขาวิชาฟิสิกส์,หลักสูตรอื่น ๆ (A-Level),,3005,30,0,0,0.0000,0.0000
มหาวิทยาลัยศิลปากร,สนามจันทร์,10080207212701A,0,A0080,คณะวิทยาศาสตร์,หลักสูตรวิทยาศาสตรบัณฑิตสาขาวิชาฟิสิกส์,หลักสูตรอื่น ๆ (TGAT/TPAT),,3005,30,2,0,0.0000,0.0000
มหาวิทยาลัยศิลปากร,สนามจันทร์,10080207212701B,0,A0077,คณะวิทยาศาสตร์,หลักสูตรวิทยาศาสตรบัณฑิตสาขาวิชาฟิสิกส์,หลักสูตรแกนกลาง (A-Level),,3017,10,11,0,0.0000,0.0000
มหาวิทยาลัยศิลปากร,สนามจันทร์,10080207212701B,0,A0078,คณะวิทยาศาสตร์,หลักสูตรวิทยาศาสตรบัณฑิตสาขาวิชาฟิสิกส์,หลักสูตรแกนกลาง (TGAT/TPAT),,3017,10,55,10,69.9943,59.6680
มหาวิทยาลัยศิลปากร,สนามจันทร์,10080207212701B,0,A0079,คณะวิทยาศาสตร์,หลักสูตรวิทยาศาสตรบัณฑิตสาขาวิชาฟิสิกส์,หลักสูตรอื่น ๆ (A-Level),,3017,10,0,0,0.0000,0.0000
มหาวิทยาลัยศิลปากร,สนามจันทร์,10080207212701B,0,A0080,คณะวิทยาศาสตร์,หลักสูตรวิทยาศาสตรบัณฑิตสาขาวิชาฟิสิกส์,หลักสูตรอื่น ๆ (TGAT/TPAT),,3017,10,3,0,0.0000,0.0000
มหาวิทยาลัยศิลปากร,สนามจันทร์,10080207213101A,0,A0077,คณะวิทยาศาสตร์,หลักสูตรวิทยาศาสตรบัณฑิตสาขาวิชา วิทยาศาสตร์สิ่งแวดล้อม,หลักสูตรแกนกลาง (A-Level),,3007,65,94,0,0.0000,0.0000
มหาวิทยาลัยศิลปากร,สนามจันทร์,10080207213101A,0,A0078,คณะวิทยาศาสตร์,หลักสูตรวิทยาศาสตรบัณฑิตสาขาวิชา วิทยาศาสตร์สิ่งแวดล้อม,หลักสูตรแกนกลาง (TGAT/TPAT),,3007,65,284,65,54.9712,43.8229
มหาวิทยาลัยศิลปากร,สนามจันทร์,10080207213101B,0,A0077,คณะวิทยาศาสตร์,หลักสูตรวิทยาศาสตรบัณฑิตสาขาวิชา วิทยาศาสตร์สิ่งแวดล้อม,หลักสูตรแกนกลาง (A-Level),,0,20,48,20,27.6700,17.3300
มหาวิทยาลัยศิลปากร,สนามจันทร์,10080207213301A,0,A0077,คณะวิทยาศาสตร์,หลักสูตรวิทยาศาสตรบัณฑิตสาขาวิชาสถิติ และวิทยาการวิเคราะห์ข้อมูล,หลักสูตรแกนกลาง (A-Level),,3006,60,70,2,61.7350,56.0900
มหาวิทยาลัยศิลปากร,สนามจันทร์,10080207213301A,0,A0078,คณะวิทยาศาสตร์,หลักสูตรวิทยาศาสตรบัณฑิตสาขาวิชาสถิติ และวิทยาการวิเคราะห์ข้อมูล,หลักสูตรแกนกลาง (TGAT/TPAT),,3006,60,266,58,64.8815,52.9150
มหาวิทยาลัยศิลปากร,สนามจันทร์,10080207213301B,0,A0077,คณะวิทยาศาสตร์,หลักสูตรวิทยาศาสตรบัณฑิตสาขาวิชาสถิติ และวิทยาการวิเคราะห์ข้อมูล,หลักสูตรแกนกลาง (A-Level),,3018,20,22,3,45.9400,42.7250
มหาวิทยาลัยศิลปากร,สนามจันทร์,10080207213301B,0,A0078,คณะวิทยาศาสตร์,หลักสูตรวิทยาศาสตรบัณฑิตสาขาวิชาสถิติ และวิทยาการวิเคราะห์ข้อมูล,หลักสูตรแกนกลาง (TGAT/TPAT),,3018,20,49,17,62.4852,43.7970
มหาวิทยาลัยศิลปากร,สนามจันทร์,10080207220101A,0,A0077,คณะวิทยาศาสตร์,หลักสูตรวิทยาศาสตรบัณฑิตสาขาวิชา เทคโนโลยีสารสนเทศ,หลักสูตรแกนกลาง (A-Level),,3010,60,49,0,0.0000,0.0000
มหาวิทยาลัยศิลปากร,สนามจันทร์,10080207220101A,0,A0078,คณะวิทยาศาสตร์,หลักสูตรวิทยาศาสตรบัณฑิตสาขาวิชา เทคโนโลยีสารสนเทศ,หลักสูตรแกนกลาง (TGAT/TPAT),,3010,60,180,51,55.0722,42.6693
มหาวิทยาลัยศิลปากร,สนามจันทร์,10080207220101A,0,A0079,คณะวิทยาศาสตร์,หลักสูตรวิทยาศาสตรบัณฑิตสาขาวิชา เทคโนโลยีสารสนเทศ,หลักสูตรอื่น ๆ (A-Level),,3010,60,9,0,0.0000,0.0000
มหาวิทยาลัยศิลปากร,สนามจันทร์,10080207220101A,0,A0080,คณะวิทยาศาสตร์,หลักสูตรวิทยาศาสตรบัณฑิตสาขาวิชา เทคโนโลยีสารสนเทศ,หลักสูตรอื่น ๆ (TGAT/TPAT),,3010,60,23,9,53.0856,43.3556
มหาวิทยาลัยศิลปากร,สนามจันทร์,10080207220101B,0,A0077,คณะวิทยาศาสตร์,หลักสูตรวิทยาศาสตรบัณฑิตสาขาวิชา เทคโนโลยีสารสนเทศ,หลักสูตรแกนกลาง (A-Level),,3021,20,14,5,31.3750,20.4750
มหาวิทยาลัยศิลปากร,สนามจันทร์,10080207220101B,0,A0078,คณะวิทยาศาสตร์,หลักสูตรวิทยาศาสตรบัณฑิตสาขาวิชา เทคโนโลยีสารสนเทศ,หลักสูตรแกนกลาง (TGAT/TPAT),,3021,20,43,8,50.5432,34.3610
มหาวิทยาลัยศิลปากร,สนามจันทร์,10080207220101B,0,A0079,คณะวิทยาศาสตร์,หลักสูตรวิทยาศาสตรบัณฑิตสาขาวิชา เทคโนโลยีสารสนเทศ,หลักสูตรอื่น ๆ (A-Level),,3021,20,1,0,0.0000,0.0000
มหาวิทยาลัยศิลปากร,สนามจันทร์,10080207220101B,0,A0080,คณะวิทยาศาสตร์,หลักสูตรวิทยาศาสตรบัณฑิตสาขาวิชา เทคโนโลยีสารสนเทศ,หลักสูตรอื่น ๆ (TGAT/TPAT),,3021,20,3,0,0.0000,0.0000
มหาวิทยาลัยศิลปากร,สนามจันทร์,10080207220201A,0,A0077,คณะวิทยาศาสตร์,หลักสูตรวิทยาศาสตรบัณฑิตสาขาวิชา วิทยาการคอมพิวเตอร์,หลักสูตรแกนกลาง (A-Level),,3008,50,79,0,0.0000,0.0000
มหาวิทยาลัยศิลปากร,สนามจันทร์,10080207220201A,0,A0078,คณะวิทยาศาสตร์,หลักสูตรวิทยาศาสตรบัณฑิตสาขาวิชา วิทยาการคอมพิวเตอร์,หลักสูตรแกนกลาง (TGAT/TPAT),,3008,50,285,45,60.4545,48.7227
มหาวิทยาลัยศิลปากร,สนามจันทร์,10080207220201A,0,A0079,คณะวิทยาศาสตร์,หลักสูตรวิทยาศาสตรบัณฑิตสาขาวิชา วิทยาการคอมพิวเตอร์,หลักสูตรอื่น ๆ (A-Level),,3008,50,6,0,0.0000,0.0000
มหาวิทยาลัยศิลปากร,สนามจันทร์,10080207220201A,0,A0080,คณะวิทยาศาสตร์,หลักสูตรวิทยาศาสตรบัณฑิตสาขาวิชา วิทยาการคอมพิวเตอร์,หลักสูตรอื่น ๆ (TGAT/TPAT),,3008,50,35,5,57.0967,50.4484
มหาวิทยาลัยศิลปากร,สนามจันทร์,10080207220201B,0,A0077,คณะวิทยาศาสตร์,หลักสูตรวิทยาศาสตรบัณฑิตสาขาวิชา วิทยาการคอมพิวเตอร์,หลักสูตรแกนกลาง (A-Level),,3019,10,15,1,44.4250,44.4250
มหาวิทยาลัยศิลปากร,สนามจันทร์,10080207220201B,0,A0078,คณะวิทยาศาสตร์,หลักสูตรวิทยาศาสตรบัณฑิตสาขาวิชา วิทยาการคอมพิวเตอร์,หลักสูตรแกนกลาง (TGAT/TPAT),,3019,10,59,7,50.3630,44.2681
มหาวิทยาลัยศิลปากร,สนามจันทร์,10080207220201B,0,A0079,คณะวิทยาศาสตร์,หลักสูตรวิทยาศาสตรบัณฑิตสาขาวิชา วิทยาการคอมพิวเตอร์,หลักสูตรอื่น ๆ (A-Level),,3019,10,1,0,0.0000,0.0000
มหาวิทยาลัยศิลปากร,สนามจันทร์,10080207220201B,0,A0080,คณะวิทยาศาสตร์,หลักสูตรวิทยาศาสตรบัณฑิตสาขาวิชา วิทยาการคอมพิวเตอร์,หลักสูตรอื่น ๆ (TGAT/TPAT),,3019,10,5,2,43.7250,42.7653
มหาวิทยาลัยศิลปากร,สนามจันทร์,10080207220301A,0,A0077,คณะวิทยาศาสตร์,หลักสูตรวิทยาศาสตรบัณฑิตสาขาวิชา วิทยาการข้อมูล,หลักสูตรแกนกลาง (A-Level),,3011,40,30,6,48.3000,36.7750
มหาวิทยาลัยศิลปากร,สนามจันทร์,10080207220301A,0,A0078,คณะวิทยาศาสตร์,หลักสูตรวิทยาศาสตรบัณฑิตสาขาวิชา วิทยาการข้อมูล,หลักสูตรแกนกลาง (TGAT/TPAT),,3011,40,120,34,65.7114,40.0172
มหาวิทยาลัยศิลปากร,สนามจันทร์,10080207220301B,0,A0077,คณะวิทยาศาสตร์,หลักสูตรวิทยาศาสตรบัณฑิตสาขาวิชา วิทยาการข้อมูล,หลักสูตรแกนกลาง (A-Level),,3022,10,10,2,50.2000,40.9250
มหาวิทยาลัยศิลปากร,สนามจันทร์,10080207220301B,0,A0078,คณะวิทยาศาสตร์,หลักสูตรวิทยาศาสตรบัณฑิตสาขาวิชา วิทยาการข้อมูล,หลักสูตรแกนกลาง (TGAT/TPAT),,3022,10,44,7,56.8508,36.4704
มหาวิทยาลัยศิลปากร,สนามจันทร์,10080207701801A,0,A0061,คณะวิทยาศาสตร์,หลักสูตรศึกษาศาสตรบัณฑิตสาขาวิชาฟิสิกส์,โครงการความ ร่วมมือระหว่าง คณะ วิทยาศาสตร์และ คณะศึกษาศาสตร์,,0,25,307,25,86.5688,81.0948
มหาวิทยาลัยศิลปากร,สนามจันทร์,10080208110001B,0,A0062,คณะเภสัชศาสตร์,หลักสูตรวิทยาศาสตรบัณฑิตสาขาวิชาสุขภาพ ดิจิทัล,รูปแบบที่ 1,,3024,43,744,43,67.5416,56.8276
มหาวิทยาลัยศิลปากร,สนามจันทร์,10080208110001B,0,A0063,คณะเภสัชศาสตร์,หลักสูตรวิทยาศาสตรบัณฑิตสาขาวิชาสุขภาพ ดิจิทัล,รูปแบบที่ 2,,3024,43,322,0,0.0000,0.0000
มหาวิทยาลัยศิลปากร,สนามจันทร์,10080208111101B,0,A0062,คณะเภสัชศาสตร์,หลักสูตรวิทยาศาสตรบัณฑิตสาขาวิชา นวัตกรรมเครื่องสำอางและศิลปะความงาม,รูปแบบที่ 1,,3023,30,995,30,68.0205,58.0141
มหาวิทยาลัยศิลปากร,สนามจันทร์,10080208111101B,0,A0063,คณะเภสัชศาสตร์,หลักสูตรวิทยาศาสตรบัณฑิตสาขาวิชา นวัตกรรมเครื่องสำอางและศิลปะความงาม,รูปแบบที่ 2,,3023,30,348,0,0.0000,0.0000
มหาวิทยาลัยศิลปากร,สนามจันทร์,10080208130101A,0,0,คณะเภสัชศาสตร์,หลักสูตรเภสัชศาสตรบัณฑิต,,,0,20,1667,20,64.0179,55.3803
มหาวิทยาลัยศิลปากร,สนามจันทร์,10080208130101B,0,0,คณะเภสัชศาสตร์,หลักสูตรเภสัชศาสตรบัณฑิต,,,0,75,1596,75,55.3776,50.6998
มหาวิทยาลัยศิลปากร,สนามจันทร์,10080209211001A,0,A0075,คณะวิศวกรรมศาสตร์และเทคโนโลียอุตสาหกรรม,หลักสูตรวิทยาศาสตรบัณฑิตสาขาวิชา เทคโนโลยีอาหาร,หลักสูตรแกนกลาง,,3026,50,421,50,55.4748,46.5500
มหาวิทยาลัยศิลปากร,สนามจันทร์,10080209211001A,0,A0076,คณะวิศวกรรมศาสตร์และเทคโนโลียอุตสาหกรรม,หลักสูตรวิทยาศาสตรบัณฑิตสาขาวิชา เทคโนโลยีอาหาร,หลักสูตรอื่น ๆ,,3026,50,0,0,0.0000,0.0000
มหาวิทยาลัยศิลปากร,สนามจันทร์,10080209211001B,0,A0075,คณะวิศวกรรมศาสตร์และเทคโนโลียอุตสาหกรรม,หลักสูตรวิทยาศาสตรบัณฑิตสาขาวิชา เทคโนโลยีอาหาร,หลักสูตรแกนกลาง,,3035,20,131,20,52.5248,42.3748
มหาวิทยาลัยศิลปากร,สนามจันทร์,10080209211001B,0,A0076,คณะวิศวกรรมศาสตร์และเทคโนโลียอุตสาหกรรม,หลักสูตรวิทยาศาสตรบัณฑิตสาขาวิชา เทคโนโลยีอาหาร,หลักสูตรอื่น ๆ,,3035,20,0,0,0.0000,0.0000
มหาวิทยาลัยศิลปากร,สนามจันทร์,10080209211201A,0,A0075,คณะวิศวกรรมศาสตร์และเทคโนโลียอุตสาหกรรม,หลักสูตรวิทยาศาสตรบัณฑิตสาขาวิชา เทคโนโลยีชีวภาพ,หลักสูตรแกนกลาง,,3025,40,431,40,77.8505,65.2583
มหาวิทยาลัยศิลปากร,สนามจันทร์,10080209211201A,0,A0076,คณะวิศวกรรมศาสตร์และเทคโนโลียอุตสาหกรรม,หลักสูตรวิทยาศาสตรบัณฑิตสาขาวิชา เทคโนโลยีชีวภาพ,หลักสูตรอื่น ๆ,,3025,40,0,0,0.0000,0.0000
มหาวิทยาลัยศิลปากร,สนามจันทร์,10080209211201B,0,A0075,คณะวิศวกรรมศาสตร์และเทคโนโลียอุตสาหกรรม,หลักสูตรวิทยาศาสตรบัณฑิตสาขาวิชา เทคโนโลยีชีวภาพ,หลักสูตรแกนกลาง,,3034,10,56,10,67.1082,61.3965
มหาวิทยาลัยศิลปากร,สนามจันทร์,10080209211201B,0,A0076,คณะวิศวกรรมศาสตร์และเทคโนโลียอุตสาหกรรม,หลักสูตรวิทยาศาสตรบัณฑิตสาขาวิชา เทคโนโลยีชีวภาพ,หลักสูตรอื่น ๆ,,3034,10,1,0,0.0000,0.0000
มหาวิทยาลัยศิลปากร,สนามจันทร์,10080209300101A,0,A0075,คณะวิศวกรรมศาสตร์และเทคโนโลียอุตสาหกรรม,หลักสูตรวิศวกรรมศาสตรบัณฑิตสาขาวิชา วิศวกรรมกระบวนการชีวภาพ,หลักสูตรแกนกลาง,,3032,40,270,39,76.4549,66.3831
มหาวิทยาลัยศิลปากร,สนามจันทร์,10080209300101A,0,A0076,คณะวิศวกรรมศาสตร์และเทคโนโลียอุตสาหกรรม,หลักสูตรวิศวกรรมศาสตรบัณฑิตสาขาวิชา วิศวกรรมกระบวนการชีวภาพ,หลักสูตรอื่น ๆ,,3032,40,1,1,66.4039,66.4039
มหาวิทยาลัยศิลปากร,สนามจันทร์,10080209300101B,0,A0075,คณะวิศวกรรมศาสตร์และเทคโนโลียอุตสาหกรรม,หลักสูตรวิศวกรรมศาสตรบัณฑิตสาขาวิชา วิศวกรรมกระบวนการชีวภาพ,หลักสูตรแกนกลาง,,3040,10,62,10,67.4831,62.6142
มหาวิทยาลัยศิลปากร,สนามจันทร์,10080209300101B,0,A0076,คณะวิศวกรรมศาสตร์และเทคโนโลียอุตสาหกรรม,หลักสูตรวิศวกรรมศาสตรบัณฑิตสาขาวิชา วิศวกรรมกระบวนการชีวภาพ,หลักสูตรอื่น ๆ,,3040,10,0,0,0.0000,0.0000
มหาวิทยาลัยศิลปากร,สนามจันทร์,10080209300601A,0,A0075,คณะวิศวกรรมศาสตร์และเทคโนโลียอุตสาหกรรม,หลักสูตรวิศวกรรมศาสตรบัณฑิตสาขาวิชา วิศวกรรมเคมี,หลักสูตรแกนกลาง,,0,30,179,30,42.5000,35.3330
มหาวิทยาลัยศิลปากร,สนามจันทร์,10080209300601B,0,A0075,คณะวิศวกรรมศาสตร์และเทคโนโลียอุตสาหกรรม,หลักสูตรวิศวกรรมศาสตรบัณฑิตสาขาวิชา วิศวกรรมเคมี,หลักสูตรแกนกลาง,,0,30,106,30,35.1665,28.1665
มหาวิทยาลัยศิลปากร,สนามจันทร์,10080209300701A,0,A0075,คณะวิศวกรรมศาสตร์และเทคโนโลียอุตสาหกรรม,หลักสูตรวิศวกรรมศาสตรบัณฑิตสาขาวิชา วิศวกรรมเครื่องกล,หลักสูตรแกนกลาง,,3029,10,2,0,0.0000,0.0000
มหาวิทยาลัยศิลปากร,สนามจันทร์,10080209300701A,0,A0076,คณะวิศวกรรมศาสตร์และเทคโนโลียอุตสาหกรรม,หลักสูตรวิศวกรรมศาสตรบัณฑิตสาขาวิชา วิศวกรรมเครื่องกล,หลักสูตรอื่น ๆ,,3029,10,0,0,0.0000,0.0000
มหาวิทยาลัยศิลปากร,สนามจันทร์,10080209300701B,0,A0075,คณะวิศวกรรมศาสตร์และเทคโนโลียอุตสาหกรรม,หลักสูตรวิศวกรรมศาสตรบัณฑิตสาขาวิชา วิศวกรรมเครื่องกล,หลักสูตรแกนกลาง,,3037,5,0,0,0.0000,0.0000
มหาวิทยาลัยศิลปากร,สนามจันทร์,10080209300701B,0,A0076,คณะวิศวกรรมศาสตร์และเทคโนโลียอุตสาหกรรม,หลักสูตรวิศวกรรมศาสตรบัณฑิตสาขาวิชา วิศวกรรมเครื่องกล,หลักสูตรอื่น ๆ,,3037,5,0,0,0.0000,0.0000
มหาวิทยาลัยศิลปากร,สนามจันทร์,10080209301801A,0,A0075,คณะวิศวกรรมศาสตร์และเทคโนโลียอุตสาหกรรม,หลักสูตรวิศวกรรมศาสตรบัณฑิตสาขาวิชา วิศวกรรมไฟฟ้าสื่อสาร,หลักสูตรแกนกลาง,,3033,15,369,15,66.8546,60.6795
มหาวิทยาลัยศิลปากร,สนามจันทร์,10080209301801A,0,A0076,คณะวิศวกรรมศาสตร์และเทคโนโลียอุตสาหกรรม,หลักสูตรวิศวกรรมศาสตรบัณฑิตสาขาวิชา วิศวกรรมไฟฟ้าสื่อสาร,หลักสูตรอื่น ๆ,,3033,15,0,0,0.0000,0.0000
มหาวิทยาลัยศิลปากร,สนามจันทร์,10080209301801B,0,A0075,คณะวิศวกรรมศาสตร์และเทคโนโลียอุตสาหกรรม,หลักสูตรวิศวกรรมศาสตรบัณฑิตสาขาวิชา วิศวกรรมไฟฟ้าสื่อสาร,หลักสูตรแกนกลาง,,3041,10,129,10,58.8902,54.3950
มหาวิทยาลัยศิลปากร,สนามจันทร์,10080209301801B,0,A0076,คณะวิศวกรรมศาสตร์และเทคโนโลียอุตสาหกรรม,หลักสูตรวิศวกรรมศาสตรบัณฑิตสาขาวิชา วิศวกรรมไฟฟ้าสื่อสาร,หลักสูตรอื่น ๆ,,3041,10,0,0,0.0000,0.0000
มหาวิทยาลัยศิลปากร,สนามจันทร์,10080209302401A,0,A0075,คณะวิศวกรรมศาสตร์และเทคโนโลียอุตสาหกรรม,หลักสูตรวิศวกรรมศาสตรบัณฑิตสาขาวิชา วิศวกรรมการจัดการและโลจิสติกส์,หลักสูตรแกนกลาง,,0,15,440,15,51.7206,47.2250
มหาวิทยาลัยศิลปากร,สนามจันทร์,10080209302401B,0,A0075,คณะวิศวกรรมศาสตร์และเทคโนโลียอุตสาหกรรม,หลักสูตรวิศวกรรมศาสตรบัณฑิตสาขาวิชา วิศวกรรมการจัดการและโลจิสติกส์,หลักสูตรแกนกลาง,,0,20,93,20,46.7625,39.3456
มหาวิทยาลัยศิลปากร,สนามจันทร์,10080209302501A,0,A0075,คณะวิศวกรรมศาสตร์และเทคโนโลียอุตสาหกรรม,หลักสูตรวิศวกรรมศาสตรบัณฑิตสาขาวิชา วิศวกรรมวัสดุและนาโนเทคโนโลยี,หลักสูตรแกนกลาง,,3031,30,391,30,79.4906,70.7604
มหาวิทยาลัยศิลปากร,สนามจันทร์,10080209302501A,0,A0076,คณะวิศวกรรมศาสตร์และเทคโนโลียอุตสาหกรรม,หลักสูตรวิศวกรรมศาสตรบัณฑิตสาขาวิชา วิศวกรรมวัสดุและนาโนเทคโนโลยี,หลักสูตรอื่น ๆ,,3031,30,0,0,0.0000,0.0000
มหาวิทยาลัยศิลปากร,สนามจันทร์,10080209302501B,0,A0075,คณะวิศวกรรมศาสตร์และเทคโนโลียอุตสาหกรรม,หลักสูตรวิศวกรรมศาสตรบัณฑิตสาขาวิชา วิศวกรรมวัสดุและนาโนเทคโนโลยี,หลักสูตรแกนกลาง,,3039,20,198,20,72.0192,65.8938
มหาวิทยาลัยศิลปากร,สนามจันทร์,10080209302501B,0,A0076,คณะวิศวกรรมศาสตร์และเทคโนโลียอุตสาหกรรม,หลักสูตรวิศวกรรมศาสตรบัณฑิตสาขาวิชา วิศวกรรมวัสดุและนาโนเทคโนโลยี,หลักสูตรอื่น ๆ,,3039,20,0,0,0.0000,0.0000
มหาวิทยาลัยศิลปากร,สนามจันทร์,10080209302502A,0,A0075,คณะวิศวกรรมศาสตร์และเทคโนโลียอุตสาหกรรม,หลักสูตรวิศวกรรมศาสตรบัณฑิตสาขาวิชาปิ โตรเคมีและวัสดุพอลิเมอร์,หลักสูตรแกนกลาง,,3027,30,367,31,77.1250,69.7500
มหาวิทยาลัยศิลปากร,สนามจันทร์,10080209302502A,0,A0076,คณะวิศวกรรมศาสตร์และเทคโนโลียอุตสาหกรรม,หลักสูตรวิศวกรรมศาสตรบัณฑิตสาขาวิชาปิ โตรเคมีและวัสดุพอลิเมอร์,หลักสูตรอื่น ๆ,,3027,30,0,0,0.0000,0.0000
มหาวิทยาลัยศิลปากร,สนามจันทร์,10080209302502B,0,A0075,คณะวิศวกรรมศาสตร์และเทคโนโลียอุตสาหกรรม,หลักสูตรวิศวกรรมศาสตรบัณฑิตสาขาวิชาปิ โตรเคมีและวัสดุพอลิเมอร์,หลักสูตรแกนกลาง,,3036,40,199,40,70.3330,63.7500
มหาวิทยาลัยศิลปากร,สนามจันทร์,10080209302502B,0,A0076,คณะวิศวกรรมศาสตร์และเทคโนโลียอุตสาหกรรม,หลักสูตรวิศวกรรมศาสตรบัณฑิตสาขาวิชาปิ โตรเคมีและวัสดุพอลิเมอร์,หลักสูตรอื่น ๆ,,3036,40,0,0,0.0000,0.0000
มหาวิทยาลัยศิลปากร,สนามจันทร์,10080209303401A,0,A0075,คณะวิศวกรรมศาสตร์และเทคโนโลียอุตสาหกรรม,หลักสูตรวิศวกรรมศาสตรบัณฑิตสาขาวิชา วิศวกรรมอิเล็กทรอนิกส์และระบบคอมพิวเตอร์,หลักสูตรแกนกลาง,,3030,30,390,30,64.1577,57.6579
มหาวิทยาลัยศิลปากร,สนามจันทร์,10080209303401A,0,A0076,คณะวิศวกรรมศาสตร์และเทคโนโลียอุตสาหกรรม,หลักสูตรวิศวกรรมศาสตรบัณฑิตสาขาวิชา วิศวกรรมอิเล็กทรอนิกส์และระบบคอมพิวเตอร์,หลักสูตรอื่น ๆ,,3030,30,0,0,0.0000,0.0000
มหาวิทยาลัยศิลปากร,สนามจันทร์,10080209303401B,0,A0075,คณะวิศวกรรมศาสตร์และเทคโนโลียอุตสาหกรรม,หลักสูตรวิศวกรรมศาสตรบัณฑิตสาขาวิชา วิศวกรรมอิเล็กทรอนิกส์และระบบคอมพิวเตอร์,หลักสูตรแกนกลาง,,3038,15,161,15,57.3256,54.8837
มหาวิทยาลัยศิลปากร,สนามจันทร์,10080209303401B,0,A0076,คณะวิศวกรรมศาสตร์และเทคโนโลียอุตสาหกรรม,หลักสูตรวิศวกรรมศาสตรบัณฑิตสาขาวิชา วิศวกรรมอิเล็กทรอนิกส์และระบบคอมพิวเตอร์,หลักสูตรอื่น ๆ,,3038,15,0,0,0.0000,0.0000
มหาวิทยาลัยศิลปากร,สนามจันทร์,10080209303501A,0,A0075,คณะวิศวกรรมศาสตร์และเทคโนโลียอุตสาหกรรม,หลักสูตรวิศวกรรมศาสตรบัณฑิตสาขาวิชา วิศวกรรมอุตสาหการ,หลักสูตรแกนกลาง,,3028,10,252,10,39.3664,35.3332
มหาวิทยาลัยศิลปากร,สนามจันทร์,10080209303501A,0,A0076,คณะวิศวกรรมศาสตร์และเทคโนโลียอุตสาหกรรม,หลักสูตรวิศวกรรมศาสตรบัณฑิตสาขาวิชา วิศวกรรมอุตสาหการ,หลักสูตรอื่น ๆ,,3028,10,2,0,0.0000,0.0000
มหาวิทยาลัยศิลปากร,สนามจันทร์,10080209610801A,0,0,คณะวิศวกรรมศาสตร์และเทคโนโลียอุตสาหกรรม,หลักสูตรเทคโนโลยีบัณฑิตสาขาวิชาธุรกิจ วิศวกรรม,,,0,10,232,10,74.7866,53.5556
มหาวิทยาลัยศิลปากร,สนามจันทร์,10080209610801B,0,0,คณะวิศวกรรมศาสตร์และเทคโนโลียอุตสาหกรรม,หลักสูตรเทคโนโลยีบัณฑิตสาขาวิชาธุรกิจ วิศวกรรม,,,0,5,88,5,54.4263,48.6307
มหาวิทยาลัยศิลปากร,สนามจันทร์,10080213213501B,0,A0070,คณะเทคโนโลยีสารสนเทศและการ สื่อสาร,หลักสูตรศิลปศาสตรและวิทยาศาสตรบัณฑิตสาขาวิชาเทคโนโลยีสื่อสร้างสรรค์,รูปแบบที่ 1 พื้นฐาน วิทยาศาสตร์,,3048,60,52,0,0.0000,0.0000
มหาวิทยาลัยศิลปากร,สนามจันทร์,10080213213501B,0,A0072,คณะเทคโนโลยีสารสนเทศและการ สื่อสาร,หลักสูตรศิลปศาสตรและวิทยาศาสตรบัณฑิตสาขาวิชาเทคโนโลยีสื่อสร้างสรรค์,รูปแบบที่ 2 พื้นฐาน ศิลปศาสต์รรูปแบบที่ 1,,3048,60,183,8,60.8955,58.3123
มหาวิทยาลัยศิลปากร,สนามจันทร์,10080213213501B,0,A0073,คณะเทคโนโลยีสารสนเทศและการ สื่อสาร,หลักสูตรศิลปศาสตรและวิทยาศาสตรบัณฑิตสาขาวิชาเทคโนโลยีสื่อสร้างสรรค์,รูปแบบที่ 3 พื้นฐาน ศิลปศาสต์รรูปแบบที่ 2,,3048,60,88,6,68.5648,58.8255
มหาวิทยาลัยศิลปากร,สนามจันทร์,10080213213501B,0,A0074,คณะเทคโนโลยีสารสนเทศและการ สื่อสาร,หลักสูตรศิลปศาสตรและวิทยาศาสตรบัณฑิตสาขาวิชาเทคโนโลยีสื่อสร้างสรรค์,รูปแบบที่ 4 พื้นฐาน ศิลปศาสต์รรูปแบบที่ 3,,3048,60,264,46,76.4165,58.3333
มหาวิทยาลัยศิลปากร,เพชรบุรี,10080311500401A,0,0,คณะสัตวศาสตร์และเทคโนโลยีการเกษตร,หลักสูตรวิทยาศาสตรบัณฑิตสาขาวิชา เทคโนโลยีการผลิตพืช,,,0,100,553,100,94.4308,66.6708
มหาวิทยาลัยศิลปากร,เพชรบุรี,10080311500403A,0,0,คณะสัตวศาสตร์และเทคโนโลยีการเกษตร,หลักสูตรวิทยาศาสตรบัณฑิตสาขาวิชา ผู้ประกอบการธุรกิจการเกษตรและอาหาร,,,0,80,550,80,87.8354,69.2303
มหาวิทยาลัยศิลปากร,เพชรบุรี,10080311500404A,0,0,คณะสัตวศาสตร์และเทคโนโลยีการเกษตร,หลักสูตรวิทยาศาสตรบัณฑิตสาขาวิชาส่งเสริม การเกษตร,,,0,120,341,88,98.5000,48.5000
มหาวิทยาลัยศิลปากร,เพชรบุรี,10080311500602A,0,0,คณะสัตวศาสตร์และเทคโนโลยีการเกษตร,หลักสูตรวิทยาศาสตรบัณฑิตสาขาวิชา วิทยาศาสตร์การประมง,,,0,80,390,80,89.4701,73.4250
มหาวิทยาลัยศิลปากร,เพชรบุรี,10080311501201A,0,0,คณะสัตวศาสตร์และเทคโนโลยีการเกษตร,หลักสูตรวิทยาศาสตรบัณฑิตสาขาวิชาสัตว ศาสตร์,,,0,50,280,50,76.4586,62.7600
มหาวิทยาลัยศิลปากร,เพชรบุรี,10080312610201B,0,A0054,คณะวิทยาการจัดการ,หลักสูตรบริหารธุรกิจบัณฑิตสาขาวิชาการ จัดการงานนิทรรศการและงานอีเวนต์,โครงการเด็ก ดี อยาก เรียน กลุ่มเรียนที่ จัดการเรียนสอน ณ วิทยาเขตสารสนเทศ เพชรบุรี,,0,70,754,70,68.7830,55.1840
มหาวิทยาลัยศิลปากร,เพชรบุรี,10080312610201B,0,A0057,คณะวิทยาการจัดการ,หลักสูตรบริหารธุรกิจบัณฑิตสาขาวิชาการ จัดการงานนิทรรศการและงานอีเวนต์,โครงการเด็ก ดี มี โอกาส กลุ่มเรียนที่ จัดการเรียนสอน ณ วิทยาเขตสารสนเทศ เพชรบุรี,,0,70,596,90,83.7500,62.0000
มหาวิทยาลัยศิลปากร,เพชรบุรี,10080312610202B,0,A0054,คณะวิทยาการจัดการ,หลักสูตรบริหารธุรกิจบัณฑิตสาขาวิชาการ จัดการธุรกิจและภาษา,โครงการเด็ก ดี อยาก เรียน กลุ่มเรียนที่ จัดการเรียนสอน ณ วิทยาเขตสารสนเทศ เพชรบุรี,,0,120,443,120,71.4160,39.1666
มหาวิทยาลัยศิลปากร,เพชรบุรี,10080312610202B,0,A0057,คณะวิทยาการจัดการ,หลักสูตรบริหารธุรกิจบัณฑิตสาขาวิชาการ จัดการธุรกิจและภาษา,โครงการเด็ก ดี มี โอกาส กลุ่มเรียนที่ จัดการเรียนสอน ณ วิทยาเขตสารสนเทศ เพชรบุรี,,0,120,257,71,92.0000,17.5000
มหาวิทยาลัยศิลปากร,เพชรบุรี,10080312610203B,0,A0054,คณะวิทยาการจัดการ,หลักสูตรบริหารธุรกิจบัณฑิตสาขาวิชาการ จัดการนวัตกรรมทางธุรกิจ,โครงการเด็ก ดี อยาก เรียน กลุ่มเรียนที่ จัดการเรียนสอน ณ วิทยาเขตสารสนเทศ เพชรบุรี,,0,100,504,105,75.0000,62.0830
มหาวิทยาลัยศิลปากร,เพชรบุรี,10080312610203B,0,A0057,คณะวิทยาการจัดการ,หลักสูตรบริหารธุรกิจบัณฑิตสาขาวิชาการ จัดการนวัตกรรมทางธุรกิจ,โครงการเด็ก ดี มี โอกาส กลุ่มเรียนที่ จัดการเรียนสอน ณ วิทยาเขตสารสนเทศ เพชรบุรี,,0,100,282,96,66.0000,26.0000
มหาวิทยาลัยศิลปากร,เพชรบุรี,10080312610204B,0,A0054,คณะวิทยาการจัดการ,หลักสูตรบริหารธุรกิจบัณฑิตสาขาวิชาการ จัดการ ธุรกิจกีฬา นันทนาการ และเวลเนส,โครงการเด็ก ดี อยาก เรียน กลุ่มเรียนที่ จัดการเรียนสอน ณ วิทยาเขตสารสนเทศ เพชรบุรี,,0,120,64,14,51.4920,27.0280
มหาวิทยาลัยศิลปากร,เพชรบุรี,10080312610204B,0,A0057,คณะวิทยาการจัดการ,หลักสูตรบริหารธุรกิจบัณฑิตสาขาวิชาการ จัดการ ธุรกิจกีฬา นันทนาการ และเวลเนส,โครงการเด็ก ดี มี โอกาส กลุ่มเรียนที่ จัดการเรียนสอน ณ วิทยาเขตสารสนเทศ เพชรบุรี,,0,100,13,1,22.5000,22.5000
มหาวิทยาลัยศิลปากร,เพชรบุรี,10080312610501B,0,A0054,คณะวิทยาการจัดการ,หลักสูตรบัญชีบัณฑิต,โครงการเด็ก ดี อยาก เรียน กลุ่มเรียนที่ จัดการเรียนสอน ณ วิทยาเขตสารสนเทศ เพชรบุรี,,0,120,728,122,76.8745,51.8745
มหาวิทยาลัยศิลปากร,เพชรบุรี,10080312610501B,0,A0057,คณะวิทยาการจัดการ,หลักสูตรบัญชีบัณฑิต,โครงการเด็ก ดี มี โอกาส กลุ่มเรียนที่ จัดการเรียนสอน ณ วิทยาเขตสารสนเทศ เพชรบุรี,,0,120,373,120,71.3750,29.8750
มหาวิทยาลัยศิลปากร,เพชรบุรี,10080312611001B,0,A0054,คณะวิทยาการจัดการ,หลักสูตรบริหารธุรกิจบัณฑิตสาขาวิชาการ จัดการโลจิสติกส์ระหว่างประเทศ,โครงการเด็ก ดี อยาก เรียน กลุ่มเรียนที่ จัดการเรียนสอน ณ วิทยาเขตสารสนเทศ เพชรบุรี,,0,70,618,71,68.7500,48.6664
มหาวิทยาลัยศิลปากร,เพชรบุรี,10080312611001B,0,A0057,คณะวิทยาการจัดการ,หลักสูตรบริหารธุรกิจบัณฑิตสาขาวิชาการ จัดการโลจิสติกส์ระหว่างประเทศ,โครงการเด็ก ดี มี โอกาส กลุ่มเรียนที่ จัดการเรียนสอน ณ วิทยาเขตสารสนเทศ เพชรบุรี,,0,70,312,70,56.6000,29.0000
มหาวิทยาลัยศิลปากร,เพชรบุรี,10080312620101B,0,A0054,คณะวิทยาการจัดการ,หลักสูตรศิลปศาสตรบัณฑิตสาขาวิชาการ จัดการการท่องเที่ยว,โครงการเด็ก ดี อยาก เรียน กลุ่มเรียนที่ จัดการเรียนสอน ณ วิทยาเขตสารสนเทศ เพชรบุรี,,0,100,338,99,61.4020,28.6900
มหาวิทยาลัยศิลปากร,เพชรบุรี,10080312620101B,0,A0057,คณะวิทยาการจัดการ,หลักสูตรศิลปศาสตรบัณฑิตสาขาวิชาการ จัดการการท่องเที่ยว,โครงการเด็ก ดี มี โอกาส กลุ่มเรียนที่ จัดการเรียนสอน ณ วิทยาเขตสารสนเทศ เพชรบุรี,,0,100,316,102,86.2500,42.0000
มหาวิทยาลัยศิลปากร,เพชรบุรี,10080312620102B,0,A0054,คณะวิทยาการจัดการ,หลักสูตรบริหารธุรกิจบัณฑิตสาขาวิชาการ จัดการโรงแรม,โครงการเด็ก ดี อยาก เรียน กลุ่มเรียนที่ จัดการเรียนสอน ณ วิทยาเขตสารสนเทศ เพชรบุรี,,0,100,231,66,68.9430,24.4090
มหาวิทยาลัยศิลปากร,เพชรบุรี,10080312620102B,0,A0057,คณะวิทยาการจัดการ,หลักสูตรบริหารธุรกิจบัณฑิตสาขาวิชาการ จัดการโรงแรม,โครงการเด็ก ดี มี โอกาส กลุ่มเรียนที่ จัดการเรียนสอน ณ วิทยาเขตสารสนเทศ เพชรบุรี,,0,100,240,68,82.5000,30.0000
มหาวิทยาลัยศิลปากร,เพชรบุรี,10080312903101B,0,A0054,คณะวิทยาการจัดการ,หลักสูตรรัฐประศาสนศาสตรบัณฑิตสาขาวิชา รัฐประศาสนศาสตร์,โครงการเด็ก ดี อยาก เรียน กลุ่มเรียนที่ จัดการเรียนสอน ณ วิทยาเขตสารสนเทศ เพชรบุรี,,0,100,262,86,56.1720,22.0230
มหาวิทยาลัยศิลปากร,เพชรบุรี,10080312903101B,0,A0057,คณะวิทยาการจัดการ,หลักสูตรรัฐประศาสนศาสตรบัณฑิตสาขาวิชา รัฐประศาสนศาสตร์,โครงการเด็ก ดี มี โอกาส กลุ่มเรียนที่ จัดการเรียนสอน ณ วิทยาเขตสารสนเทศ เพชรบุรี,,0,100,320,101,76.0000,48.0000
มหาวิทยาลัยศิลปากร,เพชรบุรี,10080312903501A,0,A0054,คณะวิทยาการจัดการ,หลักสูตรศิลปศาสตรบัณฑิตสาขาวิชาการ จัดการชุมชน,โครงการเด็ก ดี อยาก เรียน กลุ่มเรียนที่ จัดการเรียนสอน ณ วิทยาเขตสารสนเทศ เพชรบุรี,,0,80,203,61,58.1590,30.3770
มหาวิทยาลัยศิลปากร,เพชรบุรี,10080312903501A,0,A0057,คณะวิทยาการจัดการ,หลักสูตรศิลปศาสตรบัณฑิตสาขาวิชาการ จัดการชุมชน,โครงการเด็ก ดี มี โอกาส กลุ่มเรียนที่ จัดการเรียนสอน ณ วิทยาเขตสารสนเทศ เพชรบุรี,,0,80,120,37,59.6000,21.4000
มหาวิทยาลัยศิลปากร,เพชรบุรี,10080313220101B,A,A0070,คณะเทคโนโลยีสารสนเทศและการ สื่อสาร,หลักสูตรวิทยาศาสตรบัณฑิตสาขาวิชา เทคโนโลยีดิจิทัลเพื่อการออกแบบ,รูปแบบที่ 1 พื้นฐาน วิทยาศาสตร์,การ ออกแบบอิน เทอร์แอค ทีฟแอป พลิเคชัน,3045,30,2,1,53.9870,53.9870
มหาวิทยาลัยศิลปากร,เพชรบุรี,10080313220101B,A,A0071,คณะเทคโนโลยีสารสนเทศและการ สื่อสาร,หลักสูตรวิทยาศาสตรบัณฑิตสาขาวิชา เทคโนโลยีดิจิทัลเพื่อการออกแบบ,รูปแบบที่ 2 พื้นฐาน ศิลปศาสตร์,การ ออกแบบอิน เทอร์แอค ทีฟแอป พลิเคชัน,3045,30,25,12,57.0527,45.1698
มหาวิทยาลัยศิลปากร,เพชรบุรี,10080313220101B,B,A0070,คณะเทคโนโลยีสารสนเทศและการ สื่อสาร,หลักสูตรวิทยาศาสตรบัณฑิตสาขาวิชา เทคโนโลยีดิจิทัลเพื่อการออกแบบ,รูปแบบที่ 1 พื้นฐาน วิทยาศาสตร์,การ ออกแบบ แอนิเมชัน,3046,25,9,1,61.4974,61.4974
มหาวิทยาลัยศิลปากร,เพชรบุรี,10080313220101B,B,A0071,คณะเทคโนโลยีสารสนเทศและการ สื่อสาร,หลักสูตรวิทยาศาสตรบัณฑิตสาขาวิชา เทคโนโลยีดิจิทัลเพื่อการออกแบบ,รูปแบบที่ 2 พื้นฐาน ศิลปศาสตร์,การ ออกแบบ แอนิเมชัน,3046,25,113,24,66.4812,59.5945
มหาวิทยาลัยศิลปากร,เพชรบุรี,10080313220101B,C,A0070,คณะเทคโนโลยีสารสนเทศและการ สื่อสาร,หลักสูตรวิทยาศาสตรบัณฑิตสาขาวิชา เทคโนโลยีดิจิทัลเพื่อการออกแบบ,รูปแบบที่ 1 พื้นฐาน วิทยาศาสตร์,การ ออกแบบเกม,3047,10,4,0,0.0000,0.0000
มหาวิทยาลัยศิลปากร,เพชรบุรี,10080313220101B,C,A0071,คณะเทคโนโลยีสารสนเทศและการ สื่อสาร,หลักสูตรวิทยาศาสตรบัณฑิตสาขาวิชา เทคโนโลยีดิจิทัลเพื่อการออกแบบ,รูปแบบที่ 2 พื้นฐาน ศิลปศาสตร์,การ ออกแบบเกม,3047,10,60,10,58.9972,55.0072
มหาวิทยาลัยศิลปากร,เพชรบุรี,10080313220102B,0,A0062,คณะเทคโนโลยีสารสนเทศและการ สื่อสาร,หลักสูตรวิทยาศาสตรบัณฑิตสาขาวิชา เทคโนโลยีดิจิทัลเพื่อธุรกิจ,รูปแบบที่ 1,,3043,50,26,0,0.0000,0.0000
มหาวิทยาลัยศิลปากร,เพชรบุรี,10080313220102B,0,A0063,คณะเทคโนโลยีสารสนเทศและการ สื่อสาร,หลักสูตรวิทยาศาสตรบัณฑิตสาขาวิชา เทคโนโลยีดิจิทัลเพื่อธุรกิจ,รูปแบบที่ 2,,3043,50,5,0,0.0000,0.0000
มหาวิทยาลัยศิลปากร,เพชรบุรี,10080313220102B,0,A0064,คณะเทคโนโลยีสารสนเทศและการ สื่อสาร,หลักสูตรวิทยาศาสตรบัณฑิตสาขาวิชา เทคโนโลยีดิจิทัลเพื่อธุรกิจ,รูปแบบที่ 3,,3043,50,10,0,0.0000,0.0000
มหาวิทยาลัยศิลปากร,เพชรบุรี,10080313220102B,0,A0065,คณะเทคโนโลยีสารสนเทศและการ สื่อสาร,หลักสูตรวิทยาศาสตรบัณฑิตสาขาวิชา เทคโนโลยีดิจิทัลเพื่อธุรกิจ,รูปแบบที่ 4,,3043,50,73,2,69.5000,64.5000
มหาวิทยาลัยศิลปากร,เพชรบุรี,10080313220102B,0,A0066,คณะเทคโนโลยีสารสนเทศและการ สื่อสาร,หลักสูตรวิทยาศาสตรบัณฑิตสาขาวิชา เทคโนโลยีดิจิทัลเพื่อธุรกิจ,รูปแบบที่ 5,,3043,50,15,0,0.0000,0.0000
มหาวิทยาลัยศิลปากร,เพชรบุรี,10080313220102B,0,A0067,คณะเทคโนโลยีสารสนเทศและการ สื่อสาร,หลักสูตรวิทยาศาสตรบัณฑิตสาขาวิชา เทคโนโลยีดิจิทัลเพื่อธุรกิจ,รูปแบบที่ 6,,3043,50,54,4,68.9500,64.5500
มหาวิทยาลัยศิลปากร,เพชรบุรี,10080313220102B,0,A0068,คณะเทคโนโลยีสารสนเทศและการ สื่อสาร,หลักสูตรวิทยาศาสตรบัณฑิตสาขาวิชา เทคโนโลยีดิจิทัลเพื่อธุรกิจ,รูปแบบที่ 7,,3043,50,134,8,70.8500,64.4500
มหาวิทยาลัยศิลปากร,เพชรบุรี,10080313220102B,0,A0069,คณะเทคโนโลยีสารสนเทศและการ สื่อสาร,หลักสูตรวิทยาศาสตรบัณฑิตสาขาวิชา เทคโนโลยีดิจิทัลเพื่อธุรกิจ,รูปแบบที่ 8,,3043,50,452,36,77.1364,64.4126
มหาวิทยาลัยศิลปากร,เพชรบุรี,10080314110101A,0,0,คณะสหเวชศาสตร์,หลักสูตรวิทยาศาสตรบัณฑิตสาขาวิชา กายภาพบำบัด,,,0,60,1430,60,58.6028,52.7650
มหาวิทยาลัยศิลปากร,เมืองทองธานี,10080412900201B,0,A0056,คณะวิทยาการจัดการ,หลักสูตรรัฐประศาสนศาสตรบัณฑิตสาขาวิชา การจัดการปกครองดิจิทัล,โครงการเด็ก ดี อยาก เรียน กลุ่มเรียนที่ จัดการเรียนสอน ณ เมืองทองธานี จ. นนทบุรี,,0,60,681,60,68.9580,58.5415
มหาวิทยาลัยศิลปากร,เมืองทองธานี,10080412900201B,0,A0081,คณะวิทยาการจัดการ,หลักสูตรรัฐประศาสนศาสตรบัณฑิตสาขาวิชา การจัดการปกครองดิจิทัล,โครงการเด็ก ดี มี โอกาส กลุ่มเรียนที่ จัดการเรียนสอน ณ เมืองทองธานี จ. นนทบุรี (รูปแบบที่ 1),,3042,30,85,0,0.0000,0.0000
มหาวิทยาลัยศิลปากร,เมืองทองธานี,10080412900201B,0,A0082,คณะวิทยาการจัดการ,หลักสูตรรัฐประศาสนศาสตรบัณฑิตสาขาวิชา การจัดการปกครองดิจิทัล,โครงการเด็ก ดี มี โอกาส กลุ่มเรียนที่ จัดการเรียนสอน ณ เมืองทองธานี จ. นนทบุรี (รูปแบบที่ 2),,3042,30,225,31,57.0000,48.5000
มหาวิทยาลัยศิลปากร,เมืองทองธานี,10080413901101B,0,A0070,คณะเทคโนโลยีสารสนเทศและการ สื่อสาร,หลักสูตรนิเทศศาสตรบัณฑิตสาขาวิชานิเทศ ศาสตร์,รูปแบบที่ 1 พื้นฐาน วิทยาศาสตร์,,3044,130,745,65,73.2868,59.2423
มหาวิทยาลัยศิลปากร,เมืองทองธานี,10080413901101B,0,A0072,คณะเทคโนโลยีสารสนเทศและการ สื่อสาร,หลักสูตรนิเทศศาสตรบัณฑิตสาขาวิชานิเทศ ศาสตร์,รูปแบบที่ 2 พื้นฐาน ศิลปศาสต์รรูปแบบที่ 1,,3044,130,1323,47,68.3048,59.2898
มหาวิทยาลัยศิลปากร,เมืองทองธานี,10080413901101B,0,A0073,คณะเทคโนโลยีสารสนเทศและการ สื่อสาร,หลักสูตรนิเทศศาสตรบัณฑิตสาขาวิชานิเทศ ศาสตร์,รูปแบบที่ 3 พื้นฐาน ศิลปศาสต์รรูปแบบที่ 2,,3044,130,435,18,71.5728,60.0398
มหาวิทยาลัยศิลปากร,บางรัก,10080512610202B,0,A0055,คณะวิทยาการจัดการ,หลักสูตรบริหารธุรกิจบัณฑิตสาขาวิชาการ จัดการธุรกิจและภาษา,โครงการเด็ก ดี อยาก เรียน กลุ่มเรียนที่ จัดการเรียนสอน ณ พื้นที่การศึกษาบาง รัก กรุงเทพมหานคร,,0,80,729,80,83.9492,62.7494
มหาวิทยาลัยศิลปากร,บางรัก,10080512610202B,0,A0058,คณะวิทยาการจัดการ,หลักสูตรบริหารธุรกิจบัณฑิตสาขาวิชาการ จัดการธุรกิจและภาษา,โครงการเด็ก ดี มี โอกาส กลุ่มเรียนที่ จัดการเรียนสอน ณ พื้นที่การศึกษาบาง รัก กรุงเทพมหานคร,,0,80,452,83,88.7500,55.0000
มหาวิทยาลัยศิลปากร,บางรัก,10080512610203B,0,A0055,คณะวิทยาการจัดการ,หลักสูตรบริหารธุรกิจบัณฑิตสาขาวิชาการ จัดการนวัตกรรมทางธุรกิจ,โครงการเด็ก ดี อยาก เรียน กลุ่มเรียนที่ จัดการเรียนสอน ณ พื้นที่การศึกษาบาง รัก กรุงเทพมหานคร,,0,120,1630,124,83.5440,72.0830
มหาวิทยาลัยศิลปากร,บางรัก,10080512610203B,0,A0058,คณะวิทยาการจัดการ,หลักสูตรบริหารธุรกิจบัณฑิตสาขาวิชาการ จัดการนวัตกรรมทางธุรกิจ,โครงการเด็ก ดี มี โอกาส กลุ่มเรียนที่ จัดการเรียนสอน ณ พื้นที่การศึกษาบาง รัก กรุงเทพมหานคร,,0,20,561,26,80.0000,70.0000
มหาวิทยาลัยศิลปากร,บางรัก,10080512610601B,0,A0055,คณะวิทยาการจัดการ,หลักสูตรบริหารธุรกิจบัณฑิตสาขาวิชา การตลาด,โครงการเด็ก ดี อยาก เรียน กลุ่มเรียนที่ จัดการเรียนสอน ณ พื้นที่การศึกษาบาง รัก กรุงเทพมหานคร,,0,90,1103,91,73.3332,61.9998
มหาวิทยาลัยศิลปากร,บางรัก,10080512610601B,0,A0058,คณะวิทยาการจัดการ,หลักสูตรบริหารธุรกิจบัณฑิตสาขาวิชา การตลาด,โครงการเด็ก ดี มี โอกาส กลุ่มเรียนที่ จัดการเรียนสอน ณ พื้นที่การศึกษาบาง รัก กรุงเทพมหานคร,,0,40,357,40,61.6000,46.8000
มหาวิทยาลัยศรีนครินทรวิโรฒ,ประสานมิตร,10090101702001A,0,A0001,คณะมนุษยศาสตร์,หลักสูตรการศึกษาบัณฑิตสาขาวิชาภาษาไทย (กศ.บ.),Admission,,0,13,224,13,80.5102,74.4969
มหาวิทยาลัยศรีนครินทรวิโรฒ,ประสานมิตร,10090101702002A,0,A0018,คณะมนุษยศาสตร์,หลักสูตรการศึกษาบัณฑิตสาขาวิชา ภาษาอังกฤษ (กศ.บ.),Admission (รับกลุ่ม แกนกลาง),,3009,16,90,16,75.4626,68.3255
มหาวิทยาลัยศรีนครินทรวิโรฒ,ประสานมิตร,10090101702002A,0,A0019,คณะมนุษยศาสตร์,หลักสูตรการศึกษาบัณฑิตสาขาวิชา ภาษาอังกฤษ (กศ.บ.),Admission (รับกลุ่ม นานาชาติ GED),,3009,16,0,0,0.0000,0.0000
มหาวิทยาลัยศรีนครินทรวิโรฒ,ประสานมิตร,10090101900701A,0,A0001,คณะมนุษยศาสตร์,หลักสูตรวิทยาศาสตรบัณฑิตสาขาวิชาจิตวิทยา,Admission,,0,55,953,55,72.8190,64.7010
มหาวิทยาลัยศรีนครินทรวิโรฒ,ประสานมิตร,10090101900701B,0,A0001,คณะมนุษยศาสตร์,หลักสูตรวิทยาศาสตรบัณฑิตสาขาวิชาจิตวิทยา (โครงการพิเศษ),Admission,,0,26,506,26,68.2745,62.0040
มหาวิทยาลัยศรีนครินทรวิโรฒ,ประสานมิตร,10090101901201A,0,A0002,คณะมนุษยศาสตร์,หลักสูตรศิลปศาสตรบัณฑิตสาขาวิชา สารสนเทศศึกษา,Admission (รับกลุ่ม แกนกลาง),,3001,44,344,42,58.7834,50.3010
มหาวิทยาลัยศรีนครินทรวิโรฒ,ประสานมิตร,10090101901201A,0,A0003,คณะมนุษยศาสตร์,หลักสูตรศิลปศาสตรบัณฑิตสาขาวิชา สารสนเทศศึกษา,Admission (รับกลุ่ม นานาชาติ อาชีวะ กศน. GED),,3001,44,19,2,52.9444,51.0942
มหาวิทยาลัยศรีนครินทรวิโรฒ,ประสานมิตร,10090101901201B,0,A0004,คณะมนุษยศาสตร์,หลักสูตรศิลปศาสตรบัณฑิตสาขาวิชา สารสนเทศศึกษา (โครงการพิเศษ),Admission (รับกลุ่ม แกนกลาง),,3002,48,300,47,55.7532,46.5402
มหาวิทยาลัยศรีนครินทรวิโรฒ,ประสานมิตร,10090101901201B,0,A0005,คณะมนุษยศาสตร์,หลักสูตรศิลปศาสตรบัณฑิตสาขาวิชา สารสนเทศศึกษา (โครงการพิเศษ),Admission (รับกลุ่ม นานาชาติ อาชีวะ กศน. GED),,3002,48,22,1,46.8226,46.8226
มหาวิทยาลัยศรีนครินทรวิโรฒ,ประสานมิตร,10090101901501A,0,A0001,คณะมนุษยศาสตร์,หลักสูตรศิลปศาสตรบัณฑิตสาขาวิชาปรัชญา และศาสนา,Admission,,0,42,603,42,57.4222,53.8817
มหาวิทยาลัยศรีนครินทรวิโรฒ,ประสานมิตร,10090101902001A,0,A0012,คณะมนุษยศาสตร์,หลักสูตรศิลปศาสตรบัณฑิตสาขาวิชาภาษาไทย,Admission (รับกลุ่ม แกนกลาง),,3006,55,576,55,69.2858,60.3490
มหาวิทยาลัยศรีนครินทรวิโรฒ,ประสานมิตร,10090101902001A,0,A0013,คณะมนุษยศาสตร์,หลักสูตรศิลปศาสตรบัณฑิตสาขาวิชาภาษาไทย,Admission (รับกลุ่ม นานาชาติ อาชีวะ กศน.),,3006,55,10,0,0.0000,0.0000
มหาวิทยาลัยศรีนครินทรวิโรฒ,ประสานมิตร,10090101902501E,0,A0001,คณะมนุษยศาสตร์,หลักสูตรศิลปศาสตรบัณฑิตสาขาวิชาภาษา เพื่ออาชีพ (หลักสูตรนานาชาต)ิ,Admission,,0,180,1178,184,87.5000,61.2500
มหาวิทยาลัยศรีนครินทรวิโรฒ,ประสานมิตร,10090101902502E,A,A0006,คณะมนุษยศาสตร์,หลักสูตรศิลปศาสตรบัณฑิตสาขาวิชาภาษา เพื่อการสื่อสาร (หลักสูตรนานาชาต)ิ,Admission- สาขาวิชาภาษาเพื่อ การสื่อสาร (หลักสูตรนานาชาต)ิ วิชาเอก ภาษาอังกฤษ - ภาษาฝรั่งเศส (รับ กลุ่ม แกนกลาง),วิชาเอก ภาษาอังกฤษ - ภาษา ฝรั่งเศส (หลักสูตร นานาชาติ),3003,64,203,64,70.7645,52.1990
มหาวิทยาลัยศรีนครินทรวิโรฒ,ประสานมิตร,10090101902502E,A,A0007,คณะมนุษยศาสตร์,หลักสูตรศิลปศาสตรบัณฑิตสาขาวิชาภาษา เพื่อการสื่อสาร (หลักสูตรนานาชาต)ิ,Admission- สาขาวิชาภาษาเพื่อ การสื่อสาร (หลักสูตรนานาชาต)ิ วิชาเอก ภาษาอังกฤษ - ภาษาฝรั่งเศส (รับ กลุ่ม นานาชาติ),วิชาเอก ภาษาอังกฤษ - ภาษา ฝรั่งเศส (หลักสูตร นานาชาติ),3003,64,0,0,0.0000,0.0000
มหาวิทยาลัยศรีนครินทรวิโรฒ,ประสานมิตร,10090101902502E,B,A0008,คณะมนุษยศาสตร์,หลักสูตรศิลปศาสตรบัณฑิตสาขาวิชาภาษา เพื่อการสื่อสาร (หลักสูตรนานาชาต)ิ,Admission- สาขาวิชาภาษาเพื่อ การสื่อสาร (หลักสูตรนานาชาต)ิ วิชาเอก ภาษาอังกฤษ - ภาษาเยอรมัน (รับ กลุ่ม แกนกลาง),วิชาเอก ภาษาอังกฤษ - ภาษาเยอรมัน (หลักสูตร นานาชาติ),3004,34,122,25,74.8890,50.6250
มหาวิทยาลัยศรีนครินทรวิโรฒ,ประสานมิตร,10090101902502E,B,A0009,คณะมนุษยศาสตร์,หลักสูตรศิลปศาสตรบัณฑิตสาขาวิชาภาษา เพื่อการสื่อสาร (หลักสูตรนานาชาต)ิ,Admission- สาขาวิชาภาษาเพื่อ การสื่อสาร (หลักสูตรนานาชาต)ิ วิชาเอก ภาษาอังกฤษ - ภาษาเยอรมัน (รับ กลุ่ม นานาชาติ,วิชาเอก ภาษาอังกฤษ - ภาษาเยอรมัน (หลักสูตร นานาชาติ),3004,34,0,0,0.0000,0.0000
มหาวิทยาลัยศรีนครินทรวิโรฒ,ประสานมิตร,10090101902502E,C,A0010,คณะมนุษยศาสตร์,หลักสูตรศิลปศาสตรบัณฑิตสาขาวิชาภาษา เพื่อการสื่อสาร (หลักสูตรนานาชาต)ิ,Admission- สาขาวิชาภาษาเพื่อ การสื่อสาร (หลักสูตรนานาชาต)ิ วิชาเอก ภาษาอังกฤษ - ภาษาจีน (รับกลุ่ม แกนกลาง),วิชาเอก ภาษาอังกฤษ - ภาษาจีน (หลักสูตร นานาชาติ),3005,31,180,31,78.4835,59.3625
มหาวิทยาลัยศรีนครินทรวิโรฒ,ประสานมิตร,10090101902502E,C,A0011,คณะมนุษยศาสตร์,หลักสูตรศิลปศาสตรบัณฑิตสาขาวิชาภาษา เพื่อการสื่อสาร (หลักสูตรนานาชาต)ิ,Admission- สาขาวิชาภาษาเพื่อ การสื่อสาร (หลักสูตรนานาชาต)ิ วิชาเอก ภาษาอังกฤษ - ภาษาจีน (รับกลุ่ม นานาชาติ),วิชาเอก ภาษาอังกฤษ - ภาษาจีน (หลักสูตร นานาชาติ),3005,31,0,0,0.0000,0.0000
มหาวิทยาลัยศรีนครินทรวิโรฒ,ประสานมิตร,10090101902503A,0,A0014,คณะมนุษยศาสตร์,หลักสูตรศิลปศาสตรบัณฑิตสาขาวิชา ภาษาอังกฤษ,Admission (รับกลุ่ม แกนกลาง),,3007,59,609,58,81.3691,67.4954
มหาวิทยาลัยศรีนครินทรวิโรฒ,ประสานมิตร,10090101902503A,0,A0015,คณะมนุษยศาสตร์,หลักสูตรศิลปศาสตรบัณฑิตสาขาวิชา ภาษาอังกฤษ,Admission (รับกลุ่ม นานาชาติ อาชีวะ กศน. GED),,3007,59,9,1,67.6099,67.6099
มหาวิทยาลัยศรีนครินทรวิโรฒ,ประสานมิตร,10090101902503B,0,A0016,คณะมนุษยศาสตร์,หลักสูตรศิลปศาสตรบัณฑิตสาขาวิชา ภาษาอังกฤษ (โครงการพิเศษ),Admission (รับกลุ่ม แกนกลาง),,3008,29,269,29,74.2250,62.3710
มหาวิทยาลัยศรีนครินทรวิโรฒ,ประสานมิตร,10090101902503B,0,A0017,คณะมนุษยศาสตร์,หลักสูตรศิลปศาสตรบัณฑิตสาขาวิชา ภาษาอังกฤษ (โครงการพิเศษ),Admission (รับกลุ่ม นานาชาติ อาชีวะ กศน. GED),,3008,29,11,0,0.0000,0.0000
มหาวิทยาลัยศรีนครินทรวิโรฒ,ประสานมิตร,10090101902601A,0,A0001,คณะมนุษยศาสตร์,หลักสูตรศิลปศาสตรบัณฑิตสาขาภาษาและ วัฒนธรรมอาเซียน,Admission,,0,29,384,29,63.9035,56.0033
มหาวิทยาลัยศรีนครินทรวิโรฒ,ประสานมิตร,10090101902601B,0,A0001,คณะมนุษยศาสตร์,หลักสูตรศิลปศาสตรบัณฑิตสาขาภาษาและ วัฒนธรรมอาเซียน (โครงการพิเศษ),Admission,,0,35,516,35,58.1851,53.6036
มหาวิทยาลัยศรีนครินทรวิโรฒ,ประสานมิตร,10090101902801A,A,A0001,คณะมนุษยศาสตร์,หลักสูตรศิลปศาสตรบัณฑิตสาขาวิชาภาษา ตะวันออก,Admission- สาขาวิชาภาษา ตะวันออก วิชาเอก ภาษาจีน,วิชาเอก ภาษาจีน,0,50,615,50,76.2165,64.2410
มหาวิทยาลัยศรีนครินทรวิโรฒ,ประสานมิตร,10090101902801A,B,A0001,คณะมนุษยศาสตร์,หลักสูตรศิลปศาสตรบัณฑิตสาขาวิชาภาษา ตะวันออก,Admission- สาขาวิชาภาษา ตะวันออก วิชาเอก ภาษาญี่ปุ่น,วิชาเอก ภาษาญี่ปุ่น,0,50,549,50,85.9088,65.3453
มหาวิทยาลัยศรีนครินทรวิโรฒ,ประสานมิตร,10090101902801A,C,A0001,คณะมนุษยศาสตร์,หลักสูตรศิลปศาสตรบัณฑิตสาขาวิชาภาษา ตะวันออก,Admission- สาขาวิชาภาษา ตะวันออก วิชาเอก ภาษาเกาหลี,วิชาเอก ภาษาเกาหลี,0,50,269,50,70.8070,51.5548
มหาวิทยาลัยศรีนครินทรวิโรฒ,ประสานมิตร,10090101903301A,0,A0001,คณะมนุษยศาสตร์,หลักสูตรศิลปศาสตรบัณฑิตสาขาวิชา วรรณกรรมสำหรับเด็ก,Admission,,0,19,48,19,62.7017,49.2141
มหาวิทยาลัยศรีนครินทรวิโรฒ,ประสานมิตร,10090102210301A,0,A0020,คณะวิทยาศาสตร์,หลักสูตรวิทยาศาสตรบัณฑิตสาขาวิชา คณิตศาสตร์,Admission (รับกลุ่ม แกนกลาง),,3010,40,292,40,60.0442,47.8248
มหาวิทยาลัยศรีนครินทรวิโรฒ,ประสานมิตร,10090102210301A,0,A0021,คณะวิทยาศาสตร์,หลักสูตรวิทยาศาสตรบัณฑิตสาขาวิชา คณิตศาสตร์,Admission (รับกลุ่ม กศน.),,3010,40,1,0,0.0000,0.0000
มหาวิทยาลัยศรีนครินทรวิโรฒ,ประสานมิตร,10090102210401A,0,A0022,คณะวิทยาศาสตร์,หลักสูตรวิทยาศาสตรบัณฑิตสาขาวิชาเคมี,Admission (รับกลุ่ม แกนกลาง),,3011,77,258,77,55.5665,35.4630
มหาวิทยาลัยศรีนครินทรวิโรฒ,ประสานมิตร,10090102210401A,0,A0023,คณะวิทยาศาสตร์,หลักสูตรวิทยาศาสตรบัณฑิตสาขาวิชาเคมี,Admission (รับกลุ่ม นานาชาติ),,3011,77,0,0,0.0000,0.0000
มหาวิทยาลัยศรีนครินทรวิโรฒ,ประสานมิตร,10090102210501A,0,A0026,คณะวิทยาศาสตร์,หลักสูตรวิทยาศาสตรบัณฑิตสาขาวิชาจุล ชีววิทยา,Admission (รับกลุ่ม แกนกลาง),,3013,70,414,69,59.4492,46.3434
มหาวิทยาลัยศรีนครินทรวิโรฒ,ประสานมิตร,10090102210501A,0,A0027,คณะวิทยาศาสตร์,หลักสูตรวิทยาศาสตรบัณฑิตสาขาวิชาจุล ชีววิทยา,Admission (รับกลุ่ม นานาชาติ กศน. GED),,3013,70,13,1,46.5156,46.5156
มหาวิทยาลัยศรีนครินทรวิโรฒ,ประสานมิตร,10090102210701A,0,A0001,คณะวิทยาศาสตร์,หลักสูตรวิทยาศาสตรบัณฑิตสาขาวิชาชีววิทยา,Admission,,0,20,159,20,58.6274,44.1274
มหาวิทยาลัยศรีนครินทรวิโรฒ,ประสานมิตร,10090102212701A,0,A0001,คณะวิทยาศาสตร์,หลักสูตรวิทยาศาสตรบัณฑิตสาขาวิชาฟิสิกส์,Admission,,0,55,306,55,53.6784,41.9782
มหาวิทยาลัยศรีนครินทรวิโรฒ,ประสานมิตร,10090102212801A,0,A0028,คณะวิทยาศาสตร์,หลักสูตรวิทยาศาสตรบัณฑิตสาขาวิชาวัสุดศาสตร์,Admission (รับกลุ่ม แกนกลาง),,3014,34,313,30,54.4340,45.0385
มหาวิทยาลัยศรีนครินทรวิโรฒ,ประสานมิตร,10090102212801A,0,A0029,คณะวิทยาศาสตร์,หลักสูตรวิทยาศาสตรบัณฑิตสาขาวิชาวัสุดศาสตร์,Admission (รับกลุ่ม นานาชาติ อาชีวะ กศน. GED),,3014,34,27,4,50.5375,46.1745
มหาวิทยาลัยศรีนครินทรวิโรฒ,ประสานมิตร,10090102213301A,0,A0001,คณะวิทยาศาสตร์,หลักสูตรวิทยาศาสตรบัณฑิตสาขาวิชาสถิติ,Admission,,0,34,167,34,65.8928,48.8576
มหาวิทยาลัยศรีนครินทรวิโรฒ,ประสานมิตร,10090102220201A,0,A0024,คณะวิทยาศาสตร์,หลักสูตรวิทยาศาสตรบัณฑิตสาขาวิชา วิทยาการคอมพิวเตอร์,Admission (รับกลุ่ม แกนกลาง),,3012,29,308,27,71.7512,59.2436
มหาวิทยาลัยศรีนครินทรวิโรฒ,ประสานมิตร,10090102220201A,0,A0025,คณะวิทยาศาสตร์,หลักสูตรวิทยาศาสตรบัณฑิตสาขาวิชา วิทยาการคอมพิวเตอร์,Admission (รับกลุ่ม นานาชาติ อาชีวะ กศน. GED),,3012,29,41,2,69.5181,60.0831
มหาวิทยาลัยศรีนครินทรวิโรฒ,ประสานมิตร,10090102700801A,0,A0030,คณะวิทยาศาสตร์,หลักสูตรการศึกษาบัณฑิตสาขาวิชา คณิตศาสต์ร(กศ.บ.),Admission (รับกลุ่ม แกนกลาง),,3015,30,164,30,84.1364,69.6444
มหาวิทยาลัยศรีนครินทรวิโรฒ,ประสานมิตร,10090102700801A,0,A0031,คณะวิทยาศาสตร์,หลักสูตรการศึกษาบัณฑิตสาขาวิชา คณิตศาสต์ร(กศ.บ.),Admission (รับกลุ่ม นานาชาติ อาชีวะ กศน.),,3015,30,0,0,0.0000,0.0000
มหาวิทยาลัยศรีนครินทรวิโรฒ,ประสานมิตร,10090102701001A,0,A0032,คณะวิทยาศาสตร์,หลักสูตรการศึกษาบัณฑิตสาขาวิชาเคีม(กศ.บ.),Admission (รับกลุ่ม แกนกลาง),,3016,21,81,21,66.4833,49.0831
มหาวิทยาลัยศรีนครินทรวิโรฒ,ประสานมิตร,10090102701001A,0,A0033,คณะวิทยาศาสตร์,หลักสูตรการศึกษาบัณฑิตสาขาวิชาเคีม(กศ.บ.),Admission (รับกลุ่ม นานาชาติ),,3016,21,0,0,0.0000,0.0000
มหาวิทยาลัยศรีนครินทรวิโรฒ,ประสานมิตร,10090102701301A,0,A0034,คณะวิทยาศาสตร์,หลักสูตรการศึกษาบัณฑิตสาขาวิชาชีววิทยา (กศ.บ.),Admission (รับกลุ่ม แกนกลาง),,3017,17,143,17,66.2304,57.8428
มหาวิทยาลัยศรีนครินทรวิโรฒ,ประสานมิตร,10090102701301A,0,A0035,คณะวิทยาศาสตร์,หลักสูตรการศึกษาบัณฑิตสาขาวิชาชีววิทยา (กศ.บ.),Admission (รับกลุ่ม กศน.),,3017,17,0,0,0.0000,0.0000
มหาวิทยาลัยศรีนครินทรวิโรฒ,ประสานมิตร,10090102701801A,0,A0036,คณะวิทยาศาสตร์,หลักสูตรการศึกษาบัณฑิตสาขาวิชาฟิสิก์ส(กศ.บ.),Admission (รับกลุ่ม แกนกลาง),,3018,19,101,19,59.6207,50.5360
มหาวิทยาลัยศรีนครินทรวิโรฒ,ประสานมิตร,10090102701801A,0,A0037,คณะวิทยาศาสตร์,หลักสูตรการศึกษาบัณฑิตสาขาวิชาฟิสิก์ส(กศ.บ.),Admission (รับกลุ่ม นานาชาติ),,3018,19,0,0,0.0000,0.0000
มหาวิทยาลัยศรีนครินทรวิโรฒ,ประสานมิตร,10090102703801A,0,A0001,คณะวิทยาศาสตร์,หลักสูตรการศึกษาบัณฑิตสาขาวิชา วิทยาศาสตร์ทั่วไป (กศ.บ.),Admission,,0,30,451,30,67.2137,58.0251
มหาวิทยาลัยศรีนครินทรวิโรฒ,ประสานมิตร,10090103702701A,0,A0001,คณะสังคมศาสตร์,หลักสูตรการศึกษาบัณฑิตสาขาวิชาสังคม ศึกษา (กศ.บ.),Admission,,0,59,273,59,75.6322,60.7360
มหาวิทยาลัยศรีนครินทรวิโรฒ,ประสานมิตร,10090103901001A,0,A0001,คณะสังคมศาสตร์,หลักสูตรนิติศาสตรบัณฑิต,Admission,,0,70,615,70,69.1610,61.6580
มหาวิทยาลัยศรีนครินทรวิโรฒ,ประสานมิตร,10090103901001B,0,A0001,คณะสังคมศาสตร์,หลักสูตรนิติศาสตรบัณฑิต(โครงการพิเศษ),Admission,,0,35,385,35,66.3730,58.8595
มหาวิทยาลัยศรีนครินทรวิโรฒ,ประสานมิตร,10090103901401A,0,A0001,คณะสังคมศาสตร์,หลักสูตรศิลปศาสตรบัณฑิตสาขาวิชา ประวัติศาสตร์,Admission,,0,62,520,62,67.3470,56.4970
มหาวิทยาลัยศรีนครินทรวิโรฒ,ประสานมิตร,10090103901401B,0,A0001,คณะสังคมศาสตร์,หลักสูตรศิลปศาสตรบัณฑิตสาขาวิชา ประวัติศาสต์ร(โครงการพิเศษ),Admission,,0,42,287,42,60.4160,52.9020
มหาวิทยาลัยศรีนครินทรวิโรฒ,ประสานมิตร,10090103903001A,0,A0038,คณะสังคมศาสตร์,หลักสูตรวิทยาศาสตรบัณฑิตสาขาวิชา ภูมิศาสตร์และภูมิสารสนเทศ,Admission (รับกลุ่ม แกนกลาง),,3019,82,576,80,53.8528,44.8282
มหาวิทยาลัยศรีนครินทรวิโรฒ,ประสานมิตร,10090103903001A,0,A0039,คณะสังคมศาสตร์,หลักสูตรวิทยาศาสตรบัณฑิตสาขาวิชา ภูมิศาสตร์และภูมิสารสนเทศ,Admission (รับกลุ่ม นานาชาติ GED),,3019,82,8,2,50.8818,46.4886
มหาวิทยาลัยศรีนครินทรวิโรฒ,ประสานมิตร,10090103903001B,0,A0040,คณะสังคมศาสตร์,หลักสูตรวิทยาศาสตรบัณฑิตสาขาวิชา ภูมิศาสตร์และภูมิสารสนเทศ (โครงการพิเศษ),Admission (รับกลุ่ม แกนกลาง),,3020,45,199,39,50.6088,39.6397
มหาวิทยาลัยศรีนครินทรวิโรฒ,ประสานมิตร,10090103903001B,0,A0041,คณะสังคมศาสตร์,หลักสูตรวิทยาศาสตรบัณฑิตสาขาวิชา ภูมิศาสตร์และภูมิสารสนเทศ (โครงการพิเศษ),Admission (รับกลุ่ม นานาชาติ GED),,3020,45,16,6,53.7274,44.0759
มหาวิทยาลัยศรีนครินทรวิโรฒ,ประสานมิตร,10090103903201A,A,A0001,คณะสังคมศาสตร์,หลักสูตรรัฐศาสตรบัณฑิต,Admission- หลักสูตรรัฐศาสตร บัณฑิตวิชาเอก การเมืองการปกครอง,วิชาเอก การเมือง การปกครอง,0,69,860,69,64.2185,55.8047
มหาวิทยาลัยศรีนครินทรวิโรฒ,ประสานมิตร,10090103903201A,B,A0001,คณะสังคมศาสตร์,หลักสูตรรัฐศาสตรบัณฑิต,Admission- หลักสูตรรัฐศาสตร บัณฑิตวิชาเอกรัฐ ประศาสนศาสตร์,วิชาเอกรัฐ ประศาสน ศาสตร์,0,68,773,68,64.2650,54.3953
มหาวิทยาลัยศรีนครินทรวิโรฒ,ประสานมิตร,10090103903201A,C,A0001,คณะสังคมศาสตร์,หลักสูตรรัฐศาสตรบัณฑิต,Admission- หลักสูตรรัฐศาสตร บัณฑิตวิชาเอก ความสัมพัน์ธระหว่างประเทศ,วิชาเอก ความสัมพัน์ธระหว่าง ประเทศ,0,68,998,68,68.7597,61.3473
มหาวิทยาลัยศรีนครินทรวิโรฒ,ประสานมิตร,10090103903201B,D,A0001,คณะสังคมศาสตร์,หลักสูตรรัฐศาสตรบัณฑิต,Admission- หลักสูตรรัฐศาสตร บัณฑิตวิชาเอก ความสัมพัน์ธระหว่างประเทศ (โครงการพิเศษ),วิชาเอก ความสัมพัน์ธระหว่าง ประเทศ (โครงการ พิเศษ),0,99,672,99,62.1373,54.2731
มหาวิทยาลัยศรีนครินทรวิโรฒ,ประสานมิตร,10090103903201B,E,A0001,คณะสังคมศาสตร์,หลักสูตรรัฐศาสตรบัณฑิต,Admission- หลักสูตรรัฐศาสตร บัณฑิตวิชาเอก การเมืองการปกครอง (โครงการพิเศษ),วิชาเอก การเมือง การปกครอง (โครงการ พิเศษ),0,76,575,76,55.9103,51.1562
มหาวิทยาลัยศรีนครินทรวิโรฒ,ประสานมิตร,10090103903501A,A,A0001,คณะสังคมศาสตร์,หลักสูตรศิลปศาสตรบัณฑิตสาขาวิชาสังคม วิทยาเพื่อการพัฒนา,Admission- สาขาวิชาสังคมวิทยา เพื่อการพัฒนา วิชาเอกการพัฒนา ชุมชนเมือง,วิชาเอกการ พัฒนาชุมชน เมือง,0,65,803,65,63.1672,54.4424
มหาวิทยาลัยศรีนครินทรวิโรฒ,ประสานมิตร,10090103903501A,C,A0001,คณะสังคมศาสตร์,หลักสูตรศิลปศาสตรบัณฑิตสาขาวิชาสังคม วิทยาเพื่อการพัฒนา,Admission- สาขาวิชาสังคมวิทยา เพื่อการพัฒนา วิชาเอกการวิจัย สังคมวิทยาเพื่อการ พัฒนา,วิชาเอกการ วิจัยสังคม วิทยาเพื่อ การพัฒนา,0,74,817,74,64.0794,54.4132
มหาวิทยาลัยศรีนครินทรวิโรฒ,ประสานมิตร,10090103903501B,B,A0001,คณะสังคมศาสตร์,หลักสูตรศิลปศาสตรบัณฑิตสาขาวิชาสังคม วิทยาเพื่อการพัฒนา,Admission- สาขาวิชาสังคมวิทยา เพื่อการพัฒนา วิชาเอกการพัฒนา ชุมชนเมือง (โครงการพิเศษ),วิชาเอกการ พัฒนาชุมชน เมือง (โครงการ พิเศษ),0,30,410,30,57.3692,51.8828
มหาวิทยาลัยศรีนครินทรวิโรฒ,ประสานมิตร,10090103903501B,D,A0001,คณะสังคมศาสตร์,หลักสูตรศิลปศาสตรบัณฑิตสาขาวิชาสังคม วิทยาเพื่อการพัฒนา,Admission- สาขาวิชาสังคมวิทยา เพื่อการพัฒนา วิชาเอกการวิจัย สังคมวิทยาเพื่อการ พัฒนา (โครงการ พิเศษ),วิชาเอกการ วิจัยสังคม วิทยาเพื่อ การพัฒนา (โครงการ พิเศษ),0,32,432,32,57.0466,52.2196
มหาวิทยาลัยศรีนครินทรวิโรฒ,ประสานมิตร,10090105703501A,0,A0001,คณะศึกษาศาสตร์,หลักสูตรการศึกษาบัณฑิตสาขาวิชา อุตสาหกรรมศึกษา - ไฟฟ้า (กศ.บ.),Admission,,0,27,0,0,0.0000,0.0000
มหาวิทยาลัยศรีนครินทรวิโรฒ,ประสานมิตร,10090105703502A,B,A0001,คณะศึกษาศาสตร์,หลักสูตรการศึกษาบัณฑิต,Admission- หลักสูตรการศึกษา บัณฑิตวิชาเอก การศึกษาตลอดชีวิต (กศ.บ.),วิชาเอก การศึกษา ตลอดชีวิต (กศ.บ.),0,17,497,17,75.2287,71.4504
มหาวิทยาลัยศรีนครินทรวิโรฒ,ประสานมิตร,10090105703502A,C,A0001,คณะศึกษาศาสตร์,หลักสูตรการศึกษาบัณฑิต,Admission- หลักสูตรการศึกษา บัณฑิตวิชาเอก การศึกษาปฐมวัย (กศ.บ.),วิชาเอก การศึกษา ปฐมวัย (กศ.บ.),0,20,983,20,79.3625,73.3418
มหาวิทยาลัยศรีนครินทรวิโรฒ,ประสานมิตร,10090105703502A,D,A0001,คณะศึกษาศาสตร์,หลักสูตรการศึกษาบัณฑิต,Admission- หลักสูตรการศึกษา บัณฑิตวิชาเอก จิตวิทยาและการ แนะแนว (กศ.บ.),วิชาเอก จิตวิทยา และการ แนะแนว (กศ.บ.),0,15,704,15,78.2483,74.1543
มหาวิทยาลัยศรีนครินทรวิโรฒ,ประสานมิตร,10090105703502A,E,A0001,คณะศึกษาศาสตร์,หลักสูตรการศึกษาบัณฑิต,Admission- หลักสูตรการศึกษา บัณฑิตวิชาเอก เทคโนโลยีการศึกษา และคอมพิวเตอ์ร(กศ.บ.),วิชาเอก เทคโนโลียการศึกษา และ คอมพิวเตอ์ร(กศ.บ.),0,17,302,17,75.8209,70.9048
มหาวิทยาลัยศรีนครินทรวิโรฒ,ประสานมิตร,10090105703502A,G,A0001,คณะศึกษาศาสตร์,หลักสูตรการศึกษาบัณฑิต,Admission- หลักสูตรการศึกษา บัณฑิตวิชาเอกการ สอนภาษาอังกฤษ และการสอนสังคม ศึกษา (กศ.บ.),วิชาเอกการ สอน ภาษาอังกฤษ และการ สอนสังคม ศึกษา (กศ.บ.),0,17,310,17,79.8036,70.1080
มหาวิทยาลัยศรีนครินทรวิโรฒ,ประสานมิตร,10090105703502A,H,A0001,คณะศึกษาศาสตร์,หลักสูตรการศึกษาบัณฑิต,Admission- หลักสูตรการศึกษา บัณฑิตวิชาเอกการ สอนสังคมศึกษาและ การสอนภาษาไทย (กศ.บ.),วิชาเอกการ สอนสังคม ศึกษาและ การสอน ภาษาไทย (กศ.บ.),0,10,419,10,73.9540,68.4648
มหาวิทยาลัยศรีนครินทรวิโรฒ,ประสานมิตร,10090105703502A,I,A0001,คณะศึกษาศาสตร์,หลักสูตรการศึกษาบัณฑิต,Admission- หลักสูตรการศึกษา บัณฑิตวิชาเอกการ สอนวิทยาศาสต์รและการสอน คณิตศาสต์ร(กศ.บ.),วิชาเอกการ สอน วิทยาศาสต์รและการ สอน คณิตศาสต์ร(กศ.บ.),0,10,129,10,68.5760,60.2122
มหาวิทยาลัยศรีนครินทรวิโรฒ,ประสานมิตร,10090105703502A,J,A0001,คณะศึกษาศาสตร์,หลักสูตรการศึกษาบัณฑิต,Admission- หลักสูตรการศึกษา บัณฑิตวิชาเอก การศึกษาพิเศษและ การสอนคณิตศาสต์ร(กศ.บ.),วิชาเอก การศึกษา พิเศษและ การสอน คณิตศาสต์ร(กศ.บ.),0,5,85,5,59.7984,55.1844
มหาวิทยาลัยศรีนครินทรวิโรฒ,ประสานมิตร,10090105703502A,K,A0001,คณะศึกษาศาสตร์,หลักสูตรการศึกษาบัณฑิต,Admission- หลักสูตรการศึกษา บัณฑิตวิชาเอก การศึกษาพิเศษและ การสอนภาษาไทย (กศ.บ.),วิชาเอก การศึกษา พิเศษและ การสอน ภาษาไทย (กศ.บ.),0,7,271,7,78.6666,70.5632
มหาวิทยาลัยศรีนครินทรวิโรฒ,ประสานมิตร,10090105703502A,L,A0001,คณะศึกษาศาสตร์,หลักสูตรการศึกษาบัณฑิต,Admission- หลักสูตรการศึกษา บัณฑิตวิชาเอก การศึกษาพิเศษและ การสอนวิทยาศาสต์ร(กศ.บ.),วิชาเอก การศึกษา พิเศษและ การสอน วิทยาศาสต์ร(กศ.บ.),0,7,77,7,67.8390,61.2964
มหาวิทยาลัยศรีนครินทรวิโรฒ,ประสานมิตร,10090107112101A,0,A0001,คณะแพทยศาสตร์,หลักสูตรวิทยาศาสตรบัณฑิตสาขา วิทยาศาสตร์การแพทย์,Admission,,0,37,942,37,52.7260,44.1104
มหาวิทยาลัยศรีนครินทรวิโรฒ,ประสานมิตร,10090109301001P,0,A0058,คณะวิศวกรรมศาสตร์,หลักสูตรวิศวกรรมศาสตรบัณฑิตสาขาวิชา วิศวกรรมด้านความปลอดภัยไซเบอ์ร(หลักสูตรนานาชาต)ิ,Admission (รับกลุ่ม แกนกลาง),,3029,12,33,12,43.4360,25.5538
มหาวิทยาลัยศรีนครินทรวิโรฒ,ประสานมิตร,10090109301001P,0,A0059,คณะวิศวกรรมศาสตร์,หลักสูตรวิศวกรรมศาสตรบัณฑิตสาขาวิชา วิศวกรรมด้านความปลอดภัยไซเบอ์ร(หลักสูตรนานาชาต)ิ,Admission (รับกลุ่ม นานาชาติ กศน. GED),,3029,12,3,0,0.0000,0.0000
มหาวิทยาลัยศรีนครินทรวิโรฒ,ประสานมิตร,10090109301401P,0,A0070,คณะวิศวกรรมศาสตร์,หลักสูตรวิศวกรรมศาสตรบัณฑิตสาขาวิชา วิศวกรรมปิโตรเลียมและพลังงานหมุนเวียน (หลักสูตรนานาชาต)ิ,Admission (รับกลุ่ม แกนกลาง),,3035,20,39,15,41.0745,19.9832
มหาวิทยาลัยศรีนครินทรวิโรฒ,ประสานมิตร,10090109301401P,0,A0071,คณะวิศวกรรมศาสตร์,หลักสูตรวิศวกรรมศาสตรบัณฑิตสาขาวิชา วิศวกรรมปิโตรเลียมและพลังงานหมุนเวียน (หลักสูตรนานาชาต)ิ,Admission (รับกลุ่ม นานาชาติ กศน. GED),,3035,20,3,1,23.8552,23.8552
มหาวิทยาลัยศรีนครินทรวิโรฒ,ประสานมิตร,10090110800101A,A,A0001,คณะศิลปกรรมศาสตร์,หลักสูตรศิลปกรรมศาสตรบัณฑิตสาขาวิชา ออกแบบทัศนศิลป์,Admission- สาขาวิชาออกแบบ ทัศนศิล์ปวิชาเอก การออกแบบ ผลิตภัณฑ์,วิชาเอกการ ออกแบบ ผลิตภัณฑ์,0,15,135,15,67.1097,50.0969
มหาวิทยาลัยศรีนครินทรวิโรฒ,ประสานมิตร,10090110800101A,C,A0001,คณะศิลปกรรมศาสตร์,หลักสูตรศิลปกรรมศาสตรบัณฑิตสาขาวิชา ออกแบบทัศนศิลป์,Admission- สาขาวิชาออกแบบ ทัศนศิล์ปวิชาเอก การออกแบบ เครื่องประดับ,วิชาเอกการ ออกแบบ เครื่องประดับ,0,15,121,15,59.1787,49.7083
มหาวิทยาลัยศรีนครินทรวิโรฒ,ประสานมิตร,10090110800101A,D,A0001,คณะศิลปกรรมศาสตร์,หลักสูตรศิลปกรรมศาสตรบัณฑิตสาขาวิชา ออกแบบทัศนศิลป์,Admission- สาขาวิชาออกแบบ ทัศนศิล์ปวิชาเอก การออกแบบภายใน,วิชาเอกการ ออกแบบ ภายใน,0,5,197,5,64.4726,61.3646
มหาวิทยาลัยศรีนครินทรวิโรฒ,ประสานมิตร,10090110800301A,0,A0001,คณะศิลปกรรมศาสตร์,หลักสูตรศิลปกรรมศาสตรบัณฑิตสาขาวิชา ทัศนศิลป์,Admission,,0,10,146,10,66.4690,60.9166
มหาวิทยาลัยศรีนครินทรวิโรฒ,ประสานมิตร,10090110904001C,0,A0001,คณะศิลปกรรมศาสตร์,หลักสูตรศิลปศาสตรบัณฑิตสาขาวิชา นวัตกรรมการจัดการศิลปวัฒนธรรม (หลักสูตร 2 ภาษา),Admission,,0,50,418,50,64.6224,55.0446
มหาวิทยาลัยศรีนครินทรวิโรฒ,ประสานมิตร,10090130900101C,A,A0001,วิทยาลัยนวัตกรรมสื่อสารสังคม,หลักสูตรศิลปศาสตรบัณฑิตสาขาวิชา นวัตกรรมการสื่อสาร,Admission- สาขาวิชานวัตกรรม การสื่อสาร วิชาเอก การสื่อสารและการ ผลิตสื่อดิจิทัลเพื่อ การท่องเที่ยว (หลักสูตร 2 ภาษา),วิชาเอกการ สื่อสารและ การผลิตสื่อ ดิจิทัลเพื่อ การ ท่องเที่ยว (หลักสูตร 2 ภาษา),0,6,448,6,71.9355,69.3780
มหาวิทยาลัยศรีนครินทรวิโรฒ,ประสานมิตร,10090130900101C,B,A0001,วิทยาลัยนวัตกรรมสื่อสารสังคม,หลักสูตรศิลปศาสตรบัณฑิตสาขาวิชา นวัตกรรมการสื่อสาร,Admission- สาขาวิชานวัตกรรม การสื่อสาร วิชาเอก การสื่อสารเพื่อ สุขภาพ (หลักสูตร 2 ภาษา),วิชาเอกการ สื่อสารเพื่อ สุขภาพ (หลักสูตร 2 ภาษา),0,41,337,41,67.9350,59.5385
มหาวิทยาลัยศรีนครินทรวิโรฒ,ประสานมิตร,10090130900101C,C,A0001,วิทยาลัยนวัตกรรมสื่อสารสังคม,หลักสูตรศิลปศาสตรบัณฑิตสาขาวิชา นวัตกรรมการสื่อสาร,Admission- สาขาวิชานวัตกรรม การสื่อสาร วิชาเอก การสื่อสารเพื่อการ จัดการนวัตกรรม (หลักสูตร 2 ภาษา),วิชาเอกการ สื่อสารเพื่อ การจัดการ นวัตกรรม (หลักสูตร 2 ภาษา),0,10,313,10,74.7745,67.6030
มหาวิทยาลัยศรีนครินทรวิโรฒ,ประสานมิตร,10090130900101C,D,A0001,วิทยาลัยนวัตกรรมสื่อสารสังคม,หลักสูตรศิลปศาสตรบัณฑิตสาขาวิชา นวัตกรรมการสื่อสาร,Admission- สาขาวิชานวัตกรรม การสื่อสาร วิชาเอก การสื่อสารเพื่อ เศรษฐศาสต์ร(หลักสูตร 2 ภาษา),วิชาเอกการ สื่อสารเพื่อ เศรษฐศาสต์ร(หลักสูตร 2 ภาษา),0,28,337,28,70.9190,62.1760
มหาวิทยาลัยศรีนครินทรวิโรฒ,ประสานมิตร,10090130900101C,E,A0001,วิทยาลัยนวัตกรรมสื่อสารสังคม,หลักสูตรศิลปศาสตรบัณฑิตสาขาวิชา นวัตกรรมการสื่อสาร,Admission- สาขาวิชานวัตกรรม การสื่อสาร วิชาเอก การสื่อสารเพื่อ การเกษตรสร้างสรร์ค(หลักสูตร 2 ภาษา),วิชาเอกการ สื่อสารเพื่อ การเกษตร สร้างสรร์ค(หลักสูตร 2 ภาษา),0,46,228,46,59.4810,48.7235
มหาวิทยาลัยศรีนครินทรวิโรฒ,ประสานมิตร,10090130900801C,A,A0001,วิทยาลัยนวัตกรรมสื่อสารสังคม,หลักสูตรศิลปศาสตรบัณฑิตสาขาวิชา นวัตกรรมสื่อสารสังคม,Admission- สาขาวิชานวัตกรรม สื่อสารสังคม วิชาเอกการ ออกแบบสื่อ ปฏิสัมพันธ์และ มัลติมีเดีย (หลักสูตร 2 ภาษา),วิชาเอกการ ออกแบบสื่อ ปฏิสัมพัน์ธและ มัลติมีเดีย (หลักสูตร 2 ภาษา),0,3,330,3,78.1375,76.0700
มหาวิทยาลัยศรีนครินทรวิโรฒ,ประสานมิตร,10090130900801C,B,A0001,วิทยาลัยนวัตกรรมสื่อสารสังคม,หลักสูตรศิลปศาสตรบัณฑิตสาขาวิชา นวัตกรรมสื่อสารสังคม,Admission- สาขาวิชานวัตกรรม สื่อสารสังคม วิชาเอกการจัดการ ธุรกิจไซเบอ์ร(หลักสูตร 2 ภาษา),วิชาเอกการ จัดการธุรกิจ ไซเบอ์ร(หลักสูตร 2 ภาษา),0,17,452,17,76.7255,67.5525
มหาวิทยาลัยศรีนครินทรวิโรฒ,ประสานมิตร,10090130900801C,C,A0001,วิทยาลัยนวัตกรรมสื่อสารสังคม,หลักสูตรศิลปศาสตรบัณฑิตสาขาวิชา นวัตกรรมสื่อสารสังคม,Admission- สาขาวิชานวัตกรรม สื่อสารสังคม วิชาเอกนวัตกรรม คอมพิวเตอร์เพื่อการ สื่อสาร (หลักสูตร 2 ภาษา),วิชาเอก นวัตกรรม คอมพิวเตอ์รเพื่อการ สื่อสาร (หลักสูตร 2 ภาษา),0,44,299,44,75.2240,58.8105
มหาวิทยาลัยศรีนครินทรวิโรฒ,ประสานมิตร,10090130901601C,B,A0001,วิทยาลัยนวัตกรรมสื่อสารสังคม,หลักสูตรศิลปศาสตรบัณฑิตสาขาวิชา ภาพยนตร์และสื่อดิจิทัล,Admission- สาขาวิชาภาพยนต์รและสื่อดิจิทัล วิชาเอกการแสดง และกำกับการแสดง ภาพยนต์ร(หลักสูตร 2 ภาษา),วิชาเอกการ แสดงและ กำกับการ แสดง ภาพยนต์ร(หลักสูตร 2 ภาษา),0,5,732,5,79.7885,77.0800
มหาวิทยาลัยศรีนครินทรวิโรฒ,ประสานมิตร,10090130901601C,C,A0001,วิทยาลัยนวัตกรรมสื่อสารสังคม,หลักสูตรศิลปศาสตรบัณฑิตสาขาวิชา ภาพยนตร์และสื่อดิจิทัล,Admission- สาขาวิชาภาพยนต์รและสื่อดิจิทัล วิชาเอกการออกแบบ เพื่องานภาพยนต์รและสื่อดิจิทัล (หลักสูตร 2 ภาษา),วิชาเอกการ ออกแบบ เพื่องาน ภาพยนต์รและสื่อ ดิจิทัล (หลักสูตร 2 ภาษา),0,5,491,5,80.5640,73.6710
มหาวิทยาลัยศรีนครินทรวิโรฒ,ประสานมิตร,10090130901601C,D,A0001,วิทยาลัยนวัตกรรมสื่อสารสังคม,หลักสูตรศิลปศาสตรบัณฑิตสาขาวิชา ภาพยนตร์และสื่อดิจิทัล,Admission- สาขาวิชาภาพยนต์รและสื่อดิจิทัล วิชาเอกการการ จัดการภาพยนต์รและสื่อดิจิทัล (หลักสูตร 2 ภาษา),วิชาเอกการ จัดการ ภาพยนต์รและสื่อ ดิจิทัล (หลักสูตร 2 ภาษา),0,33,549,33,77.7500,67.8230
มหาวิทยาลัยศรีนครินทรวิโรฒ,ประสานมิตร,10090149611101A,0,A0060,คณะเศรษฐศาสตร์,หลักสูตรเศรษฐศาสตรบัณฑิต,Admission (รับกลุ่ม แกนกลาง),,3030,130,1154,130,64.8002,53.3698
มหาวิทยาลัยศรีนครินทรวิโรฒ,ประสานมิตร,10090149611101A,0,A0061,คณะเศรษฐศาสตร์,หลักสูตรเศรษฐศาสตรบัณฑิต,Admission (รับกลุ่ม นานาชาติ GED),,3030,130,2,0,0.0000,0.0000
มหาวิทยาลัยศรีนครินทรวิโรฒ,ประสานมิตร,10090149611101B,0,A0062,คณะเศรษฐศาสตร์,หลักสูตรเศรษฐศาสตรบัณฑิต(โครงการพิเศษ),Admission (รับกลุ่ม แกนกลาง),,3031,130,660,130,59.1830,46.9950
มหาวิทยาลัยศรีนครินทรวิโรฒ,ประสานมิตร,10090149611101B,0,A0063,คณะเศรษฐศาสตร์,หลักสูตรเศรษฐศาสตรบัณฑิต(โครงการพิเศษ),Admission (รับกลุ่ม นานาชาติ GED),,3031,130,0,0,0.0000,0.0000
มหาวิทยาลัยศรีนครินทรวิโรฒ,ประสานมิตร,10090149611101E,0,A0001,คณะเศรษฐศาสตร์,หลักสูตรเศรษฐศาสตรบัณฑิต(หลักสูตร นานาชาติ),Admission,,0,75,398,75,61.9705,47.1981
มหาวิทยาลัยศรีนครินทรวิโรฒ,ประสานมิตร,10090166620101A,0,A0001,คณะวัฒนธรรมสิ่งแวดล้อมและการ ท่องเที่ยวเชิงนิเวศ,หลักสูตรศิลปศาสตรบัณฑิตสาขาวิชา นวัตกรรมการจัดการการท่องเที่ยวเพื่อการ พัฒนา,Admission,,0,53,376,53,65.8338,53.3198
มหาวิทยาลัยศรีนครินทรวิโรฒ,ประสานมิตร,10090166620101B,0,A0001,คณะวัฒนธรรมสิ่งแวดล้อมและการ ท่องเที่ยวเชิงนิเวศ,หลักสูตรศิลปศาสตรบัณฑิตสาขาวิชา นวัตกรรมการจัดการการท่องเที่ยวเพื่อการ พัฒนา (โครงการพิเศษ),Admission,,0,18,291,18,53.8831,50.1833
มหาวิทยาลัยศรีนครินทรวิโรฒ,ประสานมิตร,10090168610501A,0,A0001,คณะบริหารธุรกิจเพื่อสังคม,หลักสูตรบัญชีบัณฑิต,Admission,,0,55,1001,55,64.9322,54.5087
มหาวิทยาลัยศรีนครินทรวิโรฒ,ประสานมิตร,10090168610501B,0,A0001,คณะบริหารธุรกิจเพื่อสังคม,หลักสูตรบัญชีบัณฑิต(โครงการพิเศษ),Admission,,0,40,434,40,57.0475,51.0206
มหาวิทยาลัยศรีนครินทรวิโรฒ,ประสานมิตร,10090168610801A,A,A0001,คณะบริหารธุรกิจเพื่อสังคม,หลักสูตรบริหารธุรกิจบัณฑิต,Admission- หลักสูตร บริหารธุรกิจบัณฑิตวิชาเอกการตลาด,วิชาเอก การตลาด,0,19,153,19,60.0214,49.9977
มหาวิทยาลัยศรีนครินทรวิโรฒ,ประสานมิตร,10090168610801A,C,A0001,คณะบริหารธุรกิจเพื่อสังคม,หลักสูตรบริหารธุรกิจบัณฑิต,Admission- หลักสูตร บริหารธุรกิจบัณฑิตวิชาเอกการเงิน,วิชาเอก การเงิน,0,42,987,42,72.7645,67.3955
มหาวิทยาลัยศรีนครินทรวิโรฒ,ประสานมิตร,10090168610801A,E,A0001,คณะบริหารธุรกิจเพื่อสังคม,หลักสูตรบริหารธุรกิจบัณฑิต,Admission- หลักสูตร บริหารธุรกิจบัณฑิตวิชาเอกธุรกิจ ระหว่างประเทศ,วิชาเอก ธุรกิจ ระหว่าง ประเทศ,0,90,350,90,66.4934,46.6034
มหาวิทยาลัยศรีนครินทรวิโรฒ,ประสานมิตร,10090168610801B,B,A0001,คณะบริหารธุรกิจเพื่อสังคม,หลักสูตรบริหารธุรกิจบัณฑิต,Admission- หลักสูตร บริหารธุรกิจบัณฑิตวิชาเอกการตลาด (โครงการพิเศษ),วิชาเอก การตลาด (โครงการ พิเศษ),0,8,41,8,51.8847,44.3094
มหาวิทยาลัยศรีนครินทรวิโรฒ,ประสานมิตร,10090168610801B,D,A0001,คณะบริหารธุรกิจเพื่อสังคม,หลักสูตรบริหารธุรกิจบัณฑิต,Admission- หลักสูตร บริหารธุรกิจบัณฑิตวิชาเอกการเงิน (โครงการพิเศษ),วิชาเอก การเงิน (โครงการ พิเศษ),0,24,407,24,67.3590,64.1815
มหาวิทยาลัยศรีนครินทรวิโรฒ,ประสานมิตร,10090168610801B,F,A0001,คณะบริหารธุรกิจเพื่อสังคม,หลักสูตรบริหารธุรกิจบัณฑิต,Admission- หลักสูตร บริหารธุรกิจบัณฑิตวิชาเอกธุรกิจ ระหว่างประเทศ (โครงการพิเศษ),วิชาเอก ธุรกิจ ระหว่าง ประเทศ (โครงการ พิเศษ),0,45,168,45,50.6158,40.3364
มหาวิทยาลัยศรีนครินทรวิโรฒ,ประสานมิตร,10090168610802A,0,A0001,คณะบริหารธุรกิจเพื่อสังคม,หลักสูตรบริหารธุรกิจบัณฑิตสาขาวิชาธุรกิจ เพื่อสังคม,Admission,,0,58,641,58,70.5150,62.2765
มหาวิทยาลัยศรีนครินทรวิโรฒ,ประสานมิตร,10090168610802B,0,A0001,คณะบริหารธุรกิจเพื่อสังคม,หลักสูตรบริหารธุรกิจบัณฑิตสาขาวิชาธุรกิจ เพื่อสังคม (โครงการพิเศษ),Admission,,0,32,360,32,68.3570,58.3300
มหาวิทยาลัยศรีนครินทรวิโรฒ,ประสานมิตร,10090168610802E,0,A0001,คณะบริหารธุรกิจเพื่อสังคม,หลักสูตรบริหารธุรกิจบัณฑิตสาขาวิชาการ จัดการธุรกิจโลก (หลักสูตรนานาชาต)ิ (โครงการพิเศษ),Admission,,0,35,140,35,82.5000,56.2500
มหาวิทยาลัยศรีนครินทรวิโรฒ,ประสานมิตร,10090168620102A,0,A0001,คณะบริหารธุรกิจเพื่อสังคม,หลักสูตรบริหารธุรกิจบัณฑิตสาขาวิชาการ ท่องเที่ยวและการโรงแรม,Admission,,0,44,270,44,57.6856,50.2790
มหาวิทยาลัยศรีนครินทรวิโรฒ,ประสานมิตร,10090168620102B,0,A0001,คณะบริหารธุรกิจเพื่อสังคม,หลักสูตรบริหารธุรกิจบัณฑิตสาขาวิชาการ ท่องเที่ยวและการโรงแรม (โครงการพิเศษ),Admission,,0,30,170,30,52.7531,43.9303
มหาวิทยาลัยศรีนครินทรวิโรฒ,ประสานมิตร,10090169213401C,0,A0001,วิทยาลัยอุตสาหกรรมสร้างสรรค์,หลักสูตรวิทยาศาสตรบัณฑิตสาขาวิชาอัญมีณและเครื่องประดับ (หลักสูตร 2 ภาษา),Admission,,0,64,11,6,42.1402,29.7720
มหาวิทยาลัยศรีนครินทรวิโรฒ,ประสานมิตร,10090169610201C,0,A0001,วิทยาลัยอุตสาหกรรมสร้างสรรค์,หลักสูตรศิลปศาสตรและวิทยาศาสตรบัณฑิตสาขาวิชาผู้ประกอบการใหม่สร้างสรร์ค(หลักสูตร 3 ภาษา),Admission,,0,130,54,34,44.6096,30.4302
มหาวิทยาลัยศรีนครินทรวิโรฒ,ประสานมิตร,10090169800103C,0,A0001,วิทยาลัยอุตสาหกรรมสร้างสรรค์,หลักสูตรศิลปศาสตรบัณฑิตสาขาวิชา ผลิตภัณฑ์สร้างสรร์ค(หลักสูตร 2 ภาษา),Admission,,0,56,104,51,63.5504,33.5379
มหาวิทยาลัยศรีนครินทรวิโรฒ,ประสานมิตร,10090170620101E,0,A0001,วิทยาลัยนานาชาติเพื่อศึกษาความ ยงั่ยืน,หลักสูตรศิลปศาสตรบัณฑิตสาขาวิชาการ จัดการภาคบริการและการท่องเที่ยวอย่างยงั่ยืน (หลักสูตรนานาชาต)ิ,Admission,,0,79,300,81,93.7500,52.5000
มหาวิทยาลัยศรีนครินทรวิโรฒ,ประสานมิตร,10090170902504E,0,A0001,วิทยาลัยนานาชาติเพื่อศึกษาความ ยงั่ยืน,หลักสูตรศิลปศาสตรบัณฑิตสาขาวิชาภาษา และการสื่อสารระหว่างวัฒนธรรม (หลักสูตร นานาชาติ),Admission,,0,52,237,54,95.0000,57.5000
มหาวิทยาลัยศรีนครินทรวิโรฒ,ประสานมิตร,10090170902504G,0,A0001,วิทยาลัยนานาชาติเพื่อศึกษาความ ยงั่ยืน,หลักสูตรศิลปศาสตรบัณฑิตสาขาวิชาภาษา และการสื่อสารระหว่างวัฒนธรรม (หลักสูตร นานาชาติ) (โครงการพิเศษ),Admission,,0,80,84,22,76.2500,50.0000
มหาวิทยาลัยศรีนครินทรวิโรฒ,องครักษ์,10090204112001A,0,A0042,คณะพลศึกษา,หลักสูตรวิทยาศาสตรบัณฑิตสาขาวิชา วิทยาศาสตร์การกีฬาและการออกกำลังกาย,Admission (รับกลุ่ม แกนกลาง),,3021,24,193,24,57.8148,46.9522
มหาวิทยาลัยศรีนครินทรวิโรฒ,องครักษ์,10090204112001A,0,A0043,คณะพลศึกษา,หลักสูตรวิทยาศาสตรบัณฑิตสาขาวิชา วิทยาศาสตร์การกีฬาและการออกกำลังกาย,Admission (รับกลุ่ม นานาชาติ อาชีวะ กศน. GED),,3021,24,5,0,0.0000,0.0000
มหาวิทยาลัยศรีนครินทรวิโรฒ,องครักษ์,10090204112701A,A,A0044,คณะพลศึกษา,หลักสูตรวิทยาศาสตรบัณฑิตสาขาวิชา สาธารณสุขศาสตร์,Admission- สาขาวิชา สาธารณสุขศาสต์รวิชาเอกอนามัย สิ่งแวดล้อม (รับกลุ่ม แกนกลาง),สาขาวิชา สาธารณสุข ศาสต์ร- อนามัย สิ่งแวดล้อม,3022,39,261,39,35.3342,30.2428
มหาวิทยาลัยศรีนครินทรวิโรฒ,องครักษ์,10090204112701A,A,A0045,คณะพลศึกษา,หลักสูตรวิทยาศาสตรบัณฑิตสาขาวิชา สาธารณสุขศาสตร์,Admission- สาขาวิชา สาธารณสุขศาสต์รวิชาเอกอนามัย สิ่งแวดล้อม (รับกลุ่ม นานาชาติ),สาขาวิชา สาธารณสุข ศาสต์ร- อนามัย สิ่งแวดล้อม,3022,39,0,0,0.0000,0.0000
มหาวิทยาลัยศรีนครินทรวิโรฒ,องครักษ์,10090204112701A,B,A0046,คณะพลศึกษา,หลักสูตรวิทยาศาสตรบัณฑิตสาขาวิชา สาธารณสุขศาสตร์,Admission- สาขาวิชา สาธารณสุขศาสต์รวิชาเอกสาธารณสุข ชุมชน (รับกลุ่ม แกนกลาง),สาขาวิชา สาธารณสุข ศาสต์ร- สาธารณสุข ชุมชน,3023,26,258,26,38.8190,32.1712
มหาวิทยาลัยศรีนครินทรวิโรฒ,องครักษ์,10090204112701A,B,A0047,คณะพลศึกษา,หลักสูตรวิทยาศาสตรบัณฑิตสาขาวิชา สาธารณสุขศาสตร์,Admission- สาขาวิชา สาธารณสุขศาสต์รวิชาเอกสาธารณสุข ชุมชน (รับกลุ่ม นานาชาติ),สาขาวิชา สาธารณสุข ศาสต์ร- สาธารณสุข ชุมชน,3023,26,0,0,0.0000,0.0000
มหาวิทยาลัยศรีนครินทรวิโรฒ,องครักษ์,10090204112701A,C,A0048,คณะพลศึกษา,หลักสูตรวิทยาศาสตรบัณฑิตสาขาวิชา สาธารณสุขศาสตร์,Admission- สาขาวิชา สาธารณสุขศาสต์รวิชาเอกอาชีวอนามัย และความปลอดภัย (รับกลุ่ม แกนกลาง),สาขาวิชา สาธารณสุข ศาสต์ร- อาชีวอนา มัยและ ความ ปลอดภัย,3024,29,337,29,38.5566,33.0176
มหาวิทยาลัยศรีนครินทรวิโรฒ,องครักษ์,10090204112701A,C,A0049,คณะพลศึกษา,หลักสูตรวิทยาศาสตรบัณฑิตสาขาวิชา สาธารณสุขศาสตร์,Admission- สาขาวิชา สาธารณสุขศาสต์รวิชาเอกอาชีวอนามัย และความปลอดภัย (รับกลุ่ม นานาชาติ),สาขาวิชา สาธารณสุข ศาสต์ร- อาชีวอนา มัยและ ความ ปลอดภัย,3024,29,0,0,0.0000,0.0000
มหาวิทยาลัยศรีนครินทรวิโรฒ,องครักษ์,10090204702801A,0,A0001,คณะพลศึกษา,หลักสูตรศิลปศาสตรบัณฑิตสาขาวิชาผู้นำ นันทนาการ,Admission,,0,52,124,52,52.9640,40.1259
มหาวิทยาลัยศรีนครินทรวิโรฒ,องครักษ์,10090204702803A,0,A0001,คณะพลศึกษา,หลักสูตรการศึกษาบัณฑิตสาขาวิชาสุขศึกษา (กศ.บ.),Admission,,0,7,172,7,63.6416,61.6602
มหาวิทยาลัยศรีนครินทรวิโรฒ,องครักษ์,10090206111701A,0,A0001,คณะพยาบาลศาสตร์,หลักสูตรพยาบาลศาสตรบัณฑิต,Admission,,0,72,863,72,58.7006,50.8719
มหาวิทยาลัยศรีนครินทรวิโรฒ,องครักษ์,10090209300501A,0,A0001,คณะวิศวกรรมศาสตร์,หลักสูตรวิศวกรรมศาสตรบัณฑิตสาขาวิชา วิศวกรรมคอมพิวเตอร์,Admission,,0,28,117,28,46.2967,36.3982
มหาวิทยาลัยศรีนครินทรวิโรฒ,องครักษ์,10090209300601A,0,A0050,คณะวิศวกรรมศาสตร์,หลักสูตรวิศวกรรมศาสตรบัณฑิตสาขาวิชา วิศวกรรมเคมี,Admission (รับกลุ่ม แกนกลาง),,3025,9,799,9,57.7159,54.0768
มหาวิทยาลัยศรีนครินทรวิโรฒ,องครักษ์,10090209300601A,0,A0051,คณะวิศวกรรมศาสตร์,หลักสูตรวิศวกรรมศาสตรบัณฑิตสาขาวิชา วิศวกรรมเคมี,Admission (รับกลุ่ม นานาชาติ กศน. GED),,3025,9,7,0,0.0000,0.0000
มหาวิทยาลัยศรีนครินทรวิโรฒ,องครักษ์,10090209300701A,0,A0001,คณะวิศวกรรมศาสตร์,หลักสูตรวิศวกรรมศาสตรบัณฑิตสาขาวิชา วิศวกรรมเครื่องกล,Admission,,0,38,187,38,41.1690,35.7672
มหาวิทยาลัยศรีนครินทรวิโรฒ,องครักษ์,10090209300901A,0,A0054,คณะวิศวกรรมศาสตร์,หลักสูตรวิศวกรรมศาสตรบัณฑิตสาขาวิชา วิศวกรรมชีวการแพทย์,Admission (รับกลุ่ม แกนกลาง),,3027,39,213,39,48.2666,38.7915
มหาวิทยาลัยศรีนครินทรวิโรฒ,องครักษ์,10090209300901A,0,A0055,คณะวิศวกรรมศาสตร์,หลักสูตรวิศวกรรมศาสตรบัณฑิตสาขาวิชา วิศวกรรมชีวการแพทย์,Admission (รับกลุ่ม นานาชาติ),,3027,39,0,0,0.0000,0.0000
มหาวิทยาลัยศรีนครินทรวิโรฒ,องครักษ์,10090209301601A,A,A0001,คณะวิศวกรรมศาสตร์,หลักสูตรวิศวกรรมศาสตรบัณฑิตสาขาวิชา วิศวกรรมไฟฟ้า,Admission- สาขาวิชา วิศวกรรมไฟฟ้า วิชาเอก วิศวกรรมไฟฟ้ากำลัง,วิชาเอก วิศวกรรมไฟ ฟ้ากำลัง,0,8,235,8,43.3178,40.6276
มหาวิทยาลัยศรีนครินทรวิโรฒ,องครักษ์,10090209301601A,B,A0001,คณะวิศวกรรมศาสตร์,หลักสูตรวิศวกรรมศาสตรบัณฑิตสาขาวิชา วิศวกรรมไฟฟ้า,Admission- สาขาวิชา วิศวกรรมไฟฟ้า วิชาเอกวิศวกรรม โทรคมนาคมและเทคโนโลยีสารสนเทศ,วิชาเอก วิศวกรรม โทรคมนาคม และ เทคโนโลียสารสนเทศ,0,29,203,29,40.1269,35.0490
มหาวิทยาลัยศรีนครินทรวิโรฒ,องครักษ์,10090209302101A,0,A0001,คณะวิศวกรรมศาสตร์,หลักสูตรวิศวกรรมศาสตรบัณฑิตสาขาวิชา วิศวกรรมโยธา,Admission,,0,37,315,37,41.3355,36.5688
มหาวิทยาลัยศรีนครินทรวิโรฒ,องครักษ์,10090209302401C,0,A0056,คณะวิศวกรรมศาสตร์,หลักสูตรวิศวกรรมศาสตรบัณฑิตสาขาวิชา วิศวกรรมโลจิสติก์ส(หลักสูตร 2 ภาษา),Admission (รับกลุ่ม แกนกลาง),,3028,50,333,49,44.2126,35.7428
มหาวิทยาลัยศรีนครินทรวิโรฒ,องครักษ์,10090209302401C,0,A0057,คณะวิศวกรรมศาสตร์,หลักสูตรวิศวกรรมศาสตรบัณฑิตสาขาวิชา วิศวกรรมโลจิสติก์ส(หลักสูตร 2 ภาษา),Admission (รับกลุ่ม นานาชาติ GED),,3028,50,1,1,35.9692,35.9692
มหาวิทยาลัยศรีนครินทรวิโรฒ,องครักษ์,10090209302801A,0,A0001,คณะวิศวกรรมศาสตร์,หลักสูตรวิศวกรรมศาสตรบัณฑิตสาขาวิชา วิศวกรรมสิ่งแวดล้อม,Admission,,0,30,310,30,38.2806,34.2848
มหาวิทยาลัยศรีนครินทรวิโรฒ,องครักษ์,10090209303501A,0,A0052,คณะวิศวกรรมศาสตร์,หลักสูตรวิศวกรรมศาสตรบัณฑิตสาขาวิชา วิศวกรรมอุตสาหการ,Admission (รับกลุ่ม แกนกลาง),,3026,20,316,19,40.8825,37.2139
มหาวิทยาลัยศรีนครินทรวิโรฒ,องครักษ์,10090209303501A,0,A0053,คณะวิศวกรรมศาสตร์,หลักสูตรวิศวกรรมศาสตรบัณฑิตสาขาวิชา วิศวกรรมอุตสาหการ,Admission (รับกลุ่ม นานาชาติ อาชีวะ GED),,3026,20,6,1,38.7498,38.7498
มหาวิทยาลัยศรีนครินทรวิโรฒ,องครักษ์,10090212130101A,A,A0001,คณะเภสัชศาสตร์,หลักสูตรเภสัชศาสตรบัณฑิต,Admission-หลักสูตร เภสัชศาสตรบัณฑิตวิชาเอกเภสัชกรรม อุตสาหการ,วิชาเอก เภสัชกรรม อุตสาหการ,0,61,965,61,59.2234,53.1778
มหาวิทยาลัยศรีนครินทรวิโรฒ,องครักษ์,10090212130101A,B,A0001,คณะเภสัชศาสตร์,หลักสูตรเภสัชศาสตรบัณฑิต,Admission-หลักสูตร เภสัชศาสตรบัณฑิตวิชาเอกการบริบาล ทางเภสัชกรรม,วิชาเอกการ บริบาลทาง เภสัชกรรม,0,35,753,35,59.3950,54.4118
มหาวิทยาลัยศรีนครินทรวิโรฒ,องครักษ์,10090247500401A,A,A0001,วิทยาลัยโพธิวิชชาลัย,หลักสูตรวิทยาศาสตรบัณฑิตสาขาวิชา นวัตกรรมเกษตรและการจัดการลุ่ม้นาอย่าง ยงั่ยืน,Admission- สาขาวิชานวัตกรรม เกษตรและการ จัดการลุ่ม้นาอย่าง ยงั่ยืน วิชาเอก นวัตกรรมเกษตร,วิชาเอก นวัตกรรม เกษตร,0,94,293,94,59.8910,38.3360
มหาวิทยาลัยศรีนครินทรวิโรฒ,องครักษ์,10090247904201A,A,A0001,วิทยาลัยโพธิวิชชาลัย,หลักสูตรศิลปศาสตรบัณฑิตสาขาวิชาการ จัดการภูมิสังคมและวัฒนธรรม,Admission- สาขาวิชาการจัดการ ภูมิสังคมและ วัฒนธรรม วิชาเอก การจัดการภูมิสังคม,วิชาเอกการ จัดการภูมิ สังคม,0,50,272,50,54.8000,44.4500
มหาวิทยาลัยศรีนครินทรวิโรฒ,องครักษ์,10090247904201A,B,A0001,วิทยาลัยโพธิวิชชาลัย,หลักสูตรศิลปศาสตรบัณฑิตสาขาวิชาการ จัดการภูมิสังคมและวัฒนธรรม,Admission- สาขาวิชาการจัดการ ภูมิสังคมและ วัฒนธรรม วิชาเอก การจัดการภูมิ วัฒนธรรม,วิชาเอกการ จัดการภูมิ วัฒนธรรม,0,57,247,58,55.2500,41.6000
มหาวิทยาลัยศรีนครินทรวิโรฒ,องครักษ์,10090266211901A,0,A0001,คณะวัฒนธรรมสิ่งแวดล้อมและการ ท่องเที่ยวเชิงนิเวศ,หลักสูตรวิทยาศาสตรบัณฑิตสาขาวิชา เทคโนโลยีสิ่งแวดล้อมและทรัพยากร,Admission,,0,53,364,53,63.2060,45.9000
มหาวิทยาลัยศรีนครินทรวิโรฒ,องครักษ์,10090266213101A,0,A0001,คณะวัฒนธรรมสิ่งแวดล้อมและการ ท่องเที่ยวเชิงนิเวศ,หลักสูตรวิทยาศาสตรบัณฑิตสาขาวิชา วิทยาการการเปลี่ยนแปลงสภาพภูมิอากาศและ สิ่งแวดล้อม,Admission,,0,50,262,50,60.4990,46.2500
มหาวิทยาลัยศรีนครินทรวิโรฒ,องครักษ์,10090267110101A,0,A0001,คณะกายภาพบำบัด,หลักสูตรวิทยาศาสตรบัณฑิตสาขาวิชา กายภาพบำบัด,Admission,,0,50,1254,50,61.3290,56.4672
มหาวิทยาลัยศรีนครินทรวิโรฒ,องครักษ์,10090267110901A,0,A0001,คณะกายภาพบำบัด,หลักสูตรวิทยาศาสตรบัณฑิตสาขาวิชา กิจกรรมบำบัด,Admission,,0,23,394,23,61.6802,57.2855
มหาวิทยาลัยศรีนครินทรวิโรฒ,องครักษ์,10090267112501A,0,A0001,คณะกายภาพบำบัด,หลักสูตรวิทยาศาสตรบัณฑิตสาขาวิชาการ ส่งเสริมสุขภาพ,Admission,,0,36,501,36,62.6542,57.3688
มหาวิทยาลัยศรีนครินทรวิโรฒ,องครักษ์,10090271211001A,0,A0064,คณะเทคโนโลยีและนวัตกรรม ผลิตภัณฑ์การเกษตร,หลักสูตรวิทยาศาสตรบัณฑิตสาขาวิชา วิทยาศาสตร์การอาหารและโภชนาการ,Admission (รับกลุ่ม แกนกลาง) (TGAT / TPAT3),,3032,25,219,22,56.0230,44.9376
มหาวิทยาลัยศรีนครินทรวิโรฒ,องครักษ์,10090271211001A,0,A0065,คณะเทคโนโลยีและนวัตกรรม ผลิตภัณฑ์การเกษตร,หลักสูตรวิทยาศาสตรบัณฑิตสาขาวิชา วิทยาศาสตร์การอาหารและโภชนาการ,Admission (รับกลุ่ม นานาชาติ อาชีวะ กศน. GED) (TGAT / TPAT3),,3032,25,10,3,51.8388,46.7568
มหาวิทยาลัยศรีนครินทรวิโรฒ,องครักษ์,10090271211001A,0,A0066,คณะเทคโนโลยีและนวัตกรรม ผลิตภัณฑ์การเกษตร,หลักสูตรวิทยาศาสตรบัณฑิตสาขาวิชา วิทยาศาสตร์การอาหารและโภชนาการ,"Admission (รับกลุ่ม แกนกลาง) (TGAT / A-LEVEL เคม,ี ชีววิทยา)",,3033,25,69,25,51.8184,30.6564
มหาวิทยาลัยศรีนครินทรวิโรฒ,องครักษ์,10090271211001A,0,A0067,คณะเทคโนโลยีและนวัตกรรม ผลิตภัณฑ์การเกษตร,หลักสูตรวิทยาศาสตรบัณฑิตสาขาวิชา วิทยาศาสตร์การอาหารและโภชนาการ,"Admission (รับกลุ่ม นานาชาติ อาชีวะ กศน. GED) (TGAT / A-LEVEL เคม,ี ชีววิทยา)",,3033,25,1,0,0.0000,0.0000
มหาวิทยาลัยศรีนครินทรวิโรฒ,องครักษ์,10090271211201A,0,A0001,คณะเทคโนโลยีและนวัตกรรม ผลิตภัณฑ์การเกษตร,หลักสูตรวิทยาศาสตรบัณฑิตสาขาวิชา เทคโนโลยีชีวภาพและผลิตภัณฑ์การเกษตร,Admission,,0,68,337,68,70.9140,47.0830
มหาวิทยาลัยศรีนครินทรวิโรฒ,องครักษ์,10090271212401A,0,A0001,คณะเทคโนโลยีและนวัตกรรม ผลิตภัณฑ์การเกษตร,หลักสูตรวิทยาศาสตรบัณฑิตสาขาวิชา นวัตกรรมอาหารและธุรกิจ,Admission,,0,35,463,35,62.9218,54.1960
มหาวิทยาลัยศรีนครินทรวิโรฒ,องครักษ์,10090271213601A,0,A0068,คณะเทคโนโลยีและนวัตกรรม ผลิตภัณฑ์การเกษตร,หลักสูตรวิทยาศาสตรบัณฑิตสาขาวิชา เทคโนโลยีวัสดุพอลิเมอร์,Admission (รับกลุ่ม แกนกลาง),,3034,55,395,53,68.7410,47.2670
มหาวิทยาลัยศรีนครินทรวิโรฒ,องครักษ์,10090271213601A,0,A0069,คณะเทคโนโลยีและนวัตกรรม ผลิตภัณฑ์การเกษตร,หลักสูตรวิทยาศาสตรบัณฑิตสาขาวิชา เทคโนโลยีวัสดุพอลิเมอร์,Admission (รับกลุ่ม นานาชาติ อาชีวะ GED),,3034,55,15,2,55.3070,49.6500
มหาวิทยาลัยสงขลานครินทร์,หาดใหญ่,10100101300001A,0,A9003,คณะวิศวกรรมศาสตร์,วศ.บ. วิศวกรรมศาสตร์,โครงการคัดเลือก บุคคลเข้าศึกษา ระดับปริญญาตีรรอบที่ 3 Admission สามัญ,,3011,30,634,29,64.4591,58.3297
มหาวิทยาลัยสงขลานครินทร์,หาดใหญ่,10100101300001A,0,B9003,คณะวิศวกรรมศาสตร์,วศ.บ. วิศวกรรมศาสตร์,โครงการคัดเลือก บุคคลเข้าศึกษา ระดับปริญญาตีรรอบที่ 3 Admission ปวช.,,3011,20,25,1,59.8379,59.8379
มหาวิทยาลัยสงขลานครินทร์,หาดใหญ่,10100101300301A,0,A9003,คณะวิศวกรรมศาสตร์,วศ.บ. วิศวกรรมการผลิต,โครงการคัดเลือก บุคคลเข้าศึกษา ระดับปริญญาตีรรอบที่ 3 Admission,,0,20,203,20,55.9684,53.4472
มหาวิทยาลัยสงขลานครินทร์,หาดใหญ่,10100101300501A,0,A9003,คณะวิศวกรรมศาสตร์,วศ.บ. วิศวกรรมคอมพิวเตอร์,โครงการคัดเลือก บุคคลเข้าศึกษา ระดับปริญญาตีรรอบที่ 3 Admission,,0,5,158,5,67.6948,62.5077
มหาวิทยาลัยสงขลานครินทร์,หาดใหญ่,10100101300601A,0,A9003,คณะวิศวกรรมศาสตร์,วศ.บ. วิศวกรรมเคมี,โครงการคัดเลือก บุคคลเข้าศึกษา ระดับปริญญาตีรรอบที่ 3 Admission,,0,10,141,10,67.9482,58.3002
มหาวิทยาลัยสงขลานครินทร์,หาดใหญ่,10100101301901A,0,A9003,คณะวิศวกรรมศาสตร์,วศ.บ. วิศวกรรมเมคาทรอนิกส์,โครงการคัดเลือก บุคคลเข้าศึกษา ระดับปริญญาตีรรอบที่ 3 Admission,,0,10,166,10,59.3408,56.3506
มหาวิทยาลัยสงขลานครินทร์,หาดใหญ่,10100101302101A,0,A9003,คณะวิศวกรรมศาสตร์,วศ.บ. วิศวกรรมโยธา,โครงการคัดเลือก บุคคลเข้าศึกษา ระดับปริญญาตีรรอบที่ 3 Admission,,0,3,326,3,66.6488,62.9682
มหาวิทยาลัยสงขลานครินทร์,หาดใหญ่,10100101302501E,0,A9003,คณะวิศวกรรมศาสตร์,วศ.บ. วิศวกรรมยาง (หลักสูตรนานาชาต)ิ,โครงการคัดเลือก บุคคลเข้าศึกษา ระดับปริญญาตีรรอบที่ 3 Admission,,0,10,23,10,52.1866,39.8333
มหาวิทยาลัยสงขลานครินทร์,หาดใหญ่,10100101302801A,0,A9003,คณะวิศวกรรมศาสตร์,วศ.บ. วิศวกรรมสิ่งแวดล้อม,โครงการคัดเลือก บุคคลเข้าศึกษา ระดับปริญญาตีรรอบที่ 3 Admission,,0,10,531,10,57.6778,53.8141
มหาวิทยาลัยสงขลานครินทร์,หาดใหญ่,10100101303001A,0,A9003,คณะวิศวกรรมศาสตร์,วศ.บ. วิศวกรรมเหมืองแร่และวัสดุ,โครงการคัดเลือก บุคคลเข้าศึกษา ระดับปริญญาตีรรอบที่ 3 Admission,,0,10,219,10,56.0317,53.3067
มหาวิทยาลัยสงขลานครินทร์,หาดใหญ่,10100101303401A,0,A9003,คณะวิศวกรรมศาสตร์,วศ.บ. วิศวกรรมเซมิคอนดักเตอร์,โครงการคัดเลือก บุคคลเข้าศึกษา ระดับปริญญาตีรรอบที่ 3 Admission,,0,20,154,20,66.2976,52.8109
มหาวิทยาลัยสงขลานครินทร์,หาดใหญ่,10100101303501A,0,A9003,คณะวิศวกรรมศาสตร์,วศ.บ. วิศวกรรมอุตสาหการ,โครงการคัดเลือก บุคคลเข้าศึกษา ระดับปริญญาตีรรอบที่ 3 Admission,,0,20,253,20,59.3756,55.9790
มหาวิทยาลัยสงขลานครินทร์,หาดใหญ่,10100101303601E,0,A9003,คณะวิศวกรรมศาสตร์,วศ.บ. วิศวกรรมและการจัดการนวัตกรรม (หลักสูตรนานาชาต)ิ,โครงการคัดเลือก บุคคลเข้าศึกษา ระดับปริญญาตีรรอบที่ 3 Admission,,0,10,51,10,47.8788,43.7289
มหาวิทยาลัยสงขลานครินทร์,หาดใหญ่,10100101303701A,0,A9003,คณะวิศวกรรมศาสตร์,วศ.บ. วิศวกรรมปัญญาประดิษฐ์,โครงการคัดเลือก บุคคลเข้าศึกษา ระดับปริญญาตีรรอบที่ 3 Admission,,0,5,125,5,61.1523,57.1455
มหาวิทยาลัยสงขลานครินทร์,หาดใหญ่,10100102210001A,0,A9003,คณะวิทยาศาสตร์,วท.บ. วิทยาศาสตร์กายภาพและชีวภาพ,โครงการคัดเลือก บุคคลเข้าศึกษา ระดับปริญญาตีรรอบที่ 3 Admission,,0,140,564,140,66.2975,39.6665
มหาวิทยาลัยสงขลานครินทร์,หาดใหญ่,10100102210002A,0,A9003,คณะวิทยาศาสตร์,วท.บ. วิทยาศาสตร์การคำนวณ,โครงการคัดเลือก บุคคลเข้าศึกษา ระดับปริญญาตีรรอบที่ 3 Admission,,0,60,259,60,54.3050,40.2355
มหาวิทยาลัยสงขลานครินทร์,หาดใหญ่,10100103110101A,0,A9003,คณะแพทยศาสตร์,วท.บ.กายภาพบำบัด,โครงการคัดเลือก บุคคลเข้าศึกษา ระดับปริญญาตีรรอบที่ 3 Admission,,0,32,867,32,61.2108,55.7994
มหาวิทยาลัยสงขลานครินทร์,หาดใหญ่,10100103111601A,0,A9003,คณะแพทยศาสตร์,วท.บ.ปฏิบัติการฉุกเฉินการแพทย์,โครงการคัดเลือก บุคคลเข้าศึกษา ระดับปริญญาตีรรอบที่ 3 Admission,,0,11,514,11,63.2866,55.2590
มหาวิทยาลัยสงขลานครินทร์,หาดใหญ่,10100103111901A,0,A9003,คณะแพทยศาสตร์,วท.บ.รังสีเทคนิค,โครงการคัดเลือก บุคคลเข้าศึกษา ระดับปริญญาตีรรอบที่ 3 Admission,,0,28,938,28,59.6902,50.2922
มหาวิทยาลัยสงขลานครินทร์,หาดใหญ่,10100104111701A,0,A9003,คณะพยาบาลศาสตร์,พย.บ. พยาบาลศาสตรบัณฑิต,โครงการคัดเลือก บุคคลเข้าศึกษา ระดับปริญญาตีรรอบที่ 3 Admission,,0,80,416,80,46.6700,34.3800
มหาวิทยาลัยสงขลานครินทร์,หาดใหญ่,10100105610201E,0,A9003,คณะวิทยาการจัดการ,บธ.บ.การจัดการและความเป็นผู้ประกอบการ (หลักสูตรนานาชาต)ิ,โครงการคัดเลือก บุคคลเข้าศึกษา ระดับปริญญาตีรรอบที่ 3 Admission,,0,30,102,30,68.9580,38.1250
มหาวิทยาลัยสงขลานครินทร์,หาดใหญ่,10100105610501A,0,A9003,คณะวิทยาการจัดการ,บช.บ. บัญชีบัณฑิต,โครงการคัดเลือก บุคคลเข้าศึกษา ระดับปริญญาตีรรอบที่ 3 Admission พื้นฐานวิทย์,,0,25,453,25,59.5673,47.9537
มหาวิทยาลัยสงขลานครินทร์,หาดใหญ่,10100105610501A,0,B9003,คณะวิทยาการจัดการ,บช.บ. บัญชีบัณฑิต,โครงการคัดเลือก บุคคลเข้าศึกษา ระดับปริญญาตีรรอบที่ 3 Admission พื้นฐานศิลป์,,0,25,402,25,73.3257,59.6053
มหาวิทยาลัยสงขลานครินทร์,หาดใหญ่,10100105610801A,A,A9003,คณะวิทยาการจัดการ,บธ.บ. บริหารธุรกิจบัณฑิต,โครงการคัดเลือก บุคคลเข้าศึกษา ระดับปริญญาตีรรอบที่ 3 Admission พื้นฐานวิทย์,การเงินและ การลงทุน,0,15,238,15,49.2237,42.5000
มหาวิทยาลัยสงขลานครินทร์,หาดใหญ่,10100105610801A,A,B9003,คณะวิทยาการจัดการ,บธ.บ. บริหารธุรกิจบัณฑิต,โครงการคัดเลือก บุคคลเข้าศึกษา ระดับปริญญาตีรรอบที่ 3 Admission พื้นฐานศิลป์,การเงินและ การลงทุน,0,15,214,15,68.5740,47.7777
มหาวิทยาลัยสงขลานครินทร์,หาดใหญ่,10100105610801A,B,A9003,คณะวิทยาการจัดการ,บธ.บ. บริหารธุรกิจบัณฑิต,โครงการคัดเลือก บุคคลเข้าศึกษา ระดับปริญญาตีรรอบที่ 3 Admission พื้นฐานวิทย์,การตลาด และการ สื่อสาร,0,10,221,10,43.9720,37.8273
มหาวิทยาลัยสงขลานครินทร์,หาดใหญ่,10100105610801A,B,B9003,คณะวิทยาการจัดการ,บธ.บ. บริหารธุรกิจบัณฑิต,โครงการคัดเลือก บุคคลเข้าศึกษา ระดับปริญญาตีรรอบที่ 3 Admission พื้นฐานศิลป์,การตลาด และการ สื่อสาร,0,10,219,10,62.2683,45.5923
มหาวิทยาลัยสงขลานครินทร์,หาดใหญ่,10100105610801A,C,A9003,คณะวิทยาการจัดการ,บธ.บ. บริหารธุรกิจบัณฑิต,โครงการคัดเลือก บุคคลเข้าศึกษา ระดับปริญญาตีรรอบที่ 3 Admission พื้นฐานวิทย์,การจัดการ ทรัพยากร มนุษย์,0,10,185,10,41.7870,36.8703
มหาวิทยาลัยสงขลานครินทร์,หาดใหญ่,10100105610801A,C,B9003,คณะวิทยาการจัดการ,บธ.บ. บริหารธุรกิจบัณฑิต,โครงการคัดเลือก บุคคลเข้าศึกษา ระดับปริญญาตีรรอบที่ 3 Admission พื้นฐานศิลป์,การจัดการ ทรัพยากร มนุษย์,0,10,198,10,57.5923,46.8080
มหาวิทยาลัยสงขลานครินทร์,หาดใหญ่,10100105610801A,D,A9003,คณะวิทยาการจัดการ,บธ.บ. บริหารธุรกิจบัณฑิต,โครงการคัดเลือก บุคคลเข้าศึกษา ระดับปริญญาตีรรอบที่ 3 Admission พื้นฐานวิทย์,การ จัดการโลิจสติกส์และ โซ่อุปทาน,0,7,216,7,59.5630,42.3957
มหาวิทยาลัยสงขลานครินทร์,หาดใหญ่,10100105610801A,D,B9003,คณะวิทยาการจัดการ,บธ.บ. บริหารธุรกิจบัณฑิต,โครงการคัดเลือก บุคคลเข้าศึกษา ระดับปริญญาตีรรอบที่ 3 Admission พื้นฐานศิลป์,การ จัดการโลิจสติกส์และ โซ่อุปทาน,0,7,208,7,62.4257,52.4797
มหาวิทยาลัยสงขลานครินทร์,หาดใหญ่,10100105610801A,E,A9003,คณะวิทยาการจัดการ,บธ.บ. บริหารธุรกิจบัณฑิต,โครงการคัดเลือก บุคคลเข้าศึกษา ระดับปริญญาตีรรอบที่ 3 Admission พื้นฐานวิทย์,ระบบ สารสนเทศ ทางธุรกิจ,0,7,181,7,49.8887,41.5647
มหาวิทยาลัยสงขลานครินทร์,หาดใหญ่,10100105610801A,E,B9003,คณะวิทยาการจัดการ,บธ.บ. บริหารธุรกิจบัณฑิต,โครงการคัดเลือก บุคคลเข้าศึกษา ระดับปริญญาตีรรอบที่ 3 Admission พื้นฐานศิลป์,ระบบ สารสนเทศ ทางธุรกิจ,0,7,172,7,69.8793,48.4627
มหาวิทยาลัยสงขลานครินทร์,หาดใหญ่,10100105610801A,F,A9003,คณะวิทยาการจัดการ,บธ.บ. บริหารธุรกิจบัณฑิต,โครงการคัดเลือก บุคคลเข้าศึกษา ระดับปริญญาตีรรอบที่ 3 Admission พื้นฐานวิทย์,การจัดการ ไมซ์,0,7,142,7,45.2127,36.8053
มหาวิทยาลัยสงขลานครินทร์,หาดใหญ่,10100105610801A,F,B9003,คณะวิทยาการจัดการ,บธ.บ. บริหารธุรกิจบัณฑิต,โครงการคัดเลือก บุคคลเข้าศึกษา ระดับปริญญาตีรรอบที่ 3 Admission พื้นฐานศิลป์,การจัดการ ไมซ์,0,8,165,8,56.2313,45.2777
มหาวิทยาลัยสงขลานครินทร์,หาดใหญ่,10100105903101A,0,A9003,คณะวิทยาการจัดการ,รป.บ. รัฐประศาสนศาสตรบัณฑิต,โครงการคัดเลือก บุคคลเข้าศึกษา ระดับปริญญาตีรรอบที่ 3 Admission,,0,30,601,30,60.9095,50.9930
มหาวิทยาลัยสงขลานครินทร์,หาดใหญ่,10100106212901A,0,A9003,คณะทรัพยากรธรรมชาติ,วท.บ. (วาริชศาสตร์),โครงการคัดเลือก บุคคลเข้าศึกษา ระดับปริญญาตีรรอบที่ 3 Admission,,0,40,142,40,34.4787,24.6813
มหาวิทยาลัยสงขลานครินทร์,หาดใหญ่,10100106500201A,0,A9003,คณะทรัพยากรธรรมชาติ,วท.บ. (เกษตรศาสตร)์,โครงการคัดเลือก บุคคลเข้าศึกษา ระดับปริญญาตีรรอบที่ 3 Admission,,0,150,166,71,40.0540,17.5000
มหาวิทยาลัยสงขลานครินทร์,หาดใหญ่,10100106501201A,0,A9003,คณะทรัพยากรธรรมชาติ,วท.บ. (สัตวศาสตร)์,โครงการคัดเลือก บุคคลเข้าศึกษา ระดับปริญญาตีรรอบที่ 3 Admission,,0,40,216,40,42.7813,27.3448
มหาวิทยาลัยสงขลานครินทร์,หาดใหญ่,10100107130201A,0,A9003,คณะเภสัชศาสตร์,ภ.บ. เภสัชกรรมอุตสาหการ,โครงการคัดเลือก บุคคลเข้าศึกษา ระดับปริญญาตีรรอบที่ 3 Admission,,0,60,495,60,60.0906,51.0146
มหาวิทยาลัยสงขลานครินทร์,หาดใหญ่,10100107130301A,0,A9003,คณะเภสัชศาสตร์,ภ.บ. การบริบาลทางเภสัชกรรม,โครงการคัดเลือก บุคคลเข้าศึกษา ระดับปริญญาตีรรอบที่ 3 Admission,,0,35,327,35,59.3887,53.4676
มหาวิทยาลัยสงขลานครินทร์,หาดใหญ่,10100109211001A,0,A9003,คณะอุตสาหกรรมเกษตร,วท.บ. วิทยาศาสตร์และเทคโนโลยีอาหาร,โครงการคัดเลือก บุคคลเข้าศึกษา ระดับปริญญาตีรรอบที่ 3 Admission,,0,40,332,40,46.8631,35.0854
มหาวิทยาลัยสงขลานครินทร์,หาดใหญ่,10100109211002E,0,A9003,คณะอุตสาหกรรมเกษตร,วท.บ. การกำหนดอาหารและโภชนาการเพื่อ สุขภาพ (หลักสูตรนานาชาต)ิ,โครงการคัดเลือก บุคคลเข้าศึกษา ระดับปริญญาตีรรอบที่ 3 Admission,,0,30,37,11,42.1708,26.6264
มหาวิทยาลัยสงขลานครินทร์,หาดใหญ่,10100109212201A,0,A9003,คณะอุตสาหกรรมเกษตร,วท.บ. เทคโนโลยีและการจัดการอุตสาหกรรม อาหาร,โครงการคัดเลือก บุคคลเข้าศึกษา ระดับปริญญาตีรรอบที่ 3 Admission,,0,35,211,35,49.8115,38.8280
มหาวิทยาลัยสงขลานครินทร์,หาดใหญ่,10100109212801A,0,A9003,คณะอุตสาหกรรมเกษตร,วท.บ. เทคโนโลยีบรรจุภัณฑ์และวัสดุ,โครงการคัดเลือก บุคคลเข้าศึกษา ระดับปริญญาตีรรอบที่ 3 Admission,,0,25,199,25,48.9555,39.1975
มหาวิทยาลัยสงขลานครินทร์,หาดใหญ่,10100110620201A,0,A9003,คณะศิลปศาสตร์,ศศ.บ. การจัดการอุตสาหกรรมการบินและการ บริการ,โครงการคัดเลือก บุคคลเข้าศึกษา ระดับปริญญาตีรรอบที่ 3 Admission,,0,15,79,15,62.2083,51.6735
มหาวิทยาลัยสงขลานครินทร์,หาดใหญ่,10100110901801A,0,A9003,คณะศิลปศาสตร์,ศศ.บ. ภาษาจีน,โครงการคัดเลือก บุคคลเข้าศึกษา ระดับปริญญาตีรรอบที่ 3 Admission,,0,12,55,12,62.5930,50.5440
มหาวิทยาลัยสงขลานครินทร์,หาดใหญ่,10100110901802H,0,A9003,คณะศิลปศาสตร์,ศศ.บ. ภาษาจีน,โครงการคัดเลือก บุคคลเข้าศึกษา ระดับปริญญาตีรรอบที่ 3 Admission,,0,16,54,15,58.8540,41.7045
มหาวิทยาลัยสงขลานครินทร์,หาดใหญ่,10100110902001A,0,A9003,คณะศิลปศาสตร์,ศศ.บ. ภาษาไทยประยุกต์,โครงการคัดเลือก บุคคลเข้าศึกษา ระดับปริญญาตีรรอบที่ 3 Admission,,0,35,228,35,59.7220,49.6110
มหาวิทยาลัยสงขลานครินทร์,หาดใหญ่,10100110902501A,0,A9003,คณะศิลปศาสตร์,ศศ.บ. ภาษาอังกฤษ,โครงการคัดเลือก บุคคลเข้าศึกษา ระดับปริญญาตีรรอบที่ 3 Admission,,0,20,308,20,68.8645,60.0278
มหาวิทยาลัยสงขลานครินทร์,หาดใหญ่,10100110903601A,0,A9003,คณะศิลปศาสตร์,ศศ.บ. ชุมชนศึกษาเพื่อการพัฒนา,โครงการคัดเลือก บุคคลเข้าศึกษา ระดับปริญญาตีรรอบที่ 3 Admission,,0,5,196,5,59.2840,51.3403
มหาวิทยาลัยสงขลานครินทร์,หาดใหญ่,10100111901001A,0,A9003,คณะนิติศาสตร์,น.บ. นิติศาสตรบัณฑิต(ภาคปกติ),โครงการคัดเลือก บุคคลเข้าศึกษา ระดับปริญญาตีรรอบที่ 3 Admission พื้นฐานวิท์ย/ศิลป์- คำนวณ,,0,25,321,25,59.8092,48.6006
มหาวิทยาลัยสงขลานครินทร์,หาดใหญ่,10100111901001A,0,B9003,คณะนิติศาสตร์,น.บ. นิติศาสตรบัณฑิต(ภาคปกติ),โครงการคัดเลือก บุคคลเข้าศึกษา ระดับปริญญาตีรรอบที่ 3 Admission พื้นฐานศิลป์,,0,25,468,25,68.8463,57.6135
มหาวิทยาลัยสงขลานครินทร์,หาดใหญ่,10100111901002B,0,A9003,คณะนิติศาสตร์,น.บ. นิติศาสตรบัณฑิต(ภาคสมทบ),โครงการคัดเลือก บุคคลเข้าศึกษา ระดับปริญญาตีรรอบที่ 3 Admission พื้นฐานวิท์ย/ศิลป์- คำนวณ,,0,50,292,50,48.7182,40.1000
มหาวิทยาลัยสงขลานครินทร์,หาดใหญ่,10100111901002B,0,B9003,คณะนิติศาสตร์,น.บ. นิติศาสตรบัณฑิต(ภาคสมทบ),โครงการคัดเลือก บุคคลเข้าศึกษา ระดับปริญญาตีรรอบที่ 3 Admission พื้นฐานศิลป์,,0,50,288,50,56.5213,45.9583
มหาวิทยาลัยสงขลานครินทร์,หาดใหญ่,10100112611101A,0,A9003,คณะเศรษฐศาสตร์,ศ.บ. เศรษฐศาสตร์,โครงการคัดเลือก บุคคลเข้าศึกษา ระดับปริญญาตีรรอบที่ 3 Admission,,0,50,257,50,74.0000,41.1250
มหาวิทยาลัยสงขลานครินทร์,หาดใหญ่,10100112611102A,0,A9003,คณะเศรษฐศาสตร์,ศ.บ. เศรษฐศาสตร์ธุรกิจเกษตร,โครงการคัดเลือก บุคคลเข้าศึกษา ระดับปริญญาตีรรอบที่ 3 Admission,,0,20,159,20,43.8750,28.2500
มหาวิทยาลัยสงขลานครินทร์,หาดใหญ่,10100113110701A,0,A9003,คณะการแพทย์แผนไทย,พท.บ. การแพทย์แผนไทยบัณฑิต,โครงการคัดเลือก บุคคลเข้าศึกษา ระดับปริญญาตีรรอบที่ 3 Admission,,0,40,125,40,45.9700,33.0740
มหาวิทยาลัยสงขลานครินทร์,หาดใหญ่,10100114111301A,0,A9003,คณะเทคนิคการแพทย์,ทพ.บ.เทคนิคการแพทยบัณฑิต,โครงการคัดเลือก บุคคลเข้าศึกษา ระดับปริญญาตีรรอบที่ 3 Admission,,0,20,332,20,54.5654,49.9304
มหาวิทยาลัยสงขลานครินทร์,หาดใหญ่,10100115211601E,0,A9003,วิทยาลัยนานาชาติ วิทยาเขตหาดใหญ่,วท.บ.สื่อสร้างสรรค์และเทคโนโลยีดิจิทัล (หลักสูตรนานาชาต)ิ,โครงการคัดเลือก บุคคลเข้าศึกษา ระดับปริญญาตีรรอบที่ 3 Admission,,0,20,42,12,89.0832,30.6684
มหาวิทยาลัยสงขลานครินทร์,ปัตตานี,10100218113101A,0,A9003,คณะศึกษาศาสตร์,วท.บ.จิตวิทยาคลินิก,โครงการคัดเลือก บุคคลเข้าศึกษา ระดับปริญญาตีรรอบที่ 3 Admission รูปแบบ 1,,0,6,32,6,36.5706,34.6391
มหาวิทยาลัยสงขลานครินทร์,ปัตตานี,10100218113101A,0,B9003,คณะศึกษาศาสตร์,วท.บ.จิตวิทยาคลินิก,โครงการคัดเลือก บุคคลเข้าศึกษา ระดับปริญญาตีรรอบที่ 3 Admission รูปแบบ 2,,0,5,58,5,61.5372,54.4844
มหาวิทยาลัยสงขลานครินทร์,ปัตตานี,10100218700401A,0,A9003,คณะศึกษาศาสตร์,ศษ.บ. สาขาวิชาวัดผล-เทคโนโลยีสารสนเทศ,โครงการคัดเลือก บุคคลเข้าศึกษา ระดับปริญญาตีรรอบที่ 3 Admission รูปแบบ 1,,0,10,66,10,48.9222,41.7722
มหาวิทยาลัยสงขลานครินทร์,ปัตตานี,10100218700401A,0,B9003,คณะศึกษาศาสตร์,ศษ.บ. สาขาวิชาวัดผล-เทคโนโลยีสารสนเทศ,โครงการคัดเลือก บุคคลเข้าศึกษา ระดับปริญญาตีรรอบที่ 3 Admission รูปแบบ 2,,0,10,54,10,51.2420,44.9710
มหาวิทยาลัยสงขลานครินทร์,ปัตตานี,10100218701501A,0,A9003,คณะศึกษาศาสตร์,ศษ.บ. สาขาวิชาเทคโนโลยีดิจิทัลและสื่อสาร การศึกษา,โครงการคัดเลือก บุคคลเข้าศึกษา ระดับปริญญาตีรรอบที่ 3 Admission รูปแบบ 1,,0,7,88,7,47.8388,45.8500
มหาวิทยาลัยสงขลานครินทร์,ปัตตานี,10100218701501A,0,B9003,คณะศึกษาศาสตร์,ศษ.บ. สาขาวิชาเทคโนโลยีดิจิทัลและสื่อสาร การศึกษา,โครงการคัดเลือก บุคคลเข้าศึกษา ระดับปริญญาตีรรอบที่ 3 Admission รูปแบบ 2,,0,7,118,7,59.1015,54.5415
มหาวิทยาลัยสงขลานครินทร์,ปัตตานี,10100218702001A,A,A9003,คณะศึกษาศาสตร์,ศษ.บ. สาขาวิชาการสอนภาษา,โครงการคัดเลือก บุคคลเข้าศึกษา ระดับปริญญาตีรรอบที่ 3 Admission รูปแบบ 2,ภาษาไทย,0,6,162,6,54.1740,53.2722
มหาวิทยาลัยสงขลานครินทร์,ปัตตานี,10100218702001A,A,B9003,คณะศึกษาศาสตร์,ศษ.บ. สาขาวิชาการสอนภาษา,โครงการคัดเลือก บุคคลเข้าศึกษา ระดับปริญญาตีรรอบที่ 3 Admission รูปแบบ 1,ภาษาไทย,0,7,208,7,60.0154,53.1130
มหาวิทยาลัยสงขลานครินทร์,ปัตตานี,10100218702001A,B,A9003,คณะศึกษาศาสตร์,ศษ.บ. สาขาวิชาการสอนภาษา,โครงการคัดเลือก บุคคลเข้าศึกษา ระดับปริญญาตีรรอบที่ 3 Admission รูปแบบ 1,ภาษาอังกฤษ,0,6,45,6,62.6992,57.3388
มหาวิทยาลัยสงขลานครินทร์,ปัตตานี,10100218702001A,B,B9003,คณะศึกษาศาสตร์,ศษ.บ. สาขาวิชาการสอนภาษา,โครงการคัดเลือก บุคคลเข้าศึกษา ระดับปริญญาตีรรอบที่ 3 Admission รูปแบบ 2,ภาษาอังกฤษ,0,5,36,5,64.4610,59.9188
มหาวิทยาลัยสงขลานครินทร์,ปัตตานี,10100218703701A,B,A9003,คณะศึกษาศาสตร์,ศษ.บ. ศึกษาศาสตรบัณฑิต,โครงการคัดเลือก บุคคลเข้าศึกษา ระดับปริญญาตีรรอบที่ 3 Admission,จิตวิทยา การศึกษา และการ แนะแนว,0,8,69,8,43.6833,40.7896
มหาวิทยาลัยสงขลานครินทร์,ปัตตานี,10100218703701A,C,A9003,คณะศึกษาศาสตร์,ศษ.บ. ศึกษาศาสตรบัณฑิต,โครงการคัดเลือก บุคคลเข้าศึกษา ระดับปริญญาตีรรอบที่ 3 Admission รูปแบบ 1,ศิลปศึกษา,0,5,64,5,48.2072,45.2110
มหาวิทยาลัยสงขลานครินทร์,ปัตตานี,10100218703701A,C,B9003,คณะศึกษาศาสตร์,ศษ.บ. ศึกษาศาสตรบัณฑิต,โครงการคัดเลือก บุคคลเข้าศึกษา ระดับปริญญาตีรรอบที่ 3 Admission รูปแบบ 2,ศิลปศึกษา,0,5,87,5,59.7985,53.8233
มหาวิทยาลัยสงขลานครินทร์,ปัตตานี,10100218703701A,D,A9003,คณะศึกษาศาสตร์,ศษ.บ. ศึกษาศาสตรบัณฑิต,โครงการคัดเลือก บุคคลเข้าศึกษา ระดับปริญญาตีรรอบที่ 3 Admission รูปแบบ 1,พลศึกษา,0,2,112,2,47.3055,46.8638
มหาวิทยาลัยสงขลานครินทร์,ปัตตานี,10100218703701A,D,B9003,คณะศึกษาศาสตร์,ศษ.บ. ศึกษาศาสตรบัณฑิต,โครงการคัดเลือก บุคคลเข้าศึกษา ระดับปริญญาตีรรอบที่ 3 Admission รูปแบบ 2,พลศึกษา,0,2,258,2,59.9305,59.3533
มหาวิทยาลัยสงขลานครินทร์,ปัตตานี,10100218703701A,E,A9003,คณะศึกษาศาสตร์,ศษ.บ. ศึกษาศาสตรบัณฑิต,โครงการคัดเลือก บุคคลเข้าศึกษา ระดับปริญญาตีรรอบที่ 3 Admission,สุขศึกษา,0,8,52,8,48.0706,39.9603
มหาวิทยาลัยสงขลานครินทร์,ปัตตานี,10100218703702A,A,A9003,คณะศึกษาศาสตร์,ศษ.บ. สาขาวิชาการจัดการเรียนรู้ วิทยาศาสตร์-คณิตศาสตร์,โครงการคัดเลือก บุคคลเข้าศึกษา ระดับปริญญาตีรรอบที่ 3 Admission,คณิตศาสตร์,0,10,141,10,65.7000,55.5722
มหาวิทยาลัยสงขลานครินทร์,ปัตตานี,10100218703702A,B,A9003,คณะศึกษาศาสตร์,ศษ.บ. สาขาวิชาการจัดการเรียนรู้ วิทยาศาสตร์-คณิตศาสตร์,โครงการคัดเลือก บุคคลเข้าศึกษา ระดับปริญญาตีรรอบที่ 3 Admission,เคมี,0,18,101,18,44.2221,39.6516
มหาวิทยาลัยสงขลานครินทร์,ปัตตานี,10100218703702A,C,A9003,คณะศึกษาศาสตร์,ศษ.บ. สาขาวิชาการจัดการเรียนรู้ วิทยาศาสตร์-คณิตศาสตร์,โครงการคัดเลือก บุคคลเข้าศึกษา ระดับปริญญาตีรรอบที่ 3 Admission,ชีววิทยา,0,18,108,18,52.5185,44.4985
มหาวิทยาลัยสงขลานครินทร์,ปัตตานี,10100218703702A,D,A9003,คณะศึกษาศาสตร์,ศษ.บ. สาขาวิชาการจัดการเรียนรู้ วิทยาศาสตร์-คณิตศาสตร์,โครงการคัดเลือก บุคคลเข้าศึกษา ระดับปริญญาตีรรอบที่ 3 Admission,ฟิสิกส์,0,14,134,14,44.7824,40.8920
มหาวิทยาลัยสงขลานครินทร์,ปัตตานี,10100218703702A,E,A9003,คณะศึกษาศาสตร์,ศษ.บ. สาขาวิชาการจัดการเรียนรู้ วิทยาศาสตร์-คณิตศาสตร์,โครงการคัดเลือก บุคคลเข้าศึกษา ระดับปริญญาตีรรอบที่ 3 Admission,วิทยาศาสต์รทั่วไป,0,14,94,14,52.0516,41.6634
มหาวิทยาลัยสงขลานครินทร์,ปัตตานี,10100218703703A,A,A9003,คณะศึกษาศาสตร์,ศษ.บ. ศึกษาศาสตรบัณฑิต,โครงการคัดเลือก บุคคลเข้าศึกษา ระดับปริญญาตีรรอบที่ 3 Admission รูปแบบ 2,การศึกษา ปฐมวัย,0,4,143,4,53.4054,51.1924
มหาวิทยาลัยสงขลานครินทร์,ปัตตานี,10100218703703A,A,B9003,คณะศึกษาศาสตร์,ศษ.บ. ศึกษาศาสตรบัณฑิต,โครงการคัดเลือก บุคคลเข้าศึกษา ระดับปริญญาตีรรอบที่ 3 Admission รูปแบบ 1,การศึกษา ปฐมวัย,0,4,252,4,64.5348,60.3295
มหาวิทยาลัยสงขลานครินทร์,ปัตตานี,10100218703703A,B,A9003,คณะศึกษาศาสตร์,ศษ.บ. ศึกษาศาสตรบัณฑิต,โครงการคัดเลือก บุคคลเข้าศึกษา ระดับปริญญาตีรรอบที่ 3 Admission รูปแบบ 1,สังคมศึกษา,0,5,153,5,59.3054,57.2388
มหาวิทยาลัยสงขลานครินทร์,ปัตตานี,10100218703703A,B,B9003,คณะศึกษาศาสตร์,ศษ.บ. ศึกษาศาสตรบัณฑิต,โครงการคัดเลือก บุคคลเข้าศึกษา ระดับปริญญาตีรรอบที่ 3 Admission รูปแบบ 2,สังคมศึกษา,0,4,44,4,52.5983,48.9970
มหาวิทยาลัยสงขลานครินทร์,ปัตตานี,10100219111801A,0,A9003,คณะวิทยาศาสตร์และเทคโนโลยี,วท.บ. โภชนศาสตร์และการกำหนดอาหาร,โครงการคัดเลือก บุคคลเข้าศึกษา ระดับปริญญาตีรรอบที่ 3 Admission,,0,30,149,30,48.9995,36.9995
มหาวิทยาลัยสงขลานครินทร์,ปัตตานี,10100219210301A,0,A9003,คณะวิทยาศาสตร์และเทคโนโลยี,วท.บ. คณิตศาสตร์และวิทยาการคอมพิวเตอร์,โครงการคัดเลือก บุคคลเข้าศึกษา ระดับปริญญาตีรรอบที่ 3 Admission,,0,40,213,40,62.0385,35.3060
มหาวิทยาลัยสงขลานครินทร์,ปัตตานี,10100219210601A,0,A9003,คณะวิทยาศาสตร์และเทคโนโลยี,วท.บ. เคม-ีชีววิทยา,โครงการคัดเลือก บุคคลเข้าศึกษา ระดับปริญญาตีรรอบที่ 3 Admission,,0,40,173,40,52.1840,33.5100
มหาวิทยาลัยสงขลานครินทร์,ปัตตานี,10100219211001A,0,A9003,คณะวิทยาศาสตร์และเทคโนโลยี,วท.บ. วิทยาศาสตร์การอาหารและโภชนาการ,โครงการคัดเลือก บุคคลเข้าศึกษา ระดับปริญญาตีรรอบที่ 3 Admission,,0,40,191,40,42.9440,31.5275
มหาวิทยาลัยสงขลานครินทร์,ปัตตานี,10100219212701A,0,A9003,คณะวิทยาศาสตร์และเทคโนโลยี,วท.บ. ฟิสิกส์,โครงการคัดเลือก บุคคลเข้าศึกษา ระดับปริญญาตีรรอบที่ 3 Admission,,0,40,77,21,44.6525,25.7635
มหาวิทยาลัยสงขลานครินทร์,ปัตตานี,10100219213501A,0,A9003,คณะวิทยาศาสตร์และเทคโนโลยี,วท.บ. เทคโนโลยียาง,โครงการคัดเลือก บุคคลเข้าศึกษา ระดับปริญญาตีรรอบที่ 3 Admission,,0,50,26,3,34.7775,30.1745
มหาวิทยาลัยสงขลานครินทร์,ปัตตานี,10100219500401A,A,A9003,คณะวิทยาศาสตร์และเทคโนโลยี,วท.บ. เทคโนโลยีการเกษตร,โครงการคัดเลือก บุคคลเข้าศึกษา ระดับปริญญาตีรรอบที่ 3 Admission,เทคโนโลียการผลิตพืช,0,30,43,13,39.5730,19.8190
มหาวิทยาลัยสงขลานครินทร์,ปัตตานี,10100219500401A,B,A9003,คณะวิทยาศาสตร์และเทคโนโลยี,วท.บ. เทคโนโลยีการเกษตร,โครงการคัดเลือก บุคคลเข้าศึกษา ระดับปริญญาตีรรอบที่ 3 Admission,เทคโนโลียการผลิตสัตว์,0,30,28,4,31.4965,27.0275
มหาวิทยาลัยสงขลานครินทร์,ปัตตานี,10100219500601A,0,A9003,คณะวิทยาศาสตร์และเทคโนโลยี,วท.บ. เทคโนโลยีและนวัตกรรมประมง,โครงการคัดเลือก บุคคลเข้าศึกษา ระดับปริญญาตีรรอบที่ 3 Admission,,0,40,30,3,33.6385,27.7635
มหาวิทยาลัยสงขลานครินทร์,ปัตตานี,10100220610801A,A,A9003,คณะมนุษยศาสตร์และสังคมศาสตร์,บธ.บ. บริหารธุรกิจบัณฑิต,โครงการคัดเลือก บุคคลเข้าศึกษา ระดับปริญญาตีรรอบที่ 3 Admission,การจัดการ ทรัพยากร มนุษย์,0,21,180,21,43.8450,35.9175
มหาวิทยาลัยสงขลานครินทร์,ปัตตานี,10100220610801A,B,A9003,คณะมนุษยศาสตร์และสังคมศาสตร์,บธ.บ. บริหารธุรกิจบัณฑิต,โครงการคัดเลือก บุคคลเข้าศึกษา ระดับปริญญาตีรรอบที่ 3 Admission,การเป็น ผู้ประกอบกา ร,0,5,101,5,46.1110,42.6145
มหาวิทยาลัยสงขลานครินทร์,ปัตตานี,10100220611101A,0,A9003,คณะมนุษยศาสตร์และสังคมศาสตร์,ศ.บ. เศรษฐศาสตร์การประกอบการ,โครงการคัดเลือก บุคคลเข้าศึกษา ระดับปริญญาตีรรอบที่ 3 Admission,,0,36,246,36,43.9193,31.9375
มหาวิทยาลัยสงขลานครินทร์,ปัตตานี,10100220901201A,0,A9003,คณะมนุษยศาสตร์และสังคมศาสตร์,สท.บ. สารสนเทศศาสตร์,โครงการคัดเลือก บุคคลเข้าศึกษา ระดับปริญญาตีรรอบที่ 3 Admission,,0,35,67,21,38.2075,23.3680
มหาวิทยาลัยสงขลานครินทร์,ปัตตานี,10100220901401A,0,A9003,คณะมนุษยศาสตร์และสังคมศาสตร์,ศศ.บ. ประวัติศาสตร์,โครงการคัดเลือก บุคคลเข้าศึกษา ระดับปริญญาตีรรอบที่ 3 Admission,,0,50,239,50,51.0508,30.4973
มหาวิทยาลัยสงขลานครินทร์,ปัตตานี,10100220901501A,0,A9003,คณะมนุษยศาสตร์และสังคมศาสตร์,ศศ.บ. การคิดเพื่อการพัฒนามนุษย์,โครงการคัดเลือก บุคคลเข้าศึกษา ระดับปริญญาตีรรอบที่ 3 Admission,,0,40,48,14,36.7608,20.3753
มหาวิทยาลัยสงขลานครินทร์,ปัตตานี,10100220901701A,0,A9003,คณะมนุษยศาสตร์และสังคมศาสตร์,ศศ.บ. ภาษาเกาหลี,โครงการคัดเลือก บุคคลเข้าศึกษา ระดับปริญญาตีรรอบที่ 3 Admission,,0,20,76,20,53.1625,33.1933
มหาวิทยาลัยสงขลานครินทร์,ปัตตานี,10100220901801A,0,A9003,คณะมนุษยศาสตร์และสังคมศาสตร์,ศศ.บ. ภาษาจีน,โครงการคัดเลือก บุคคลเข้าศึกษา ระดับปริญญาตีรรอบที่ 3 Admission,,0,31,73,31,49.2500,23.5763
มหาวิทยาลัยสงขลานครินทร์,ปัตตานี,10100220902001A,0,A9003,คณะมนุษยศาสตร์และสังคมศาสตร์,ศศ.บ. ภาษาและวรรณคดีไทย,โครงการคัดเลือก บุคคลเข้าศึกษา ระดับปริญญาตีรรอบที่ 3 Admission,,0,25,187,25,46.9028,39.5278
มหาวิทยาลัยสงขลานครินทร์,ปัตตานี,10100220902301A,0,A9003,คณะมนุษยศาสตร์และสังคมศาสตร์,ศศ.บ. ภาษามลายูและมลายูศึกษา,โครงการคัดเลือก บุคคลเข้าศึกษา ระดับปริญญาตีรรอบที่ 3 Admission,,0,10,122,10,46.7880,37.4040
มหาวิทยาลัยสงขลานครินทร์,ปัตตานี,10100220902401A,A,A9003,คณะมนุษยศาสตร์และสังคมศาสตร์,ศศ.บ. ภาษาต่างประเทศศึกษา,โครงการคัดเลือก บุคคลเข้าศึกษา ระดับปริญญาตีรรอบที่ 3 Admission,ภาษาญี่ปุ่น,0,20,30,9,53.1605,27.4375
มหาวิทยาลัยสงขลานครินทร์,ปัตตานี,10100220902401A,B,A9003,คณะมนุษยศาสตร์และสังคมศาสตร์,ศศ.บ. ภาษาต่างประเทศศึกษา,โครงการคัดเลือก บุคคลเข้าศึกษา ระดับปริญญาตีรรอบที่ 3 Admission,ภาษาอาหรับ เพื่อการ สื่อสารธุรกิจ,0,12,14,8,46.6523,26.0903
มหาวิทยาลัยสงขลานครินทร์,ปัตตานี,10100220902401A,C,A9003,คณะมนุษยศาสตร์และสังคมศาสตร์,ศศ.บ. ภาษาต่างประเทศศึกษา,โครงการคัดเลือก บุคคลเข้าศึกษา ระดับปริญญาตีรรอบที่ 3 Admission,ภาษาฝรั่งเศส,0,10,13,5,59.0970,37.7760
มหาวิทยาลัยสงขลานครินทร์,ปัตตานี,10100220902401A,D,A9003,คณะมนุษยศาสตร์และสังคมศาสตร์,ศศ.บ. ภาษาต่างประเทศศึกษา,โครงการคัดเลือก บุคคลเข้าศึกษา ระดับปริญญาตีรรอบที่ 3 Admission,ภาษาเยอรมัน,0,10,8,2,41.3125,41.2708
มหาวิทยาลัยสงขลานครินทร์,ปัตตานี,10100220902501A,0,A9003,คณะมนุษยศาสตร์และสังคมศาสตร์,ศศ.บ. ภาษาอังกฤษ,โครงการคัดเลือก บุคคลเข้าศึกษา ระดับปริญญาตีรรอบที่ 3 Admission,,0,25,184,25,56.9988,47.1645
มหาวิทยาลัยสงขลานครินทร์,ปัตตานี,10100220903001A,0,A9003,คณะมนุษยศาสตร์และสังคมศาสตร์,วท.บ. ภูมิศาสตร์,โครงการคัดเลือก บุคคลเข้าศึกษา ระดับปริญญาตีรรอบที่ 3 Admission,,0,20,51,20,30.2742,21.7776
มหาวิทยาลัยสงขลานครินทร์,ปัตตานี,10100220903501A,0,A9003,คณะมนุษยศาสตร์และสังคมศาสตร์,ศศ.บ. สังคมวิทยาและมานุษยวิทยา,โครงการคัดเลือก บุคคลเข้าศึกษา ระดับปริญญาตีรรอบที่ 3 Admission,,0,25,267,25,48.9305,35.1388
มหาวิทยาลัยสงขลานครินทร์,ปัตตานี,10100220903601A,0,A9003,คณะมนุษยศาสตร์และสังคมศาสตร์,ศศ.บ. พัฒนาสังคม,โครงการคัดเลือก บุคคลเข้าศึกษา ระดับปริญญาตีรรอบที่ 3 Admission,,0,5,181,5,46.0970,42.5173
มหาวิทยาลัยสงขลานครินทร์,ปัตตานี,10100220903701A,0,A9003,คณะมนุษยศาสตร์และสังคมศาสตร์,สส.บ. สังคมสงเคราะห์ศาสตรบัณฑิต,โครงการคัดเลือก บุคคลเข้าศึกษา ระดับปริญญาตีรรอบที่ 3 Admission,,0,20,380,20,54.3333,42.7500
มหาวิทยาลัยสงขลานครินทร์,ปัตตานี,10100221610801A,0,A9003,คณะวิทยาการอิสลาม,บธ.บ. นวัตกรรมธุรกิจอิสลาม,โครงการคัดเลือก บุคคลเข้าศึกษา ระดับปริญญาตีรรอบที่ 3 Admission,,0,20,65,20,42.3745,15.1385
มหาวิทยาลัยสงขลานครินทร์,ปัตตานี,10100221703701A,0,A9003,คณะวิทยาการอิสลาม,ศษ.บ. การสอนอิสลามศึกษา,โครงการคัดเลือก บุคคลเข้าศึกษา ระดับปริญญาตีรรอบที่ 3 Admission,,0,8,114,8,57.8703,50.2623
มหาวิทยาลัยสงขลานครินทร์,ปัตตานี,10100221902901A,0,A9003,คณะวิทยาการอิสลาม,ศศ.บ. อิสลามศึกษาและกฎหมายอิสลาม,โครงการคัดเลือก บุคคลเข้าศึกษา ระดับปริญญาตีรรอบที่ 3 Admission,,0,15,68,15,49.1665,30.6575
มหาวิทยาลัยสงขลานครินทร์,ปัตตานี,10100221902902E,0,A9003,คณะวิทยาการอิสลาม,ศศ.บ. อิสลามศึกษา (หลักสูตรนานาชาต)ิ,โครงการคัดเลือก บุคคลเข้าศึกษา ระดับปริญญาตีรรอบที่ 3 Admission,,0,15,91,15,49.7220,28.2635
มหาวิทยาลัยสงขลานครินทร์,ปัตตานี,10100222800501A,A,A9003,คณะศิลปกรรมศาสตร์,ศป.บ.ศิลปกรรมศาสตรบัณฑิต,โครงการคัดเลือก บุคคลเข้าศึกษา ระดับปริญญาตีรรอบที่ 3 Admission,ทัศนศิลป์,0,5,0,0,0.0000,0.0000
มหาวิทยาลัยสงขลานครินทร์,ปัตตานี,10100222800501A,B,A9003,คณะศิลปกรรมศาสตร์,ศป.บ.ศิลปกรรมศาสตรบัณฑิต,โครงการคัดเลือก บุคคลเข้าศึกษา ระดับปริญญาตีรรอบที่ 3 Admission,ออกแบบ ประยุกต์ศิลป์,0,5,0,0,0.0000,0.0000
มหาวิทยาลัยสงขลานครินทร์,ปัตตานี,10100223220101A,0,A9003,คณะวิทยาการสื่อสาร,วท.บ. (คอมพิวเตอร์และวิทยาการสารสนเทศ เพื่อการจัดการ),โครงการคัดเลือก บุคคลเข้าศึกษา ระดับปริญญาตีรรอบที่ 3 Admissionพื้นฐาน วิทย์,,3261,30,74,26,42.2722,27.0792
มหาวิทยาลัยสงขลานครินทร์,ปัตตานี,10100223220101A,0,B9003,คณะวิทยาการสื่อสาร,วท.บ. (คอมพิวเตอร์และวิทยาการสารสนเทศ เพื่อการจัดการ),โครงการคัดเลือก บุคคลเข้าศึกษา ระดับปริญญาตีรรอบที่ 3 Admissionพื้นฐาน ศิลป์,,3261,30,27,4,31.0500,30.4222
มหาวิทยาลัยสงขลานครินทร์,ปัตตานี,10100223220101A,0,C9003,คณะวิทยาการสื่อสาร,วท.บ. (คอมพิวเตอร์และวิทยาการสารสนเทศ เพื่อการจัดการ),โครงการคัดเลือก บุคคลเข้าศึกษา ระดับปริญญาตีรรอบที่ 3 Admissionปวช.,,3261,30,0,0,0.0000,0.0000
มหาวิทยาลัยสงขลานครินทร์,ปัตตานี,10100223900801A,0,A9003,คณะวิทยาการสื่อสาร,ศศ.บ.นวัตกรรมการออกแบบสื่อ,โครงการคัดเลือก บุคคลเข้าศึกษา ระดับปริญญาตีรรอบที่ 3 Admission,,0,15,84,15,44.4165,33.5950
มหาวิทยาลัยสงขลานครินทร์,ปัตตานี,10100223901101A,A,A9003,คณะวิทยาการสื่อสาร,นศ.บ. นิเทศศาสตรบัณฑิต,โครงการคัดเลือก บุคคลเข้าศึกษา ระดับปริญญาตีรรอบที่ 3 Admission,การ สร้างสรร์คสื่อดิจิทัล,0,15,66,15,47.4323,31.0345
มหาวิทยาลัยสงขลานครินทร์,ปัตตานี,10100223901101A,B,A9003,คณะวิทยาการสื่อสาร,นศ.บ. นิเทศศาสตรบัณฑิต,โครงการคัดเลือก บุคคลเข้าศึกษา ระดับปริญญาตีรรอบที่ 3 Admission,การสื่อสาร การตลาด เพื่อการ ประกอบการ,0,15,32,8,34.9320,27.9698
มหาวิทยาลัยสงขลานครินทร์,ปัตตานี,10100224903201A,0,A9003,คณะรัฐศาสตร์,ร.บ. รัฐศาสตรบัณฑิต,โครงการคัดเลือก บุคคลเข้าศึกษา ระดับปริญญาตีรรอบที่ 3 Admission,,0,220,365,220,56.4930,30.3610
มหาวิทยาลัยสงขลานครินทร์,ปัตตานี,10100225111701A,0,A9003,คณะพยาบาลศาสต์รวิทยาเขตปัตตานี,พย.บ. พยาบาลศาสตรบัณฑิต,โครงการคัดเลือก บุคคลเข้าศึกษา ระดับปริญญาตีรรอบที่ 3 Admission,,0,10,798,10,43.5139,40.4409
มหาวิทยาลัยสงขลานครินทร์,ภูเก็ต,10100326610801E,0,A9003,คณะการบริการและการท่องเที่ยว,บธ.บ. การจัดการนวัตกรรมทางธุรกิจ (หลักสูตรนานาชาต)ิ,โครงการคัดเลือก บุคคลเข้าศึกษา ระดับปริญญาตีรรอบที่ 3 Admission,,0,30,27,3,64.6455,31.3000
มหาวิทยาลัยสงขลานครินทร์,ภูเก็ต,10100326620101E,0,A9003,คณะการบริการและการท่องเที่ยว,บธ.บ. การจัดการโรงแรมนานาชาติ อิเวน์ตและภัตตาคาร (หลักสูตรนานาชาต)ิ,โครงการคัดเลือก บุคคลเข้าศึกษา ระดับปริญญาตีรรอบที่ 3 Admission,,0,30,52,9,46.7270,33.6110
มหาวิทยาลัยสงขลานครินทร์,ภูเก็ต,10100326620102E,0,A9003,คณะการบริการและการท่องเที่ยว,บธ.บ. การจัดการธุรกิจการท่องเที่ยวและการ บิน (หลักสูตรนานาชาต)ิ,โครงการคัดเลือก บุคคลเข้าศึกษา ระดับปริญญาตีรรอบที่ 3 Admission,,0,30,51,9,56.2410,34.7960
มหาวิทยาลัยสงขลานครินทร์,ภูเก็ต,10100327610801E,0,A9003,คณะวิเทศศึกษา,บธ.บ. ธุรกิจระหว่างประเทศ (หลักสูตร นานาชาติ),โครงการคัดเลือก บุคคลเข้าศึกษา ระดับปริญญาตีรรอบที่ 3 Admission,,0,40,62,20,72.1910,28.6690
มหาวิทยาลัยสงขลานครินทร์,ภูเก็ต,10100327903901E,A,A9003,คณะวิเทศศึกษา,ศศ.บ.ภาษาและวัฒนธรรม (หลักสูตรนานาชาต)ิ,โครงการคัดเลือก บุคคลเข้าศึกษา ระดับปริญญาตีรรอบที่ 3 Admission,ภาษาและ วัฒนธรรมจีน,0,20,23,6,47.4530,33.6310
มหาวิทยาลัยสงขลานครินทร์,ภูเก็ต,10100327903901E,C,A9003,คณะวิเทศศึกษา,ศศ.บ.ภาษาและวัฒนธรรม (หลักสูตรนานาชาต)ิ,โครงการคัดเลือก บุคคลเข้าศึกษา ระดับปริญญาตีรรอบที่ 3 Admission,ภาษาและ วัฒนธรรม ไทย,0,10,8,3,35.1350,31.3190
มหาวิทยาลัยสงขลานครินทร์,ภูเก็ต,10100327903901E,D,A9003,คณะวิเทศศึกษา,ศศ.บ.ภาษาและวัฒนธรรม (หลักสูตรนานาชาต)ิ,โครงการคัดเลือก บุคคลเข้าศึกษา ระดับปริญญาตีรรอบที่ 3 Admission,ภาษาและ วัฒนธรรม ยุโรป,0,20,9,2,57.4400,47.9075
มหาวิทยาลัยสงขลานครินทร์,ภูเก็ต,10100327903902E,0,A9003,คณะวิเทศศึกษา,ศศ.บ.ภาษาอังกฤษเพื่อธุรกิจระหว่างประเทศ (หลักสูตรนานาชาต)ิ,โครงการคัดเลือก บุคคลเข้าศึกษา ระดับปริญญาตีรรอบที่ 3 Admission,,0,20,59,20,65.5570,32.9165
มหาวิทยาลัยสงขลานครินทร์,ภูเก็ต,10100328213001A,0,A9003,คณะเทคโนโลยีและสิ่งแวดล้อม,วท.บ. วิทยาศาสตร์ทางทะเลและการจัดการ ชายฝั่ง,โครงการคัดเลือก บุคคลเข้าศึกษา ระดับปริญญาตีรรอบที่ 3 Admission รูปแบบที่ 1,,0,30,41,14,34.7375,21.3318
มหาวิทยาลัยสงขลานครินทร์,ภูเก็ต,10100328213001A,0,B9003,คณะเทคโนโลยีและสิ่งแวดล้อม,วท.บ. วิทยาศาสตร์ทางทะเลและการจัดการ ชายฝั่ง,โครงการคัดเลือก บุคคลเข้าศึกษา ระดับปริญญาตีรรอบที่ 3 Admission รูปแบบที่ 2,,0,30,27,11,46.1253,30.5853
มหาวิทยาลัยสงขลานครินทร์,ภูเก็ต,10100328213101A,0,A9003,คณะเทคโนโลยีและสิ่งแวดล้อม,วท.บ. วิทยาศาสตร์และเทคโนโลยีสิ่งแวดล้อม,โครงการคัดเลือก บุคคลเข้าศึกษา ระดับปริญญาตีรรอบที่ 3 Admission รูปแบบที่ 1,,0,30,4,2,25.1913,22.0935
มหาวิทยาลัยสงขลานครินทร์,ภูเก็ต,10100328213101A,0,B9003,คณะเทคโนโลยีและสิ่งแวดล้อม,วท.บ. วิทยาศาสตร์และเทคโนโลยีสิ่งแวดล้อม,โครงการคัดเลือก บุคคลเข้าศึกษา ระดับปริญญาตีรรอบที่ 3 Admission รูปแบบที่ 2,,0,30,3,0,0.0000,0.0000
มหาวิทยาลัยสงขลานครินทร์,ภูเก็ต,10100328220101A,0,A9003,คณะเทคโนโลยีและสิ่งแวดล้อม,วท.บ. ภูมิสารสนเทศ,โครงการคัดเลือก บุคคลเข้าศึกษา ระดับปริญญาตีรรอบที่ 3 Admission รูปแบบที่ 1,,0,30,0,0,0.0000,0.0000
มหาวิทยาลัยสงขลานครินทร์,ภูเก็ต,10100328220101A,0,B9003,คณะเทคโนโลยีและสิ่งแวดล้อม,วท.บ. ภูมิสารสนเทศ,โครงการคัดเลือก บุคคลเข้าศึกษา ระดับปริญญาตีรรอบที่ 3 Admission รูปแบบที่ 2,,0,30,2,1,51.0720,51.0720
มหาวิทยาลัยสงขลานครินทร์,ภูเก็ต,10100329210801E,0,A9003,วิทยาลัยการคอมพิวเตอร์,วท.บ. ธุรกิจดิจิทัล (หลักสูตรนานาชาต)ิ,โครงการคัดเลือก บุคคลเข้าศึกษา ระดับปริญญาตีรรอบที่ 3 Admission รูปแบบที่ 1,,0,80,11,6,58.8800,32.4660
มหาวิทยาลัยสงขลานครินทร์,ภูเก็ต,10100329220101A,0,A9003,วิทยาลัยการคอมพิวเตอร์,วท.บ. การคอมพิวเตอร์,โครงการคัดเลือก บุคคลเข้าศึกษา ระดับปริญญาตีรรอบที่ 3 Admission รูปแบบที่ 1,,0,60,37,6,33.3190,25.0970
มหาวิทยาลัยสงขลานครินทร์,ภูเก็ต,10100329220101A,0,B9003,วิทยาลัยการคอมพิวเตอร์,วท.บ. การคอมพิวเตอร์,โครงการคัดเลือก บุคคลเข้าศึกษา ระดับปริญญาตีรรอบที่ 3 Admission รูปแบบที่ 2,,0,60,8,1,45.2350,45.2350
มหาวิทยาลัยสงขลานครินทร์,ภูเก็ต,10100329300501E,0,A9003,วิทยาลัยการคอมพิวเตอร์,วศ.บ. วิศวกรรมดิจิทัล (หลักสูตรนานาชาต)ิ,โครงการคัดเลือก บุคคลเข้าศึกษา ระดับปริญญาตีรรอบที่ 3 Admission รูปแบบที่ 1,,0,80,22,3,41.6840,26.4025
มหาวิทยาลัยสงขลานครินทร์,ภูเก็ต,10100329300501E,0,B9003,วิทยาลัยการคอมพิวเตอร์,วศ.บ. วิศวกรรมดิจิทัล (หลักสูตรนานาชาต)ิ,โครงการคัดเลือก บุคคลเข้าศึกษา ระดับปริญญาตีรรอบที่ 3 Admission รูปแบบที่ 2,,0,80,10,0,0.0000,0.0000
มหาวิทยาลัยสงขลานครินทร์,ภูเก็ต,10100329303701A,0,A9003,วิทยาลัยการคอมพิวเตอร์,วศ.บ. วิศวกรรมปัญญาประดิษฐ์และระบบ อัจฉริยะ,โครงการคัดเลือก บุคคลเข้าศึกษา ระดับปริญญาตีรรอบที่ 3 Admission รูปแบบที่ 1,,0,60,35,6,42.8435,35.5430
มหาวิทยาลัยสงขลานครินทร์,ภูเก็ต,10100329303701A,0,B9003,วิทยาลัยการคอมพิวเตอร์,วศ.บ. วิศวกรรมปัญญาประดิษฐ์และระบบ อัจฉริยะ,โครงการคัดเลือก บุคคลเข้าศึกษา ระดับปริญญาตีรรอบที่ 3 Admission รูปแบบที่ 2,,0,60,28,8,44.3360,20.0135
มหาวิทยาลัยสงขลานครินทร์,สุราษฎร์ธานี,10100430210401A,0,A9003,คณะวิทยาศาสตร์และเทคโนโลียอุตสาหกรรม,วท.บ. เคมีเพื่ออุตสาหกรรม,โครงการคัดเลือก บุคคลเข้าศึกษา ระดับปริญญาตีรรอบที่ 3 Admission รูปแบบที่ 1,,0,30,27,9,54.7940,29.4440
มหาวิทยาลัยสงขลานครินทร์,สุราษฎร์ธานี,10100430210401A,0,B9003,คณะวิทยาศาสตร์และเทคโนโลียอุตสาหกรรม,วท.บ. เคมีเพื่ออุตสาหกรรม,โครงการคัดเลือก บุคคลเข้าศึกษา ระดับปริญญาตีรรอบที่ 3 Admission รูปแบบที่ 2,,0,30,42,6,96.5000,50.0000
มหาวิทยาลัยสงขลานครินทร์,สุราษฎร์ธานี,10100430213101A,0,A9003,คณะวิทยาศาสตร์และเทคโนโลียอุตสาหกรรม,วท.บ. เทคโนโลยีการจัดการสิ่งแวดล้อม,โครงการคัดเลือก บุคคลเข้าศึกษา ระดับปริญญาตีรรอบที่ 3 Admission รูปแบบที่ 1,,0,30,18,3,55.7400,26.6660
มหาวิทยาลัยสงขลานครินทร์,สุราษฎร์ธานี,10100430213101A,0,B9003,คณะวิทยาศาสตร์และเทคโนโลียอุตสาหกรรม,วท.บ. เทคโนโลยีการจัดการสิ่งแวดล้อม,โครงการคัดเลือก บุคคลเข้าศึกษา ระดับปริญญาตีรรอบที่ 3 Admission รูปแบบที่ 2,,0,30,26,6,93.0000,70.2500
มหาวิทยาลัยสงขลานครินทร์,สุราษฎร์ธานี,10100430213102A,0,A9003,คณะวิทยาศาสตร์และเทคโนโลียอุตสาหกรรม,วท.บ. อาชีวอนามัยและความปลอดภัย,โครงการคัดเลือก บุคคลเข้าศึกษา ระดับปริญญาตีรรอบที่ 3 Admission,,0,20,158,20,36.2032,30.5448
มหาวิทยาลัยสงขลานครินทร์,สุราษฎร์ธานี,10100430213501A,0,A9003,คณะวิทยาศาสตร์และเทคโนโลียอุตสาหกรรม,วท.บ. การจัดการอุตสาหกรรมยาง,โครงการคัดเลือก บุคคลเข้าศึกษา ระดับปริญญาตีรรอบที่ 3 Admission รูปแบบที่ 1,,0,30,3,2,37.3540,28.1340
มหาวิทยาลัยสงขลานครินทร์,สุราษฎร์ธานี,10100430213501A,0,B9003,คณะวิทยาศาสตร์และเทคโนโลียอุตสาหกรรม,วท.บ. การจัดการอุตสาหกรรมยาง,โครงการคัดเลือก บุคคลเข้าศึกษา ระดับปริญญาตีรรอบที่ 3 Admission รูปแบบที่ 2,,0,30,6,0,0.0000,0.0000
มหาวิทยาลัยสงขลานครินทร์,สุราษฎร์ธานี,10100430213502A,0,A9003,คณะวิทยาศาสตร์และเทคโนโลียอุตสาหกรรม,วท.บ. เทคโนโลยีและการพัฒนาผลิตภัณฑ์ไม้,โครงการคัดเลือก บุคคลเข้าศึกษา ระดับปริญญาตีรรอบที่ 3 Admission รูปแบบที่ 1,,0,30,1,0,0.0000,0.0000
มหาวิทยาลัยสงขลานครินทร์,สุราษฎร์ธานี,10100430213502A,0,B9003,คณะวิทยาศาสตร์และเทคโนโลียอุตสาหกรรม,วท.บ. เทคโนโลยีและการพัฒนาผลิตภัณฑ์ไม้,โครงการคัดเลือก บุคคลเข้าศึกษา ระดับปริญญาตีรรอบที่ 3 Admission รูปแบบที่ 2,,0,30,3,1,96.0000,96.0000
มหาวิทยาลัยสงขลานครินทร์,สุราษฎร์ธานี,10100430220101A,0,A9003,คณะวิทยาศาสตร์และเทคโนโลียอุตสาหกรรม,วท.บ. เทคโนโลยีสารสนเทศ,โครงการคัดเลือก บุคคลเข้าศึกษา ระดับปริญญาตีรรอบที่ 3 Admission รูปแบบที่ 1,,0,20,24,2,42.9160,32.1510
มหาวิทยาลัยสงขลานครินทร์,สุราษฎร์ธานี,10100430220101A,0,B9003,คณะวิทยาศาสตร์และเทคโนโลียอุตสาหกรรม,วท.บ. เทคโนโลยีสารสนเทศ,โครงการคัดเลือก บุคคลเข้าศึกษา ระดับปริญญาตีรรอบที่ 3 Admission รูปแบบที่ 2,,0,20,40,10,99.0000,58.2500
มหาวิทยาลัยสงขลานครินทร์,สุราษฎร์ธานี,10100430303501A,0,A9003,คณะวิทยาศาสตร์และเทคโนโลียอุตสาหกรรม,วศ.บ. การจัดการงานวิศวกรรม,โครงการคัดเลือก บุคคลเข้าศึกษา ระดับปริญญาตีรรอบที่ 3 Admission รูปแบบที่ 1,,0,30,22,4,40.5370,37.0550
มหาวิทยาลัยสงขลานครินทร์,สุราษฎร์ธานี,10100430303501A,0,B9003,คณะวิทยาศาสตร์และเทคโนโลียอุตสาหกรรม,วศ.บ. การจัดการงานวิศวกรรม,โครงการคัดเลือก บุคคลเข้าศึกษา ระดับปริญญาตีรรอบที่ 3 Admission รูปแบบที่ 2,,0,30,36,9,93.5000,52.2500
มหาวิทยาลัยสงขลานครินทร์,สุราษฎร์ธานี,10100431610501A,0,A9003,คณะศิลปศาสตร์และวิทยาการจัดการ,บช.บ. บัญชีบัณฑิต,โครงการคัดเลือก บุคคลเข้าศึกษา ระดับปริญญาตีรรอบที่ 3 Admission,,0,30,248,30,68.0780,43.6300
มหาวิทยาลัยสงขลานครินทร์,สุราษฎร์ธานี,10100431610801A,0,A9003,คณะศิลปศาสตร์และวิทยาการจัดการ,บธ.บ. การจัดการธุรกิจ,โครงการคัดเลือก บุคคลเข้าศึกษา ระดับปริญญาตีรรอบที่ 3 Admission,,0,30,99,15,70.9035,52.7250
มหาวิทยาลัยสงขลานครินทร์,สุราษฎร์ธานี,10100431611101A,0,A9003,คณะศิลปศาสตร์และวิทยาการจัดการ,ศ.บ. เศรษฐศาสตร์ธุรกิจ,โครงการคัดเลือก บุคคลเข้าศึกษา ระดับปริญญาตีรรอบที่ 3 Admission,,0,50,75,11,70.2840,49.5265
มหาวิทยาลัยสงขลานครินทร์,สุราษฎร์ธานี,10100431620101A,0,A9003,คณะศิลปศาสตร์และวิทยาการจัดการ,บธ.บ. การจัดการธุรกิจการท่องเที่ยว,โครงการคัดเลือก บุคคลเข้าศึกษา ระดับปริญญาตีรรอบที่ 3 Admission,,0,25,144,25,60.6940,37.3590
มหาวิทยาลัยสงขลานครินทร์,สุราษฎร์ธานี,10100431901801I,0,A9003,คณะศิลปศาสตร์และวิทยาการจัดการ,ศศ.บ. ภาษาจีนเพื่อการสื่อสารทางธุรกิจ (นานาชาติ),โครงการคัดเลือก บุคคลเข้าศึกษา ระดับปริญญาตีรรอบที่ 3 Admission,,0,18,51,11,74.5095,54.9630
มหาวิทยาลัยสงขลานครินทร์,สุราษฎร์ธานี,10100431902501A,0,A9003,คณะศิลปศาสตร์และวิทยาการจัดการ,ศศ.บ. ภาษาอังกฤษเพื่อการสื่อสารทางธุรกิจ,โครงการคัดเลือก บุคคลเข้าศึกษา ระดับปริญญาตีรรอบที่ 3 Admission,,0,40,198,40,65.6940,41.3600
มหาวิทยาลัยสงขลานครินทร์,สุราษฎร์ธานี,10100431903101A,0,A9003,คณะศิลปศาสตร์และวิทยาการจัดการ,รป.บ. การจัดการรัฐกิจ,โครงการคัดเลือก บุคคลเข้าศึกษา ระดับปริญญาตีรรอบที่ 3 Admission,,0,36,124,24,48.3665,27.9625
มหาวิทยาลัยสงขลานครินทร์,สุราษฎร์ธานี,10100433211001A,0,A9003,คณะนวัตกรรมการเกษตร ประมง และอาหาร,วท.บ. เทคโนโลยีอาหาร,โครงการคัดเลือก บุคคลเข้าศึกษา ระดับปริญญาตีรรอบที่ 3 Admission รูปแบบที่ 1,,0,30,10,0,0.0000,0.0000
มหาวิทยาลัยสงขลานครินทร์,สุราษฎร์ธานี,10100433211001A,0,B9003,คณะนวัตกรรมการเกษตร ประมง และอาหาร,วท.บ. เทคโนโลยีอาหาร,โครงการคัดเลือก บุคคลเข้าศึกษา ระดับปริญญาตีรรอบที่ 3 Admission รูปแบบที่ 2,,0,30,44,12,95.2500,60.7500
มหาวิทยาลัยสงขลานครินทร์,สุราษฎร์ธานี,10100433500401A,A,A9003,คณะนวัตกรรมการเกษตร ประมง และอาหาร,วท.บ. วิทยาศาสตร์และเทคโนโลยีการเกษตร,โครงการคัดเลือก บุคคลเข้าศึกษา ระดับปริญญาตีรรอบที่ 3 Admission รูปแบบที่ 1,เทคโนโลียการผลิตพืช,0,30,6,1,39.8590,39.8590
มหาวิทยาลัยสงขลานครินทร์,สุราษฎร์ธานี,10100433500401A,A,B9003,คณะนวัตกรรมการเกษตร ประมง และอาหาร,วท.บ. วิทยาศาสตร์และเทคโนโลยีการเกษตร,โครงการคัดเลือก บุคคลเข้าศึกษา ระดับปริญญาตีรรอบที่ 3 Admission รูปแบบที่ 2,เทคโนโลียการผลิตพืช,0,30,24,6,86.2500,60.2500
มหาวิทยาลัยสงขลานครินทร์,สุราษฎร์ธานี,10100433500401A,B,A9003,คณะนวัตกรรมการเกษตร ประมง และอาหาร,วท.บ. วิทยาศาสตร์และเทคโนโลยีการเกษตร,โครงการคัดเลือก บุคคลเข้าศึกษา ระดับปริญญาตีรรอบที่ 3 Admission รูปแบบที่ 1,เทคโนโลียการผลิตสัตว์,0,30,9,0,0.0000,0.0000
มหาวิทยาลัยสงขลานครินทร์,สุราษฎร์ธานี,10100433500401A,B,B9003,คณะนวัตกรรมการเกษตร ประมง และอาหาร,วท.บ. วิทยาศาสตร์และเทคโนโลยีการเกษตร,โครงการคัดเลือก บุคคลเข้าศึกษา ระดับปริญญาตีรรอบที่ 3 Admission รูปแบบที่ 2,เทคโนโลียการผลิตสัตว์,0,30,32,6,85.5000,78.7500
มหาวิทยาลัยสงขลานครินทร์,สุราษฎร์ธานี,10100433500401A,C,A9003,คณะนวัตกรรมการเกษตร ประมง และอาหาร,วท.บ. วิทยาศาสตร์และเทคโนโลยีการเกษตร,โครงการคัดเลือก บุคคลเข้าศึกษา ระดับปริญญาตีรรอบที่ 3 Admission รูปแบบที่ 1,เทคโนโลียจุลินทรีย์,0,30,12,2,39.3140,22.3060
มหาวิทยาลัยสงขลานครินทร์,สุราษฎร์ธานี,10100433500401A,C,B9003,คณะนวัตกรรมการเกษตร ประมง และอาหาร,วท.บ. วิทยาศาสตร์และเทคโนโลยีการเกษตร,โครงการคัดเลือก บุคคลเข้าศึกษา ระดับปริญญาตีรรอบที่ 3 Admission รูปแบบที่ 2,เทคโนโลียจุลินทรีย์,0,30,13,2,79.0000,56.7500
มหาวิทยาลัยสงขลานครินทร์,สุราษฎร์ธานี,10100433500601A,0,A9003,คณะนวัตกรรมการเกษตร ประมง และอาหาร,วท.บ. ทรัพยากรประมง,โครงการคัดเลือก บุคคลเข้าศึกษา ระดับปริญญาตีรรอบที่ 3 Admission รูปแบบที่ 1,,0,30,19,3,34.2870,31.9580
มหาวิทยาลัยสงขลานครินทร์,สุราษฎร์ธานี,10100433500601A,0,B9003,คณะนวัตกรรมการเกษตร ประมง และอาหาร,วท.บ. ทรัพยากรประมง,โครงการคัดเลือก บุคคลเข้าศึกษา ระดับปริญญาตีรรอบที่ 3 Admission รูปแบบที่ 2,,0,30,34,7,92.2500,56.2500
มหาวิทยาลัยสงขลานครินทร์,ตรัง,10100534610501A,0,A9003,คณะพาณิชยศาสตร์และการจัดการ,บช.บ. บัญชีบัณฑิต,โครงการคัดเลือก บุคคลเข้าศึกษา ระดับปริญญาตีรรอบที่ 3 Admission,,0,150,334,126,63.6110,31.2500
มหาวิทยาลัยสงขลานครินทร์,ตรัง,10100534610601A,0,A9003,คณะพาณิชยศาสตร์และการจัดการ,บธ.บ. การตลาด,โครงการคัดเลือก บุคคลเข้าศึกษา ระดับปริญญาตีรรอบที่ 3 Admission,,0,70,84,22,44.8610,31.8890
มหาวิทยาลัยสงขลานครินทร์,ตรัง,10100534610701A,0,A9003,คณะพาณิชยศาสตร์และการจัดการ,บธ.บ. เทคโนโลยีสารสนเทศทางธุรกิจ (ธุรกิจ ดิจิทัล),โครงการคัดเลือก บุคคลเข้าศึกษา ระดับปริญญาตีรรอบที่ 3 Admission,,0,50,44,4,39.1660,26.9470
มหาวิทยาลัยสงขลานครินทร์,ตรัง,10100534610801A,0,A9003,คณะพาณิชยศาสตร์และการจัดการ,บธ.บ. การบริหารธุรกิจประกันภัยและการ จัดการความเสี่ยง,โครงการคัดเลือก บุคคลเข้าศึกษา ระดับปริญญาตีรรอบที่ 3 Admission,,0,50,18,4,54.6810,37.6380
มหาวิทยาลัยสงขลานครินทร์,ตรัง,10100534610901A,0,A9003,คณะพาณิชยศาสตร์และการจัดการ,บธ.บ. เทคโนโลยีสารสนเทศทางธุรกิจ (การ จัดการสารสนเทศและเทคโนโลยีดิจิทัล),โครงการคัดเลือก บุคคลเข้าศึกษา ระดับปริญญาตีรรอบที่ 3 Admission,,0,50,31,10,55.4360,10.9280
มหาวิทยาลัยสงขลานครินทร์,ตรัง,10100534620101A,0,A9003,คณะพาณิชยศาสตร์และการจัดการ,บธ.บ. การจัดการการท่องเที่ยวและการโรงแรม,โครงการคัดเลือก บุคคลเข้าศึกษา ระดับปริญญาตีรรอบที่ 3 Admission,,0,70,45,14,71.1110,20.9070
มหาวิทยาลัยสงขลานครินทร์,ตรัง,10100534902501H,0,A9003,คณะพาณิชยศาสตร์และการจัดการ,ศศ.บ. ภาษาอังกฤษธุรกิจ,โครงการคัดเลือก บุคคลเข้าศึกษา ระดับปริญญาตีรรอบที่ 3 Admission,,0,30,40,14,59.1150,28.8880
มหาวิทยาลัยสงขลานครินทร์,ตรัง,10100534903101A,0,A9003,คณะพาณิชยศาสตร์และการจัดการ,รป.บ. การจัดการรัฐกิจ,โครงการคัดเลือก บุคคลเข้าศึกษา ระดับปริญญาตีรรอบที่ 3 Admission,,0,70,116,31,46.9440,22.7120
มหาวิทยาลัยสงขลานครินทร์,ตรัง,10100535400501A,0,A9003,คณะสถาปัตยกรรมศาสตร์,สถ.บ. สถาปัตยกรรม,โครงการคัดเลือก บุคคลเข้าศึกษา ระดับปริญญาตีรรอบที่ 3 Admission,,0,30,87,26,63.0180,34.2570
มหาวิทยาลัยแม่โจ้,วิทยาเขต เชียงใหม่,10130101500203A,0,A0001,คณะผลิตกรรมการเกษตร,การส่งเสริมและสื่อสารเกษตร,Admission,,3105,20,78,20,54.6150,30.2500
มหาวิทยาลัยแม่โจ้,วิทยาเขต เชียงใหม่,10130101500205A,0,A0001,คณะผลิตกรรมการเกษตร,เกษตรศาสต์ร(พืชไร่ อารักขาพืช ปฐพีศาสต์รเกษตรเคีมวิทยาการสมุนไพร ทรัพยากรป่าไม้ และการจัดการ เกษตรอินทรีย)์,Admission,,3108,250,317,83,65.4537,25.7500
มหาวิทยาลัยแม่โจ้,วิทยาเขต เชียงใหม่,10130101500801A,0,A0001,คณะผลิตกรรมการเกษตร,พืชสวน,Admission,,3107,150,382,121,97.2500,50.0000
มหาวิทยาลัยแม่โจ้,วิทยาเขต เชียงใหม่,10130103211002A,0,A0001,คณะวิศวกรรมและอุตสาหกรรมเกษตร,วิทยาศาสตร์และเทคโนโลยีการอาหาร,Admission,,3302,80,431,80,98.7500,78.2500
มหาวิทยาลัยแม่โจ้,วิทยาเขต เชียงใหม่,10130103212201A,0,A0001,คณะวิศวกรรมและอุตสาหกรรมเกษตร,เทคโนโลยีหลังการเก็บเกี่ยว,Admission,,3303,60,242,60,92.7500,58.0000
มหาวิทยาลัยแม่โจ้,วิทยาเขต เชียงใหม่,10130103213602A,0,A0001,คณะวิศวกรรมและอุตสาหกรรมเกษตร,อุตสาหกรรมยางและพอลิเมอร์,Admission,,3305,60,78,18,72.3249,42.6000
มหาวิทยาลัยแม่โจ้,วิทยาเขต เชียงใหม่,10130103300402A,0,A0001,คณะวิศวกรรมและอุตสาหกรรมเกษตร,วิศวกรรมเกษตรสมัยใหม่,Admission,,3301,80,98,22,73.0471,42.7035
มหาวิทยาลัยแม่โจ้,วิทยาเขต เชียงใหม่,10130103303301A,0,A0001,คณะวิศวกรรมและอุตสาหกรรมเกษตร,วิศวกรรมอาหาร,Admission,,3304,80,214,47,77.1159,50.4241
มหาวิทยาลัยแม่โจ้,วิทยาเขต เชียงใหม่,10130104210301A,0,A0001,คณะวิทยาศาสตร์,คณิตศาสตร์,Admission,,3404,50,107,32,100.0000,53.5000
มหาวิทยาลัยแม่โจ้,วิทยาเขต เชียงใหม่,10130104210401A,0,A0001,คณะวิทยาศาสตร์,นวัตกรรมเคมีอุตสาหกรรม,Admission,,3407,60,20,8,54.9000,36.1332
มหาวิทยาลัยแม่โจ้,วิทยาเขต เชียงใหม่,10130104210402A,0,A0001,คณะวิทยาศาสตร์,เคมี,Admission,,3403,50,89,22,61.9256,41.5431
มหาวิทยาลัยแม่โจ้,วิทยาเขต เชียงใหม่,10130104211201A,0,A0001,คณะวิทยาศาสตร์,เทคโนโลยีชีวภาพ,Admission,,3402,40,88,24,63.1150,41.2550
มหาวิทยาลัยแม่โจ้,วิทยาเขต เชียงใหม่,10130104212701A,0,A0001,คณะวิทยาศาสตร์,ฟิสิกส์ประยุกต์,Admission,,3408,100,94,25,97.7500,63.5000
มหาวิทยาลัยแม่โจ้,วิทยาเขต เชียงใหม่,10130104212802A,0,A0001,คณะวิทยาศาสตร์,นวัตกรรมวัสดุ,Admission,,3405,60,51,6,80.5696,52.8000
มหาวิทยาลัยแม่โจ้,วิทยาเขต เชียงใหม่,10130104213301A,0,A0001,คณะวิทยาศาสตร์,สถิติและการจัดการสารสนเทศ,Admission แบบที่ 1,,3409,50,37,7,62.2453,31.0000
มหาวิทยาลัยแม่โจ้,วิทยาเขต เชียงใหม่,10130104213301A,0,A0002,คณะวิทยาศาสตร์,สถิติและการจัดการสารสนเทศ,Admission แบบที่ 2,,3409,50,45,8,61.2008,46.4370
มหาวิทยาลัยแม่โจ้,วิทยาเขต เชียงใหม่,10130104220101A,0,A0001,คณะวิทยาศาสตร์,เทคโนโลยีสารสนเทศ,Admission,,3406,20,114,20,76.4570,61.6230
มหาวิทยาลัยแม่โจ้,วิทยาเขต เชียงใหม่,10130104220201A,0,A0001,คณะวิทยาศาสตร์,วิทยาการคอมพิวเตอร์,Admission,,3401,50,199,50,71.9080,57.4177
มหาวิทยาลัยแม่โจ้,วิทยาเขต เชียงใหม่,10130105903101A,0,A0001,วิทยาลัยบริหารศาสตร์,รัฐประศาสนศาสตร์,Admission,,3502,30,292,30,80.1164,68.6233
มหาวิทยาลัยแม่โจ้,วิทยาเขต เชียงใหม่,10130105903201A,0,A0001,วิทยาลัยบริหารศาสตร์,รัฐศาสตร์,Admission,,3501,50,341,50,70.3250,58.9666
มหาวิทยาลัยแม่โจ้,วิทยาเขต เชียงใหม่,10130106610102A,0,A0001,คณะบริหารธุรกิจ,บริหารธุรกิจ (วิชาเอกการบริหารการเงินและ การลงทุน),Admission,,3608,50,278,50,71.4110,61.3579
มหาวิทยาลัยแม่โจ้,วิทยาเขต เชียงใหม่,10130106610201A,0,A0001,คณะบริหารธุรกิจ,บริหารธุรกิจ (วิชาเอกการจัดการ),Admission,,3603,10,272,11,66.1250,57.0000
มหาวิทยาลัยแม่โจ้,วิทยาเขต เชียงใหม่,10130106610501A,0,A0001,คณะบริหารธุรกิจ,บัญชีบัณฑิต,Admission,,3604,20,255,20,68.8465,55.8535
มหาวิทยาลัยแม่โจ้,วิทยาเขต เชียงใหม่,10130106610602A,0,A0001,คณะบริหารธุรกิจ,นวัตกรรมธุรกิจค้าปลีกสมัยใหม่,Admission,,3606,10,1023,12,98.5000,96.7500
มหาวิทยาลัยแม่โจ้,วิทยาเขต เชียงใหม่,10130106610603A,0,A0001,คณะบริหารธุรกิจ,บริหารธุรกิจ (วิชาเอกนวัตกรรมการตลาดและ การตลาดดิจิทัล),Admission,,3607,10,180,10,67.2365,59.0450
มหาวิทยาลัยแม่โจ้,วิทยาเขต เชียงใหม่,10130106610901A,0,A0001,คณะบริหารธุรกิจ,นวัตกรรมธุรกิจดิจิทัล,Admission,,3609,50,143,50,59.6463,44.2823
มหาวิทยาลัยแม่โจ้,วิทยาเขต เชียงใหม่,10130109620102A,0,A0001,คณะพัฒนาการท่องเที่ยว,พัฒนาการท่องเที่ยว,Admission,,3901,30,1034,32,100.0000,92.7500
มหาวิทยาลัยแม่โจ้,วิทยาเขต เชียงใหม่,10130109620104A,0,A0001,คณะพัฒนาการท่องเที่ยว,การจัดการธุรกิจท่องเที่ยวและบริการ,Admission,,3903,50,189,50,75.5715,59.7750
มหาวิทยาลัยแม่โจ้,วิทยาเขต เชียงใหม่,10130110500602A,0,A0001,คณะเทคโนโลยีการประมงและทรัพยากรทาง้นา,การประมงและนวัตกรรมการผลิตสัตว์น้ำ,Admission,,3101,80,171,43,63.6250,26.0000
มหาวิทยาลัยแม่โจ้,วิทยาเขต เชียงใหม่,10130112611101A,0,A0001,คณะเศรษฐศาสตร์,เศรษฐศาสตร์ระหว่างประเทศ,Admission,,3126,80,734,82,98.7500,83.0000
มหาวิทยาลัยแม่โจ้,วิทยาเขต เชียงใหม่,10130112611103A,0,A0001,คณะเศรษฐศาสตร์,เศรษฐศาสตร์เกษตรและสิ่งแวดล้อม,Admission,,3122,30,403,31,93.7500,79.7500
มหาวิทยาลัยแม่โจ้,วิทยาเขต เชียงใหม่,10130112611105A,0,A0001,คณะเศรษฐศาสตร์,เศรษฐศาสตร์,Admission,,3124,20,651,21,98.7500,91.0000
มหาวิทยาลัยแม่โจ้,วิทยาเขต เชียงใหม่,10130112611106A,0,A0001,คณะเศรษฐศาสตร์,เศรษฐศาสตร์ดิจิทัลและการสหกรณ์,Admission,,3125,20,241,20,94.2500,81.7500
มหาวิทยาลัยแม่โจ้,วิทยาเขต เชียงใหม่,10130114900001A,0,A0001,คณะศิลปศาสตร์,นวัตกรรมสังคม,Admission,,3144,50,211,50,52.2953,42.0215
มหาวิทยาลัยแม่โจ้,วิทยาเขต เชียงใหม่,10130114901101A,0,A0001,คณะศิลปศาสตร์,นิเทศศาสตร์บูรณาการ,Admission,,3141,60,734,60,55.5368,48.6661
มหาวิทยาลัยแม่โจ้,วิทยาเขต เชียงใหม่,10130114902501A,0,A0001,คณะศิลปศาสตร์,ภาษาอังกฤษ,Admission,,3142,100,234,54,80.7625,51.4789
มหาวิทยาลัยแม่โจ้,วิทยาเขต เชียงใหม่,10130115301502A,0,A0001,วิทยาลัยพลังงานทดแทน,วิศวกรรมพลังงาน (วิชาเอกวิศวกรรมพลังงาน ทดแทน),Admission,,3153,30,375,31,97.5000,85.0000
มหาวิทยาลัยแม่โจ้,วิทยาเขต เชียงใหม่,10130115301503A,0,A0001,วิทยาลัยพลังงานทดแทน,วิศวกรรมพลังงาน (วิชาเอกวิศวกรรมนวัตกรรม การจัดการพลังงาน),Admission,,3152,30,234,33,93.5000,78.7500
มหาวิทยาลัยแม่โจ้,วิทยาเขต เชียงใหม่,10130118900802A,0,A0001,คณะสารสนเทศและการสื่อสาร,การสื่อสารดิจิทัล (วิชาเอกสื่อสารดิจิทัลและ มัลติมีเดีย),Admission,,3181,50,961,50,99.5000,92.0000
มหาวิทยาลัยแม่โจ้,วิทยาเขต เชียงใหม่,10130118900803A,0,A0001,คณะสารสนเทศและการสื่อสาร,การสื่อสารดิจิทัล (วิชาเอกเทคโนโลยีสื่อเพื่อ เศรษฐกิจสร้างสรรค)์,Admission,,3182,150,466,150,97.7500,76.2500
มหาวิทยาลัยแม่โจ้,วิทยาเขต เชียงใหม่,10130119400301A,0,A0001,คณะสถาปัตยกรรมศาสตร์และการ ออกแบบสิ่งแวดล้อม,ภูมิสถาปัตยกรรม,Admission,,3192,30,89,30,64.5500,28.7306
มหาวิทยาลัยแม่โจ้,วิทยาเขต เชียงใหม่,10130119400302A,0,A0001,คณะสถาปัตยกรรมศาสตร์และการ ออกแบบสิ่งแวดล้อม,เทคโนโลยีภูมิทัศน์,Admission,,3193,30,68,25,61.3997,11.6000
มหาวิทยาลัยแม่โจ้,วิทยาเขต เชียงใหม่,10130119400501A,0,A0001,คณะสถาปัตยกรรมศาสตร์และการ ออกแบบสิ่งแวดล้อม,สถาปัตยกรรม,Admission,,3191,10,91,10,69.1327,62.4259
มหาวิทยาลัยแม่โจ้,วิทยาเขต เชียงใหม่,10130122501202A,0,A0001,คณะสัตวศาสตร์และเทคโนโลยี,สัตวศาสตร์,Admission,,3221,40,1264,42,100.0000,94.7500
มหาวิทยาลัยแม่โจ้,วิทยาเขต เชียงใหม่,10130131140101A,0,A0001,คณะสัตวแพทยศาสตร์,เทคนิคการสัตวแพทย์และการพยาบาลสัตว์,Admission,,3904,30,803,30,78.7525,73.3636
มหาวิทยาลัยแม่โจ้,วิทยาเขตแพร่,10130208211202A,0,A0001,มหาวิทยาลัยแม่โจ้-แพ่รเฉลิมพระเกียรติ,เทคโนโลยีชีวภาพทางอุตสาหกรรมเกษตร,Admission,,809,150,9,4,91.7500,50.5000
มหาวิทยาลัยแม่โจ้,วิทยาเขตแพร่,10130208500201A,0,A0001,มหาวิทยาลัยแม่โจ้-แพ่รเฉลิมพระเกียรติ,เทคโนโลยีการผลิตพืช,Admission,,3807,150,27,3,87.2500,73.2500
มหาวิทยาลัยแม่โจ้,วิทยาเขตแพร่,10130208501001A,0,A0001,มหาวิทยาลัยแม่โจ้-แพ่รเฉลิมพระเกียรติ,เกษตรป่าไม้,Admission,,3805,150,162,56,96.5000,57.5000
มหาวิทยาลัยแม่โจ้,วิทยาเขตแพร่,10130208501002A,0,A0001,มหาวิทยาลัยแม่โจ้-แพ่รเฉลิมพระเกียรติ,เทคโนโลยีอุตสาหกรรมป่าไม้,Admission,,3806,150,139,36,99.2500,0.0000
มหาวิทยาลัยแม่โจ้,วิทยาเขตแพร่,10130208501003A,0,A0001,มหาวิทยาลัยแม่โจ้-แพ่รเฉลิมพระเกียรติ,การป่าไม้,Admission,,3816,50,250,50,99.7500,80.5000
มหาวิทยาลัยแม่โจ้,วิทยาเขตแพร่,10130208501201A,0,A0001,มหาวิทยาลัยแม่โจ้-แพ่รเฉลิมพระเกียรติ,เทคโนโลยีการผลิตสัตว์,Admission,,3808,150,137,46,96.5000,52.2500
มหาวิทยาลัยแม่โจ้,วิทยาเขตแพร่,10130208610502A,0,A0001,มหาวิทยาลัยแม่โจ้-แพ่รเฉลิมพระเกียรติ,การบัญชี,Admission,,3801,150,233,65,98.5000,0.0000
มหาวิทยาลัยแม่โจ้,วิทยาเขตแพร่,10130208610604A,0,A0001,มหาวิทยาลัยแม่โจ้-แพ่รเฉลิมพระเกียรติ,การตลาดดิจิทัล,Admission,,3815,150,72,14,91.5000,0.0000
มหาวิทยาลัยแม่โจ้,วิทยาเขตแพร่,10130208620102A,0,A0001,มหาวิทยาลัยแม่โจ้-แพ่รเฉลิมพระเกียรติ,พัฒนาการท่องเที่ยว,Admission,,3811,150,91,23,92.7500,0.0000
มหาวิทยาลัยแม่โจ้,วิทยาเขตแพร่,10130208903201A,0,A0001,มหาวิทยาลัยแม่โจ้-แพ่รเฉลิมพระเกียรติ,รัฐศาสตร์,Admission,,3802,150,196,52,94.5000,48.2500
มหาวิทยาลัยแม่โจ้,วิทยาเขตแพร่,10130208903602A,0,A0001,มหาวิทยาลัยแม่โจ้-แพ่รเฉลิมพระเกียรติ,นวัตกรรมการจัดการชุมชน,Admission,,3804,150,38,8,90.0000,55.0000
มหาวิทยาลัยแม่โจ้,วิทยาเขตชุมพร,10130307500202A,0,A0001,มหาวิทยาลัยแม่โจ้-ชุมพร,พืชศาสตร์,Admission,,3704,150,14,2,74.5000,66.5000
มหาวิทยาลัยแม่โจ้,วิทยาเขตชุมพร,10130307500602A,0,A0001,มหาวิทยาลัยแม่โจ้-ชุมพร,นวัตกรรมการเพาะเลี้ยงสัตว์น้ำชายฝั่ง,Admission,,3703,150,60,8,91.0000,70.2500
มหาวิทยาลัยแม่โจ้,วิทยาเขตชุมพร,10130307610302A,0,A0001,มหาวิทยาลัยแม่โจ้-ชุมพร,บริหารธุรกิจและการเป็นผู้ประกอบการ,Admission,,3702,150,24,5,81.0000,0.0000
มหาวิทยาลัยแม่โจ้,วิทยาเขตชุมพร,10130307620106A,0,A0001,มหาวิทยาลัยแม่โจ้-ชุมพร,การท่องเที่ยวและบริการ,Admission,,3701,150,70,10,87.7500,57.2500
มหาวิทยาลัยแม่โจ้,วิทยาเขตชุมพร,10130307903201A,0,A0001,มหาวิทยาลัยแม่โจ้-ชุมพร,รัฐศาสตร์,Admission,,3802,150,114,23,87.7500,65.0000
มหาวิทยาลัยเทคโนโลยีพระจอมเกล้าธนบุรี,บางมด,10140107300312A,0,A6931,คณะวิศวกรรมศาสตร์,หลักสูตรวิศวกรรมศาสตรบัณฑิตสาขาวิชา วิศวกรรมการผลิตอัจฉริยะและเครื่องมือขั้นสูง ปริญญาตีร4 ปี,รอบที่ 3 แอดมิชชั่น (Admission) ปี การศึกษา 2569,วิศวกรรม การผลิต อัจฉริยะและ เครื่องมือขั้น สูง - วศ.บ. 4 ปี,0,30,734,30,39.2824,35.6726
มหาวิทยาลัยเทคโนโลยีพระจอมเกล้าธนบุรี,บางมด,10140107300502E,0,A6931,คณะวิศวกรรมศาสตร์,วิศวกรรมศาสตรบัณฑิตสาขาวิชาวิศวกรรม คอมพิวเตอ์รปริญญาตีร4 ปี (หลักสูตร นานาชาติ),รอบที่ 3 แอดมิชชั่น (Admission) ปี การศึกษา 2569,วิศวกรรม คอมพิวเตอ์ร(หลักสูตร นานาชาติ) - วศ.บ. 4 ปี,0,15,98,15,49.0724,38.8956
มหาวิทยาลัยเทคโนโลยีพระจอมเกล้าธนบุรี,บางมด,10140107300507A,0,A6931,คณะวิศวกรรมศาสตร์,วิศวกรรมศาสตรบัณฑิตสาขาวิชาวิศวกรรม คอมพิวเตอ์รปริญญาตีร4 ปี,รอบที่ 3 แอดมิชชั่น (Admission) ปี การศึกษา 2569,วิศวกรรม คอมพิวเตอ์ร- วศ.บ. 4 ปี,0,20,319,20,64.9034,43.9664
มหาวิทยาลัยเทคโนโลยีพระจอมเกล้าธนบุรี,บางมด,10140107300601A,0,A6931,คณะวิศวกรรมศาสตร์,วิศวกรรมศาสตรบัณฑิตสาขาวิชาวิศวกรรมเคีมปริญญาตีร4 ปี (แผนการเรียน : ไทย),รอบที่ 3 แอดมิชชั่น (Admission) ปี การศึกษา 2569,วิศวกรรม เคีม(แผนการ เรียน : ไทย) - วศ.บ. 4 ปี,0,12,338,12,64.7066,42.8554
มหาวิทยาลัยเทคโนโลยีพระจอมเกล้าธนบุรี,บางมด,10140107300603E,0,A6931,คณะวิศวกรรมศาสตร์,หลักสูตรวิศวกรรมศาสตรบัณฑิตสาขาวิชา วิศวกรรมเคีมปริญญาตีร4 ปี (แผนการเรียน: นานาชาติ),รอบที่ 3 แอดมิชชั่น (Admission) ปี การศึกษา 2569,วิศวกรรม เคีม(แผนการ เรียน : นานาชาติ) - วศ.บ. 4 ปี,0,17,132,17,39.0970,33.5266
มหาวิทยาลัยเทคโนโลยีพระจอมเกล้าธนบุรี,บางมด,10140107300702A,0,A6931,คณะวิศวกรรมศาสตร์,วิศวกรรมศาสตรบัณฑิตสาขาวิชา วิศวกรรมเครื่องกล ปริญญาตีร4 ปี,รอบที่ 3 แอดมิชชั่น (Admission) ปี การศึกษา 2569,วิศวกรรมเครื่ องกล - วศ.บ. 4 ปี,0,29,243,29,54.7900,42.0712
มหาวิทยาลัยเทคโนโลยีพระจอมเกล้าธนบุรี,บางมด,10140107300718A,0,A6931,คณะวิศวกรรมศาสตร์,หลักสูตรวิศวกรรมศาสตรบัณฑิตสาขาวิชา วิศวกรรมยานยน์ตปริญญาตีร4 ปี,รอบที่ 3 แอดมิชชั่น (Admission) ปี การศึกษา 2569,วิศวกรรม ยานยน์ต- วศ.บ. 4 ปี,0,28,206,28,47.8180,37.0796
มหาวิทยาลัยเทคโนโลยีพระจอมเกล้าธนบุรี,บางมด,10140107301603A,0,A6931,คณะวิศวกรรมศาสตร์,วิศวกรรมศาสตรบัณฑิตสาขาวิชา วิศวกรรมไฟฟ้า ปริญญาตีร4 ปี,รอบที่ 3 แอดมิชชั่น (Admission) ปี การศึกษา 2569,วิศวกรรมไฟ ฟ้า - วศ.บ. 4 ปี,0,15,380,15,66.5966,45.7346
มหาวิทยาลัยเทคโนโลยีพระจอมเกล้าธนบุรี,บางมด,10140107301613A,0,A6931,คณะวิศวกรรมศาสตร์,วิศวกรรมศาสตรบัณฑิตสาขาวิชา วิศวกรรมไฟฟ้า (ระบบไฟฟ้า อิเล็กทรอนิก์สกำลัง และพลังงาน) ปริญญาตีร4 ปี,รอบที่ 3 แอดมิชชั่น (Admission) ปี การศึกษา 2569,วิศวกรรมไฟ ฟ้า (ระบบ ไฟฟ้า อิเล็กทรอนิก ส์กำลัง และ พลังงาน) - วศ.บ. 4 ปี,0,6,235,6,45.5820,44.0044
มหาวิทยาลัยเทคโนโลยีพระจอมเกล้าธนบุรี,บางมด,10140107302101E,0,A6931,คณะวิศวกรรมศาสตร์,วิศวกรรมศาสตรบัณฑิตสาขาวิชาวิศวกรรม โยธา ปริญญาตีร4 ปี (หลักสูตรนานาชาต)ิ,รอบที่ 3 แอดมิชชั่น (Admission) ปี การศึกษา 2569,วิศวกรรม โยธา (หลักสูตร นานาชาติ) - วศ.บ. 4 ปี,0,25,141,25,45.6282,32.5360
มหาวิทยาลัยเทคโนโลยีพระจอมเกล้าธนบุรี,บางมด,10140107302104A,0,A6931,คณะวิศวกรรมศาสตร์,วิศวกรรมศาสตรบัณฑิตสาขาวิชาวิศวกรรม โยธา ปริญญาตีร4 ปี,รอบที่ 3 แอดมิชชั่น (Admission) ปี การศึกษา 2569,วิศวกรรม โยธา - วศ.บ. 4 ปี,0,10,326,10,47.2898,43.4558
มหาวิทยาลัยเทคโนโลยีพระจอมเกล้าธนบุรี,บางมด,10140107302304E,0,A6931,คณะวิศวกรรมศาสตร์,วิศวกรรมศาสตรบัณฑิตสาขาวิชาวิศวกรรม อัตโนมัติ ปริญญาตีร4 ปี (หลักสูตรนานาชาต)ิ,รอบที่ 3 แอดมิชชั่น (Admission) ปี การศึกษา 2569,วิศวกรรม อัตโนมัติ (หลักสูตร นานาชาติ) - วศ.บ. 4 ปี,0,27,65,27,34.2314,25.8436
มหาวิทยาลัยเทคโนโลยีพระจอมเกล้าธนบุรี,บางมด,10140107302308A,0,A6931,คณะวิศวกรรมศาสตร์,วิศวกรรมศาสตรบัณฑิตสาขาวิชาวิศวกรรม ระบบควบคุมและเครื่องมือวัด ปริญญาตีร4 ปี,รอบที่ 3 แอดมิชชั่น (Admission) ปี การศึกษา 2569,วิศวกรรม ระบบ ควบคุมและ เครื่องมือวัด - วศ.บ. 4 ปี,0,17,341,17,42.2432,36.7932
มหาวิทยาลัยเทคโนโลยีพระจอมเกล้าธนบุรี,บางมด,10140107302511A,0,A6931,คณะวิศวกรรมศาสตร์,วิศวกรรมศาสตรบัณฑิตสาขาวิชาวิศวกรรม วัสุดปริญญาตีร4 ปี,รอบที่ 3 แอดมิชชั่น (Admission) ปี การศึกษา 2569,วิศวกรรม วัสุด- วศ.บ. 4 ปี,0,30,581,30,42.5392,36.0326
มหาวิทยาลัยเทคโนโลยีพระจอมเกล้าธนบุรี,บางมด,10140107302519A,0,A6931,คณะวิศวกรรมศาสตร์,หลักสูตรวิศวกรรมศาสตรบัณฑิตสาขาวิชา วิศวกรรมการผลิตชิ้นส่วนยานยนต์และอากาศ ยาน ปริญญาตีร4 ปี,รอบที่ 3 แอดมิชชั่น (Admission) ปี การศึกษา 2569,วิศวกรรม การผลิต ชิ้นส่วนยาน ยนต์และ อากาศยาน - วศ.บ. 4 ปี,0,20,454,20,38.4608,35.3180
มหาวิทยาลัยเทคโนโลยีพระจอมเกล้าธนบุรี,บางมด,10140107302805E,0,A6931,คณะวิศวกรรมศาสตร์,หลักสูตรวิศวกรรมศาสตรบัณฑิตสาขาวิชา วิศวกรรมสิ่งแวดล้อม ปริญญาตีร4 ปี (แผนการ เรียน: ภาษาอังกฤษ),รอบที่ 3 แอดมิชชั่น (Admission) ปี การศึกษา 2569,วิศวกรรม สิ่งแวดล้อม (แผนการ เรียน: ภาษาอังกฤษ) - วศ.บ. 4 ปี,0,35,61,24,36.7128,21.5504
มหาวิทยาลัยเทคโนโลยีพระจอมเกล้าธนบุรี,บางมด,10140107302809A,0,A6931,คณะวิศวกรรมศาสตร์,หลักสูตรวิศวกรรมศาสตรบัณฑิตสาขาวิชา วิศวกรรมสิ่งแวดล้อม ปริญญาตีร4 ปี (แผนการ เรียน: ไทย),รอบที่ 3 แอดมิชชั่น (Admission) ปี การศึกษา 2569,วิศวกรรม สิ่งแวดล้อม (แผนการ เรียน: ไทย) - วศ.บ. 4 ปี,0,5,259,5,40.8260,39.3338
มหาวิทยาลัยเทคโนโลยีพระจอมเกล้าธนบุรี,บางมด,10140107303406E,0,A6931,คณะวิศวกรรมศาสตร์,หลักสูตรวิศวกรรมศาสตรบัณฑิตสาขาวิชา วิศวกรรมอิเล็กทรอนิกส์และสารสนเทศสื่อสาร (หลักสูตรนานาชาต)ิ ปริญญาตีร4 ปี (หลักสูตรนานาชาต)ิ,รอบที่ 3 แอดมิชชั่น (Admission) ปี การศึกษา 2569,วิศวกรรม อิเล็กทรอนิก ส์และ สารสนเทศ สื่อสาร (หลักสูตร นานาชาติ),0,35,56,20,41.0102,22.6902
มหาวิทยาลัยเทคโนโลยีพระจอมเกล้าธนบุรี,บางมด,10140107303410A,0,A6931,คณะวิศวกรรมศาสตร์,วิศวกรรมศาสตรบัณฑิตสาขาวิชา วิศวกรรมไฟฟ้าสื่อสารและอิเล็กทรอนิก์สปริญญาตีร4 ปี,รอบที่ 3 แอดมิชชั่น (Admission) ปี การศึกษา 2569,วิศวกรรมไฟ ฟ้าสื่อสาร และ อิเล็กทรอนิก ส์ - วศ.บ. 4 ปี,0,1,142,1,44.9012,44.9012
มหาวิทยาลัยเทคโนโลยีพระจอมเกล้าธนบุรี,บางมด,10140107303451A,0,A6931,คณะวิศวกรรมศาสตร์,หลักสูตรวิศวกรรมศาสตรบัณฑิตสาขาวิชา วิศวกรรมเซมิคอนดักเตอ์รปริญญาตีร4 ปี,รอบที่ 3 แอดมิชชั่น (Admission) ปี การศึกษา 2569,วิศวกรรมเซ มิคอนดัก เตอ์ร- วศ.บ. 4 ปี,0,10,186,10,50.6956,39.0206
มหาวิทยาลัยเทคโนโลยีพระจอมเกล้าธนบุรี,บางมด,10140107303505A,0,A6931,คณะวิศวกรรมศาสตร์,วิศวกรรมศาสตรบัณฑิตสาขาวิชาวิศวกรรมอุต สาหการ ปริญญาตีร4 ปี,รอบที่ 3 แอดมิชชั่น (Admission) ปี การศึกษา 2569,วิศวกรรม อุตสาหการ - วศ.บ. 4 ปี,0,20,412,20,43.8212,40.5590
มหาวิทยาลัยเทคโนโลยีพระจอมเกล้าธนบุรี,บางมด,10140107303506A,0,A6931,คณะวิศวกรรมศาสตร์,วิศวกรรมศาสตรบัณฑิตสาขาวิชาวิศวกรรม เมคคาทรอนิก์สปริญญาตีร4 ปี,รอบที่ 3 แอดมิชชั่น (Admission) ปี การศึกษา 2569,วิศวกรรม เมคคาทรอ นิก์ส- วศ.บ. 4 ปี,0,13,153,13,43.9576,38.3430
มหาวิทยาลัยเทคโนโลยีพระจอมเกล้าธนบุรี,บางมด,10140107303549A,0,A6931,คณะวิศวกรรมศาสตร์,หลักสูตรวิศวกรรมศาสตรบัณฑิตสาขาวิชา วิศวกรรมระบบอุตสาหกรรมและการ ประกอบการธุรกิจ ปริญญาตีร4 ปี,รอบที่ 3 แอดมิชชั่น (Admission) ปี การศึกษา 2569,วิศวกรรม ระบบ อุตสาหกรรม และการ ประกอบการ ธุรกิจ - วศ.บ. 4 ปี,0,22,203,22,41.6110,34.3778
มหาวิทยาลัยเทคโนโลยีพระจอมเกล้าธนบุรี,บางมด,10140108210913A,0,A6931,คณะครุศาสตร์อุตสาหกรรมและเทคโนโลยี,หลักสูตรวิทยาศาสตรบัณฑิตสาขาวิชา เทคโนโลยีบรรจุภัณฑ์และการพิม์พปริญญาตีร4 ปี,รอบที่ 3 แอดมิชชั่น (Admission) ปี การศึกษา 2569,เทคโนโลียบรรจุภัณ์ฑและการ พิม์พ- วท.บ. 4 ปี,0,20,145,20,74.6770,64.8411
มหาวิทยาลัยเทคโนโลยีพระจอมเกล้าธนบุรี,บางมด,10140108211608A,0,A6931,คณะครุศาสตร์อุตสาหกรรมและเทคโนโลยี,วิทยาศาสตรบัณฑิตสาขาวิชาวิทยาการ คอมพิวเตอร์ประยุกต-์มัลติมีเดีย ปริญญาตีร4 ปี,รอบที่ 3 แอดมิชชั่น (Admission) ปี การศึกษา 2569,วิทยาการ คอมพิวเตอ์รประยุก์ต- มัลติมีเดีย - วท.บ. 4 ปี,0,10,340,10,74.8066,69.4356
มหาวิทยาลัยเทคโนโลยีพระจอมเกล้าธนบุรี,บางมด,10140108212109A,C,A6931,คณะครุศาสตร์อุตสาหกรรมและเทคโนโลยี,เทคโนโลยีบัณฑิตสาขาวิชาเทคโนโลียอุตสาหกรรม-เทคโนโลยีอุตสาหการ ปริญญาตีร4 ปี,(ม.6) รอบที่ 3 แอด มิชชั่น (Admission) ปีการศึกษา 2569,เทคโนโลียอุตสาหกรรม (ทล.บ.อุต สาหการ),2109,5,99,5,73.6512,71.0734
มหาวิทยาลัยเทคโนโลยีพระจอมเกล้าธนบุรี,บางมด,10140108212109A,C,V6931,คณะครุศาสตร์อุตสาหกรรมและเทคโนโลยี,เทคโนโลยีบัณฑิตสาขาวิชาเทคโนโลียอุตสาหกรรม-เทคโนโลยีอุตสาหการ ปริญญาตีร4 ปี,(ปวช.) รอบที่ 3 แอดมิชชั่น (Admission) ปี การศึกษา 2569,เทคโนโลียอุตสาหกรรม (ทล.บ.อุต สาหการ),2109,5,13,0,0.0000,0.0000
มหาวิทยาลัยเทคโนโลยีพระจอมเกล้าธนบุรี,บางมด,10140108212110A,B,A6931,คณะครุศาสตร์อุตสาหกรรมและเทคโนโลยี,เทคโนโลยีบัณฑิตสาขาวิชาเทคโนโลียอุตสาหกรรม-เทคโนโลยีไฟฟ้า ปริญญาตีร4 ปี,(ม.6) รอบที่ 3 แอด มิชชั่น (Admission) ปีการศึกษา 2569,เทคโนโลียอุตสาหกรรม (ทล.บ.ไฟฟ้า),2110,1,26,1,68.4112,68.4112
มหาวิทยาลัยเทคโนโลยีพระจอมเกล้าธนบุรี,บางมด,10140108212110A,B,V6931,คณะครุศาสตร์อุตสาหกรรมและเทคโนโลยี,เทคโนโลยีบัณฑิตสาขาวิชาเทคโนโลียอุตสาหกรรม-เทคโนโลยีไฟฟ้า ปริญญาตีร4 ปี,(ปวช.) รอบที่ 3 แอดมิชชั่น (Admission) ปี การศึกษา 2569,เทคโนโลียอุตสาหกรรม (ทล.บ.ไฟฟ้า),2110,1,2,0,0.0000,0.0000
มหาวิทยาลัยเทคโนโลยีพระจอมเกล้าธนบุรี,บางมด,10140108212111A,A,A6931,คณะครุศาสตร์อุตสาหกรรมและเทคโนโลยี,เทคโนโลยีบัณฑิตสาขาวิชาเทคโนโลียอุตสาหกรรม-เทคโนโลยีเครื่องกล ปริญญาตีร4 ปี,(ม.6) รอบที่ 3 แอด มิชชั่น (Admission) ปีการศึกษา 2569,เทคโนโลียอุตสาหกรรม (ทล.บ. เครื่องกล),2111,5,62,5,68.8233,66.8479
มหาวิทยาลัยเทคโนโลยีพระจอมเกล้าธนบุรี,บางมด,10140108212111A,A,V6931,คณะครุศาสตร์อุตสาหกรรมและเทคโนโลยี,เทคโนโลยีบัณฑิตสาขาวิชาเทคโนโลียอุตสาหกรรม-เทคโนโลยีเครื่องกล ปริญญาตีร4 ปี,(ปวช.) รอบที่ 3 แอดมิชชั่น (Admission) ปี การศึกษา 2569,เทคโนโลียอุตสาหกรรม (ทล.บ. เครื่องกล),2111,5,9,0,0.0000,0.0000
มหาวิทยาลัยเทคโนโลยีพระจอมเกล้าธนบุรี,บางมด,10140108212112A,D,A6931,คณะครุศาสตร์อุตสาหกรรมและเทคโนโลยี,หลักสูตรเทคโนโลยีบัณฑิตสาขาวิชาเทคโนโลียอุตสาหกรรม-เทคโนโลยีโยธา ปริญญาตีร4 ปี,(ม.6) รอบที่ 3 แอด มิชชั่น (Admission) ปีการศึกษา 2569,เทคโนโลียอุตสาหกรรม (ทล.บ.โยธา),2112,10,128,8,78.5762,73.9102
มหาวิทยาลัยเทคโนโลยีพระจอมเกล้าธนบุรี,บางมด,10140108212112A,D,V6931,คณะครุศาสตร์อุตสาหกรรมและเทคโนโลยี,หลักสูตรเทคโนโลยีบัณฑิตสาขาวิชาเทคโนโลียอุตสาหกรรม-เทคโนโลยีโยธา ปริญญาตีร4 ปี,(ปวช.) รอบที่ 3 แอดมิชชั่น (Admission) ปี การศึกษา 2569,เทคโนโลียอุตสาหกรรม (ทล.บ.โยธา),2112,10,16,2,77.0132,73.7694
มหาวิทยาลัยเทคโนโลยีพระจอมเกล้าธนบุรี,บางมด,10140108701101A,0,A6931,คณะครุศาสตร์อุตสาหกรรมและเทคโนโลยี,ครุศาสตร์อุตสาหกรรมบัณฑิตสาขาวิชา วิศวกรรมเครื่องกล ปริญญาตีร5 ปี,(ม.6) รอบที่ 3 แอด มิชชั่น (Admission) ปีการศึกษา 2569,วิศวกรรมเครื่ องกล - ค. อ.บ. 5 ปี,1101,10,116,9,67.1563,63.9612
มหาวิทยาลัยเทคโนโลยีพระจอมเกล้าธนบุรี,บางมด,10140108701101A,0,V6931,คณะครุศาสตร์อุตสาหกรรมและเทคโนโลยี,ครุศาสตร์อุตสาหกรรมบัณฑิตสาขาวิชา วิศวกรรมเครื่องกล ปริญญาตีร5 ปี,(ปวช.) รอบที่ 3 แอดมิชชั่น (Admission) ปี การศึกษา 2569,วิศวกรรมเครื่ องกล - ค. อ.บ. 5 ปี,1101,10,1,1,64.4174,64.4174
มหาวิทยาลัยเทคโนโลยีพระจอมเกล้าธนบุรี,บางมด,10140108701507A,0,A6931,คณะครุศาสตร์อุตสาหกรรมและเทคโนโลยี,หลักสูตรเทคโนโลยีบัณฑิตสาขาวิชา เทคโนโลยีดิจิทัลทางการศึกษาและ สื่อสารมวลชน ปริญญาตีร4 ปี,(ม.6) รอบที่ 3 แอด มิชชั่น (Admission) ปีการศึกษา 2569,เทคโนโลียดิจิทัลทาง การศึกษา และ สื่อสารมวลช น - ทล.บ. 4 ปี,1507,5,610,3,99.2500,99.0000
มหาวิทยาลัยเทคโนโลยีพระจอมเกล้าธนบุรี,บางมด,10140108701507A,0,V6931,คณะครุศาสตร์อุตสาหกรรมและเทคโนโลยี,หลักสูตรเทคโนโลยีบัณฑิตสาขาวิชา เทคโนโลยีดิจิทัลทางการศึกษาและ สื่อสารมวลชน ปริญญาตีร4 ปี,(ปวช.) รอบที่ 3 แอดมิชชั่น (Admission) ปี การศึกษา 2569,เทคโนโลียดิจิทัลทาง การศึกษา และ สื่อสารมวลช น - ทล.บ. 4 ปี,1507,5,52,2,99.2500,99.2500
มหาวิทยาลัยเทคโนโลยีพระจอมเกล้าธนบุรี,บางมด,10140108701902A,B,A6931,คณะครุศาสตร์อุตสาหกรรมและเทคโนโลยี,ครุศาสตร์อุตสาหกรรมบัณฑิตสาขาวิชา วิศวกรรมไฟฟ้า ปริญญาตีร5 ปี,(ม.6) รอบที่ 3 แอด มิชชั่น (Admission) ปีการศึกษา 2569,วิศวกรรมไฟ ฟ้า-วิชาโท วิศวกรรม อิเล็กทรอนิก ส์อัจฉริยะ - ค.อ.บ. 5 ปี,1902,20,81,18,65.5201,61.4505
มหาวิทยาลัยเทคโนโลยีพระจอมเกล้าธนบุรี,บางมด,10140108701902A,B,V6931,คณะครุศาสตร์อุตสาหกรรมและเทคโนโลยี,ครุศาสตร์อุตสาหกรรมบัณฑิตสาขาวิชา วิศวกรรมไฟฟ้า ปริญญาตีร5 ปี,(ปวช.) รอบที่ 3 แอดมิชชั่น (Admission) ปี การศึกษา 2569,วิศวกรรมไฟ ฟ้า-วิชาโท วิศวกรรม อิเล็กทรอนิก ส์อัจฉริยะ - ค.อ.บ. 5 ปี,1902,20,4,2,68.6861,64.2409
มหาวิทยาลัยเทคโนโลยีพระจอมเกล้าธนบุรี,บางมด,10140108701903A,A,A6931,คณะครุศาสตร์อุตสาหกรรมและเทคโนโลยี,ครุศาสตร์อุตสาหกรรมบัณฑิตสาขาวิชา วิศวกรรมไฟฟ้า ปริญญาตีร5 ปี,(ม.6) รอบที่ 3 แอด มิชชั่น (Admission) ปีการศึกษา 2569,วิศวกรรมไฟ ฟ้า-วิชาโท วิศวกรรมไฟ ฟ้ากำลัง - ค.อ.บ. 5 ปี,1903,1,29,1,72.5390,72.5390
มหาวิทยาลัยเทคโนโลยีพระจอมเกล้าธนบุรี,บางมด,10140108701903A,A,V6931,คณะครุศาสตร์อุตสาหกรรมและเทคโนโลยี,ครุศาสตร์อุตสาหกรรมบัณฑิตสาขาวิชา วิศวกรรมไฟฟ้า ปริญญาตีร5 ปี,(ปวช.) รอบที่ 3 แอดมิชชั่น (Admission) ปี การศึกษา 2569,วิศวกรรมไฟ ฟ้า-วิชาโท วิศวกรรมไฟ ฟ้ากำลัง - ค.อ.บ. 5 ปี,1903,1,4,0,0.0000,0.0000
มหาวิทยาลัยเทคโนโลยีพระจอมเกล้าธนบุรี,บางมด,10140108701904A,C,A6931,คณะครุศาสตร์อุตสาหกรรมและเทคโนโลยี,ครุศาสตร์อุตสาหกรรมบัณฑิตสาขาวิชา วิศวกรรมไฟฟ้า ปริญญาตีร5 ปี,(ม.6) รอบที่ 3 แอด มิชชั่น (Admission) ปีการศึกษา 2569,วิศวกรรมไฟ ฟ้า-วิชาโท วิศวกรรม คอมพิวเตอ์ร- ค.อ.บ. 5 ปี,1904,1,28,1,71.6305,71.6305
มหาวิทยาลัยเทคโนโลยีพระจอมเกล้าธนบุรี,บางมด,10140108701904A,C,V6931,คณะครุศาสตร์อุตสาหกรรมและเทคโนโลยี,ครุศาสตร์อุตสาหกรรมบัณฑิตสาขาวิชา วิศวกรรมไฟฟ้า ปริญญาตีร5 ปี,(ปวช.) รอบที่ 3 แอดมิชชั่น (Admission) ปี การศึกษา 2569,วิศวกรรมไฟ ฟ้า-วิชาโท วิศวกรรม คอมพิวเตอ์ร- ค.อ.บ. 5 ปี,1904,1,1,0,0.0000,0.0000
มหาวิทยาลัยเทคโนโลยีพระจอมเกล้าธนบุรี,บางมด,10140108702105A,0,A6931,คณะครุศาสตร์อุตสาหกรรมและเทคโนโลยี,ครุศาสตร์อุตสาหกรรมบัณฑิตสาขาวิชา วิศวกรรมโยธา ปริญญาตีร5 ปี,รอบที่ 3 แอดมิชชั่น (Admission) ปี การศึกษา 2569,วิศวกรรม โยธา - ค. อ.บ. 5 ปี,0,17,146,17,77.5138,66.6670
มหาวิทยาลัยเทคโนโลยีพระจอมเกล้าธนบุรี,บางมด,10140108703406A,0,A6931,คณะครุศาสตร์อุตสาหกรรมและเทคโนโลยี,ครุศาสตร์อุตสาหกรรมบัณฑิตสาขาวิชา วิศวกรรมอุตสาหการ ปริญญาตีร5 ปี,(ม.6) รอบที่ 3 แอด มิชชั่น (Admission) ปีการศึกษา 2569,วิศวกรรม อุตสาหการ - ค.อ.บ. 5 ปี,0870,12,75,12,68.5798,62.4360
มหาวิทยาลัยเทคโนโลยีพระจอมเกล้าธนบุรี,บางมด,10140108703406A,0,V6931,คณะครุศาสตร์อุตสาหกรรมและเทคโนโลยี,ครุศาสตร์อุตสาหกรรมบัณฑิตสาขาวิชา วิศวกรรมอุตสาหการ ปริญญาตีร5 ปี,(ปวช.) รอบที่ 3 แอดมิชชั่น (Admission) ปี การศึกษา 2569,วิศวกรรม อุตสาหการ - ค.อ.บ. 5 ปี,0870,12,1,0,0.0000,0.0000
มหาวิทยาลัยเทคโนโลยีพระจอมเกล้าธนบุรี,บางมด,10140109210301A,0,A6931,คณะวิทยาศาสตร์,วิทยาศาสตรบัณฑิตสาขาวิชาคณิตศาสต์รปริญญาตีร4 ปี,รอบที่ 3 แอดมิชชั่น (Admission) ปี การศึกษา 2569,คณิตศาสต์ร- วท.บ. 4 ปี,0,30,377,30,61.3833,47.1680
มหาวิทยาลัยเทคโนโลยีพระจอมเกล้าธนบุรี,บางมด,10140109210403A,0,A6931,คณะวิทยาศาสตร์,วิทยาศาสตรบัณฑิตสาขาวิชาเคีมปริญญาตีร4 ปี,รอบที่ 3 แอดมิชชั่น (Admission) ปี การศึกษา 2569,เคีม- วท.บ. 4 ปี,0,100,390,100,74.2238,58.2204
มหาวิทยาลัยเทคโนโลยีพระจอมเกล้าธนบุรี,บางมด,10140109210504A,0,A6931,คณะวิทยาศาสตร์,วิทยาศาสตรบัณฑิตสาขาวิชาจุลชีววิทยา ปริญญาตีร4 ปี,รอบที่ 3 แอดมิชชั่น (Admission) ปี การศึกษา 2569,จุลชีววิทยา - วท.บ. 4 ปี,0,35,259,35,77.5250,64.1331
มหาวิทยาลัยเทคโนโลยีพระจอมเกล้าธนบุรี,บางมด,10140109211005A,0,A6931,คณะวิทยาศาสตร์,วิทยาศาสตรบัณฑิตสาขาวิชาวิทยาศาสตร์และเทคโนโลยีการอาหาร ปริญญาตีร4 ปี,รอบที่ 3 แอดมิชชั่น (Admission) ปี การศึกษา 2569,วิทยาศาสต์รและ เทคโนโลียการอาหาร - วท.บ. 4 ปี,0,25,226,25,76.7611,68.0766
มหาวิทยาลัยเทคโนโลยีพระจอมเกล้าธนบุรี,บางมด,10140109212706A,A,A6931,คณะวิทยาศาสตร์,หลักสูตรวิทยาศาสตรบัณฑิตสาขาวิชาฟิสิก์สปริญญาตีร4 ปี,รอบที่ 3 แอดมิชชั่น (Admission) ปี การศึกษา 2569,ฟิสิก์ส- วิชาเอก ฟิสิก์สอุตสาหกรรม - วท.บ. 4 ปี,0,40,212,40,99.0000,89.5000
มหาวิทยาลัยเทคโนโลยีพระจอมเกล้าธนบุรี,บางมด,10140109212708A,C,A6931,คณะวิทยาศาสตร์,หลักสูตรวิทยาศาสตรบัณฑิตสาขาวิชาฟิสิก์สปริญญาตีร4 ปี,รอบที่ 3 แอดมิชชั่น (Admission) ปี การศึกษา 2569,ฟิสิก์ส- วิชาเอก ฟิสิกส์เชิง ทฤษฎีและ การ วิเคราะห์ ข้อมูล - วท.บ. 4 ปี,0,30,141,30,100.0000,89.6500
มหาวิทยาลัยเทคโนโลยีพระจอมเกล้าธนบุรี,บางมด,10140109212722A,B,A6931,คณะวิทยาศาสตร์,หลักสูตรวิทยาศาสตรบัณฑิตสาขาวิชาฟิสิก์ส(ฟิสิกส์วัสดุและเครื่องมือทางการแพทย์) ปริญญาตีร4 ปี,รอบที่ 3 แอดมิชชั่น (Admission) ปี การศึกษา 2569,ฟิสิก์ส- วิชาเอก ฟิสิกส์วัสุดและ เครื่องมือ ทาง การแพทย์- วท.บ. 4 ปี,0,20,566,20,100.0000,98.8500
มหาวิทยาลัยเทคโนโลยีพระจอมเกล้าธนบุรี,บางมด,10140109213309A,0,A6931,คณะวิทยาศาสตร์,หลักสูตรวิทยาศาสตรบัณฑิตสาขาวิชาสถิติ และวิทยาการข้อมูล ปริญญาตีร4 ปี,รอบที่ 3 แอดมิชชั่น (Admission) ปี การศึกษา 2569,สถิติและ วิทยาการ ข้อมูล - วท.บ. 4 ปี,0,25,180,25,49.5798,42.4444
มหาวิทยาลัยเทคโนโลยีพระจอมเกล้าธนบุรี,บางมด,10140109220202A,0,A6931,คณะวิทยาศาสตร์,วิทยาศาสตรบัณฑิตสาขาวิชาวิทยาการ คอมพิวเตอร์ประยุก์ตปริญญาตีร4 ปี,รอบที่ 3 แอดมิชชั่น (Admission) ปี การศึกษา 2569,วิทยาการ คอมพิวเตอ์รประยุก์ต- วท.บ. 4 ปี,0,10,77,10,55.3901,43.4417
มหาวิทยาลัยเทคโนโลยีพระจอมเกล้าธนบุรี,บางมด,10140113210802A,0,A6931,คณะเทคโนโลยีสารสนเทศ,หลักสูตรศิลปศาสตรบัณฑิตสาขาวิชา นวัตกรรมบริการดิจิทัล ปริญญาตีร4 ปี,รอบที่ 3 แอดมิชชั่น (Admission) ปี การศึกษา 2569,นวัตกรรม บริการดิจิทัล - ศศ.บ. 4 ปี,0,4,140,4,73.9235,71.7194
มหาวิทยาลัยเทคโนโลยีพระจอมเกล้าธนบุรี,บางมด,10140113220101A,0,A6931,คณะเทคโนโลยีสารสนเทศ,วิทยาศาสตรบัณฑิตสาขาวิชาเทคโนโลียสารสนเทศ ปริญญาตีร4 ปี,รอบที่ 3 แอดมิชชั่น (Admission) ปี การศึกษา 2569,เทคโนโลียสารสนเทศ - วท.บ. 4 ปี,0,23,146,23,53.8386,40.6738
มหาวิทยาลัยเทคโนโลยีพระจอมเกล้าธนบุรี,บางมด,10140113220201E,0,A6931,คณะเทคโนโลยีสารสนเทศ,หลักสูตรวิทยาศาสตรบัณฑิตสาขาวิชา วิทยาการคอมพิวเตอ์ร(หลักสูตรภาษาอังกฤษ) ปริญญาตีร4 ปี (หลักสูตรภาษาอังกฤษ),รอบที่ 3 แอดมิชชั่น (Admission) ปี การศึกษา 2569,วิทยาการ คอมพิวเตอ์ร(หลักสูตร ภาษาอังกฤษ) - วท.บ. 4 ปี,0,25,116,25,76.9470,51.5454
มหาวิทยาลัยเทคโนโลยีพระจอมเกล้าธนบุรี,บางมด,10140134302901A,0,A6931,สถาบันวิทยาการหุ่นยนต์ภาคสนาม,หลักสูตรวิศวกรรมศาสตรบัณฑิตสาขาวิชา วิศวกรรมหุ่นยนต์และระบบอัตโนมัติ ปริญญา ตีร4 ปี,(ม.6) รอบที่ 3 แอด มิชชั่น (Admission) ปีการศึกษา 2569,วิศวกรรม หุ่นยนต์และ ระบบ อัตโนมัติ,3430,30,67,30,63.6050,33.9648
มหาวิทยาลัยเทคโนโลยีพระจอมเกล้าธนบุรี,บางมด,10140134302901A,0,V6931,สถาบันวิทยาการหุ่นยนต์ภาคสนาม,หลักสูตรวิศวกรรมศาสตรบัณฑิตสาขาวิชา วิศวกรรมหุ่นยนต์และระบบอัตโนมัติ ปริญญา ตีร4 ปี,(ปวช.) รอบที่ 3 แอดมิชชั่น (Admission) ปี การศึกษา 2569,วิศวกรรม หุ่นยนต์และ ระบบ อัตโนมัติ,3430,30,0,0,0.0000,0.0000
มหาวิทยาลัยเทคโนโลยีพระจอมเกล้าธนบุรี,บางมด,10140136210801E,B,A6931,วิทยาลัยสหวิทยาการ,หลักสูตรวิทยาศาสตรบัณฑิตสาขาวิชาการ ออกแบบดิจิทัล (หลักสูตรนานาชาต)ิ ปริญญา ตีร4 ปี (หลักสูตรนานาชาต)ิ,รอบที่ 3 แอดมิชชั่น (Admission) ปี การศึกษา 2569,การ ออกแบบ ดิจิทัล (หลักสูตร นานาชาติ) - สาขา วิชาเอกแอินเมชั่นและ วิชวลเอฟ เฟก์ต-วท.บ. 4 ปี,0,20,1,0,0.0000,0.0000
มหาวิทยาลัยเทคโนโลยีพระจอมเกล้าธนบุรี,บางมด,10140136210802E,A,A6931,วิทยาลัยสหวิทยาการ,หลักสูตรวิทยาศาสตรบัณฑิตสาขาวิชาการ ออกแบบดิจิทัล (หลักสูตรนานาชาต)ิ ปริญญา ตีร4 ปี (หลักสูตรนานาชาต)ิ,รอบที่ 3 แอดมิชชั่น (Admission) ปี การศึกษา 2569,การ ออกแบบ ดิจิทัล (หลักสูตร นานาชาติ) - สาขา วิชาเอกการ ออกแบบ และการ สร้างเกม - วท.บ. 4 ปี,0,10,0,0,0.0000,0.0000
มหาวิทยาลัยเทคโนโลยีพระจอมเกล้าธนบุรี,บางมด,10140136210803E,0,A6931,วิทยาลัยสหวิทยาการ,หลักสูตรวิทยาศาสตรบัณฑิตสาขาวิชา เทคโนโลยีแนวสร้างสรร์ค(หลักสูตรนานาชาต)ิ ปริญญาตีร4 ปี (หลักสูตรนานาชาต)ิ,รอบที่ 3 แอดมิชชั่น (Admission) ปี การศึกษา 2569,เทคโนโลียแนว สร้างสรร์ค(หลักสูตร นานาชาติ) - วท.บ. 4 ปี,0,13,0,0,0.0000,0.0000
มหาวิทยาลัยเทคโนโลยีพระจอมเกล้าธนบุรี,บางขุนเทียน,10140212111407A,0,A6931,คณะสถาปัตยกรรมศาสตร์และการ ออกแบบ,หลักสูตรเทคโนโลยีบัณฑิตสาขาวิชามีเดียทาง การแพทย์และวิทยาศาสต์รปริญญาตีร4 ปี,รอบที่ 3 แอดมิชชั่น (Admission) ปี การศึกษา 2569,มีเดียทาง การแพท์ยและ วิทยาศาสต์ร- ทล.บ. 4 ปี,0,1,21,1,69.2416,69.2416
มหาวิทยาลัยเทคโนโลยีพระจอมเกล้าธนบุรี,บางขุนเทียน,10140212211614A,0,A6931,คณะสถาปัตยกรรมศาสตร์และการ ออกแบบ,หลักสูตรวิทยาศาสตรบัณฑิตสาขาวิชา เทคโนโลยีมีเดีย ปริญญาตีร4 ปี,รอบที่ 3 แอดมิชชั่น (Admission) ปี การศึกษา 2569,เทคโนโลียมีเดีย- วท.บ. 4 ปี,0,15,143,15,80.6298,73.0192
มหาวิทยาลัยเทคโนโลยีพระจอมเกล้าธนบุรี,บางขุนเทียน,10140212220502A,B,A6931,คณะสถาปัตยกรรมศาสตร์และการ ออกแบบ,หลักสูตรศิลปบัณฑิตสาขาวิชามีเดียอาต์สปริญญาตีร4 ปี,รอบที่ 3 แอดมิชชั่น (Admission) ปี การศึกษา 2569,มีเดียอาตส-์ กลุ่มเอก แอนิเมชัน- ศล.บ. 4 ปี,0,3,124,3,74.2232,72.0832
มหาวิทยาลัยเทคโนโลยีพระจอมเกล้าธนบุรี,บางขุนเทียน,10140212400304E,0,A6931,คณะสถาปัตยกรรมศาสตร์และการ ออกแบบ,หลักสูตรภูมิสถาปัตยกรรมศาสตรบัณฑิตสาขาวิชาภูมิสถาปัตยกรรม (หลักสูตร นานาชาติ) ปริญญาตีร5 ปี,รอบที่ 3 แอดมิชชั่น (Admission) ปี การศึกษา 2569,ภูมิ สถาปัตยกรร ม (หลักสูตร นานาชาติ) - ภ.สถ.บ. 5 ปี,0,25,3,0,0.0000,0.0000
มหาวิทยาลัยเทคโนโลยีพระจอมเกล้าธนบุรี,บางขุนเทียน,10140212400501E,0,A6931,คณะสถาปัตยกรรมศาสตร์และการ ออกแบบ,สถาปัตยกรรมศาสตรบัณฑิตสาขาวิชา สถาปัตยกรรม (หลักสูตรนานาชาต)ิ ปริญญาตีร5 ปี,รอบที่ 3 แอดมิชชั่น (Admission) ปี การศึกษา 2569,สถาปัตยกรร ม (หลักสูตร นานาชาติ) - สถ.บ. 5 ปี,0,20,22,8,69.0771,53.6176
มหาวิทยาลัยเทคโนโลยีพระจอมเกล้าธนบุรี,บางขุนเทียน,10140212400702E,0,A6931,คณะสถาปัตยกรรมศาสตร์และการ ออกแบบ,สถาปัตยกรรมศาสตรบัณฑิตสาขาวิชา สถาปัตยกรรมภายใน (หลักสูตรนานาชาต)ิ ปริญญาตีร5 ปี,รอบที่ 3 แอดมิชชั่น (Admission) ปี การศึกษา 2569,สถาปัตยกรร มภายใน (หลักสูตร นานาชาติ) - สถ.บ. 5 ปี,0,25,9,2,67.2834,58.0575
มหาวิทยาลัยเทคโนโลยีพระจอมเกล้าธนบุรี,บางขุนเทียน,10140212800101A,A,A6931,คณะสถาปัตยกรรมศาสตร์และการ ออกแบบ,หลักสูตรศิลปบัณฑิตสาขาวิชามีเดียอาต์สปริญญาตีร4 ปี,รอบที่ 3 แอดมิชชั่น (Admission) ปี การศึกษา 2569,มีเดียอาตส-์ กลุ่มเอกการ ออกแบบ กราฟิก- ศล.บ. 4 ปี,0,3,119,3,72.4012,70.4032
มหาวิทยาลัยเทคโนโลยีพระจอมเกล้าธนบุรี,บางขุนเทียน,10140212800103A,C,A6931,คณะสถาปัตยกรรมศาสตร์และการ ออกแบบ,หลักสูตรศิลปบัณฑิตสาขาวิชามีเดียอาต์สปริญญาตีร4 ปี,รอบที่ 3 แอดมิชชั่น (Admission) ปี การศึกษา 2569,มีเดียอาตส-์ กลุ่มเอก ภาพยนต์รและ ภาพเคลื่อนไ หว- ศล.บ. 4 ปี,0,10,78,10,70.5536,62.5764
มหาวิทยาลัยเทคโนโลยีพระจอมเกล้าธนบุรี,บางขุนเทียน,10140212800103E,0,A6931,คณะสถาปัตยกรรมศาสตร์และการ ออกแบบ,ศิลปบัณฑิตสาขาวิชาออกแบบนิเทศศิล์ป(หลักสูตรนานาชาต)ิ ปริญญาตีร4 ปี นานาชาติ,รอบที่ 3 แอดมิชชั่น (Admission) ปี การศึกษา 2569,ออกแบบ นิเทศศิล์ป(หลักสูตร นานาชาติ) - ศล.บ. 4 ปี,0,25,5,2,57.4147,50.0406
มหาวิทยาลัยเทคโนโลยีพระจอมเกล้าธนบุรี,บางขุนเทียน,10140212800105E,0,A6931,คณะสถาปัตยกรรมศาสตร์และการ ออกแบบ,หลักสูตรศิลปกรรมศาสตรบัณฑิตสาขาวิชา นวัตกรรมการออกแบบ (หลักสูตรนานาชาต)ิ ปริญญาตีร4 ปี (หลักสูตรนานาชาต)ิ,รอบที่ 3 แอดมิชชั่น (Admission) ปี การศึกษา 2569,นวัตกรรม การ ออกแบบ (หลักสูตร นานาชาติ) - ศป.บ. 4 ปี,0,25,3,0,0.0000,0.0000
มหาวิทยาลัยเทคโนโลยีพระจอมเกล้าธนบุรี,บางขุนเทียน,10140212800106E,0,A6931,คณะสถาปัตยกรรมศาสตร์และการ ออกแบบ,หลักสูตรวิทยาศาสตรบัณฑิตสาขาวิชาการบูร ณาการการออกแบบด้วยพหุปัญญา (หลักสูตร นานาชาติ) ปริญญาตีร4 ปี (หลักสูตรนานาชาต)ิ,รอบที่ 3 แอดมิชชั่น (Admission) ปี การศึกษา 2569,การบูรณา การการ ออกแบบ ด้วยพุหปัญญา (หลักสูตร นานาชาติ) - วท.บ. 4 ปี,0,25,2,1,58.2916,58.2916
มหาวิทยาลัยเทคโนโลยีพระจอมเกล้าธนบุรี,ราชบุรี,10140336303701A,0,A6931,วิทยาลัยสหวิทยาการ,หลักสูตรวิศวกรรมศาสตรบัณฑิตสาขาวิชา วิศวกรรมระบบปัญญาประดิษ์ฐปริญญาตีร4 ปี (พื้นที่การศึกษาราชบุรี),(ม.6) รอบที่ 3 แอด มิชชั่น (Admission) ปีการศึกษา 2569,วิศวกรรม ระบบ ปัญญาประดิ ษ์ฐ- วศ.บ 4 ปี (พื้นที่ การศึกษา ราชบุรี),3630,60,44,17,71.5900,42.4553
มหาวิทยาลัยเทคโนโลยีพระจอมเกล้าธนบุรี,ราชบุรี,10140336303701A,0,V6931,วิทยาลัยสหวิทยาการ,หลักสูตรวิศวกรรมศาสตรบัณฑิตสาขาวิชา วิศวกรรมระบบปัญญาประดิษ์ฐปริญญาตีร4 ปี (พื้นที่การศึกษาราชบุรี),(ปวช.) รอบที่ 3 แอดมิชชั่น (Admission) ปี การศึกษา 2569,วิศวกรรม ระบบ ปัญญาประดิ ษ์ฐ- วศ.บ 4 ปี (พื้นที่ การศึกษา ราชบุรี),3630,60,0,0,0.0000,0.0000
มหาวิทยาลัยเทคโนโลยีพระจอมเกล้าพระนครเหนือ,กรุงเทพฯ,10150101300301A,0,C0001,คณะวิศวกรรมศาสตร์,วศ.บ.วิศวกรรมการผลิต,การคัดเลือกผ่าน ระบบกลาง Admissions,,0,30,479,30,45.3998,35.9999
มหาวิทยาลัยเทคโนโลยีพระจอมเกล้าพระนครเหนือ,กรุงเทพฯ,10150101300501A,0,C0001,คณะวิศวกรรมศาสตร์,วศ.บ.วิศวกรรมคอมพิวเตอร์,การคัดเลือกผ่าน ระบบกลาง Admissions,,0,20,214,20,49.9333,39.9665
มหาวิทยาลัยเทคโนโลยีพระจอมเกล้าพระนครเหนือ,กรุงเทพฯ,10150101300601A,0,C0001,คณะวิศวกรรมศาสตร์,วศ.บ.วิศวกรรมเคมี,การคัดเลือกผ่าน ระบบกลาง Admissions,,0,35,417,35,63.9465,57.8345
มหาวิทยาลัยเทคโนโลยีพระจอมเกล้าพระนครเหนือ,กรุงเทพฯ,10150101300701A,0,C0001,คณะวิศวกรรมศาสตร์,วศ.บ.วิศวกรรมเครื่องกล,การคัดเลือกผ่าน ระบบกลาง Admissions,,0105,25,490,25,49.4549,43.0152
มหาวิทยาลัยเทคโนโลยีพระจอมเกล้าพระนครเหนือ,กรุงเทพฯ,10150101300701A,0,F0002,คณะวิศวกรรมศาสตร์,วศ.บ.วิศวกรรมเครื่องกล,การคัดเลือกผ่าน ระบบกลาง Admissions (สำหรับวุฒิ อาชีวศึกษา),,0105,25,18,0,0.0000,0.0000
มหาวิทยาลัยเทคโนโลยีพระจอมเกล้าพระนครเหนือ,กรุงเทพฯ,10150101300701E,0,C0001,คณะวิศวกรรมศาสตร์,วศ.บ.วิศวกรรมเครื่องกลเพื่อการออกแบบและนวัตกรรม (หลักสูตรนานาชาต)ิ,การคัดเลือกผ่าน ระบบกลาง Admissions,,0120,25,135,24,41.3530,31.3550
มหาวิทยาลัยเทคโนโลยีพระจอมเกล้าพระนครเหนือ,กรุงเทพฯ,10150101300701E,0,F0002,คณะวิศวกรรมศาสตร์,วศ.บ.วิศวกรรมเครื่องกลเพื่อการออกแบบและนวัตกรรม (หลักสูตรนานาชาต)ิ,การคัดเลือกผ่าน ระบบกลาง Admissions (สำหรับวุฒิ อาชีวศึกษา),,0120,25,3,1,35.0962,35.0962
มหาวิทยาลัยเทคโนโลยีพระจอมเกล้าพระนครเหนือ,กรุงเทพฯ,10150101300702A,0,C0001,คณะวิศวกรรมศาสตร์,วศ.บ.วิศวกรรมขนถ่ายวัสดุ,การคัดเลือกผ่าน ระบบกลาง Admissions,,0114,15,589,15,40.8380,38.0548
มหาวิทยาลัยเทคโนโลยีพระจอมเกล้าพระนครเหนือ,กรุงเทพฯ,10150101300702A,0,F0002,คณะวิศวกรรมศาสตร์,วศ.บ.วิศวกรรมขนถ่ายวัสดุ,การคัดเลือกผ่าน ระบบกลาง Admissions (สำหรับวุฒิ อาชีวศึกษา),,0114,15,22,0,0.0000,0.0000
มหาวิทยาลัยเทคโนโลยีพระจอมเกล้าพระนครเหนือ,กรุงเทพฯ,10150101301501A,0,C0001,คณะวิศวกรรมศาสตร์,วศ.บ.วิศวกรรมไฟฟ้าอุตสาหกรรมและพลังงาน,การคัดเลือกผ่าน ระบบกลาง Admissions,,0118,15,282,15,57.6146,51.7904
มหาวิทยาลัยเทคโนโลยีพระจอมเกล้าพระนครเหนือ,กรุงเทพฯ,10150101301501A,0,F0002,คณะวิศวกรรมศาสตร์,วศ.บ.วิศวกรรมไฟฟ้าอุตสาหกรรมและพลังงาน,การคัดเลือกผ่าน ระบบกลาง Admissions (สำหรับวุฒิ อาชีวศึกษา),,0118,15,13,0,0.0000,0.0000
มหาวิทยาลัยเทคโนโลยีพระจอมเกล้าพระนครเหนือ,กรุงเทพฯ,10150101301501B,0,C0001,คณะวิศวกรรมศาสตร์,วศ.บ.วิศวกรรมไฟฟ้าอุตสาหกรรมและพลังงาน,การคัดเลือกผ่าน ระบบกลาง Admissions,,0128,30,137,30,51.7197,45.8414
มหาวิทยาลัยเทคโนโลยีพระจอมเกล้าพระนครเหนือ,กรุงเทพฯ,10150101301501B,0,F0002,คณะวิศวกรรมศาสตร์,วศ.บ.วิศวกรรมไฟฟ้าอุตสาหกรรมและพลังงาน,การคัดเลือกผ่าน ระบบกลาง Admissions (สำหรับวุฒิ อาชีวศึกษา),,0128,30,8,0,0.0000,0.0000
มหาวิทยาลัยเทคโนโลยีพระจอมเกล้าพระนครเหนือ,กรุงเทพฯ,10150101301601A,A,C0001,คณะวิศวกรรมศาสตร์,วศ.บ.วิศวกรรมไฟฟ้า,การคัดเลือกผ่าน ระบบกลาง Admissions,วิศวกรรมไฟ ฟ้ากำลัง/ วิศวกรรม ควบคุม อัตโนมัติ,0,10,292,10,47.8000,42.7500
มหาวิทยาลัยเทคโนโลยีพระจอมเกล้าพระนครเหนือ,กรุงเทพฯ,10150101301601A,B,C0001,คณะวิศวกรรมศาสตร์,วศ.บ.วิศวกรรมไฟฟ้า,การคัดเลือกผ่าน ระบบกลาง Admissions,วิศวกรรม โทรคมนาคม,0,20,256,20,42.5500,36.2333
มหาวิทยาลัยเทคโนโลยีพระจอมเกล้าพระนครเหนือ,กรุงเทพฯ,10150101301601D,0,C0001,คณะวิศวกรรมศาสตร์,วศ.บ.วิศวกรรมไฟฟ้าและระบบอัจฉริยะ (หลักสูตรภาษาอังกฤษ),การคัดเลือกผ่าน ระบบกลาง Admissions,,0,35,92,35,41.2333,22.8665
มหาวิทยาลัยเทคโนโลยีพระจอมเกล้าพระนครเหนือ,กรุงเทพฯ,10150101301602D,0,C0001,คณะวิศวกรรมศาสตร์,วศ.บ.วิศวกรรมปัญญาประดิษฐ์และไฟฟ้า สื่อสาร (หลักสูตรภาษาอังกฤษ),การคัดเลือกผ่าน ระบบกลาง Admissions,,0,40,60,18,34.7000,18.4665
มหาวิทยาลัยเทคโนโลยีพระจอมเกล้าพระนครเหนือ,กรุงเทพฯ,10150101302101A,0,C0001,คณะวิศวกรรมศาสตร์,วศ.บ.วิศวกรรมโยธา,การคัดเลือกผ่าน ระบบกลาง Admissions,,0,5,251,5,44.4464,43.1732
มหาวิทยาลัยเทคโนโลยีพระจอมเกล้าพระนครเหนือ,กรุงเทพฯ,10150101302101B,0,C0001,คณะวิศวกรรมศาสตร์,วศ.บ.วิศวกรรมโยธา,การคัดเลือกผ่าน ระบบกลาง Admissions,,0112,40,245,39,41.5202,36.3915
มหาวิทยาลัยเทคโนโลยีพระจอมเกล้าพระนครเหนือ,กรุงเทพฯ,10150101302101B,0,F0002,คณะวิศวกรรมศาสตร์,วศ.บ.วิศวกรรมโยธา,การคัดเลือกผ่าน ระบบกลาง Admissions (สำหรับวุฒิ อาชีวศึกษา),,0112,40,4,1,45.8595,45.8595
มหาวิทยาลัยเทคโนโลยีพระจอมเกล้าพระนครเหนือ,กรุงเทพฯ,10150101302401A,0,C0001,คณะวิศวกรรมศาสตร์,วศ.บ.วิศวกรรมโลจิสติกส์,การคัดเลือกผ่าน ระบบกลาง Admissions,,0115,15,844,15,43.6262,39.7254
มหาวิทยาลัยเทคโนโลยีพระจอมเกล้าพระนครเหนือ,กรุงเทพฯ,10150101302401A,0,F0002,คณะวิศวกรรมศาสตร์,วศ.บ.วิศวกรรมโลจิสติกส์,การคัดเลือกผ่าน ระบบกลาง Admissions (สำหรับวุฒิ อาชีวศึกษา),,0115,15,26,0,0.0000,0.0000
มหาวิทยาลัยเทคโนโลยีพระจอมเกล้าพระนครเหนือ,กรุงเทพฯ,10150101302401B,0,C0001,คณะวิศวกรรมศาสตร์,วศ.บ.วิศวกรรมโลจิสติกส์,การคัดเลือกผ่าน ระบบกลาง Admissions,,0125,15,515,15,39.0294,36.5720
มหาวิทยาลัยเทคโนโลยีพระจอมเกล้าพระนครเหนือ,กรุงเทพฯ,10150101302401B,0,F0002,คณะวิศวกรรมศาสตร์,วศ.บ.วิศวกรรมโลจิสติกส์,การคัดเลือกผ่าน ระบบกลาง Admissions (สำหรับวุฒิ อาชีวศึกษา),,0125,15,9,0,0.0000,0.0000
มหาวิทยาลัยเทคโนโลยีพระจอมเกล้าพระนครเหนือ,กรุงเทพฯ,10150101302501A,0,C0001,คณะวิศวกรรมศาสตร์,วศ.บ.วิศวกรรมวัสดุ,การคัดเลือกผ่าน ระบบกลาง Admissions,,0116,60,2167,60,60.7966,55.2492
มหาวิทยาลัยเทคโนโลยีพระจอมเกล้าพระนครเหนือ,กรุงเทพฯ,10150101302501A,0,F0002,คณะวิศวกรรมศาสตร์,วศ.บ.วิศวกรรมวัสดุ,การคัดเลือกผ่าน ระบบกลาง Admissions (สำหรับวุฒิ อาชีวศึกษา),,0116,60,36,0,0.0000,0.0000
มหาวิทยาลัยเทคโนโลยีพระจอมเกล้าพระนครเหนือ,กรุงเทพฯ,10150101302502E,0,C0001,คณะวิศวกรรมศาสตร์,วศ.บ.วิศวกรรมวัสดุและการออกแบบ (หลักสูตรนานาชาต)ิ,การคัดเลือกผ่าน ระบบกลาง Admissions,,0117,30,75,29,50.4850,35.8664
มหาวิทยาลัยเทคโนโลยีพระจอมเกล้าพระนครเหนือ,กรุงเทพฯ,10150101302502E,0,F0002,คณะวิศวกรรมศาสตร์,วศ.บ.วิศวกรรมวัสดุและการออกแบบ (หลักสูตรนานาชาต)ิ,การคัดเลือกผ่าน ระบบกลาง Admissions (สำหรับวุฒิ อาชีวศึกษา),,0117,30,2,1,52.6278,52.6278
มหาวิทยาลัยเทคโนโลยีพระจอมเกล้าพระนครเหนือ,กรุงเทพฯ,10150101302901D,0,C0001,คณะวิศวกรรมศาสตร์,วศ.บ.วิศวกรรมหุ่นยนต์และระบบอัตโนมัติ (หลักสูตรภาษาอังกฤษ),การคัดเลือกผ่าน ระบบกลาง Admissions,,0,30,196,30,48.3833,33.7750
มหาวิทยาลัยเทคโนโลยีพระจอมเกล้าพระนครเหนือ,กรุงเทพฯ,10150101303201A,0,C0001,คณะวิศวกรรมศาสตร์,วศ.บ.วิศวกรรมการบินและอวกาศ,การคัดเลือกผ่าน ระบบกลาง Admissions,,0106,25,333,25,45.2673,41.8236
มหาวิทยาลัยเทคโนโลยีพระจอมเกล้าพระนครเหนือ,กรุงเทพฯ,10150101303201A,0,F0002,คณะวิศวกรรมศาสตร์,วศ.บ.วิศวกรรมการบินและอวกาศ,การคัดเลือกผ่าน ระบบกลาง Admissions (สำหรับวุฒิ อาชีวศึกษา),,0106,25,16,0,0.0000,0.0000
มหาวิทยาลัยเทคโนโลยีพระจอมเกล้าพระนครเหนือ,กรุงเทพฯ,10150101303201E,0,C0001,คณะวิศวกรรมศาสตร์,วศ.บ.วิศวกรรมการออกแบบการบินและอวกาศ (หลักสูตรนานาชาต)ิ,การคัดเลือกผ่าน ระบบกลาง Admissions,,0107,25,75,25,40.6516,28.7441
มหาวิทยาลัยเทคโนโลยีพระจอมเกล้าพระนครเหนือ,กรุงเทพฯ,10150101303201E,0,F0002,คณะวิศวกรรมศาสตร์,วศ.บ.วิศวกรรมการออกแบบการบินและอวกาศ (หลักสูตรนานาชาต)ิ,การคัดเลือกผ่าน ระบบกลาง Admissions (สำหรับวุฒิ อาชีวศึกษา),,0107,25,0,0,0.0000,0.0000
มหาวิทยาลัยเทคโนโลยีพระจอมเกล้าพระนครเหนือ,กรุงเทพฯ,10150101303501A,0,C0001,คณะวิศวกรรมศาสตร์,วศ.บ.วิศวกรรมอุตสาหการ,การคัดเลือกผ่าน ระบบกลาง Admissions,,0,10,343,10,45.0009,43.0676
มหาวิทยาลัยเทคโนโลยีพระจอมเกล้าพระนครเหนือ,กรุงเทพฯ,10150102302101A,0,C0001,คณะครุศาสตร์อุตสาหกรรม,วศ.บ.วิศวกรรมโยธาและการศึกษา (หลักสูตร 5 ปี),การคัดเลือกผ่าน ระบบกลาง Admissions,,0209,5,67,5,67.5050,59.9385
มหาวิทยาลัยเทคโนโลยีพระจอมเกล้าพระนครเหนือ,กรุงเทพฯ,10150102302101A,0,F0002,คณะครุศาสตร์อุตสาหกรรม,วศ.บ.วิศวกรรมโยธาและการศึกษา (หลักสูตร 5 ปี),การคัดเลือกผ่าน ระบบกลาง Admissions (สำหรับวุฒิ อาชีวศึกษา),,0209,5,2,0,0.0000,0.0000
มหาวิทยาลัยเทคโนโลยีพระจอมเกล้าพระนครเหนือ,กรุงเทพฯ,10150102700101A,0,C0001,คณะครุศาสตร์อุตสาหกรรม,ค.อ.บ.วิศวกรรมแมคคาทรอนิกส์และหุ่นยนต์,การคัดเลือกผ่าน ระบบกลาง Admissions,,0,10,155,10,63.8563,52.5895
มหาวิทยาลัยเทคโนโลยีพระจอมเกล้าพระนครเหนือ,กรุงเทพฯ,10150102700901A,0,C0001,คณะครุศาสตร์อุตสาหกรรม,ค.อ.บ.เทคโนโลยีคอมพิวเตอร์,การคัดเลือกผ่าน ระบบกลาง Admissions,,0,4,39,4,60.0388,57.8595
มหาวิทยาลัยเทคโนโลยีพระจอมเกล้าพระนครเหนือ,กรุงเทพฯ,10150102701101A,0,C0001,คณะครุศาสตร์อุตสาหกรรม,ค.อ.บ.วิศวกรรมเครื่องกล (หลักสูตร 5 ปี),การคัดเลือกผ่าน ระบบกลาง Admissions,,0,10,72,10,58.7393,55.9585
มหาวิทยาลัยเทคโนโลยีพระจอมเกล้าพระนครเหนือ,กรุงเทพฯ,10150102701102A,0,C0001,คณะครุศาสตร์อุตสาหกรรม,ค.อ.บ.วิศวกรรมการผลิตและอุตสาหการ,การคัดเลือกผ่าน ระบบกลาง Admissions,,0,10,107,10,60.2223,53.5083
มหาวิทยาลัยเทคโนโลยีพระจอมเกล้าพระนครเหนือ,กรุงเทพฯ,10150103213501A,0,C0001,วิทยาลัยเทคโนโลยีอุตสาหกรรม,วท.บ.การจัดการเทคโนโลยีการผลิตและ สารสนเทศ,การคัดเลือกผ่าน ระบบกลาง Admissions,,0,5,102,5,43.5640,40.3219
มหาวิทยาลัยเทคโนโลยีพระจอมเกล้าพระนครเหนือ,กรุงเทพฯ,10150103213501B,0,C0001,วิทยาลัยเทคโนโลยีอุตสาหกรรม,วท.บ.การจัดการเทคโนโลยีการผลิตและ สารสนเทศ,การคัดเลือกผ่าน ระบบกลาง Admissions,,0,5,61,5,37.6174,36.5987
มหาวิทยาลัยเทคโนโลยีพระจอมเกล้าพระนครเหนือ,กรุงเทพฯ,10150103300701A,0,C0001,วิทยาลัยเทคโนโลยีอุตสาหกรรม,วศ.บ.เทคโนโลยีวิศวกรรมแม่พิมพ์และเครื่องมือ,การคัดเลือกผ่าน ระบบกลาง Admissions,,0,20,50,20,37.8549,33.6905
มหาวิทยาลัยเทคโนโลยีพระจอมเกล้าพระนครเหนือ,กรุงเทพฯ,10150103300702A,0,C0001,วิทยาลัยเทคโนโลยีอุตสาหกรรม,วศ.บ.เทคโนโลยีวิศวกรรมการเชื่อม,การคัดเลือกผ่าน ระบบกลาง Admissions,,0,15,64,15,42.3778,38.2443
มหาวิทยาลัยเทคโนโลยีพระจอมเกล้าพระนครเหนือ,กรุงเทพฯ,10150103300703A,A,C0001,วิทยาลัยเทคโนโลยีอุตสาหกรรม,วศ.บ.เทคโนโลยีวิศวกรรมการออกแบบและ ผลิตเครื่องจักรกล,การคัดเลือกผ่าน ระบบกลาง Admissions,สร้าง เครื่องจักรกล,0,10,63,10,44.0823,40.1393
มหาวิทยาลัยเทคโนโลยีพระจอมเกล้าพระนครเหนือ,กรุงเทพฯ,10150103300703A,B,C0001,วิทยาลัยเทคโนโลยีอุตสาหกรรม,วศ.บ.เทคโนโลยีวิศวกรรมการออกแบบและ ผลิตเครื่องจักรกล,การคัดเลือกผ่าน ระบบกลาง Admissions,ออกแบบ ผลิตภัณ์ฑเครื่องกล,0,10,47,10,39.7255,36.8955
มหาวิทยาลัยเทคโนโลยีพระจอมเกล้าพระนครเหนือ,กรุงเทพฯ,10150103302501A,0,C0001,วิทยาลัยเทคโนโลยีอุตสาหกรรม,วศ.บ.เทคโนโลยีวิศวกรรมพอลิเมอร์และอุตสาหกรรมยาง,การคัดเลือกผ่าน ระบบกลาง Admissions,,0,25,90,25,39.5480,33.9183
มหาวิทยาลัยเทคโนโลยีพระจอมเกล้าพระนครเหนือ,กรุงเทพฯ,10150103303401A,A,C0001,วิทยาลัยเทคโนโลยีอุตสาหกรรม,วศ.บ.เทคโนโลยีวิศวกรรมอิเล็กทรอนิกส์,การคัดเลือกผ่าน ระบบกลาง Admissions,โทรคมนาคม,0,5,69,5,41.6040,37.0713
มหาวิทยาลัยเทคโนโลยีพระจอมเกล้าพระนครเหนือ,กรุงเทพฯ,10150103303401A,B,C0001,วิทยาลัยเทคโนโลยีอุตสาหกรรม,วศ.บ.เทคโนโลยีวิศวกรรมอิเล็กทรอนิกส์,การคัดเลือกผ่าน ระบบกลาง Admissions,คอมพิวเตอร์,0,5,87,5,40.3003,36.9075
มหาวิทยาลัยเทคโนโลยีพระจอมเกล้าพระนครเหนือ,กรุงเทพฯ,10150103303401A,C,C0001,วิทยาลัยเทคโนโลยีอุตสาหกรรม,วศ.บ.เทคโนโลยีวิศวกรรมอิเล็กทรอนิกส์,การคัดเลือกผ่าน ระบบกลาง Admissions,เครื่องมือวัด และควบคุม,0,5,66,5,37.7383,35.4260
มหาวิทยาลัยเทคโนโลยีพระจอมเกล้าพระนครเหนือ,กรุงเทพฯ,10150103303401A,D,C0001,วิทยาลัยเทคโนโลยีอุตสาหกรรม,วศ.บ.เทคโนโลยีวิศวกรรมอิเล็กทรอนิกส์,การคัดเลือกผ่าน ระบบกลาง Admissions,การกระจาย เสียงวิทุยและโทรทัศน์,0,5,72,5,35.8680,34.4465
มหาวิทยาลัยเทคโนโลยีพระจอมเกล้าพระนครเหนือ,กรุงเทพฯ,10150103303401B,B,C0001,วิทยาลัยเทคโนโลยีอุตสาหกรรม,วศ.บ.เทคโนโลยีวิศวกรรมอิเล็กทรอนิกส์,การคัดเลือกผ่าน ระบบกลาง Admissions,คอมพิวเตอร์,0,5,60,5,38.5395,36.7413
มหาวิทยาลัยเทคโนโลยีพระจอมเกล้าพระนครเหนือ,กรุงเทพฯ,10150103303402A,0,C0001,วิทยาลัยเทคโนโลยีอุตสาหกรรม,วศ.บ.ระบบสมองกลฝังตัวและการออกแบบ อิเล็กทรอนิกส์,การคัดเลือกผ่าน ระบบกลาง Admissions,,0,5,418,5,41.2350,37.2813
มหาวิทยาลัยเทคโนโลยีพระจอมเกล้าพระนครเหนือ,กรุงเทพฯ,10150103303501A,A,C0001,วิทยาลัยเทคโนโลยีอุตสาหกรรม,วศ.บ.เทคโนโลยีวิศวกรรมอุตสาหการ,การคัดเลือกผ่าน ระบบกลาง Admissions,การ ออกแบบ ผลิตภัณ์ฑและการผลิต,0,5,111,5,40.2751,38.4476
มหาวิทยาลัยเทคโนโลยีพระจอมเกล้าพระนครเหนือ,กรุงเทพฯ,10150103303501A,B,C0001,วิทยาลัยเทคโนโลยีอุตสาหกรรม,วศ.บ.เทคโนโลยีวิศวกรรมอุตสาหการ,การคัดเลือกผ่าน ระบบกลาง Admissions,การจัดการ กระบวนการ ผลิต,0,5,102,5,46.6108,43.1920
มหาวิทยาลัยเทคโนโลยีพระจอมเกล้าพระนครเหนือ,กรุงเทพฯ,10150104111101A,0,C0001,คณะวิทยาศาสตร์ประยุกต์,วท.บ.วิทยาศาสตร์สุขภาพและความงาม,การคัดเลือกผ่าน ระบบกลาง Admissions,,0,40,332,40,60.0535,49.2815
มหาวิทยาลัยเทคโนโลยีพระจอมเกล้าพระนครเหนือ,กรุงเทพฯ,10150104111101B,0,C0001,คณะวิทยาศาสตร์ประยุกต์,วท.บ.วิทยาศาสตร์สุขภาพและความงาม,การคัดเลือกผ่าน ระบบกลาง Admissions,,0,10,138,10,57.3540,46.7315
มหาวิทยาลัยเทคโนโลยีพระจอมเกล้าพระนครเหนือ,กรุงเทพฯ,10150104210301A,0,C0001,คณะวิทยาศาสตร์ประยุกต์,วท.บ.คณิตศาสตร์ประยุกต์,การคัดเลือกผ่าน ระบบกลาง Admissions,,0,50,347,50,52.6820,42.7100
มหาวิทยาลัยเทคโนโลยีพระจอมเกล้าพระนครเหนือ,กรุงเทพฯ,10150104210301B,0,C0001,คณะวิทยาศาสตร์ประยุกต์,วท.บ.คณิตศาสตร์ประยุกต์,การคัดเลือกผ่าน ระบบกลาง Admissions,,0,25,168,25,45.9445,40.3165
มหาวิทยาลัยเทคโนโลยีพระจอมเกล้าพระนครเหนือ,กรุงเทพฯ,10150104210302A,0,C0001,คณะวิทยาศาสตร์ประยุกต์,วท.บ.คณิตศาสตร์เชิงวิทยาการคอมพิวเตอร์,การคัดเลือกผ่าน ระบบกลาง Admissions,,0,50,263,50,54.6035,46.0180
มหาวิทยาลัยเทคโนโลยีพระจอมเกล้าพระนครเหนือ,กรุงเทพฯ,10150104210302B,0,C0001,คณะวิทยาศาสตร์ประยุกต์,วท.บ.คณิตศาสตร์เชิงวิทยาการคอมพิวเตอร์,การคัดเลือกผ่าน ระบบกลาง Admissions,,0,25,124,25,56.9320,41.2275
มหาวิทยาลัยเทคโนโลยีพระจอมเกล้าพระนครเหนือ,กรุงเทพฯ,10150104210401A,0,C0001,คณะวิทยาศาสตร์ประยุกต์,วท.บ.เคมีอุตสาหกรรม,การคัดเลือกผ่าน ระบบกลาง Admissions,,0,60,276,60,52.3900,42.3675
มหาวิทยาลัยเทคโนโลยีพระจอมเกล้าพระนครเหนือ,กรุงเทพฯ,10150104210401B,0,C0001,คณะวิทยาศาสตร์ประยุกต์,วท.บ.เคมีอุตสาหกรรม,การคัดเลือกผ่าน ระบบกลาง Admissions,,0,10,63,10,53.1760,41.8695
มหาวิทยาลัยเทคโนโลยีพระจอมเกล้าพระนครเหนือ,กรุงเทพฯ,10150104211001A,0,C0001,คณะวิทยาศาสตร์ประยุกต์,วท.บ.วิทยาศาสตร์และเทคโนโลยีทางอาหาร,การคัดเลือกผ่าน ระบบกลาง Admissions,,0,50,320,50,55.0490,43.3978
มหาวิทยาลัยเทคโนโลยีพระจอมเกล้าพระนครเหนือ,กรุงเทพฯ,10150104211001B,0,C0001,คณะวิทยาศาสตร์ประยุกต์,วท.บ.วิทยาศาสตร์และเทคโนโลยีทางอาหาร,การคัดเลือกผ่าน ระบบกลาง Admissions,,0,15,122,15,49.0150,42.2508
มหาวิทยาลัยเทคโนโลยีพระจอมเกล้าพระนครเหนือ,กรุงเทพฯ,10150104211201A,0,C0001,คณะวิทยาศาสตร์ประยุกต์,วท.บ.เทคโนโลยีชีวภาพ,การคัดเลือกผ่าน ระบบกลาง Admissions,,0,50,274,50,52.2640,43.1085
มหาวิทยาลัยเทคโนโลยีพระจอมเกล้าพระนครเหนือ,กรุงเทพฯ,10150104211201B,0,C0001,คณะวิทยาศาสตร์ประยุกต์,วท.บ.เทคโนโลยีชีวภาพ,การคัดเลือกผ่าน ระบบกลาง Admissions,,0,20,292,20,48.9690,42.1480
มหาวิทยาลัยเทคโนโลยีพระจอมเกล้าพระนครเหนือ,กรุงเทพฯ,10150104211901A,0,C0001,คณะวิทยาศาสตร์ประยุกต์,วท.บ.วิทยาศาสตร์เทคโนโลยีสิ่งแวดล้อม,การคัดเลือกผ่าน ระบบกลาง Admissions,,0,50,397,50,48.0574,41.6910
มหาวิทยาลัยเทคโนโลยีพระจอมเกล้าพระนครเหนือ,กรุงเทพฯ,10150104211901B,0,C0001,คณะวิทยาศาสตร์ประยุกต์,วท.บ.วิทยาศาสตร์เทคโนโลยีสิ่งแวดล้อม,การคัดเลือกผ่าน ระบบกลาง Admissions,,0,5,186,5,48.2262,42.3120
มหาวิทยาลัยเทคโนโลยีพระจอมเกล้าพระนครเหนือ,กรุงเทพฯ,10150104212701A,A,C0001,คณะวิทยาศาสตร์ประยุกต์,วท.บ.ฟิสิกส์อุตสาหกรรมและอุปกรณ์การแพทย์,การคัดเลือกผ่าน ระบบกลาง Admissions,แขนงวิชา ฟิสิก์สประยุกต์,0,20,124,20,54.6525,47.3505
มหาวิทยาลัยเทคโนโลยีพระจอมเกล้าพระนครเหนือ,กรุงเทพฯ,10150104212701A,B,C0001,คณะวิทยาศาสตร์ประยุกต์,วท.บ.ฟิสิกส์อุตสาหกรรมและอุปกรณ์การแพทย์,การคัดเลือกผ่าน ระบบกลาง Admissions,แขนงวิชา ฟิสิก์สอุตสาหกรรม และ เทคโนโลียแผ่นวงจรพิม พ์,0,25,131,25,51.5115,44.4735
มหาวิทยาลัยเทคโนโลยีพระจอมเกล้าพระนครเหนือ,กรุงเทพฯ,10150104212701A,C,C0001,คณะวิทยาศาสตร์ประยุกต์,วท.บ.ฟิสิกส์อุตสาหกรรมและอุปกรณ์การแพทย์,การคัดเลือกผ่าน ระบบกลาง Admissions,แขนงวิชา อุปกร์ณการแพทย์,0,30,195,30,56.9540,49.5380
มหาวิทยาลัยเทคโนโลยีพระจอมเกล้าพระนครเหนือ,กรุงเทพฯ,10150104212701B,A,C0001,คณะวิทยาศาสตร์ประยุกต์,วท.บ.ฟิสิกส์อุตสาหกรรมและอุปกรณ์การแพทย์,การคัดเลือกผ่าน ระบบกลาง Admissions,แขนงวิชา ฟิสิก์สประยุกต์,0,5,64,5,49.7380,47.2830
มหาวิทยาลัยเทคโนโลยีพระจอมเกล้าพระนครเหนือ,กรุงเทพฯ,10150104212702B,B,C0001,คณะวิทยาศาสตร์ประยุกต์,วท.บ.ฟิสิกส์อุตสาหกรรมและอุปกรณ์การแพทย์,การคัดเลือกผ่าน ระบบกลาง Admissions,แขนงวิชา ฟิสิก์สอุตสาหกรรม และ เทคโนโลียแผ่นวงจรพิม พ์,0,5,131,5,48.9715,45.3280
มหาวิทยาลัยเทคโนโลยีพระจอมเกล้าพระนครเหนือ,กรุงเทพฯ,10150104212703B,C,C0001,คณะวิทยาศาสตร์ประยุกต์,วท.บ.ฟิสิกส์อุตสาหกรรมและอุปกรณ์การแพทย์,การคัดเลือกผ่าน ระบบกลาง Admissions,แขนงวิชา อุปกร์ณการแพทย์,0,10,92,10,56.6115,48.0135
มหาวิทยาลัยเทคโนโลยีพระจอมเกล้าพระนครเหนือ,กรุงเทพฯ,10150104212704A,A,C0001,คณะวิทยาศาสตร์ประยุกต์,วท.บ.ฟิสิกส์วิศวกรรม,การคัดเลือกผ่าน ระบบกลาง Admissions,วัสดุวิศวกรรม,0,25,192,25,54.5160,45.0045
มหาวิทยาลัยเทคโนโลยีพระจอมเกล้าพระนครเหนือ,กรุงเทพฯ,10150104212704A,B,C0001,คณะวิทยาศาสตร์ประยุกต์,วท.บ.ฟิสิกส์วิศวกรรม,การคัดเลือกผ่าน ระบบกลาง Admissions,วิศวกรรมโฟ โตนิกส์,0,20,116,20,48.4925,43.2145
มหาวิทยาลัยเทคโนโลยีพระจอมเกล้าพระนครเหนือ,กรุงเทพฯ,10150104212704B,A,C0001,คณะวิทยาศาสตร์ประยุกต์,วท.บ.ฟิสิกส์วิศวกรรม,การคัดเลือกผ่าน ระบบกลาง Admissions,วัสดุวิศวกรรม,0,5,35,5,44.4755,41.1685
มหาวิทยาลัยเทคโนโลยีพระจอมเกล้าพระนครเหนือ,กรุงเทพฯ,10150104212704B,B,C0001,คณะวิทยาศาสตร์ประยุกต์,วท.บ.ฟิสิกส์วิศวกรรม,การคัดเลือกผ่าน ระบบกลาง Admissions,วิศวกรรมโฟ โตนิกส์,0,5,21,5,46.3780,39.6940
มหาวิทยาลัยเทคโนโลยีพระจอมเกล้าพระนครเหนือ,กรุงเทพฯ,10150104213301A,0,C0001,คณะวิทยาศาสตร์ประยุกต์,วท.บ.สถิติประยุกต์สำหรับวิทยาการวิเคราะห์ ธุรกิจและอุตสาหกรรม,การคัดเลือกผ่าน ระบบกลาง Admissions,,0,60,511,60,55.8280,44.3565
มหาวิทยาลัยเทคโนโลยีพระจอมเกล้าพระนครเหนือ,กรุงเทพฯ,10150104213301B,0,C0001,คณะวิทยาศาสตร์ประยุกต์,วท.บ.สถิติประยุกต์สำหรับวิทยาการวิเคราะห์ ธุรกิจและอุตสาหกรรม,การคัดเลือกผ่าน ระบบกลาง Admissions,,0,20,195,20,45.4385,41.2215
มหาวิทยาลัยเทคโนโลยีพระจอมเกล้าพระนครเหนือ,กรุงเทพฯ,10150104213302A,0,C0001,คณะวิทยาศาสตร์ประยุกต์,วท.บ.สถิติธุรกิจและวิทยาการประกันภัย,การคัดเลือกผ่าน ระบบกลาง Admissions,,0,70,546,70,65.9490,43.2610
มหาวิทยาลัยเทคโนโลยีพระจอมเกล้าพระนครเหนือ,กรุงเทพฯ,10150104213302B,0,C0001,คณะวิทยาศาสตร์ประยุกต์,วท.บ.สถิติธุรกิจและวิทยาการประกันภัย,การคัดเลือกผ่าน ระบบกลาง Admissions,,0,20,133,20,45.0660,40.5570
มหาวิทยาลัยเทคโนโลยีพระจอมเกล้าพระนครเหนือ,กรุงเทพฯ,10150104220201A,0,C0001,คณะวิทยาศาสตร์ประยุกต์,วท.บ.วิทยาการคอมพิวเตอร์,การคัดเลือกผ่าน ระบบกลาง Admissions,,0,80,570,80,64.8884,51.6188
มหาวิทยาลัยเทคโนโลยีพระจอมเกล้าพระนครเหนือ,กรุงเทพฯ,10150104220201B,0,C0001,คณะวิทยาศาสตร์ประยุกต์,วท.บ.วิทยาการคอมพิวเตอร์,การคัดเลือกผ่าน ระบบกลาง Admissions,,0,50,257,50,56.2208,45.4116
มหาวิทยาลัยเทคโนโลยีพระจอมเกล้าพระนครเหนือ,กรุงเทพฯ,10150104220201C,0,C0001,คณะวิทยาศาสตร์ประยุกต์,วท.บ.วิทยาการคอมพิวเตอ์ร(หลักสูตรสอง ภาษา),การคัดเลือกผ่าน ระบบกลาง Admissions,,0,50,256,50,56.2444,44.5948
มหาวิทยาลัยเทคโนโลยีพระจอมเกล้าพระนครเหนือ,กรุงเทพฯ,10150104220303A,0,C0001,คณะวิทยาศาสตร์ประยุกต์,วท.บ.วิทยาศาสตร์ข้อมูลและการวิเคราะห์เชิง สถิติ,การคัดเลือกผ่าน ระบบกลาง Admissions,,0,70,303,70,57.1435,42.7970
มหาวิทยาลัยเทคโนโลยีพระจอมเกล้าพระนครเหนือ,กรุงเทพฯ,10150104220303B,0,C0001,คณะวิทยาศาสตร์ประยุกต์,วท.บ.วิทยาศาสตร์ข้อมูลและการวิเคราะห์เชิง สถิติ,การคัดเลือกผ่าน ระบบกลาง Admissions,,0,20,70,20,54.1905,35.4765
มหาวิทยาลัยเทคโนโลยีพระจอมเกล้าพระนครเหนือ,กรุงเทพฯ,10150104300901A,0,C0001,คณะวิทยาศาสตร์ประยุกต์,วศ.บ.วิศวกรรมชีวการแพทย์,การคัดเลือกผ่าน ระบบกลาง Admissions,,0,40,138,40,49.5232,28.8266
มหาวิทยาลัยเทคโนโลยีพระจอมเกล้าพระนครเหนือ,กรุงเทพฯ,10150104300901B,0,C0001,คณะวิทยาศาสตร์ประยุกต์,วศ.บ.วิศวกรรมชีวการแพทย์,การคัดเลือกผ่าน ระบบกลาง Admissions,,0,10,53,10,53.5966,28.8566
มหาวิทยาลัยเทคโนโลยีพระจอมเกล้าพระนครเหนือ,กรุงเทพฯ,10150104303401A,0,C0001,คณะวิทยาศาสตร์ประยุกต์,วศ.บ. วิศวกรรมไมโครอิเล็กทรอนิกส์และเซิมคอนดักเตอร์,การคัดเลือกผ่าน ระบบกลาง Admissions,,0,25,58,25,45.5842,28.3862
มหาวิทยาลัยเทคโนโลยีพระจอมเกล้าพระนครเหนือ,กรุงเทพฯ,10150104303401B,0,C0001,คณะวิทยาศาสตร์ประยุกต์,วศ.บ. วิศวกรรมไมโครอิเล็กทรอนิกส์และเซิมคอนดักเตอร์,การคัดเลือกผ่าน ระบบกลาง Admissions,,0,5,42,5,37.3428,33.2998
มหาวิทยาลัยเทคโนโลยีพระจอมเกล้าพระนครเหนือ,กรุงเทพฯ,10150104501102A,0,C0001,คณะวิทยาศาสตร์ประยุกต์,วท.บ.เทคโนโลยีอุตสาหกรรมเกษตรและนวัตกรรม,การคัดเลือกผ่าน ระบบกลาง Admissions,,0,40,330,40,54.2620,41.1620
มหาวิทยาลัยเทคโนโลยีพระจอมเกล้าพระนครเหนือ,กรุงเทพฯ,10150104501102B,0,C0001,คณะวิทยาศาสตร์ประยุกต์,วท.บ.เทคโนโลยีอุตสาหกรรมเกษตรและนวัตกรรม,การคัดเลือกผ่าน ระบบกลาง Admissions,,0,5,109,5,40.8210,39.7345
มหาวิทยาลัยเทคโนโลยีพระจอมเกล้าพระนครเหนือ,กรุงเทพฯ,10150107220101E,0,C0001,คณะเทคโนโลยีสารสนเทศและนวัตกรรมดิจิทัล,วท.บ.วิทยาการสารสนเทศเพื่อเศรษฐกิจดิจิทัล (หลักสูตรนานาชาต)ิ,การคัดเลือกผ่าน ระบบกลาง Admissions,,0,5,27,5,41.2392,33.0069
มหาวิทยาลัยเทคโนโลยีพระจอมเกล้าพระนครเหนือ,กรุงเทพฯ,10150109302001E,0,C0001,บัณฑิตวิทยาลัยวิศวกรรมศาสต์รนานาชาติสิรินธร ไทย-เยอรมัน,วศ.บ.วิศวกรรมยานยนต์ไฟฟ้าและระบบ อัตโนมัติ (หลักสูตรนานาชาต)ิ,การคัดเลือกผ่าน ระบบกลาง Admissions,,0902,14,11,6,58.0758,46.7629
มหาวิทยาลัยเทคโนโลยีพระจอมเกล้าพระนครเหนือ,กรุงเทพฯ,10150109302001E,0,E0002,บัณฑิตวิทยาลัยวิศวกรรมศาสต์รนานาชาติสิรินธร ไทย-เยอรมัน,วศ.บ.วิศวกรรมยานยนต์ไฟฟ้าและระบบ อัตโนมัติ (หลักสูตรนานาชาต)ิ,การคัดเลือกผ่าน ระบบกลาง Admissions (ใช้ คะแนน A-Level),,0902,14,0,0,0.0000,0.0000
มหาวิทยาลัยเทคโนโลยีพระจอมเกล้าพระนครเหนือ,กรุงเทพฯ,10150109302001E,0,F0002,บัณฑิตวิทยาลัยวิศวกรรมศาสต์รนานาชาติสิรินธร ไทย-เยอรมัน,วศ.บ.วิศวกรรมยานยนต์ไฟฟ้าและระบบ อัตโนมัติ (หลักสูตรนานาชาต)ิ,การคัดเลือกผ่าน ระบบกลาง Admissions (สำหรับวุฒิ อาชีวศึกษา),,0902,14,0,0,0.0000,0.0000
มหาวิทยาลัยเทคโนโลยีพระจอมเกล้าพระนครเหนือ,กรุงเทพฯ,10150109302001E,0,G0002,บัณฑิตวิทยาลัยวิศวกรรมศาสต์รนานาชาติสิรินธร ไทย-เยอรมัน,วศ.บ.วิศวกรรมยานยนต์ไฟฟ้าและระบบ อัตโนมัติ (หลักสูตรนานาชาต)ิ,การคัดเลือกผ่าน ระบบกลาง Admissions (สำหรับวุฒิ อาชีวศึกษา) (ใช้ คะแนน A-Level),,0902,14,0,0,0.0000,0.0000
มหาวิทยาลัยเทคโนโลยีพระจอมเกล้าพระนครเหนือ,กรุงเทพฯ,10150109303401E,0,C0001,บัณฑิตวิทยาลัยวิศวกรรมศาสต์รนานาชาติสิรินธร ไทย-เยอรมัน,วศ.บ.วิศวกรรมการออกแบบไมโคร อิเล็กทรอนิกส์และเซมิคอนดักเตอ์ร(หลักสูตร นานาชาติ),การคัดเลือกผ่าน ระบบกลาง Admissions,,0901,5,10,4,65.5945,51.9958
มหาวิทยาลัยเทคโนโลยีพระจอมเกล้าพระนครเหนือ,กรุงเทพฯ,10150109303401E,0,E0002,บัณฑิตวิทยาลัยวิศวกรรมศาสต์รนานาชาติสิรินธร ไทย-เยอรมัน,วศ.บ.วิศวกรรมการออกแบบไมโคร อิเล็กทรอนิกส์และเซมิคอนดักเตอ์ร(หลักสูตร นานาชาติ),การคัดเลือกผ่าน ระบบกลาง Admissions (ใช้ คะแนน A-Level),,0901,5,0,0,0.0000,0.0000
มหาวิทยาลัยเทคโนโลยีพระจอมเกล้าพระนครเหนือ,กรุงเทพฯ,10150109303401E,0,F0002,บัณฑิตวิทยาลัยวิศวกรรมศาสต์รนานาชาติสิรินธร ไทย-เยอรมัน,วศ.บ.วิศวกรรมการออกแบบไมโคร อิเล็กทรอนิกส์และเซมิคอนดักเตอ์ร(หลักสูตร นานาชาติ),การคัดเลือกผ่าน ระบบกลาง Admissions (สำหรับวุฒิ อาชีวศึกษา),,0901,5,0,0,0.0000,0.0000
มหาวิทยาลัยเทคโนโลยีพระจอมเกล้าพระนครเหนือ,กรุงเทพฯ,10150109303401E,0,G0002,บัณฑิตวิทยาลัยวิศวกรรมศาสต์รนานาชาติสิรินธร ไทย-เยอรมัน,วศ.บ.วิศวกรรมการออกแบบไมโคร อิเล็กทรอนิกส์และเซมิคอนดักเตอ์ร(หลักสูตร นานาชาติ),การคัดเลือกผ่าน ระบบกลาง Admissions (สำหรับวุฒิ อาชีวศึกษา) (ใช้ คะแนน A-Level),,0901,5,0,0,0.0000,0.0000
มหาวิทยาลัยเทคโนโลยีพระจอมเกล้าพระนครเหนือ,กรุงเทพฯ,10150111400501A,0,C0001,คณะสถาปัตยกรรมและการออกแบบ,สถ.บ.สถาปัตยกรรม (หลักสูตร 5 ปี),การคัดเลือกผ่าน ระบบกลาง Admissions,,0,5,185,5,55.3610,51.5235
มหาวิทยาลัยเทคโนโลยีพระจอมเกล้าพระนครเหนือ,กรุงเทพฯ,10150111800102A,A,C0001,คณะสถาปัตยกรรมและการออกแบบ,ศ.บ.ศิลปประยุกต์และออกแบบผลิตภัณฑ์,การคัดเลือกผ่าน ระบบกลาง Admissions,แขนงวิชา ศิลป ประยุก์ตและ ออกแบบ ผลิตภัณฑ์,0,40,116,40,61.0508,40.8706
มหาวิทยาลัยเทคโนโลยีพระจอมเกล้าพระนครเหนือ,กรุงเทพฯ,10150111800102A,B,C0001,คณะสถาปัตยกรรมและการออกแบบ,ศ.บ.ศิลปประยุกต์และออกแบบผลิตภัณฑ์,การคัดเลือกผ่าน ระบบกลาง Admissions,แขนงวิชา นวัตกรรม กราฟิกดีไซน์,0,15,111,15,67.0004,56.1150
มหาวิทยาลัยเทคโนโลยีพระจอมเกล้าพระนครเหนือ,กรุงเทพฯ,10150111800103A,0,C0001,คณะสถาปัตยกรรมและการออกแบบ,ศ.บ.ออกแบบผลิตภัณฑ์นวัตกรรมเซรามิกส์,การคัดเลือกผ่าน ระบบกลาง Admissions,,0,30,89,30,55.3590,38.1240
มหาวิทยาลัยเทคโนโลยีพระจอมเกล้าพระนครเหนือ,กรุงเทพฯ,10150111800104A,0,C0001,คณะสถาปัตยกรรมและการออกแบบ,บธ.บ.การจัดการงานออกแบบภายในและพัฒนาธุรกิจ,การคัดเลือกผ่าน ระบบกลาง Admissions,,0,25,97,25,61.4475,45.0850
มหาวิทยาลัยเทคโนโลยีพระจอมเกล้าพระนครเหนือ,กรุงเทพฯ,10150115610801E,0,C0001,วิทยาลัยนานาชาติ,บธ.บ.การค้าระหว่างประเทศและธุรกิจโลิจสติก์ส(หลักสูตรนานาชาต)ิ,การคัดเลือกผ่าน ระบบกลาง Admissions,,0,60,397,60,81.0416,55.5295
มหาวิทยาลัยเทคโนโลยีพระจอมเกล้าพระนครเหนือ,กรุงเทพฯ,10150115610801E,0,E0002,วิทยาลัยนานาชาติ,บธ.บ.การค้าระหว่างประเทศและธุรกิจโลิจสติก์ส(หลักสูตรนานาชาต)ิ,การคัดเลือกผ่าน ระบบกลาง Admissions (ใช้ คะแนน A-Level),,0,10,91,10,44.7000,39.6000
มหาวิทยาลัยเทคโนโลยีพระจอมเกล้าพระนครเหนือ,กรุงเทพฯ,10150115620201E,0,C0001,วิทยาลัยนานาชาติ,บธ.บ.การจัดการธุรกิจและบริการการบินในยุค ดิจิทัล (หลักสูตรนานาชาต)ิ,การคัดเลือกผ่าน ระบบกลาง Admissions,,0,40,143,40,69.8610,42.9079
มหาวิทยาลัยเทคโนโลยีพระจอมเกล้าพระนครเหนือ,กรุงเทพฯ,10150115620201E,0,E0002,วิทยาลัยนานาชาติ,บธ.บ.การจัดการธุรกิจและบริการการบินในยุค ดิจิทัล (หลักสูตรนานาชาต)ิ,การคัดเลือกผ่าน ระบบกลาง Admissions (ใช้ คะแนน A-Level),,0,20,31,19,44.8500,17.2500
มหาวิทยาลัยเทคโนโลยีพระจอมเกล้าพระนครเหนือ,กรุงเทพฯ,10150116610801A,0,C0001,คณะพัฒนาธุรกิจและอุตสาหกรรม,บธ.บ.การบริหารอุตสาหกรรมการผลิตและ บริการ,การคัดเลือกผ่าน ระบบกลาง Admissions,,0,20,371,20,54.3208,45.3092
มหาวิทยาลัยเทคโนโลยีพระจอมเกล้าพระนครเหนือ,กรุงเทพฯ,10150116610802A,0,C0001,คณะพัฒนาธุรกิจและอุตสาหกรรม,บธ.บ.การพัฒนาธุรกิจอุตสาหกรรมและทรัพยากรมนุษย์,การคัดเลือกผ่าน ระบบกลาง Admissions,,0,20,356,20,52.3560,44.9832
มหาวิทยาลัยเทคโนโลยีพระจอมเกล้าพระนครเหนือ,ปราจีนบุรี,10150201302301A,0,C0001,คณะวิศวกรรมศาสตร์,วศ.บ.วิศวกรรมเครื่องมือวัดและอัตโนมัติ,การคัดเลือกผ่าน ระบบกลาง Admissions,,0119,10,108,9,55.8425,43.9215
มหาวิทยาลัยเทคโนโลยีพระจอมเกล้าพระนครเหนือ,ปราจีนบุรี,10150201302301A,0,F0002,คณะวิศวกรรมศาสตร์,วศ.บ.วิศวกรรมเครื่องมือวัดและอัตโนมัติ,การคัดเลือกผ่าน ระบบกลาง Admissions (สำหรับวุฒิ อาชีวศึกษา),,0119,10,12,1,47.3275,47.3275
มหาวิทยาลัยเทคโนโลยีพระจอมเกล้าพระนครเหนือ,ปราจีนบุรี,10150205211001A,0,C0001,คณะอุตสาหกรรมเกษตรดิจิทัล,วท.บ.เทคโนโลยีอาหารและการจัดการห่วงโซ่ อุปทาน,การคัดเลือกผ่าน ระบบกลาง Admissions,,0,60,113,27,58.1010,30.2330
มหาวิทยาลัยเทคโนโลยีพระจอมเกล้าพระนครเหนือ,ปราจีนบุรี,10150205211001A,0,C0003,คณะอุตสาหกรรมเกษตรดิจิทัล,วท.บ.เทคโนโลยีอาหารและการจัดการห่วงโซ่ อุปทาน,การคัดเลือกผ่าน ระบบกลาง Admissions (ใช้ เกรดพิจารณา),,0,60,57,9,94.7500,55.0000
มหาวิทยาลัยเทคโนโลยีพระจอมเกล้าพระนครเหนือ,ปราจีนบุรี,10150205211001A,0,C0004,คณะอุตสาหกรรมเกษตรดิจิทัล,วท.บ.เทคโนโลยีอาหารและการจัดการห่วงโซ่ อุปทาน,การคัดเลือกผ่าน ระบบกลาง Admissions (ใช้ เกรดพิจารณา+ TGAT/TPAT),,0,60,29,5,62.3935,43.4615
มหาวิทยาลัยเทคโนโลยีพระจอมเกล้าพระนครเหนือ,ปราจีนบุรี,10150205211002A,0,C0001,คณะอุตสาหกรรมเกษตรดิจิทัล,วท.บ.วิทยาศาสตร์การอาหารและโภชนาการ,การคัดเลือกผ่าน ระบบกลาง Admissions,,0,60,104,28,57.0370,31.2060
มหาวิทยาลัยเทคโนโลยีพระจอมเกล้าพระนครเหนือ,ปราจีนบุรี,10150205211002A,0,C0003,คณะอุตสาหกรรมเกษตรดิจิทัล,วท.บ.วิทยาศาสตร์การอาหารและโภชนาการ,การคัดเลือกผ่าน ระบบกลาง Admissions (ใช้ เกรดพิจารณา),,0,60,86,19,94.7500,61.7500
มหาวิทยาลัยเทคโนโลยีพระจอมเกล้าพระนครเหนือ,ปราจีนบุรี,10150205211002A,0,C0004,คณะอุตสาหกรรมเกษตรดิจิทัล,วท.บ.วิทยาศาสตร์การอาหารและโภชนาการ,การคัดเลือกผ่าน ระบบกลาง Admissions (ใช้ เกรดพิจารณา+ TGAT/TPAT),,0,60,49,13,72.7910,42.5635
มหาวิทยาลัยเทคโนโลยีพระจอมเกล้าพระนครเหนือ,ปราจีนบุรี,10150205212401A,0,C0001,คณะอุตสาหกรรมเกษตรดิจิทัล,วท.บ.นวัตกรรมผลิตภัณฑ์อาหารและความงาม,การคัดเลือกผ่าน ระบบกลาง Admissions,,0,60,12,2,40.3930,30.5530
มหาวิทยาลัยเทคโนโลยีพระจอมเกล้าพระนครเหนือ,ปราจีนบุรี,10150205212401A,0,C0003,คณะอุตสาหกรรมเกษตรดิจิทัล,วท.บ.นวัตกรรมผลิตภัณฑ์อาหารและความงาม,การคัดเลือกผ่าน ระบบกลาง Admissions (ใช้ เกรดพิจารณา),,0,60,48,14,95.7500,51.5000
มหาวิทยาลัยเทคโนโลยีพระจอมเกล้าพระนครเหนือ,ปราจีนบุรี,10150205212401A,0,C0004,คณะอุตสาหกรรมเกษตรดิจิทัล,วท.บ.นวัตกรรมผลิตภัณฑ์อาหารและความงาม,การคัดเลือกผ่าน ระบบกลาง Admissions (ใช้ เกรดพิจารณา+ TGAT/TPAT),,0,60,18,3,68.1660,61.3575
มหาวิทยาลัยเทคโนโลยีพระจอมเกล้าพระนครเหนือ,ปราจีนบุรี,10150206211102A,0,C0001,คณะเทคโนโลยีและการจัดการ อุตสาหกรรม,อส.บ.เทคโนโลยีเครื่องกลและกระบวนการผลิต,การคัดเลือกผ่าน ระบบกลาง Admissions,,0606,40,39,12,55.0000,39.6326
มหาวิทยาลัยเทคโนโลยีพระจอมเกล้าพระนครเหนือ,ปราจีนบุรี,10150206211102A,0,F0002,คณะเทคโนโลยีและการจัดการ อุตสาหกรรม,อส.บ.เทคโนโลยีเครื่องกลและกระบวนการผลิต,การคัดเลือกผ่าน ระบบกลาง Admissions (สำหรับวุฒิ อาชีวศึกษา),,0606,40,1,1,37.4140,37.4140
มหาวิทยาลัยเทคโนโลยีพระจอมเกล้าพระนครเหนือ,ปราจีนบุรี,10150206211701A,0,C0001,คณะเทคโนโลยีและการจัดการ อุตสาหกรรม,วท.บ.คอมพิวเตอร์ช่วยออกแบบและ บริหารงานก่อสร้าง,การคัดเลือกผ่าน ระบบกลาง Admissions,,0,40,150,40,54.2782,35.2765
มหาวิทยาลัยเทคโนโลยีพระจอมเกล้าพระนครเหนือ,ปราจีนบุรี,10150206220101A,0,C0001,คณะเทคโนโลยีและการจัดการ อุตสาหกรรม,วท.บ.เทคโนโลยีสารสนเทศ,การคัดเลือกผ่าน ระบบกลาง Admissions,,0,40,106,29,46.8804,26.6388
มหาวิทยาลัยเทคโนโลยีพระจอมเกล้าพระนครเหนือ,ปราจีนบุรี,10150206300401A,0,C0001,คณะเทคโนโลยีและการจัดการ อุตสาหกรรม,วศ.บ.วิศวกรรมเกษตรและอาหาร,การคัดเลือกผ่าน ระบบกลาง Admissions,,0603,40,24,2,47.6246,46.1247
มหาวิทยาลัยเทคโนโลยีพระจอมเกล้าพระนครเหนือ,ปราจีนบุรี,10150206300401A,0,F0002,คณะเทคโนโลยีและการจัดการ อุตสาหกรรม,วศ.บ.วิศวกรรมเกษตรและอาหาร,การคัดเลือกผ่าน ระบบกลาง Admissions (สำหรับวุฒิ อาชีวศึกษา),,0603,40,1,0,0.0000,0.0000
มหาวิทยาลัยเทคโนโลยีพระจอมเกล้าพระนครเหนือ,ปราจีนบุรี,10150206302601A,0,C0001,คณะเทคโนโลยีและการจัดการ อุตสาหกรรม,วศ.บ.วิศวกรรมสารสนเทศและเครือข่าย,การคัดเลือกผ่าน ระบบกลาง Admissions,,0,40,148,40,54.2782,39.3749
มหาวิทยาลัยเทคโนโลยีพระจอมเกล้าพระนครเหนือ,ปราจีนบุรี,10150206303501A,0,C0001,คณะเทคโนโลยีและการจัดการ อุตสาหกรรม,วศ.บ.วิศวกรรมอุตสาหการและการจัดการโลิจสติกส์,การคัดเลือกผ่าน ระบบกลาง Admissions,,0602,40,183,39,61.1090,42.4270
มหาวิทยาลัยเทคโนโลยีพระจอมเกล้าพระนครเหนือ,ปราจีนบุรี,10150206303501A,0,F0002,คณะเทคโนโลยีและการจัดการ อุตสาหกรรม,วศ.บ.วิศวกรรมอุตสาหการและการจัดการโลิจสติกส์,การคัดเลือกผ่าน ระบบกลาง Admissions (สำหรับวุฒิ อาชีวศึกษา),,0602,40,13,1,44.6247,44.6247
มหาวิทยาลัยเทคโนโลยีพระจอมเกล้าพระนครเหนือ,ปราจีนบุรี,10150217610801A,0,C0001,คณะบริหารธุรกิจและอุตสาหกรรม บริการ,บธ.บ.บริหารธุรกิจอุตสาหกรรมและการค้า,การคัดเลือกผ่าน ระบบกลาง Admissions,,0,120,309,92,57.0270,27.3640
มหาวิทยาลัยเทคโนโลยีพระจอมเกล้าพระนครเหนือ,ปราจีนบุรี,10150217610801A,0,C0003,คณะบริหารธุรกิจและอุตสาหกรรม บริการ,บธ.บ.บริหารธุรกิจอุตสาหกรรมและการค้า,การคัดเลือกผ่าน ระบบกลาง Admissions (ใช้ เกรดพิจารณา),,0,120,198,57,97.7500,53.2500
มหาวิทยาลัยเทคโนโลยีพระจอมเกล้าพระนครเหนือ,ปราจีนบุรี,10150217610801A,0,E0002,คณะบริหารธุรกิจและอุตสาหกรรม บริการ,บธ.บ.บริหารธุรกิจอุตสาหกรรมและการค้า,การคัดเลือกผ่าน ระบบกลาง Admissions (ใช้ คะแนน A-Level),,0,60,84,16,53.1250,27.2500
มหาวิทยาลัยเทคโนโลยีพระจอมเกล้าพระนครเหนือ,ปราจีนบุรี,10150217620101A,0,C0001,คณะบริหารธุรกิจและอุตสาหกรรม บริการ,บธ.บ.การจัดการอุตสาหกรรมท่องเที่ยวและ โรงแรม,การคัดเลือกผ่าน ระบบกลาง Admissions,,0,120,345,102,64.1660,23.2730
มหาวิทยาลัยเทคโนโลยีพระจอมเกล้าพระนครเหนือ,ปราจีนบุรี,10150217620101A,0,C0003,คณะบริหารธุรกิจและอุตสาหกรรม บริการ,บธ.บ.การจัดการอุตสาหกรรมท่องเที่ยวและ โรงแรม,การคัดเลือกผ่าน ระบบกลาง Admissions (ใช้ เกรดพิจารณา),,0,120,208,56,99.2500,61.7500
มหาวิทยาลัยเทคโนโลยีพระจอมเกล้าพระนครเหนือ,ปราจีนบุรี,10150217620101A,0,E0002,คณะบริหารธุรกิจและอุตสาหกรรม บริการ,บธ.บ.การจัดการอุตสาหกรรมท่องเที่ยวและ โรงแรม,การคัดเลือกผ่าน ระบบกลาง Admissions (ใช้ คะแนน A-Level),,0,60,79,11,37.0000,27.0000
มหาวิทยาลัยเทคโนโลยีพระจอมเกล้าพระนครเหนือ,ระยอง,10150312300601A,0,C0001,คณะวิศวกรรมศาสตร์และเทคโนโลยี,วศ.บ.เทคโนโลยีวิศวกรรมกระบวนเคมี,การคัดเลือกผ่าน ระบบกลาง Admissions,,0,15,156,15,41.6399,36.2141
มหาวิทยาลัยเทคโนโลยีพระจอมเกล้าพระนครเหนือ,ระยอง,10150312300701A,A,C0001,คณะวิศวกรรมศาสตร์และเทคโนโลยี,วศ.บ.เทคโนโลยีวิศวกรรมเครื่องกลและยานยนต์,การคัดเลือกผ่าน ระบบกลาง Admissions,วิศวกรรมเครื่ องกล,0,20,399,20,44.7552,37.0866
มหาวิทยาลัยเทคโนโลยีพระจอมเกล้าพระนครเหนือ,ระยอง,10150312301701A,A,C0001,คณะวิศวกรรมศาสตร์และเทคโนโลยี,วศ.บ.เทคโนโลยีวิศวกรรมไฟฟ้าและอัตโนมัติ,การคัดเลือกผ่าน ระบบกลาง Admissions,วิศวกรรมไฟ ฟ้ากำลัง,0,10,131,10,48.2372,41.1660
มหาวิทยาลัยเทคโนโลยีพระจอมเกล้าพระนครเหนือ,ระยอง,10150312302001A,B,C0001,คณะวิศวกรรมศาสตร์และเทคโนโลยี,วศ.บ.เทคโนโลยีวิศวกรรมเครื่องกลและยานยนต์,การคัดเลือกผ่าน ระบบกลาง Admissions,วิศวกรรม ยานยนต์,0,20,195,20,38.2864,34.1126
มหาวิทยาลัยเทคโนโลยีพระจอมเกล้าพระนครเหนือ,ระยอง,10150312302302A,B,C0001,คณะวิศวกรรมศาสตร์และเทคโนโลยี,วศ.บ.เทคโนโลยีวิศวกรรมไฟฟ้าและอัตโนมัติ,การคัดเลือกผ่าน ระบบกลาง Admissions,วิศวกรรม การวัดคุม และอัตโนมัติ,0,10,54,10,41.0350,36.6924
มหาวิทยาลัยเทคโนโลยีพระจอมเกล้าพระนครเหนือ,ระยอง,10150312302401A,0,C0001,คณะวิศวกรรมศาสตร์และเทคโนโลยี,วศ.บ.เทคโนโลยีวิศวกรรมอุตสาหการและโลิจสติกส์,การคัดเลือกผ่าน ระบบกลาง Admissions,,0,20,238,20,42.1926,35.8524
มหาวิทยาลัยเทคโนโลยีพระจอมเกล้าพระนครเหนือ,ระยอง,10150312302501A,0,C0001,คณะวิศวกรรมศาสตร์และเทคโนโลยี,วศ.บ.เทคโนโลยีวิศวกรรมวัสดุและ กระบวนการผลิต,การคัดเลือกผ่าน ระบบกลาง Admissions,,0,30,229,30,51.1239,42.0912
มหาวิทยาลัยเทคโนโลยีพระจอมเกล้าพระนครเหนือ,ระยอง,10150313210401A,0,C0001,คณะวิทยาศาสตร์พลังงานและ สิ่งแวดล้อม,วท.บ.กระบวนการอุตสาหกรรมเคมีและ สิ่งแวดล้อม,การคัดเลือกผ่าน ระบบกลาง Admissions,,0,20,39,10,54.6660,27.0000
มหาวิทยาลัยเทคโนโลยีพระจอมเกล้าพระนครเหนือ,ระยอง,10150313211402A,A,C0001,คณะวิทยาศาสตร์พลังงานและ สิ่งแวดล้อม,วท.บ.เทคโนโลยีพลังงานและการจัดการธุรกิจ อุตสาหกรรมในยุคดิจิทัล,การคัดเลือกผ่าน ระบบกลาง Admissions,แขนงวิชา เทคโนโลียการจัด การพลังงาน อุตสาหกรรม,0,20,27,8,49.3330,29.0000
มหาวิทยาลัยเทคโนโลยีพระจอมเกล้าพระนครเหนือ,ระยอง,10150313211402A,B,C0001,คณะวิทยาศาสตร์พลังงานและ สิ่งแวดล้อม,วท.บ.เทคโนโลยีพลังงานและการจัดการธุรกิจ อุตสาหกรรมในยุคดิจิทัล,การคัดเลือกผ่าน ระบบกลาง Admissions,แขนงวิชา เทคโนโลียนวัตกรรม พลังงาน ไฟฟ้า,0,20,29,7,47.0000,26.6660
มหาวิทยาลัยเทคโนโลยีพระจอมเกล้าพระนครเหนือ,ระยอง,10150313220301A,0,C0001,คณะวิทยาศาสตร์พลังงานและ สิ่งแวดล้อม,วท.บ.วิทยาการข้อมูลและการคำนวณเชิงธุรกิจ และอุตสาหกรรม,การคัดเลือกผ่าน ระบบกลาง Admissions,,0,20,36,13,40.3330,24.6660
มหาวิทยาลัยเทคโนโลยีพระจอมเกล้าพระนครเหนือ,ระยอง,10150313220302A,0,C0001,คณะวิทยาศาสตร์พลังงานและ สิ่งแวดล้อม,วท.บ.เทคโนโลยีดิจิทัลและธุรกิจอัจฉริยะ,การคัดเลือกผ่าน ระบบกลาง Admissions,,0,20,48,9,42.6660,29.6660
มหาวิทยาลัยเทคโนโลยีพระจอมเกล้าพระนครเหนือ,ระยอง,10150314610501A,0,C0001,คณะบริหารธุรกิจ,บธ.บ.การบัญชี,การคัดเลือกผ่าน ระบบกลาง Admissions,,0,120,978,120,71.5450,52.5930
มหาวิทยาลัยเทคโนโลยีพระจอมเกล้าพระนครเหนือ,ระยอง,10150314610601A,0,C0001,คณะบริหารธุรกิจ,บธ.บ.การตลาดดิจิทัล,การคัดเลือกผ่าน ระบบกลาง Admissions,,0,120,1043,120,62.7370,44.3240
มหาวิทยาลัยเทคโนโลยีพระจอมเกล้าพระนครเหนือ,ระยอง,10150314610701A,0,C0001,คณะบริหารธุรกิจ,บธ.บ.คอมพิวเตอร์ธุรกิจ,การคัดเลือกผ่าน ระบบกลาง Admissions,,0,60,535,60,59.9330,43.1940
มหาวิทยาลัยเทคโนโลยีพระจอมเกล้าพระนครเหนือ,ระยอง,10150314611001A,0,C0001,คณะบริหารธุรกิจ,บธ.บ.บริหารธุรกิจอุตสาหกรรมและโลจิสติกส์,การคัดเลือกผ่าน ระบบกลาง Admissions,,0,200,1432,200,68.3940,47.1500
สถาบันเทคโนโลยีพระจอมเกล้าเจ้าคุณทหารลาดกระบัง,ลาดกระบัง,10160101300201G,0,0,คณะวิศวกรรมศาสตร์,วศ.บ. วิศวกรรมการเงิน (หลักสูตรนานาชาต)ิ,,,0,5,68,5,66.5895,59.7179
สถาบันเทคโนโลยีพระจอมเกล้าเจ้าคุณทหารลาดกระบัง,ลาดกระบัง,10160101300301A,0,0,คณะวิศวกรรมศาสตร์,วศ.บ. วิศวกรรมการผลิตเชิงบูรณาการ,,,0,3,216,3,57.0247,56.3574
สถาบันเทคโนโลยีพระจอมเกล้าเจ้าคุณทหารลาดกระบัง,ลาดกระบัง,10160101300401A,0,0,คณะวิศวกรรมศาสตร์,วศ.บ. วิศวกรรมเกษตรอัจฉริยะ,,,0,10,199,10,57.8679,54.1351
สถาบันเทคโนโลยีพระจอมเกล้าเจ้าคุณทหารลาดกระบัง,ลาดกระบัง,10160101300501A,0,0,คณะวิศวกรรมศาสตร์,วศ.บ. วิศวกรรมคอมพิวเตอร์,,,0,20,1044,20,76.2637,62.8582
สถาบันเทคโนโลยีพระจอมเกล้าเจ้าคุณทหารลาดกระบัง,ลาดกระบัง,10160101300503E,0,0,คณะวิศวกรรมศาสตร์,วศ.บ. วิศวกรรมคอมพิวเตอ์ร(หลักสูตร นานาชาติ),,,0,5,103,5,63.8565,61.9294
สถาบันเทคโนโลยีพระจอมเกล้าเจ้าคุณทหารลาดกระบัง,ลาดกระบัง,10160101300504A,0,0,คณะวิศวกรรมศาสตร์,วศ.บ. วิศวกรรมคอมพิวเตอร์และความ ปลอดภัยไซเบอร์,,,0,5,430,5,69.7533,62.0883
สถาบันเทคโนโลยีพระจอมเกล้าเจ้าคุณทหารลาดกระบัง,ลาดกระบัง,10160101300601A,0,0,คณะวิศวกรรมศาสตร์,วศ.บ. วิศวกรรมเคมี,,,0,10,492,10,60.7105,58.9527
สถาบันเทคโนโลยีพระจอมเกล้าเจ้าคุณทหารลาดกระบัง,ลาดกระบัง,10160101300701A,0,0,คณะวิศวกรรมศาสตร์,วศ.บ. วิศวกรรมเครื่องกล,,,0,5,684,5,65.7502,62.5725
สถาบันเทคโนโลยีพระจอมเกล้าเจ้าคุณทหารลาดกระบัง,ลาดกระบัง,10160101300702A,0,0,คณะวิศวกรรมศาสตร์,วศ.บ. วิศวกรรมขนส่งทางราง,,,0,10,271,10,60.2796,56.6017
สถาบันเทคโนโลยีพระจอมเกล้าเจ้าคุณทหารลาดกระบัง,ลาดกระบัง,10160101300703E,0,0,คณะวิศวกรรมศาสตร์,วศ.บ. วิศวกรรมเครื่องกล (หลักสูตรนานาชาต)ิ,,,0,2,88,2,56.0142,55.7072
สถาบันเทคโนโลยีพระจอมเกล้าเจ้าคุณทหารลาดกระบัง,ลาดกระบัง,10160101300901E,0,0,คณะวิศวกรรมศาสตร์,วศ.บ. วิศวกรรมชีวการแพท์ย(หลักสูตร นานาชาติ),,,0,5,174,5,67.2825,58.7718
สถาบันเทคโนโลยีพระจอมเกล้าเจ้าคุณทหารลาดกระบัง,ลาดกระบัง,10160101301501E,0,0,คณะวิศวกรรมศาสตร์,วศ.บ. วิศวกรรมพลังงาน (หลักสูตรนานาชาต)ิ,,,0,5,93,5,56.1812,52.5924
สถาบันเทคโนโลยีพระจอมเกล้าเจ้าคุณทหารลาดกระบัง,ลาดกระบัง,10160101301601A,0,0,คณะวิศวกรรมศาสตร์,วศ.บ. วิศวกรรมไฟฟ้า,,,0,30,972,30,71.2198,62.5667
สถาบันเทคโนโลยีพระจอมเกล้าเจ้าคุณทหารลาดกระบัง,ลาดกระบัง,10160101301603E,0,0,คณะวิศวกรรมศาสตร์,วศ.บ. วิศวกรรมไฟฟ้า (หลักสูตรนานาชาต)ิ,,,0,5,77,5,60.4713,58.4486
สถาบันเทคโนโลยีพระจอมเกล้าเจ้าคุณทหารลาดกระบัง,ลาดกระบัง,10160101301801A,0,0,คณะวิศวกรรมศาสตร์,วศ.บ. วิศวกรรมไฟฟ้าสื่อสารและเครือข่าย,,,0,10,260,10,64.9314,58.1907
สถาบันเทคโนโลยีพระจอมเกล้าเจ้าคุณทหารลาดกระบัง,ลาดกระบัง,10160101301901E,0,0,คณะวิศวกรรมศาสตร์,วศ.บ. วิศวกรรมแมคคาทรอนิก์ส(หลักสูตร นานาชาติ),,,0,5,126,5,59.7521,54.1718
สถาบันเทคโนโลยีพระจอมเกล้าเจ้าคุณทหารลาดกระบัง,ลาดกระบัง,10160101302101A,0,0,คณะวิศวกรรมศาสตร์,วศ.บ. วิศวกรรมโยธา,,,0,15,941,15,65.1148,59.2807
สถาบันเทคโนโลยีพระจอมเกล้าเจ้าคุณทหารลาดกระบัง,ลาดกระบัง,10160101302102E,0,0,คณะวิศวกรรมศาสตร์,วศ.บ. วิศวกรรมโยธา (หลักสูตรนานาชาต)ิ,,,0,5,89,5,57.3731,53.7631
สถาบันเทคโนโลยีพระจอมเกล้าเจ้าคุณทหารลาดกระบัง,ลาดกระบัง,10160101302301A,0,0,คณะวิศวกรรมศาสตร์,วศ.บ. วิศวกรรมเมคคาทรอนิกส์และระบบวัดคุม,,,0,10,260,10,61.6460,59.1119
สถาบันเทคโนโลยีพระจอมเกล้าเจ้าคุณทหารลาดกระบัง,ลาดกระบัง,10160101302302A,0,0,คณะวิศวกรรมศาสตร์,วศ.บ. วิศวกรรมออโตเมชัน,,,0,5,118,5,58.9341,57.8896
สถาบันเทคโนโลยีพระจอมเกล้าเจ้าคุณทหารลาดกระบัง,ลาดกระบัง,10160101302601A,0,0,คณะวิศวกรรมศาสตร์,วศ.บ. วิศวกรรมไอโอทีและสารสนเทศ,,,0,5,152,5,60.1722,57.0244
สถาบันเทคโนโลยีพระจอมเกล้าเจ้าคุณทหารลาดกระบัง,ลาดกระบัง,10160101302602A,0,0,คณะวิศวกรรมศาสตร์,วศ.บ. วิศวกรรมอวกาศและภูมิสารสนเทศ,,,0,5,141,5,58.7791,56.6029
สถาบันเทคโนโลยีพระจอมเกล้าเจ้าคุณทหารลาดกระบัง,ลาดกระบัง,10160101302901E,0,0,คณะวิศวกรรมศาสตร์,วศ.บ. วิศวกรรมหุ่นยนต์และปัญญาประดิษ์ฐ(หลักสูตรนานาชาต)ิ,,,0,5,83,5,60.4655,56.4250
สถาบันเทคโนโลยีพระจอมเกล้าเจ้าคุณทหารลาดกระบัง,ลาดกระบัง,10160101303301A,0,0,คณะวิศวกรรมศาสตร์,วศ.บ. วิศวกรรมอาหาร,,,0,25,402,25,58.1819,54.3792
สถาบันเทคโนโลยีพระจอมเกล้าเจ้าคุณทหารลาดกระบัง,ลาดกระบัง,10160101303401A,0,0,คณะวิศวกรรมศาสตร์,วศ.บ. วิศวกรรมอิเล็กทรอนิกส์,,,0,10,280,10,62.2641,57.6565
สถาบันเทคโนโลยีพระจอมเกล้าเจ้าคุณทหารลาดกระบัง,ลาดกระบัง,10160101303402A,0,0,คณะวิศวกรรมศาสตร์,วศ.บ. วิศวกรรมเซมิคอนดักเตอร์,,,0,5,223,5,65.8951,63.2004
สถาบันเทคโนโลยีพระจอมเกล้าเจ้าคุณทหารลาดกระบัง,ลาดกระบัง,10160101303501A,0,0,คณะวิศวกรรมศาสตร์,วศ.บ. วิศวกรรมอุตสาหการ,,,0,20,730,20,62.5015,58.5500
สถาบันเทคโนโลยีพระจอมเกล้าเจ้าคุณทหารลาดกระบัง,ลาดกระบัง,10160101303502E,0,0,คณะวิศวกรรมศาสตร์,วศ.บ. วิศวกรรมอุตสาหการและการจัดการโลิจสติก์ส(หลักสูตรนานาชาต)ิ,,,0,5,60,5,58.4356,54.0931
สถาบันเทคโนโลยีพระจอมเกล้าเจ้าคุณทหารลาดกระบัง,ลาดกระบัง,10160101303701I,0,0,คณะวิศวกรรมศาสตร์,วศ.บ. วิศวกรรมปัญญาประดิษฐ์และการเป็น ผู้ประกอบการ (หลักสูตรนานาชาต)ิ (หลักสูตร ร่วม สจล. และ ม.กรุงเทพ),,,0,10,63,10,59.3276,53.1136
สถาบันเทคโนโลยีพระจอมเกล้าเจ้าคุณทหารลาดกระบัง,ลาดกระบัง,10160102400201A,0,0,คณะสถาปัตยกรรม ศิลปะและการ ออกแบบ,สถ.บ. ศิลปอุตสาหกรรม,,,0,10,223,10,62.8484,59.5918
สถาบันเทคโนโลยีพระจอมเกล้าเจ้าคุณทหารลาดกระบัง,ลาดกระบัง,10160102400301A,0,0,คณะสถาปัตยกรรม ศิลปะและการ ออกแบบ,ภูมิสถาปัตยกรรมศาสตรบัณฑิต,,,0,10,103,10,60.6244,54.3469
สถาบันเทคโนโลยีพระจอมเกล้าเจ้าคุณทหารลาดกระบัง,ลาดกระบัง,10160102400501A,0,0,คณะสถาปัตยกรรม ศิลปะและการ ออกแบบ,สถ.บ. สถาปัตยกรรมหลัก,,,0,10,102,10,65.5016,58.3213
สถาบันเทคโนโลยีพระจอมเกล้าเจ้าคุณทหารลาดกระบัง,ลาดกระบัง,10160102400502E,0,0,คณะสถาปัตยกรรม ศิลปะและการ ออกแบบ,วท.บ. สถาปัตยกรรม (หลักสูตรนานาชาต)ิ,,,0,45,87,37,62.3093,37.7192
สถาบันเทคโนโลยีพระจอมเกล้าเจ้าคุณทหารลาดกระบัง,ลาดกระบัง,10160102400701A,0,0,คณะสถาปัตยกรรม ศิลปะและการ ออกแบบ,สถ.บ. สถาปัตยกรรมภายใน,,,0,10,378,10,67.7607,58.7575
สถาบันเทคโนโลยีพระจอมเกล้าเจ้าคุณทหารลาดกระบัง,ลาดกระบัง,10160102800101A,0,0,คณะสถาปัตยกรรม ศิลปะและการ ออกแบบ,ศป.บ. การออกแบบประสบการณ์สำหรับสื่อ บูรณาการ,,,0,15,137,15,65.6650,55.5605
สถาบันเทคโนโลยีพระจอมเกล้าเจ้าคุณทหารลาดกระบัง,ลาดกระบัง,10160102800104E,0,0,คณะสถาปัตยกรรม ศิลปะและการ ออกแบบ,อบ.บ. ปัญญาออกแบบเพื่อเศรษฐกิจสร้างสรร์ค(หลักสูตรนานาชาต)ิ,,,0,25,15,9,53.0646,41.1972
สถาบันเทคโนโลยีพระจอมเกล้าเจ้าคุณทหารลาดกระบัง,ลาดกระบัง,10160103700901A,0,0,คณะครุศาสตร์อุตสาหกรรมและเทคโนโลยี,ค.อ.บ. เทคโนโลยีคอมพิวเตอร์,,,0,12,119,12,61.1424,54.2114
สถาบันเทคโนโลยีพระจอมเกล้าเจ้าคุณทหารลาดกระบัง,ลาดกระบัง,10160103701401A,0,0,คณะครุศาสตร์อุตสาหกรรมและเทคโนโลยี,ค.อ.บ. ครุศาสตร์เกษตร,,,0,15,123,15,55.1894,51.0286
สถาบันเทคโนโลยีพระจอมเกล้าเจ้าคุณทหารลาดกระบัง,ลาดกระบัง,10160103702602A,0,0,คณะครุศาสตร์อุตสาหกรรมและเทคโนโลยี,ค.อ.บ. การออกแบบสภาพแวดล้อมภายใน (หลักสูตร 5 ปี),,,0,18,57,18,58.0884,52.0622
สถาบันเทคโนโลยีพระจอมเกล้าเจ้าคุณทหารลาดกระบัง,ลาดกระบัง,10160103702603A,0,0,คณะครุศาสตร์อุตสาหกรรมและเทคโนโลยี,ค.อ.บ. นวัตกรรมและเทคโนโลยีการออกแบบ,,,0,15,83,15,56.2568,50.6784
สถาบันเทคโนโลยีพระจอมเกล้าเจ้าคุณทหารลาดกระบัง,ลาดกระบัง,10160103703001A,0,0,คณะครุศาสตร์อุตสาหกรรมและเทคโนโลยี,ค.อ.บ. อิเล็กทรอนิกส์และโทรคมนาคม,,,0,23,173,23,56.2604,51.6690
สถาบันเทคโนโลยีพระจอมเกล้าเจ้าคุณทหารลาดกระบัง,ลาดกระบัง,10160103703801A,0,0,คณะครุศาสตร์อุตสาหกรรมและเทคโนโลยี,ค.อ.บ. วิทยาการจัดการเรียนรู้ แขนงวิชา วิทยาศาสตร์ทั่วไป,,,0,12,134,12,60.1086,54.0564
สถาบันเทคโนโลยีพระจอมเกล้าเจ้าคุณทหารลาดกระบัง,ลาดกระบัง,10160103703802A,0,0,คณะครุศาสตร์อุตสาหกรรมและเทคโนโลยี,ค.อ.บ. วิทยาการจัดการเรียนรู้ แขนงวิชา คณิตศาสตร์,,,0,4,202,4,57.0172,56.0472
สถาบันเทคโนโลยีพระจอมเกล้าเจ้าคุณทหารลาดกระบัง,ลาดกระบัง,10160103703803A,0,0,คณะครุศาสตร์อุตสาหกรรมและเทคโนโลยี,ค.อ.บ. วิทยาการจัดการเรียนรู้ แขนงวิชา ภาษาอังกฤษ,,,0,13,285,13,61.2850,55.8710
สถาบันเทคโนโลยีพระจอมเกล้าเจ้าคุณทหารลาดกระบัง,ลาดกระบัง,10160103703804A,0,0,คณะครุศาสตร์อุตสาหกรรมและเทคโนโลยี,ค.อ.บ. วิทยาการจัดการเรียนรู้ แขนงวิชา ภาษาจีน,,,0,20,88,20,55.6806,51.0840
สถาบันเทคโนโลยีพระจอมเกล้าเจ้าคุณทหารลาดกระบัง,ลาดกระบัง,10160104112901A,0,C0006,คณะเทคโนโลยีการเกษตร,วท.บ. การพยาบาลสัตว์และการจัดการธุรกิจ สัตว์เลี้ยง,นักเรียนสายวิทย์,,0,20,518,20,56.5046,53.2904
สถาบันเทคโนโลยีพระจอมเกล้าเจ้าคุณทหารลาดกระบัง,ลาดกระบัง,10160104500202A,0,0,คณะเทคโนโลยีการเกษตร,วท.บ. เทคโนโลยีการผลิตพืช,,,0,70,244,70,56.2062,48.1570
สถาบันเทคโนโลยีพระจอมเกล้าเจ้าคุณทหารลาดกระบัง,ลาดกระบัง,10160104500203A,0,C0006,คณะเทคโนโลยีการเกษตร,วท.บ. การจัดการสมาร์ตฟาร์ม,นักเรียนสายวิทย์,,1093,40,151,27,53.2610,47.7686
สถาบันเทคโนโลยีพระจอมเกล้าเจ้าคุณทหารลาดกระบัง,ลาดกระบัง,10160104500203A,0,C0009,คณะเทคโนโลยีการเกษตร,วท.บ. การจัดการสมาร์ตฟาร์ม,นักเรียนสายศิลป์,,1093,40,57,13,52.0364,47.8736
สถาบันเทคโนโลยีพระจอมเกล้าเจ้าคุณทหารลาดกระบัง,ลาดกระบัง,10160104500205F,0,0,คณะเทคโนโลยีการเกษตร,วท.บ. การจัดการสมาร์ตฟาร์ม วศ.บ. วิศวกรรม เกษตรอัจฉริยะ (หลักสูตรสองปริญญา),,,0,40,122,40,54.5586,46.4188
สถาบันเทคโนโลยีพระจอมเกล้าเจ้าคุณทหารลาดกระบัง,ลาดกระบัง,10160104500401A,0,0,คณะเทคโนโลยีการเกษตร,วท.บ. เศรษฐศาสตร์และธุรกิจเพื่อพัฒนาการ เกษตร,,,0,20,269,20,56.5207,51.3451
สถาบันเทคโนโลยีพระจอมเกล้าเจ้าคุณทหารลาดกระบัง,ลาดกระบัง,10160104500402A,0,C0006,คณะเทคโนโลยีการเกษตร,วท.บ. นิเทศศาสตร์เกษตร,นักเรียนสายวิทย์,,1094,20,140,6,55.2113,53.1958
สถาบันเทคโนโลยีพระจอมเกล้าเจ้าคุณทหารลาดกระบัง,ลาดกระบัง,10160104500402A,0,C0009,คณะเทคโนโลยีการเกษตร,วท.บ. นิเทศศาสตร์เกษตร,นักเรียนสายศิลป์,,1094,20,276,14,57.6845,53.3153
สถาบันเทคโนโลยีพระจอมเกล้าเจ้าคุณทหารลาดกระบัง,ลาดกระบัง,10160104500402F,0,0,คณะเทคโนโลยีการเกษตร,วท.บ. เศรษฐศาสตร์และธุรกิจเพื่อพัฒนาการ เกษตร ศ.บ. เศรษฐศาสตร์ธุรกิจและการจัดการ (หลักสูตรสองปริญญา),,,0,40,303,40,56.2383,49.3996
สถาบันเทคโนโลยีพระจอมเกล้าเจ้าคุณทหารลาดกระบัง,ลาดกระบัง,10160104500601A,0,0,คณะเทคโนโลยีการเกษตร,วท.บ. นวัตกรรมการผลิตสัตว์น้ำและการ จัดการทรัพยากรประมง,,,0,50,234,50,59.0833,48.2271
สถาบันเทคโนโลยีพระจอมเกล้าเจ้าคุณทหารลาดกระบัง,ลาดกระบัง,10160104500801A,0,0,คณะเทคโนโลยีการเกษตร,วท.บ. นวัตกรรมพืชสวน,,,0,50,157,50,51.1853,44.4690
สถาบันเทคโนโลยีพระจอมเกล้าเจ้าคุณทหารลาดกระบัง,ลาดกระบัง,10160104500802F,0,0,คณะเทคโนโลยีการเกษตร,วท.บ. นวัตกรรมพืชสวน วท.บ.วิทยาศาสต์รและเทคโนโลยีการอาหาร (หลักสูตรสอง ปริญญา),,,0,40,41,20,57.3312,50.5479
สถาบันเทคโนโลยีพระจอมเกล้าเจ้าคุณทหารลาดกระบัง,ลาดกระบัง,10160104501201A,0,0,คณะเทคโนโลยีการเกษตร,วท.บ. สัตวศาสตร์,,,0,70,309,70,59.5902,53.6361
สถาบันเทคโนโลยีพระจอมเกล้าเจ้าคุณทหารลาดกระบัง,ลาดกระบัง,10160105210301A,0,C0005,คณะวิทยาศาสตร์,วท.บ. คณิตศาสตร์ประยุกต์,นักเรียนสายที่ เกี่ยวกับคอมพิวเตอ์รใช้คะแนน TGAT และ A-Level (รับ ร่วมกัน),,1125,80,52,4,59.6784,53.0116
สถาบันเทคโนโลยีพระจอมเกล้าเจ้าคุณทหารลาดกระบัง,ลาดกระบัง,10160105210301A,0,C0007,คณะวิทยาศาสตร์,วท.บ. คณิตศาสตร์ประยุกต์,นักเรียนสาย วิทยาศาสตร์- คณิตศาสต์รใช้ คะแนน TGAT และ A-Level (รับร่วมกัน),,1125,80,472,51,60.2396,52.7422
สถาบันเทคโนโลยีพระจอมเกล้าเจ้าคุณทหารลาดกระบัง,ลาดกระบัง,10160105210301A,0,C0010,คณะวิทยาศาสตร์,วท.บ. คณิตศาสตร์ประยุกต์,นักเรียนสายศิลป์- คำนวณ ใช้คะแนน TGAT และ A-Level (รับร่วมกัน),,1125,80,185,24,59.2324,52.7426
สถาบันเทคโนโลยีพระจอมเกล้าเจ้าคุณทหารลาดกระบัง,ลาดกระบัง,10160105210301A,0,C0015,คณะวิทยาศาสตร์,วท.บ. คณิตศาสตร์ประยุกต์,วุฒิ GED ใช้คะแนน TGAT และ A-Level (รับร่วมกัน),,1125,80,8,1,53.1628,53.1628
สถาบันเทคโนโลยีพระจอมเกล้าเจ้าคุณทหารลาดกระบัง,ลาดกระบัง,10160105210401A,0,C0007,คณะวิทยาศาสตร์,วท.บ. เคมีอุตสาหกรรม,นักเรียนสาย วิทยาศาสตร์- คณิตศาสต์รใช้ คะแนน TGAT และ A-Level (รับร่วมกัน),,1126,80,548,20,59.8353,53.3270
สถาบันเทคโนโลยีพระจอมเกล้าเจ้าคุณทหารลาดกระบัง,ลาดกระบัง,10160105210401A,0,C0008,คณะวิทยาศาสตร์,วท.บ. เคมีอุตสาหกรรม,นักเรียนสาย วิทยาศาสตร์- คณิตศาสต์รใช้ คะแนน TGAT และ TPAT3 (รับร่วมกัน),,1126,80,553,60,61.5585,53.3603
สถาบันเทคโนโลยีพระจอมเกล้าเจ้าคุณทหารลาดกระบัง,ลาดกระบัง,10160105210401A,0,C0016,คณะวิทยาศาสตร์,วท.บ. เคมีอุตสาหกรรม,วุฒิ GED ใช้คะแนน TGAT และ TPAT3 (รับร่วมกัน),,1126,80,9,0,0.0000,0.0000
สถาบันเทคโนโลยีพระจอมเกล้าเจ้าคุณทหารลาดกระบัง,ลาดกระบัง,10160105210501A,0,C0007,คณะวิทยาศาสตร์,วท.บ. จุลชีววิทยาอุตสาหกรรม,นักเรียนสาย วิทยาศาสตร์- คณิตศาสต์รใช้ คะแนน TGAT และ A-Level (รับร่วมกัน),,1129,80,370,28,56.2656,51.7510
สถาบันเทคโนโลยีพระจอมเกล้าเจ้าคุณทหารลาดกระบัง,ลาดกระบัง,10160105210501A,0,C0008,คณะวิทยาศาสตร์,วท.บ. จุลชีววิทยาอุตสาหกรรม,นักเรียนสาย วิทยาศาสตร์- คณิตศาสต์รใช้ คะแนน TGAT และ TPAT3 (รับร่วมกัน),,1129,80,335,50,62.0042,51.8337
สถาบันเทคโนโลยีพระจอมเกล้าเจ้าคุณทหารลาดกระบัง,ลาดกระบัง,10160105210501A,0,C0016,คณะวิทยาศาสตร์,วท.บ. จุลชีววิทยาอุตสาหกรรม,วุฒิ GED ใช้คะแนน TGAT และ TPAT3 (รับร่วมกัน),,1129,80,8,2,54.8752,53.5538
สถาบันเทคโนโลยีพระจอมเกล้าเจ้าคุณทหารลาดกระบัง,ลาดกระบัง,10160105210801E,0,C0005,คณะวิทยาศาสตร์,วท.บ. เทคโนโลยีดิจิทัลและนวัตกรรมเชิง บูรณาการ (หลักสูตรนานาชาต)ิ,นักเรียนสายที่ เกี่ยวกับคอมพิวเตอ์รใช้คะแนน TGAT และ A-Level (รับ ร่วมกัน),,1132,40,18,1,51.0296,51.0296
สถาบันเทคโนโลยีพระจอมเกล้าเจ้าคุณทหารลาดกระบัง,ลาดกระบัง,10160105210801E,0,C0007,คณะวิทยาศาสตร์,วท.บ. เทคโนโลยีดิจิทัลและนวัตกรรมเชิง บูรณาการ (หลักสูตรนานาชาต)ิ,นักเรียนสาย วิทยาศาสตร์- คณิตศาสต์รใช้ คะแนน TGAT และ A-Level (รับร่วมกัน),,1132,40,73,17,58.1286,49.0904
สถาบันเทคโนโลยีพระจอมเกล้าเจ้าคุณทหารลาดกระบัง,ลาดกระบัง,10160105210801E,0,C0010,คณะวิทยาศาสตร์,วท.บ. เทคโนโลยีดิจิทัลและนวัตกรรมเชิง บูรณาการ (หลักสูตรนานาชาต)ิ,นักเรียนสายศิลป์- คำนวณ ใช้คะแนน TGAT และ A-Level (รับร่วมกัน),,1132,40,52,9,53.1460,49.1206
สถาบันเทคโนโลยีพระจอมเกล้าเจ้าคุณทหารลาดกระบัง,ลาดกระบัง,10160105210801E,0,C0011,คณะวิทยาศาสตร์,วท.บ. เทคโนโลยีดิจิทัลและนวัตกรรมเชิง บูรณาการ (หลักสูตรนานาชาต)ิ,นักเรียนสายศิลป์- ภาษา ใช้คะแนน TGAT และ A-Level (รับร่วมกัน),,1132,40,63,11,52.7590,49.8381
สถาบันเทคโนโลยีพระจอมเกล้าเจ้าคุณทหารลาดกระบัง,ลาดกระบัง,10160105210801E,0,C0014,คณะวิทยาศาสตร์,วท.บ. เทคโนโลยีดิจิทัลและนวัตกรรมเชิง บูรณาการ (หลักสูตรนานาชาต)ิ,วุฒิ GED ใช้คะแนน A-Level (รับร่วมกัน),,1132,40,15,2,53.1030,49.9920
สถาบันเทคโนโลยีพระจอมเกล้าเจ้าคุณทหารลาดกระบัง,ลาดกระบัง,10160105211201A,0,C0007,คณะวิทยาศาสตร์,วท.บ. เทคโนโลยีชีวภาพอุตสาหกรรม,นักเรียนสาย วิทยาศาสตร์- คณิตศาสต์รใช้ คะแนน TGAT และ A-Level (รับร่วมกัน),,1128,80,322,32,57.2822,51.2100
สถาบันเทคโนโลยีพระจอมเกล้าเจ้าคุณทหารลาดกระบัง,ลาดกระบัง,10160105211201A,0,C0008,คณะวิทยาศาสตร์,วท.บ. เทคโนโลยีชีวภาพอุตสาหกรรม,นักเรียนสาย วิทยาศาสตร์- คณิตศาสต์รใช้ คะแนน TGAT และ TPAT3 (รับร่วมกัน),,1128,80,293,48,60.6003,51.2140
สถาบันเทคโนโลยีพระจอมเกล้าเจ้าคุณทหารลาดกระบัง,ลาดกระบัง,10160105211201A,0,C0016,คณะวิทยาศาสตร์,วท.บ. เทคโนโลยีชีวภาพอุตสาหกรรม,วุฒิ GED ใช้คะแนน TGAT และ TPAT3 (รับร่วมกัน),,1128,80,7,0,0.0000,0.0000
สถาบันเทคโนโลยีพระจอมเกล้าเจ้าคุณทหารลาดกระบัง,ลาดกระบัง,10160105211901A,0,C0007,คณะวิทยาศาสตร์,วท.บ. เทคโนโลยีสิ่งแวดล้อมและการจัดการ อย่างยงั่ยืน,นักเรียนสาย วิทยาศาสตร์- คณิตศาสต์รใช้ คะแนน TGAT และ A-Level (รับร่วมกัน),,1127,60,201,11,54.1674,50.8141
สถาบันเทคโนโลยีพระจอมเกล้าเจ้าคุณทหารลาดกระบัง,ลาดกระบัง,10160105211901A,0,C0008,คณะวิทยาศาสตร์,วท.บ. เทคโนโลยีสิ่งแวดล้อมและการจัดการ อย่างยงั่ยืน,นักเรียนสาย วิทยาศาสตร์- คณิตศาสต์รใช้ คะแนน TGAT และ TPAT3 (รับร่วมกัน),,1127,60,331,49,58.9501,50.7883
สถาบันเทคโนโลยีพระจอมเกล้าเจ้าคุณทหารลาดกระบัง,ลาดกระบัง,10160105211901A,0,C0016,คณะวิทยาศาสตร์,วท.บ. เทคโนโลยีสิ่งแวดล้อมและการจัดการ อย่างยงั่ยืน,วุฒิ GED ใช้คะแนน TGAT และ TPAT3 (รับร่วมกัน),,1127,60,8,0,0.0000,0.0000
สถาบันเทคโนโลยีพระจอมเกล้าเจ้าคุณทหารลาดกระบัง,ลาดกระบัง,10160105212701A,0,C0007,คณะวิทยาศาสตร์,วท.บ. ฟิสิกส์อุตสาหกรรม,นักเรียนสาย วิทยาศาสตร์- คณิตศาสต์รใช้ คะแนน TGAT และ A-Level (รับร่วมกัน),,1130,60,225,12,57.5762,53.5756
สถาบันเทคโนโลยีพระจอมเกล้าเจ้าคุณทหารลาดกระบัง,ลาดกระบัง,10160105212701A,0,C0008,คณะวิทยาศาสตร์,วท.บ. ฟิสิกส์อุตสาหกรรม,นักเรียนสาย วิทยาศาสตร์- คณิตศาสต์รใช้ คะแนน TGAT และ TPAT3 (รับร่วมกัน),,1130,60,286,47,61.3860,53.3616
สถาบันเทคโนโลยีพระจอมเกล้าเจ้าคุณทหารลาดกระบัง,ลาดกระบัง,10160105212701A,0,C0016,คณะวิทยาศาสตร์,วท.บ. ฟิสิกส์อุตสาหกรรม,วุฒิ GED ใช้คะแนน TGAT และ TPAT3 (รับร่วมกัน),,1130,60,5,1,60.3594,60.3594
สถาบันเทคโนโลยีพระจอมเกล้าเจ้าคุณทหารลาดกระบัง,ลาดกระบัง,10160105212701F,0,C0007,คณะวิทยาศาสตร์,วท.บ. ฟิสิกส์อุตสาหกรรม และ วศ.บ. วิศวกรรมระบบไอโอทีและสารสนเทศ (หลักสูตรสองปริญญา),นักเรียนสาย วิทยาศาสตร์- คณิตศาสต์รใช้ คะแนน TGAT และ A-Level (รับร่วมกัน),,1133,8,67,0,0.0000,0.0000
สถาบันเทคโนโลยีพระจอมเกล้าเจ้าคุณทหารลาดกระบัง,ลาดกระบัง,10160105212701F,0,C0008,คณะวิทยาศาสตร์,วท.บ. ฟิสิกส์อุตสาหกรรม และ วศ.บ. วิศวกรรมระบบไอโอทีและสารสนเทศ (หลักสูตรสองปริญญา),นักเรียนสาย วิทยาศาสตร์- คณิตศาสต์รใช้ คะแนน TGAT และ TPAT3 (รับร่วมกัน),,1133,8,94,8,65.2940,60.8352
สถาบันเทคโนโลยีพระจอมเกล้าเจ้าคุณทหารลาดกระบัง,ลาดกระบัง,10160105212701F,0,C0016,คณะวิทยาศาสตร์,วท.บ. ฟิสิกส์อุตสาหกรรม และ วศ.บ. วิศวกรรมระบบไอโอทีและสารสนเทศ (หลักสูตรสองปริญญา),วุฒิ GED ใช้คะแนน TGAT และ TPAT3 (รับร่วมกัน),,1133,8,3,0,0.0000,0.0000
สถาบันเทคโนโลยีพระจอมเกล้าเจ้าคุณทหารลาดกระบัง,ลาดกระบัง,10160105213301A,0,C0005,คณะวิทยาศาสตร์,วท.บ. สถิติประยุกต์และการวิเคราะห์ข้อมูล,นักเรียนสายที่ เกี่ยวกับคอมพิวเตอ์รใช้คะแนน TGAT และ A-Level (รับ ร่วมกัน),,1131,100,55,2,57.8946,54.0496
สถาบันเทคโนโลยีพระจอมเกล้าเจ้าคุณทหารลาดกระบัง,ลาดกระบัง,10160105213301A,0,C0007,คณะวิทยาศาสตร์,วท.บ. สถิติประยุกต์และการวิเคราะห์ข้อมูล,นักเรียนสาย วิทยาศาสตร์- คณิตศาสต์รใช้ คะแนน TGAT และ A-Level (รับร่วมกัน),,1131,100,497,51,62.2112,54.0810
สถาบันเทคโนโลยีพระจอมเกล้าเจ้าคุณทหารลาดกระบัง,ลาดกระบัง,10160105213301A,0,C0010,คณะวิทยาศาสตร์,วท.บ. สถิติประยุกต์และการวิเคราะห์ข้อมูล,นักเรียนสายศิลป์- คำนวณ ใช้คะแนน TGAT และ A-Level (รับร่วมกัน),,1131,100,199,20,57.3018,53.8416
สถาบันเทคโนโลยีพระจอมเกล้าเจ้าคุณทหารลาดกระบัง,ลาดกระบัง,10160105213301A,0,C0011,คณะวิทยาศาสตร์,วท.บ. สถิติประยุกต์และการวิเคราะห์ข้อมูล,นักเรียนสายศิลป์- ภาษา ใช้คะแนน TGAT และ A-Level (รับร่วมกัน),,1131,100,186,25,59.4610,54.0515
สถาบันเทคโนโลยีพระจอมเกล้าเจ้าคุณทหารลาดกระบัง,ลาดกระบัง,10160105213301A,0,C0015,คณะวิทยาศาสตร์,วท.บ. สถิติประยุกต์และการวิเคราะห์ข้อมูล,วุฒิ GED ใช้คะแนน TGAT และ A-Level (รับร่วมกัน),,1131,100,8,2,55.4460,54.1162
สถาบันเทคโนโลยีพระจอมเกล้าเจ้าคุณทหารลาดกระบัง,ลาดกระบัง,10160105220201A,0,C0001,คณะวิทยาศาสตร์,วท.บ. วิทยาการคอมพิวเตอร์,ไม่กำหนดแผนการ เรียน ใช้คะแนน TGAT และ A-Level,,0,20,420,20,61.1764,53.6966
สถาบันเทคโนโลยีพระจอมเกล้าเจ้าคุณทหารลาดกระบัง,ลาดกระบัง,10160105220201A,0,C0002,คณะวิทยาศาสตร์,วท.บ. วิทยาการคอมพิวเตอร์,"ไม่กำหนดแผนการ เรียน ใช้คะแนน TGAT2, A-Level และ TPAT3",,0,20,564,20,64.8399,58.4455
สถาบันเทคโนโลยีพระจอมเกล้าเจ้าคุณทหารลาดกระบัง,ลาดกระบัง,10160107213701A,0,C0012,คณะเทคโนโลยีสารสนเทศ,วท.บ. เทคโนโลยีปัญญาประดิษฐ์,รูปแบบที่ 1,,0,20,300,20,61.1975,53.8079
สถาบันเทคโนโลยีพระจอมเกล้าเจ้าคุณทหารลาดกระบัง,ลาดกระบัง,10160107220101A,0,C0012,คณะเทคโนโลยีสารสนเทศ,วท.บ. เทคโนโลยีสารสนเทศ,รูปแบบที่ 1,,0,35,457,35,68.8969,54.1707
สถาบันเทคโนโลยีพระจอมเกล้าเจ้าคุณทหารลาดกระบัง,ลาดกระบัง,10160107220101A,0,C0013,คณะเทคโนโลยีสารสนเทศ,วท.บ. เทคโนโลยีสารสนเทศ,รูปแบบที่ 2,,0,15,249,15,65.3529,57.1511
สถาบันเทคโนโลยีพระจอมเกล้าเจ้าคุณทหารลาดกระบัง,ลาดกระบัง,10160107220301A,0,C0012,คณะเทคโนโลยีสารสนเทศ,วท.บ. วิทยาการข้อมูลและการวิเคราะห์เชิง ธุรกิจ,รูปแบบที่ 1,,0,20,211,20,61.9454,52.5489
สถาบันเทคโนโลยีพระจอมเกล้าเจ้าคุณทหารลาดกระบัง,ลาดกระบัง,10160107220301A,0,C0013,คณะเทคโนโลยีสารสนเทศ,วท.บ. วิทยาการข้อมูลและการวิเคราะห์เชิง ธุรกิจ,รูปแบบที่ 2,,0,10,160,10,64.1779,54.8519
สถาบันเทคโนโลยีพระจอมเกล้าเจ้าคุณทหารลาดกระบัง,ลาดกระบัง,10160108501101A,0,0,คณะอุตสาหกรรมอาหาร,วท.บ. วิทยาศาสตร์และเทคโนโลยีการอาหาร,,,0,50,568,50,59.4586,52.0966
สถาบันเทคโนโลยีพระจอมเกล้าเจ้าคุณทหารลาดกระบัง,ลาดกระบัง,10160108501103A,0,0,คณะอุตสาหกรรมอาหาร,วท.บ. วิศวกรรมแปรรูปอาหาร,,,0,60,481,60,62.1061,53.0418
สถาบันเทคโนโลยีพระจอมเกล้าเจ้าคุณทหารลาดกระบัง,ลาดกระบัง,10160108501105F,0,0,คณะอุตสาหกรรมอาหาร,วท.บ. วิศวกรรมแปรรูปอาหาร วศ.บ. วิศวกรรมอุตสาหการ หลักสูตรสองปริญญา,,,0,10,170,10,62.0317,56.0911
สถาบันเทคโนโลยีพระจอมเกล้าเจ้าคุณทหารลาดกระบัง,ลาดกระบัง,10160110610802E,0,0,คณะบริหารธุรกิจ,บธ.บ. บริหารธุรกิจบัณฑิต(หลักสูตรนานาชาต)ิ แขนง INNOVATION & TECHNOLOGICAL MARKETING,,,0,20,7,5,60.5162,57.7726
สถาบันเทคโนโลยีพระจอมเกล้าเจ้าคุณทหารลาดกระบัง,ลาดกระบัง,10160110610803E,0,0,คณะบริหารธุรกิจ,บธ.บ. การเป็นผู้ประกอบการระดับโลก (หลักสูตรนานาชาต)ิ,,,0,50,216,50,64.0538,54.7112
สถาบันเทคโนโลยีพระจอมเกล้าเจ้าคุณทหารลาดกระบัง,ลาดกระบัง,10160110610804A,0,0,คณะบริหารธุรกิจ,บธ.บ. บริหารธุรกิจ แขนงนวัตกรรมการจัดการ อุตสาหกรรม,,,0,50,853,50,61.2968,55.8187
สถาบันเทคโนโลยีพระจอมเกล้าเจ้าคุณทหารลาดกระบัง,ลาดกระบัง,10160110610805A,0,0,คณะบริหารธุรกิจ,บธ.บ. บริหารธุรกิจ แขนงการจัดการและการ เป็นผู้ประกอบการนวัตกรรม,,,0,70,8,5,61.6209,59.2075
สถาบันเทคโนโลยีพระจอมเกล้าเจ้าคุณทหารลาดกระบัง,ลาดกระบัง,10160110610806E,0,0,คณะบริหารธุรกิจ,บธ.บ. บริหารธุรกิจบัณฑิต(หลักสูตรนานาชาต)ิ แขนง GLOBAL BUSINESS & FINANCIAL MANAGEMENT,,,0,20,10,2,66.8808,59.5152
สถาบันเทคโนโลยีพระจอมเกล้าเจ้าคุณทหารลาดกระบัง,ลาดกระบัง,10160110610807E,0,0,คณะบริหารธุรกิจ,บธ.บ. บริหารธุรกิจบัณฑิต(หลักสูตรนานาชาต)ิ แขนง DIGITAL SUPPLY CHAIN MANAGEMENT,,,0,20,7,1,65.1354,65.1354
สถาบันเทคโนโลยีพระจอมเกล้าเจ้าคุณทหารลาดกระบัง,ลาดกระบัง,10160110610901A,0,0,คณะบริหารธุรกิจ,บธ.บ. การเปลี่ยนแปลงทางดิจิทัลและการ จัดการเทคโนโลยี,,,0,50,880,50,59.7303,53.4492
สถาบันเทคโนโลยีพระจอมเกล้าเจ้าคุณทหารลาดกระบัง,ลาดกระบัง,10160110611101A,0,0,คณะบริหารธุรกิจ,ศ.บ. เศรษฐศาสตร์ธุรกิจและการจัดการ,,,0,120,1524,120,60.2961,53.4487
สถาบันเทคโนโลยีพระจอมเกล้าเจ้าคุณทหารลาดกระบัง,ลาดกระบัง,10160113210201E,0,0,วิทยาลัยอุตสาหกรรมการบินนานาชาติ,วท.บ. การจัดการโลจิสติก์ส(หลักสูตร นานาชาติ),,,0,40,377,40,64.1090,53.8330
สถาบันเทคโนโลยีพระจอมเกล้าเจ้าคุณทหารลาดกระบัง,ลาดกระบัง,10160113303201E,0,0,วิทยาลัยอุตสาหกรรมการบินนานาชาติ,วศ.บ. วิศวกรรมการบินและนักบินพาณิช์ย(หลักสูตรนานาชาต)ิ,,,0,40,92,40,62.3037,44.0133
สถาบันเทคโนโลยีพระจอมเกล้าเจ้าคุณทหารลาดกระบัง,ลาดกระบัง,10160113303202E,0,0,วิทยาลัยอุตสาหกรรมการบินนานาชาติ,วศ.บ. วิศวกรรมการบินและอวกาศ (หลักสูตร นานาชาติ),,,0,30,147,30,59.4037,50.4943
สถาบันเทคโนโลยีพระจอมเกล้าเจ้าคุณทหารลาดกระบัง,ลาดกระบัง,10160114620101A,0,0,คณะศิลปศาสตร์,ศศ.บ. นวัตกรรมการท่องเที่ยวและการบริการ,,,0,30,1175,30,61.2268,57.0668
สถาบันเทคโนโลยีพระจอมเกล้าเจ้าคุณทหารลาดกระบัง,ลาดกระบัง,10160114620201A,0,0,คณะศิลปศาสตร์,ศศ.บ. การจัดการบริการการบิน,,,0,25,827,25,63.3550,57.4159
สถาบันเทคโนโลยีพระจอมเกล้าเจ้าคุณทหารลาดกระบัง,ลาดกระบัง,10160114901801A,0,0,คณะศิลปศาสตร์,ศศ.บ. ภาษาจีนเพื่ออุตสาหกรรม,,,0,35,592,35,63.9874,57.7903
สถาบันเทคโนโลยีพระจอมเกล้าเจ้าคุณทหารลาดกระบัง,ลาดกระบัง,10160114901901A,0,0,คณะศิลปศาสตร์,ศศ.บ. ภาษาญี่ปุ่นธุรกิจ,,,0,30,517,30,66.1689,56.7272
สถาบันเทคโนโลยีพระจอมเกล้าเจ้าคุณทหารลาดกระบัง,ลาดกระบัง,10160114902501A,0,C0003,คณะศิลปศาสตร์,ศศ.บ. ภาษาอังกฤษ,"นักเรียนระดับ ปวช., กศน. และ GED",,1155,75,3,0,0.0000,0.0000
สถาบันเทคโนโลยีพระจอมเกล้าเจ้าคุณทหารลาดกระบัง,ลาดกระบัง,10160114902501A,0,C0004,คณะศิลปศาสตร์,ศศ.บ. ภาษาอังกฤษ,นักเรียนระดับ มัธยมศึกษา ทุก แผนการเรียน,,1155,75,1177,75,68.3975,60.0485
สถาบันเทคโนโลยีพระจอมเกล้าเจ้าคุณทหารลาดกระบัง,ลาดกระบัง,10160116211601A,0,0,วิทยาลัยวิศวกรรมสังคีต,ศศ.วท.บ เทคโนโลยีและศิลปะสร้างสรรค์,,,0,20,237,20,65.6415,55.4150
สถาบันเทคโนโลยีพระจอมเกล้าเจ้าคุณทหารลาดกระบัง,ลาดกระบัง,10160116301801A,0,0,วิทยาลัยวิศวกรรมสังคีต,วศ.บ. วิศวกรรมดนตรีและสื่อประสม,,,0,15,56,15,54.0390,48.0000
สถาบันเทคโนโลยีพระจอมเกล้าเจ้าคุณทหารลาดกระบัง,ลาดกระบัง,10160118300301A,0,0,คณะเทคโนโลยีนวัตกรรมบูรณาการ,วศ.บ. วิศวกรรมระบบการผลิต,,,0,35,207,35,58.0900,52.7015
สถาบันเทคโนโลยีพระจอมเกล้าเจ้าคุณทหารลาดกระบัง,ลาดกระบัง,10160118302501A,0,0,คณะเทคโนโลยีนวัตกรรมบูรณาการ,วศ.บ. วิศวกรรมวัสดุนาโน,,,0,60,413,60,58.2689,51.0958
สถาบันเทคโนโลยีพระจอมเกล้าเจ้าคุณทหารลาดกระบัง,ลาดกระบัง,10160122111701A,0,0,คณะพยาบาลศาสตร์,พยาบาลศาสตรบัณฑิต,,,0,35,2080,35,56.1127,53.7947
สถาบันเทคโนโลยีพระจอมเกล้าเจ้าคุณทหารลาดกระบัง,ชุมพรเขตรอุดม ศักดิ์ จังหวัด ชุมพร,10160220211001A,0,0,วิทยาเขตชุมพรเขตรอุดมศักดิ์ จังหวัด ชุมพร,วท.บ. นวัตกรรมอาหารและการจัดการ,,,0,30,3,1,48.5240,48.5240
สถาบันเทคโนโลยีพระจอมเกล้าเจ้าคุณทหารลาดกระบัง,ชุมพรเขตรอุดม ศักดิ์ จังหวัด ชุมพร,10160220300501A,0,0,วิทยาเขตชุมพรเขตรอุดมศักดิ์ จังหวัด ชุมพร,วศ.บ. วิศวกรรมคอมพิวเตอร์,,,0,20,91,20,58.1075,52.6830
สถาบันเทคโนโลยีพระจอมเกล้าเจ้าคุณทหารลาดกระบัง,ชุมพรเขตรอุดม ศักดิ์ จังหวัด ชุมพร,10160220300701A,0,0,วิทยาเขตชุมพรเขตรอุดมศักดิ์ จังหวัด ชุมพร,วศ.บ. วิศวกรรมเครื่องกล แขนง วิศวกรรมเครื่องกล,,,0,40,110,40,54.8020,42.5375
สถาบันเทคโนโลยีพระจอมเกล้าเจ้าคุณทหารลาดกระบัง,ชุมพรเขตรอุดม ศักดิ์ จังหวัด ชุมพร,10160220301602A,0,0,วิทยาเขตชุมพรเขตรอุดมศักดิ์ จังหวัด ชุมพร,วศ.บ. วิศวกรรมไฟฟ้า แขนงวิศวกรรม อิเล็กทรอนิกส์และไฟฟ้าสื่อสาร,,,0,30,66,25,57.5195,41.6810
สถาบันเทคโนโลยีพระจอมเกล้าเจ้าคุณทหารลาดกระบัง,ชุมพรเขตรอุดม ศักดิ์ จังหวัด ชุมพร,10160220301603A,0,0,วิทยาเขตชุมพรเขตรอุดมศักดิ์ จังหวัด ชุมพร,วศ.บ. วิศวกรรมไฟฟ้า แขนงวิศวกรรมไฟฟ้า กำลัง,,,0,20,116,20,59.3205,50.6220
สถาบันเทคโนโลยีพระจอมเกล้าเจ้าคุณทหารลาดกระบัง,ชุมพรเขตรอุดม ศักดิ์ จังหวัด ชุมพร,10160220302101A,0,0,วิทยาเขตชุมพรเขตรอุดมศักดิ์ จังหวัด ชุมพร,วศ.บ. วิศวกรรมโยธา,,,0,30,167,30,57.5035,50.4370
สถาบันเทคโนโลยีพระจอมเกล้าเจ้าคุณทหารลาดกระบัง,ชุมพรเขตรอุดม ศักดิ์ จังหวัด ชุมพร,10160220303401A,0,0,วิทยาเขตชุมพรเขตรอุดมศักดิ์ จังหวัด ชุมพร,วศ.บ. วิศวกรรมหุ่นยนต์และอิเล็กทรอนิกส์,,,0,30,48,9,51.0450,37.9785
สถาบันเทคโนโลยีพระจอมเกล้าเจ้าคุณทหารลาดกระบัง,ชุมพรเขตรอุดม ศักดิ์ จังหวัด ชุมพร,10160220303501A,0,0,วิทยาเขตชุมพรเขตรอุดมศักดิ์ จังหวัด ชุมพร,วศ.บ. วิศวกรรมอุตสาหการและการผลิต,,,0,30,41,6,55.4150,42.2880
สถาบันเทคโนโลยีพระจอมเกล้าเจ้าคุณทหารลาดกระบัง,ชุมพรเขตรอุดม ศักดิ์ จังหวัด ชุมพร,10160220500601A,0,0,วิทยาเขตชุมพรเขตรอุดมศักดิ์ จังหวัด ชุมพร,วท.บ. วิทยาศาสตร์การประมงและทรัพยากร ทาง้นา,,,0,30,11,3,51.4965,46.8650
สถาบันเทคโนโลยีพระจอมเกล้าเจ้าคุณทหารลาดกระบัง,ชุมพรเขตรอุดม ศักดิ์ จังหวัด ชุมพร,10160220501202A,0,0,วิทยาเขตชุมพรเขตรอุดมศักดิ์ จังหวัด ชุมพร,วท.บ. สัตวศาสต์รแขนงการผลิตและธุรกิจปุศสัตว์,,,0,30,11,5,48.4615,39.3750
สถาบันเทคโนโลยีพระจอมเกล้าเจ้าคุณทหารลาดกระบัง,ชุมพรเขตรอุดม ศักดิ์ จังหวัด ชุมพร,10160220501203A,0,0,วิทยาเขตชุมพรเขตรอุดมศักดิ์ จังหวัด ชุมพร,วท.บ. สัตวศาสต์รแขนงการผลิตและธุรกิจสัต์วเลี้ยง,,,0,30,5,0,0.0000,0.0000
สถาบันเทคโนโลยีพระจอมเกล้าเจ้าคุณทหารลาดกระบัง,ชุมพรเขตรอุดม ศักดิ์ จังหวัด ชุมพร,10160220501301A,0,0,วิทยาเขตชุมพรเขตรอุดมศักดิ์ จังหวัด ชุมพร,วท.บ. เทคโนโลยีการจัดการผลิตพืช,,,0,30,3,1,45.9910,45.9910
สถาบันเทคโนโลยีพระจอมเกล้าเจ้าคุณทหารลาดกระบัง,ชุมพรเขตรอุดม ศักดิ์ จังหวัด ชุมพร,10160220610801A,0,0,วิทยาเขตชุมพรเขตรอุดมศักดิ์ จังหวัด ชุมพร,บธ.บ. บริหารธุรกิจและการเป็นผู้ประกอบการ แขนงบริหารธุรกิจและการเป็นผู้ประกอบการ,,,0,30,46,5,53.0780,39.5960
สถาบันเทคโนโลยีพระจอมเกล้าเจ้าคุณทหารลาดกระบัง,ชุมพรเขตรอุดม ศักดิ์ จังหวัด ชุมพร,10160220610802A,0,0,วิทยาเขตชุมพรเขตรอุดมศักดิ์ จังหวัด ชุมพร,บธ.บ. บริหารธุรกิจและการเป็นผู้ประกอบการ แขนงการจัดการท่องเที่ยวและการโรงแรม,,,0,30,32,9,54.5060,36.8900
มหาวิทยาลัยเทคโนโลยีสุรนารี,วิทยาเขตหลัก,10170100210801A,0,A3601,สำนักวิชาศาสตร์และศิลป์ดิจิทัล,เทคโนโลยีดิจิทัล,สำนักวิชาศาสต์รและศิลป์ดิจิทัล (สาขาวิชาเทคโนโลียดิจิทัล),,0,60,79,32,47.6875,24.3750
มหาวิทยาลัยเทคโนโลยีสุรนารี,วิทยาเขตหลัก,10170100210802A,0,A3601,สำนักวิชาศาสตร์และศิลป์ดิจิทัล,นิเทศศาสตร์ดิจิทัล,สำนักวิชาศาสต์รและศิลป์ดิจิทัล (สาขาวิชานิเทศ ศาสตร์ดิจิทัล),,0,10,77,10,61.3750,43.7500
มหาวิทยาลัยเทคโนโลยีสุรนารี,วิทยาเขตหลัก,10170101112001A,0,A3101,สำนักวิชาวิทยาศาสตร์,วิทยาศาสตร์การกีฬา,สำนักวิชา วิทยาศาสต์ร(สาขาวิชา วิทยาศาสตร์การ กีฬา)-(ม.6)ใช้ คะแนนA-Level,,3009,30,82,22,26.3000,19.3100
มหาวิทยาลัยเทคโนโลยีสุรนารี,วิทยาเขตหลัก,10170101112001A,0,A3102,สำนักวิชาวิทยาศาสตร์,วิทยาศาสตร์การกีฬา,สำนักวิชา วิทยาศาสต์ร(สาขาวิชา วิทยาศาสตร์การ กีฬา)-(GED)ใช้ คะแนนA-Level,,3009,30,1,0,0.0000,0.0000
มหาวิทยาลัยเทคโนโลยีสุรนารี,วิทยาเขตหลัก,10170101112001A,0,A3110,สำนักวิชาวิทยาศาสตร์,วิทยาศาสตร์การกีฬา,สำนักวิชา วิทยาศาสต์ร(สาขาวิชา วิทยาศาสตร์การ กีฬา)-(ม.6)ใช้ คะแนนTGAT-TPAT,,3009,30,30,7,47.5332,32.6664
มหาวิทยาลัยเทคโนโลยีสุรนารี,วิทยาเขตหลัก,10170101112001A,0,A3120,สำนักวิชาวิทยาศาสตร์,วิทยาศาสตร์การกีฬา,สำนักวิชา วิทยาศาสต์ร(สาขาวิชา วิทยาศาสตร์การ กีฬา)-(GED)ใช้ คะแนนTGAT-TPAT,,3009,30,1,1,32.1994,32.1994
มหาวิทยาลัยเทคโนโลยีสุรนารี,วิทยาเขตหลัก,10170101112101A,0,A3101,สำนักวิชาวิทยาศาสตร์,วิทยาศาสตร์การแพทย์,สำนักวิชา วิทยาศาสต์ร(สาขาวิชา วิทยาศาสต์รการแพทย์)-(ม.6)ใช้ คะแนนA-Level,,3007,10,61,1,47.8400,47.8400
มหาวิทยาลัยเทคโนโลยีสุรนารี,วิทยาเขตหลัก,10170101112101A,0,A3102,สำนักวิชาวิทยาศาสตร์,วิทยาศาสตร์การแพทย์,สำนักวิชา วิทยาศาสต์ร(สาขาวิชา วิทยาศาสต์รการแพทย์)-(GED)ใช้ คะแนนA-Level,,3007,10,0,0,0.0000,0.0000
มหาวิทยาลัยเทคโนโลยีสุรนารี,วิทยาเขตหลัก,10170101112101A,0,A3108,สำนักวิชาวิทยาศาสตร์,วิทยาศาสตร์การแพทย์,สำนักวิชา วิทยาศาสต์ร(สาขาวิชา วิทยาศาสต์รการแพทย์)-(ม.6)ใช้ คะแนนTGAT-TPAT,,3007,10,80,9,54.9996,43.3994
มหาวิทยาลัยเทคโนโลยีสุรนารี,วิทยาเขตหลัก,10170101112101A,0,A3116,สำนักวิชาวิทยาศาสตร์,วิทยาศาสตร์การแพทย์,สำนักวิชา วิทยาศาสต์ร(สาขาวิชา วิทยาศาสต์รการแพทย์)-(GED)ใช้ คะแนนTGAT-TPAT,,3007,10,1,0,0.0000,0.0000
มหาวิทยาลัยเทคโนโลยีสุรนารี,วิทยาเขตหลัก,10170101210301A,0,A3101,สำนักวิชาวิทยาศาสตร์,คณิตศาสตร์,สำนักวิชา วิทยาศาสต์ร(สาขาวิชา คณิตศาสตร)์-(ม.6) ใช้คะแนนA-Level,,3002,30,14,3,24.4200,20.8000
มหาวิทยาลัยเทคโนโลยีสุรนารี,วิทยาเขตหลัก,10170101210301A,0,A3102,สำนักวิชาวิทยาศาสตร์,คณิตศาสตร์,สำนักวิชา วิทยาศาสต์ร(สาขาวิชา คณิตศาสตร)์-(GED) ใช้คะแนนA-Level,,3002,30,0,0,0.0000,0.0000
มหาวิทยาลัยเทคโนโลยีสุรนารี,วิทยาเขตหลัก,10170101210301A,0,A3103,สำนักวิชาวิทยาศาสตร์,คณิตศาสตร์,สำนักวิชา วิทยาศาสต์ร(สาขาวิชา คณิตศาสตร)์-(ม.6) ใช้คะแนน TGAT-TPAT,,3002,30,18,3,50.3996,37.2666
มหาวิทยาลัยเทคโนโลยีสุรนารี,วิทยาเขตหลัก,10170101210301A,0,A3111,สำนักวิชาวิทยาศาสตร์,คณิตศาสตร์,สำนักวิชา วิทยาศาสต์ร(สาขาวิชา คณิตศาสตร)์-(GED) ใช้คะแนน TGAT-TPAT,,3002,30,0,0,0.0000,0.0000
มหาวิทยาลัยเทคโนโลยีสุรนารี,วิทยาเขตหลัก,10170101210401A,0,A3101,สำนักวิชาวิทยาศาสตร์,เคมี,สำนักวิชา วิทยาศาสต์ร(สาขาวิชาเคมี)-(ม.6) ใช้คะแนนA-Level,,3003,30,86,25,27.9600,20.3800
มหาวิทยาลัยเทคโนโลยีสุรนารี,วิทยาเขตหลัก,10170101210401A,0,A3102,สำนักวิชาวิทยาศาสตร์,เคมี,สำนักวิชา วิทยาศาสต์ร(สาขาวิชาเคมี)- (GED)ใช้คะแนน A-Level,,3003,30,0,0,0.0000,0.0000
มหาวิทยาลัยเทคโนโลยีสุรนารี,วิทยาเขตหลัก,10170101210401A,0,A3104,สำนักวิชาวิทยาศาสตร์,เคมี,สำนักวิชา วิทยาศาสต์ร(สาขาวิชาเคมี)-(ม.6) ใช้คะแนน TGAT-TPAT,,3003,30,22,3,45.8000,38.6660
มหาวิทยาลัยเทคโนโลยีสุรนารี,วิทยาเขตหลัก,10170101210401A,0,A3112,สำนักวิชาวิทยาศาสตร์,เคมี,สำนักวิชา วิทยาศาสต์ร(สาขาวิชาเคมี)- (GED)ใช้คะแนน TGAT-TPAT,,3003,30,0,0,0.0000,0.0000
มหาวิทยาลัยเทคโนโลยีสุรนารี,วิทยาเขตหลัก,10170101210501A,0,A3101,สำนักวิชาวิทยาศาสตร์,จุลชีววิทยา,สำนักวิชา วิทยาศาสต์ร(สาขาวิชาจุล ชีววิทยา)-(ม.6)ใช้ คะแนนA-Level,,3006,30,41,11,35.5300,20.3200
มหาวิทยาลัยเทคโนโลยีสุรนารี,วิทยาเขตหลัก,10170101210501A,0,A3102,สำนักวิชาวิทยาศาสตร์,จุลชีววิทยา,สำนักวิชา วิทยาศาสต์ร(สาขาวิชาจุล ชีววิทยา)-(GED)ใช้ คะแนนA-Level,,3006,30,1,0,0.0000,0.0000
มหาวิทยาลัยเทคโนโลยีสุรนารี,วิทยาเขตหลัก,10170101210501A,0,A3107,สำนักวิชาวิทยาศาสตร์,จุลชีววิทยา,สำนักวิชา วิทยาศาสต์ร(สาขาวิชาจุล ชีววิทยา)-(ม.6)ใช้ คะแนนTGAT-TPAT,,3006,30,67,15,41.2666,30.5996
มหาวิทยาลัยเทคโนโลยีสุรนารี,วิทยาเขตหลัก,10170101210501A,0,A3115,สำนักวิชาวิทยาศาสตร์,จุลชีววิทยา,สำนักวิชา วิทยาศาสต์ร(สาขาวิชาจุล ชีววิทยา)-(GED)ใช้ คะแนนTGAT-TPAT,,3006,30,0,0,0.0000,0.0000
มหาวิทยาลัยเทคโนโลยีสุรนารี,วิทยาเขตหลัก,10170101210701A,0,A3101,สำนักวิชาวิทยาศาสตร์,ชีววิทยา,สำนักวิชา วิทยาศาสต์ร(สาขาวิชาชีววิทยา)- (ม.6)ใช้คะแนน A-Level,,3004,30,38,11,29.9000,20.5500
มหาวิทยาลัยเทคโนโลยีสุรนารี,วิทยาเขตหลัก,10170101210701A,0,A3102,สำนักวิชาวิทยาศาสตร์,ชีววิทยา,สำนักวิชา วิทยาศาสต์ร(สาขาวิชาชีววิทยา)- (GED)ใช้คะแนน A-Level,,3004,30,0,0,0.0000,0.0000
มหาวิทยาลัยเทคโนโลยีสุรนารี,วิทยาเขตหลัก,10170101210701A,0,A3105,สำนักวิชาวิทยาศาสตร์,ชีววิทยา,สำนักวิชา วิทยาศาสต์ร(สาขาวิชาชีววิทยา)- (ม.6)ใช้คะแนน TGAT-TPAT,,3004,30,42,6,39.0000,32.8000
มหาวิทยาลัยเทคโนโลยีสุรนารี,วิทยาเขตหลัก,10170101210701A,0,A3113,สำนักวิชาวิทยาศาสตร์,ชีววิทยา,สำนักวิชา วิทยาศาสต์ร(สาขาวิชาชีววิทยา)- (GED)ใช้คะแนน TGAT-TPAT,,3004,30,0,0,0.0000,0.0000
มหาวิทยาลัยเทคโนโลยีสุรนารี,วิทยาเขตหลัก,10170101212701A,0,A3101,สำนักวิชาวิทยาศาสตร์,ฟิสิกส์,สำนักวิชา วิทยาศาสต์ร(สาขาวิชาฟิสิกส์)-(ม. 6)ใช้คะแนนA-Level,,3005,30,5,1,25.8400,25.8400
มหาวิทยาลัยเทคโนโลยีสุรนารี,วิทยาเขตหลัก,10170101212701A,0,A3102,สำนักวิชาวิทยาศาสตร์,ฟิสิกส์,สำนักวิชา วิทยาศาสต์ร(สาขาวิชาฟิสิกส์)- (GED)ใช้คะแนน A-Level,,3005,30,0,0,0.0000,0.0000
มหาวิทยาลัยเทคโนโลยีสุรนารี,วิทยาเขตหลัก,10170101212701A,0,A3106,สำนักวิชาวิทยาศาสตร์,ฟิสิกส์,สำนักวิชา วิทยาศาสต์ร(สาขาวิชาฟิสิกส์)-(ม. 6)ใช้คะแนน TGAT-TPAT,,3005,30,7,1,49.0660,49.0660
มหาวิทยาลัยเทคโนโลยีสุรนารี,วิทยาเขตหลัก,10170101212701A,0,A3114,สำนักวิชาวิทยาศาสตร์,ฟิสิกส์,สำนักวิชา วิทยาศาสต์ร(สาขาวิชาฟิสิกส์)- (GED)ใช้คะแนน TGAT-TPAT,,3005,30,0,0,0.0000,0.0000
มหาวิทยาลัยเทคโนโลยีสุรนารี,วิทยาเขตหลัก,10170101220201A,0,A3101,สำนักวิชาวิทยาศาสตร์,วิทยาการคอมพิวเตอร์,สำนักวิชา วิทยาศาสต์ร(สาขาวิชาวิทยาการ คอมพิวเตอร)์-(ม.6) ใช้คะแนนA-Level,,3008,30,2,1,32.0000,32.0000
มหาวิทยาลัยเทคโนโลยีสุรนารี,วิทยาเขตหลัก,10170101220201A,0,A3102,สำนักวิชาวิทยาศาสตร์,วิทยาการคอมพิวเตอร์,สำนักวิชา วิทยาศาสต์ร(สาขาวิชาวิทยาการ คอมพิวเตอร)์- (GED)ใช้คะแนน A-Level,,3008,30,0,0,0.0000,0.0000
มหาวิทยาลัยเทคโนโลยีสุรนารี,วิทยาเขตหลัก,10170101220201A,0,A3109,สำนักวิชาวิทยาศาสตร์,วิทยาการคอมพิวเตอร์,สำนักวิชา วิทยาศาสต์ร(สาขาวิชาวิทยาการ คอมพิวเตอร)์-(ม.6) ใช้คะแนน TGAT-TPAT,,3008,30,68,13,50.3330,33.4660
มหาวิทยาลัยเทคโนโลยีสุรนารี,วิทยาเขตหลัก,10170101220201A,0,A3117,สำนักวิชาวิทยาศาสตร์,วิทยาการคอมพิวเตอร์,สำนักวิชา วิทยาศาสต์ร(สาขาวิชาวิทยาการ คอมพิวเตอร)์- (GED)ใช้คะแนน TGAT-TPAT,,3008,30,3,0,0.0000,0.0000
มหาวิทยาลัยเทคโนโลยีสุรนารี,วิทยาเขตหลัก,10170101220301A,0,A3101,สำนักวิชาวิทยาศาสตร์,วิทยาการข้อมูลและภูมิสารสนเทศประยุกต์,สำนักวิชา วิทยาศาสต์ร(สาขาวิชาวิทยาการ ข้อมูลและภูมิ สารสนเทศประยุกต์)- (ม.6)ใช้คะแนน A-Level,,3023,30,1,0,0.0000,0.0000
มหาวิทยาลัยเทคโนโลยีสุรนารี,วิทยาเขตหลัก,10170101220301A,0,A3102,สำนักวิชาวิทยาศาสตร์,วิทยาการข้อมูลและภูมิสารสนเทศประยุกต์,สำนักวิชา วิทยาศาสต์ร(สาขาวิชาวิทยาการ ข้อมูลและภูมิ สารสนเทศประยุกต์)- (GED)ใช้คะแนน A-Level,,3023,30,1,0,0.0000,0.0000
มหาวิทยาลัยเทคโนโลยีสุรนารี,วิทยาเขตหลัก,10170101220301A,0,A3118,สำนักวิชาวิทยาศาสตร์,วิทยาการข้อมูลและภูมิสารสนเทศประยุกต์,สำนักวิชา วิทยาศาสต์ร(สาขาวิชาวิทยาการ ข้อมูลและภูมิ สารสนเทศประยุกต์)- (ม.6)ใช้คะแนน TGAT-TPAT,,3023,30,12,0,0.0000,0.0000
มหาวิทยาลัยเทคโนโลยีสุรนารี,วิทยาเขตหลัก,10170101220301A,0,A3119,สำนักวิชาวิทยาศาสตร์,วิทยาการข้อมูลและภูมิสารสนเทศประยุกต์,สำนักวิชา วิทยาศาสต์ร(สาขาวิชาวิทยาการ ข้อมูลและภูมิ สารสนเทศประยุกต์)- (GED)ใช้คะแนน TGAT-TPAT,,3023,30,0,0,0.0000,0.0000
มหาวิทยาลัยเทคโนโลยีสุรนารี,วิทยาเขตหลัก,10170102610201A,0,A3201,สำนักวิชาเทคโนโลยีสังคม,เทคโนโลยีการจัดการ,สำนักวิชาเทคโนโลียสังคม (สาขาวิชา เทคโนโลยีการจัดการ),,0,70,33,8,43.8750,36.3750
มหาวิทยาลัยเทคโนโลยีสุรนารี,วิทยาเขตหลัก,10170102620101A,0,A3201,สำนักวิชาเทคโนโลยีสังคม,การจัดการบัณฑิต(นวัตกรรมเทคโนโลียอุตสาหกรรมบริการ),สำนักวิชาเทคโนโลียสังคม (หลักสูตรการ จัดการบัณฑิต(นวัตกรรม เทคโนโลียอุตสาหกรรมบริการ),,0,30,157,32,99.5000,87.0000
มหาวิทยาลัยเทคโนโลยีสุรนารี,วิทยาเขตหลัก,10170103500401A,0,A3301,สำนักวิชาเทคโนโลยีการเกษตร,เทคโนโลยีการผลิตพืช,สำนักวิชา เทคโนโลยีการเกษตร (สาขาวิชา เทคโนโลยีการผลิต พืช),,0,100,17,3,25.6600,17.7500
มหาวิทยาลัยเทคโนโลยีสุรนารี,วิทยาเขตหลัก,10170103500402E,0,A3301,สำนักวิชาเทคโนโลยีการเกษตร,ผู้ประกอบการเกษตรเชิงนวัตกรรม (หลักสูตร นานาชาติ),สำนักวิชา เทคโนโลยีการเกษตร (สาขาวิชา ผู้ประกอบการเกษตร เชิงนวัตกรรม (หลักสูตรนานาชาต)ิ,,0,,0,0,0.0000,0.0000
มหาวิทยาลัยเทคโนโลยีสุรนารี,วิทยาเขตหลัก,10170103501101A,0,A3301,สำนักวิชาเทคโนโลยีการเกษตร,เทคโนโลยีอาหาร,สำนักวิชา เทคโนโลยีการเกษตร (สาขาวิชา เทคโนโลยีอาหาร),,0,50,91,26,27.4300,12.4500
มหาวิทยาลัยเทคโนโลยีสุรนารี,วิทยาเขตหลัก,10170103501201A,0,A3301,สำนักวิชาเทคโนโลยีการเกษตร,เทคโนโลยีและนวัตกรรมทางสัตว์,สำนักวิชา เทคโนโลยีการเกษตร (สาขาวิชา เทคโนโลยีและนวัตกรรมทางสัตว)์,,0,60,119,37,28.4900,12.3600
มหาวิทยาลัยเทคโนโลยีสุรนารี,วิทยาเขตหลัก,10170107300001A,0,A3401,สำนักวิชาวิศวกรรมศาสตร์,"กลุ่มวิศวกรรมศาสต์ร(ประกอบด้วยสาขาวิชา วิศวกรรมการผลิตอัจฉริยะ, วิศวกรรมเกษตร และอาหาร, วิศวกรรมคอมพิวเตอร์, วิศวกรรม เคม,ี วิศวกรรมเครื่องกล, วิศวกรรมปิโตรเลียม และเทคโนโลยีธรณี, วิศวกรรมไฟฟ้า, วิศวกรรม โทรคมนาคมและโครงข่ายอัจฉริยะ, วิศวกรรม ยานยนต์,วิศวกรรมโยธา, วิศวกรรมขนส่ง และโลจิสติส์, วิศวกรรมเซรามิก, วิศวกรรมพอิลเมอร,์ วิศวกรรมโลหการ, วิศวกรรมสิ่งแวดล้อม, วิศวกรรมธรณี, วิศวกรรมอากาศยาน, วิศวกรรมอิเล็กทรอนิกส์และระบบสมองกลฝัง ตัว, วิศวกรรมอุตสาหการ โดยทุกสาขาเรียน รวมกันีป1 แยกสาขาปี 2)","สำนักวิชา วิศวกรรมศาสต์ร(กลุ่มสาขาวิชา วิศวกรรมศาสต์รประกอบด้วย สาขาวิชาวิศวกรรม การผลิตอัตโนมัติ และหุ่นยนต์, วิศวกรรมเกษตรและ อาหาร, วิศวกรรม คอมพิวเตอร,์ วิศวกรรมเคม,ี วิศวกรรมเครื่องกล, วิศวกรรมปิโตรเลียม และเทคโนโลยีธรณี, วิศวกรรมไฟฟ้า, วิศวกรรม โทรคมนาคม, วิศวกรรมยานยนต์, วิศวกรรมโยธา,",,0,500,428,150,45.7500,26.6667
มหาวิทยาลัยเทคโนโลยีสุรนารี,วิทยาเขตหลัก,10170107300201B,0,A3401,สำนักวิชาวิศวกรรมศาสตร์,การประกอบการด้วยเทคโนโลยีดิจิทัล (หลักสูตรนอกเวลา),สำนักวิชา วิศวกรรมศาสต์ร(สาขาวิชาการ ประกอบการด้วย เทคโนโลยีดิจิทัล- หลักสูตรนอกเวลา)- ม.6,,3015,90,50,12,97.2500,74.0000
มหาวิทยาลัยเทคโนโลยีสุรนารี,วิทยาเขตหลัก,10170107300201B,0,A3407,สำนักวิชาวิศวกรรมศาสตร์,การประกอบการด้วยเทคโนโลยีดิจิทัล (หลักสูตรนอกเวลา),สำนักวิชา วิศวกรรมศาสต์ร(สาขาวิชาการ ประกอบการด้วย เทคโนโลยีดิจิทัล- หลักสูตรนอกเวลา)- ปวช.,,3015,90,0,0,0.0000,0.0000
มหาวิทยาลัยเทคโนโลยีสุรนารี,วิทยาเขตหลัก,10170107300302A,0,A3401,สำนักวิชาวิศวกรรมศาสตร์,วิศวกรรมการผลิตอัจฉริยะ,สำนักวิชา วิศวกรรมศาสต์ร(สาขาวิชาวิศวกรรม การผลิตอัจฉริยะ)-ม.6,,3023,20,1,0,0.0000,0.0000
มหาวิทยาลัยเทคโนโลยีสุรนารี,วิทยาเขตหลัก,10170107300302A,0,A3416,สำนักวิชาวิศวกรรมศาสตร์,วิศวกรรมการผลิตอัจฉริยะ,สำนักวิชา วิศวกรรมศาสต์ร(สาขาวิชาวิศวกรรม การผลิตอัจฉริยะ)- ปวช. ฐานวิทย์,,3023,20,0,0,0.0000,0.0000
มหาวิทยาลัยเทคโนโลยีสุรนารี,วิทยาเขตหลัก,10170107300401A,0,A3401,สำนักวิชาวิศวกรรมศาสตร์,วิศวกรรมเกษตรและอาหาร,สำนักวิชา วิศวกรรมศาสต์ร(สาขาวิชาวิศวกรรม เกษตรและอาหาร)- ม.6,,3029,20,17,1,80.5000,80.5000
มหาวิทยาลัยเทคโนโลยีสุรนารี,วิทยาเขตหลัก,10170107300401A,0,A3423,สำนักวิชาวิศวกรรมศาสตร์,วิศวกรรมเกษตรและอาหาร,สำนักวิชา วิศวกรรมศาสต์ร(สาขาวิชาวิศวกรรม เกษตรและอาหาร)- ปวช. ฐานวิทย์,,3029,20,2,0,0.0000,0.0000
มหาวิทยาลัยเทคโนโลยีสุรนารี,วิทยาเขตหลัก,10170107300601A,0,A3401,สำนักวิชาวิศวกรรมศาสตร์,วิศวกรรมเคมี,สำนักวิชา วิศวกรรมศาสต์ร(สาขาวิชาวิศวกรรม เคม)ี-ม.6,,3031,10,1,1,41.9375,41.9375
มหาวิทยาลัยเทคโนโลยีสุรนารี,วิทยาเขตหลัก,10170107300601A,0,A3426,สำนักวิชาวิศวกรรมศาสตร์,วิศวกรรมเคมี,สำนักวิชา วิศวกรรมศาสต์ร(สาขาวิชาวิศวกรรม เคม)ี-ปวช. ฐานวิทย์,,3031,10,0,0,0.0000,0.0000
มหาวิทยาลัยเทคโนโลยีสุรนารี,วิทยาเขตหลัก,10170107300702B,0,A3401,สำนักวิชาวิศวกรรมศาสตร์,วิศวกรรมเครื่องกลและระบบการผลิต (หลักสูตรนอกเวลา),สำนักวิชา วิศวกรรมศาสต์ร(สาขาวิชา วิศวกรรมเครื่องกล และระบบการผลิต- หลักสูตรนอกเวลา) ม.6,,3017,60,86,27,93.0000,63.5000
มหาวิทยาลัยเทคโนโลยีสุรนารี,วิทยาเขตหลัก,10170107300702B,0,A3409,สำนักวิชาวิศวกรรมศาสตร์,วิศวกรรมเครื่องกลและระบบการผลิต (หลักสูตรนอกเวลา),สำนักวิชา วิศวกรรมศาสต์ร(สาขาวิชา วิศวกรรมเครื่องกล และระบบการผลิต- หลักสูตรนอกเวลา)- ปวช.,,3017,60,9,1,86.0000,86.0000
มหาวิทยาลัยเทคโนโลยีสุรนารี,วิทยาเขตหลัก,10170107300702E,0,A3401,สำนักวิชาวิศวกรรมศาสตร์,วิศวกรรมเครื่องกลและอากาศยาน (หลักสูตร นานาชาติ),สำนักวิชา วิศวกรรมศาสต์ร(สาขาวิชา วิศวกรรมเครื่องกล และอากาศยาน- หลักสูตรนานาชาต)ิ- ม.6,,3018,30,15,4,66.2500,46.2500
มหาวิทยาลัยเทคโนโลยีสุรนารี,วิทยาเขตหลัก,10170107300702E,0,A3410,สำนักวิชาวิศวกรรมศาสตร์,วิศวกรรมเครื่องกลและอากาศยาน (หลักสูตร นานาชาติ),สำนักวิชา วิศวกรรมศาสต์ร(สาขาวิชา วิศวกรรมเครื่องกล และอากาศยาน- หลักสูตรนานาชาต)ิ- จบนานาชาติ/ ต่างประเทศ,,3018,,0,0,0.0000,0.0000
มหาวิทยาลัยเทคโนโลยีสุรนารี,วิทยาเขตหลัก,10170107300702E,0,A3411,สำนักวิชาวิศวกรรมศาสตร์,วิศวกรรมเครื่องกลและอากาศยาน (หลักสูตร นานาชาติ),สำนักวิชา วิศวกรรมศาสต์ร(สาขาวิชา วิศวกรรมเครื่องกล และอากาศยาน- หลักสูตรนานาชาต)ิ- GED,,3018,30,0,0,0.0000,0.0000
มหาวิทยาลัยเทคโนโลยีสุรนารี,วิทยาเขตหลัก,10170107301401A,0,A3401,สำนักวิชาวิศวกรรมศาสตร์,วิศวกรรมปิโตรเลียมและเทคโนโลยีธรณี,สำนักวิชา วิศวกรรมศาสต์ร(สาขาวิชาวิศวกรรม ปิโตรเลียมและเทคโนโลยีธรณี)-ม.6 (ใช้คะแนน GPAX),,3028,20,127,21,99.7500,95.2500
มหาวิทยาลัยเทคโนโลยีสุรนารี,วิทยาเขตหลัก,10170107301401A,0,A3421,สำนักวิชาวิศวกรรมศาสตร์,วิศวกรรมปิโตรเลียมและเทคโนโลยีธรณี,สำนักวิชา วิศวกรรมศาสต์ร(สาขาวิชาวิศวกรรม ปิโตรเลียมและเทคโนโลยีธรณี)- ปวช. ฐานวิท์ย(ใช้ คะแนน GPAX),,3028,20,1,0,0.0000,0.0000
มหาวิทยาลัยเทคโนโลยีสุรนารี,วิทยาเขตหลัก,10170107301401A,0,A3432,สำนักวิชาวิศวกรรมศาสตร์,วิศวกรรมปิโตรเลียมและเทคโนโลยีธรณี,สำนักวิชา วิศวกรรมศาสต์ร(สาขาวิชาวิศวกรรม ปิโตรเลียมและเทคโนโลยีธรณี)-ม.6 (ใช้คะแนน TGAT-TPAT),,3028,20,114,0,0.0000,0.0000
มหาวิทยาลัยเทคโนโลยีสุรนารี,วิทยาเขตหลัก,10170107301401A,0,A3433,สำนักวิชาวิศวกรรมศาสตร์,วิศวกรรมปิโตรเลียมและเทคโนโลยีธรณี,สำนักวิชา วิศวกรรมศาสต์ร(สาขาวิชาวิศวกรรม ปิโตรเลียมและเทคโนโลยีธรณี)- ปวช. ฐานวิท์ย(ใช้ คะแนน TGAT-TPAT),,3028,20,3,0,0.0000,0.0000
มหาวิทยาลัยเทคโนโลยีสุรนารี,วิทยาเขตหลัก,10170107301401A,0,A3434,สำนักวิชาวิศวกรรมศาสตร์,วิศวกรรมปิโตรเลียมและเทคโนโลยีธรณี,สำนักวิชา วิศวกรรมศาสต์ร(สาขาวิชาวิศวกรรม ปิโตรเลียมและเทคโนโลยีธรณี)-ม.6 (ใช้คะแนน A-Level),,3028,20,3,0,0.0000,0.0000
มหาวิทยาลัยเทคโนโลยีสุรนารี,วิทยาเขตหลัก,10170107301401A,0,A3435,สำนักวิชาวิศวกรรมศาสตร์,วิศวกรรมปิโตรเลียมและเทคโนโลยีธรณี,สำนักวิชา วิศวกรรมศาสต์ร(สาขาวิชาวิศวกรรม ปิโตรเลียมและเทคโนโลยีธรณี)- ปวช. ฐานวิท์ย(ใช้ คะแนน A-Level),,3028,20,0,0,0.0000,0.0000
มหาวิทยาลัยเทคโนโลยีสุรนารี,วิทยาเขตหลัก,10170107301603B,0,A3401,สำนักวิชาวิศวกรรมศาสตร์,วิศวกรรมไฟฟ้าอุตสาหกรรมและ ปัญญาประดิษ์ฐ(หลักสูตรนอกเวลา),สำนักวิชา วิศวกรรมศาสต์ร(สาขาวิชา วิศวกรรมไฟฟ้า อุตสาหกรรมและ ปัญญาประดิษฐ์- หลักสูตรนอกเวลา) ม.6,,3013,40,83,26,97.5000,68.7500
มหาวิทยาลัยเทคโนโลยีสุรนารี,วิทยาเขตหลัก,10170107301603B,0,A3422,สำนักวิชาวิศวกรรมศาสตร์,วิศวกรรมไฟฟ้าอุตสาหกรรมและ ปัญญาประดิษ์ฐ(หลักสูตรนอกเวลา),สำนักวิชา วิศวกรรมศาสต์ร(สาขาวิชา วิศวกรรมไฟฟ้า อุตสาหกรรมและ ปัญญาประดิษฐ์- หลักสูตรนอกเวลา) ปวช.,,3013,,0,0,0.0000,0.0000
มหาวิทยาลัยเทคโนโลยีสุรนารี,วิทยาเขตหลัก,10170107301603B,0,A3425,สำนักวิชาวิศวกรรมศาสตร์,วิศวกรรมไฟฟ้าอุตสาหกรรมและ ปัญญาประดิษ์ฐ(หลักสูตรนอกเวลา),สำนักวิชา วิศวกรรมศาสต์ร(สาขาวิชา วิศวกรรมไฟฟ้า อุตสาหกรรมและ ปัญญาประดิษฐ์- หลักสูตรนอกเวลา) ปวช.,,3013,40,8,3,93.7500,82.0000
มหาวิทยาลัยเทคโนโลยีสุรนารี,วิทยาเขตหลัก,10170107301901B,0,A3401,สำนักวิชาวิศวกรรมศาสตร์,วิศวกรรมเมคคาทรอนิก์ส(หลักสูตรนอกเวลา),สำนักวิชา วิศวกรรมศาสต์ร(สาขาวิชาวิศวกรรม เมคคาทรอนิกส-์ หลักสูตรนอกเวลา)- ม.6,,3010,90,85,30,96.7500,64.0000
มหาวิทยาลัยเทคโนโลยีสุรนารี,วิทยาเขตหลัก,10170107301901B,0,A3402,สำนักวิชาวิศวกรรมศาสตร์,วิศวกรรมเมคคาทรอนิก์ส(หลักสูตรนอกเวลา),สำนักวิชา วิศวกรรมศาสต์ร(สาขาวิชาวิศวกรรม เมคคาทรอนิกส-์ หลักสูตรนอกเวลา)- ปวช.,,3010,90,9,2,96.2500,84.5000
มหาวิทยาลัยเทคโนโลยีสุรนารี,วิทยาเขตหลัก,10170107301903B,0,A3401,สำนักวิชาวิศวกรรมศาสตร์,วิศวกรรมยานยนต์สมัยให่ม(หลักสูตรนอกเวลา),สำนักวิชา วิศวกรรมศาสต์ร(สาขาวิชาวิศวกรรม ยานยนต์สมัยใหม-่ หลักสูตรนอกเวลา)- ม.6,,3011,90,38,12,95.2500,64.7500
มหาวิทยาลัยเทคโนโลยีสุรนารี,วิทยาเขตหลัก,10170107301903B,0,A3403,สำนักวิชาวิศวกรรมศาสตร์,วิศวกรรมยานยนต์สมัยให่ม(หลักสูตรนอกเวลา),สำนักวิชา วิศวกรรมศาสต์ร(สาขาวิชาวิศวกรรม ยานยนต์สมัยใหม-่ หลักสูตรนอกเวลา)- ปวช.,,3011,90,2,1,90.5000,90.5000
มหาวิทยาลัยเทคโนโลยีสุรนารี,วิทยาเขตหลัก,10170107302102B,0,A3401,สำนักวิชาวิศวกรรมศาสตร์,วิศวกรรมโยธาและโครงสร้างพื้นฐาน (หลักสูตร นอกเวลา),สำนักวิชา วิศวกรรมศาสต์ร(สาขาวิชาวิศวกรรม โยธาและโครงสร้าง พื้นฐาน-หลักสูตร นอกเวลา)-ม.6,,3012,50,92,35,99.7500,76.2500
มหาวิทยาลัยเทคโนโลยีสุรนารี,วิทยาเขตหลัก,10170107302102B,0,A3404,สำนักวิชาวิศวกรรมศาสตร์,วิศวกรรมโยธาและโครงสร้างพื้นฐาน (หลักสูตร นอกเวลา),สำนักวิชา วิศวกรรมศาสต์ร(สาขาวิชาวิศวกรรม โยธาและโครงสร้าง พื้นฐาน-หลักสูตร นอกเวลา)-ปวช.,,3012,50,13,5,95.2500,81.0000
มหาวิทยาลัยเทคโนโลยีสุรนารี,วิทยาเขตหลัก,10170107302103E,0,A3401,สำนักวิชาวิศวกรรมศาสตร์,วิศวกรรมโยธา (หลักสูตรนานาชาต)ิ,สำนักวิชา วิศวกรรมศาสต์ร(สาขาวิชาวิศวกรรม โยธา-หลักสูตร นานาชาติ)-ม.6,,3020,30,4,0,0.0000,0.0000
มหาวิทยาลัยเทคโนโลยีสุรนารี,วิทยาเขตหลัก,10170107302103E,0,A3414,สำนักวิชาวิศวกรรมศาสตร์,วิศวกรรมโยธา (หลักสูตรนานาชาต)ิ,สำนักวิชา วิศวกรรมศาสต์ร(สาขาวิชาวิศวกรรม โยธา-หลักสูตร นานาชาติ)-จบ นานาชาติ/ ต่างประเทศ,,3020,,0,0,0.0000,0.0000
มหาวิทยาลัยเทคโนโลยีสุรนารี,วิทยาเขตหลัก,10170107302103E,0,A3415,สำนักวิชาวิศวกรรมศาสตร์,วิศวกรรมโยธา (หลักสูตรนานาชาต)ิ,สำนักวิชา วิศวกรรมศาสต์ร(สาขาวิชาวิศวกรรม โยธา-หลักสูตร นานาชาติ)-GED,,3020,30,0,0,0.0000,0.0000
มหาวิทยาลัยเทคโนโลยีสุรนารี,วิทยาเขตหลัก,10170107302401A,0,A3401,สำนักวิชาวิศวกรรมศาสตร์,วิศวกรรมขนส่งและโลจิสติกส์,สำนักวิชา วิศวกรรมศาสต์ร(สาขาวิชาวิศวกรรม ขนส่งและโลิจสติกส์)-ม.6,,3030,20,0,0,0.0000,0.0000
มหาวิทยาลัยเทคโนโลยีสุรนารี,วิทยาเขตหลัก,10170107302401A,0,A3424,สำนักวิชาวิศวกรรมศาสตร์,วิศวกรรมขนส่งและโลจิสติกส์,สำนักวิชา วิศวกรรมศาสต์ร(สาขาวิชาวิศวกรรม ขนส่งและโลิจสติกส์)-ปวช. ฐานวิทย์,,3030,20,0,0,0.0000,0.0000
มหาวิทยาลัยเทคโนโลยีสุรนารี,วิทยาเขตหลัก,10170107302502A,0,A3401,สำนักวิชาวิศวกรรมศาสตร์,วิศวกรรมพอลิเมอร์,สำนักวิชา วิศวกรรมศาสต์รสาขาวิชาวิศวกรรม พอลิเมอร-์ม.6 - มี GPAX ถึงเกณฑ์,,3021,60,53,14,97.0000,80.0000
มหาวิทยาลัยเทคโนโลยีสุรนารี,วิทยาเขตหลัก,10170107302502A,0,A3422,สำนักวิชาวิศวกรรมศาสตร์,วิศวกรรมพอลิเมอร์,สำนักวิชา วิศวกรรมศาสต์รสาขาวิชาวิศวกรรม พอลิเมอร-์ปวช. ฐาน วิทย์,,3021,60,4,2,92.7500,83.2500
มหาวิทยาลัยเทคโนโลยีสุรนารี,วิทยาเขตหลัก,10170107302502A,0,A3436,สำนักวิชาวิศวกรรมศาสตร์,วิศวกรรมพอลิเมอร์,สำนักวิชา วิศวกรรมศาสต์รสาขาวิชาวิศวกรรม พอลิเมอร-์ม.6 - มี GPA ถึงเกณฑ์,,3021,60,7,1,92.5000,92.5000
มหาวิทยาลัยเทคโนโลยีสุรนารี,วิทยาเขตหลัก,10170107302503A,0,A3401,สำนักวิชาวิศวกรรมศาสตร์,วิศวกรรมโลหการ,สำนักวิชา วิศวกรรมศาสต์ร(สาขาวิชาวิศวกรรม โลหการ)-ม.6,,3025,20,14,3,90.5000,83.2500
มหาวิทยาลัยเทคโนโลยีสุรนารี,วิทยาเขตหลัก,10170107302503A,0,A3418,สำนักวิชาวิศวกรรมศาสตร์,วิศวกรรมโลหการ,สำนักวิชา วิศวกรรมศาสต์ร(สาขาวิชาวิศวกรรม โลหการ)-ปวช. ฐาน วิทย์,,3025,20,3,0,0.0000,0.0000
มหาวิทยาลัยเทคโนโลยีสุรนารี,วิทยาเขตหลัก,10170107302504E,0,A3401,สำนักวิชาวิศวกรรมศาสตร์,วิศวกรรมปิโตรเคมีและพอลิเมอ์ร(หลักสูตร นานาชาติ),สำนักวิชา วิศวกรรมศาสต์ร(สาขาวิชา วิศวกรรมปิโตรเคีมและพอลิเมอร-์ หลักสูตรนานาชาต)ิ- ม.6,,3019,30,6,0,0.0000,0.0000
มหาวิทยาลัยเทคโนโลยีสุรนารี,วิทยาเขตหลัก,10170107302504E,0,A3412,สำนักวิชาวิศวกรรมศาสตร์,วิศวกรรมปิโตรเคมีและพอลิเมอ์ร(หลักสูตร นานาชาติ),สำนักวิชา วิศวกรรมศาสต์ร(สาขาวิชา วิศวกรรมปิโตรเคีมและพอลิเมอร-์ หลักสูตรนานาชาต)ิ- จบนานาชาติ/ ต่างประเทศ,,3019,,0,0,0.0000,0.0000
มหาวิทยาลัยเทคโนโลยีสุรนารี,วิทยาเขตหลัก,10170107302504E,0,A3413,สำนักวิชาวิศวกรรมศาสตร์,วิศวกรรมปิโตรเคมีและพอลิเมอ์ร(หลักสูตร นานาชาติ),สำนักวิชา วิศวกรรมศาสต์ร(สาขาวิชา วิศวกรรมปิโตรเคีมและพอลิเมอร-์ หลักสูตรนานาชาต)ิ- GED,,3019,30,0,0,0.0000,0.0000
มหาวิทยาลัยเทคโนโลยีสุรนารี,วิทยาเขตหลัก,10170107303001A,0,A3401,สำนักวิชาวิศวกรรมศาสตร์,วิศวกรรมธรณี,สำนักวิชา วิศวกรรมศาสต์ร(สาขาวิชาวิศวกรรม ธรณี)-ม.6 (ใช้คะแนน GPAX),,3027,20,19,2,91.7500,90.7500
มหาวิทยาลัยเทคโนโลยีสุรนารี,วิทยาเขตหลัก,10170107303001A,0,A3420,สำนักวิชาวิศวกรรมศาสตร์,วิศวกรรมธรณี,สำนักวิชา วิศวกรรมศาสต์ร(สาขาวิชาวิศวกรรม ธรณี)-ปวช. ฐานวิท์ย(ใช้คะแนน GPAX),,3027,20,1,0,0.0000,0.0000
มหาวิทยาลัยเทคโนโลยีสุรนารี,วิทยาเขตหลัก,10170107303001A,0,A3428,สำนักวิชาวิศวกรรมศาสตร์,วิศวกรรมธรณี,สำนักวิชา วิศวกรรมศาสต์ร(สาขาวิชาวิศวกรรม ธรณี)-ปวช. ฐานวิท์ย(ใช้คะแนน TGAT-TPAT),,3027,20,4,4,59.6010,35.5965
มหาวิทยาลัยเทคโนโลยีสุรนารี,วิทยาเขตหลัก,10170107303001A,0,A3429,สำนักวิชาวิศวกรรมศาสตร์,วิศวกรรมธรณี,สำนักวิชา วิศวกรรมศาสต์ร(สาขาวิชาวิศวกรรม ธรณี)-ปวช. ฐานวิท์ย(ใช้คะแนน A-Level),,3027,20,0,0,0.0000,0.0000
มหาวิทยาลัยเทคโนโลยีสุรนารี,วิทยาเขตหลัก,10170107303001A,0,A3430,สำนักวิชาวิศวกรรมศาสตร์,วิศวกรรมธรณี,สำนักวิชา วิศวกรรมศาสต์ร(สาขาวิชาวิศวกรรม ธรณี)-ม.6 (ใช้คะแนน TGAT-TPAT),,3027,20,22,11,44.4400,29.0135
มหาวิทยาลัยเทคโนโลยีสุรนารี,วิทยาเขตหลัก,10170107303001A,0,A3431,สำนักวิชาวิศวกรรมศาสตร์,วิศวกรรมธรณี,สำนักวิชา วิศวกรรมศาสต์ร(สาขาวิชาวิศวกรรม ธรณี)-ม.6 (ใช้คะแนน A-Level),,3027,20,1,1,25.0250,25.0250
มหาวิทยาลัยเทคโนโลยีสุรนารี,วิทยาเขตหลัก,10170107303402A,0,A3401,สำนักวิชาวิศวกรรมศาสตร์,วิศวกรรมอิเล็กทรอนิกส์และระบบสมองกลฝังตัว,สำนักวิชา วิศวกรรมศาสต์ร(สาขาวิชาวิศวกรรม อิเล็กทรอนิกส์และ ระบบสมองกลฝัง ตัว)-ม.6,,3022,,0,0,0.0000,0.0000
มหาวิทยาลัยเทคโนโลยีสุรนารี,วิทยาเขตหลัก,10170107303402A,0,A3417,สำนักวิชาวิศวกรรมศาสตร์,วิศวกรรมอิเล็กทรอนิกส์และระบบสมองกลฝังตัว,สำนักวิชา วิศวกรรมศาสต์ร(สาขาวิชาวิศวกรรม อิเล็กทรอนิกส์และ ระบบสมองกลฝัง ตัว)-ปวช. ฐานวิทย์,,3022,,0,0,0.0000,0.0000
มหาวิทยาลัยเทคโนโลยีสุรนารี,วิทยาเขตหลัก,10170107303402B,0,A3401,สำนักวิชาวิศวกรรมศาสตร์,วิศวกรรมระบบสมองกลอัจฉริยะและ อิเล็กทรอนิกส์ความถี่สูง (หลักสูตรนอกเวลา),สำนักวิชา วิศวกรรมศาสต์ร(สาขาวิชาวิศวกรรม ระบบสมองกล อัจฉริยะและ อิเล็กทรอนิก์สความถี่สูง-หลักสูตร นอกเวลา)-ม.6,,3014,50,33,5,88.0000,76.7500
มหาวิทยาลัยเทคโนโลยีสุรนารี,วิทยาเขตหลัก,10170107303402B,0,A3406,สำนักวิชาวิศวกรรมศาสตร์,วิศวกรรมระบบสมองกลอัจฉริยะและ อิเล็กทรอนิกส์ความถี่สูง (หลักสูตรนอกเวลา),สำนักวิชา วิศวกรรมศาสต์ร(สาขาวิชาวิศวกรรม ระบบสมองกล อัจฉริยะและ อิเล็กทรอนิก์สความถี่สูง-หลักสูตร นอกเวลา)-ปวช,,3014,50,1,1,87.5000,87.5000
มหาวิทยาลัยเทคโนโลยีสุรนารี,วิทยาเขตหลัก,10170107303501A,0,A3401,สำนักวิชาวิศวกรรมศาสตร์,วิศวกรรมอุตสาหการ,สำนักวิชา วิศวกรรมศาสต์ร(สาขาวิชาวิศวกรรม อุตสาหการ)-ม.6,,3032,20,3,0,0.0000,0.0000
มหาวิทยาลัยเทคโนโลยีสุรนารี,วิทยาเขตหลัก,10170107303501A,0,A3427,สำนักวิชาวิศวกรรมศาสตร์,วิศวกรรมอุตสาหการ,สำนักวิชา วิศวกรรมศาสต์ร(สาขาวิชาวิศวกรรม อุตสาหการ)-ปวช. ฐานวิทย์,,3032,20,0,0,0.0000,0.0000
มหาวิทยาลัยเทคโนโลยีสุรนารี,วิทยาเขตหลัก,10170107303502B,0,A3401,สำนักวิชาวิศวกรรมศาสตร์,วิศวกรรมอุตสาหการและการจัดการข้อมูล (หลักสูตรนอกเวลา),สำนักวิชา วิศวกรรมศาสต์ร(สาขาวิชาวิศวกรรม อุตสาหการและการ จัดการข้อมูล- หลักสูตรนอกเวลา)- ม.6,,3016,50,44,11,96.5000,70.2500
มหาวิทยาลัยเทคโนโลยีสุรนารี,วิทยาเขตหลัก,10170107303502B,0,A3408,สำนักวิชาวิศวกรรมศาสตร์,วิศวกรรมอุตสาหการและการจัดการข้อมูล (หลักสูตรนอกเวลา),สำนักวิชา วิศวกรรมศาสต์ร(สาขาวิชาวิศวกรรม อุตสาหการและการ จัดการข้อมูล- หลักสูตรนอกเวลา)- ปวช.,,3016,50,2,1,94.7500,94.7500
มหาวิทยาลัยเทคโนโลยีสุรนารี,วิทยาเขตหลัก,10170108111701A,0,A3901,สำนักวิชาพยาบาลศาสตร์,พยาบาลศาสตร์,สำนักวิชาพยาบาล ศาสต์ร(สาขาวิชา พยาบาลศาสตร์),,0,50,765,50,50.0687,40.1682
มหาวิทยาลัยเทคโนโลยีสุรนารี,วิทยาเขตหลัก,10170110111801A,0,A3501,สำนักวิชาสาธารณสุขศาสตร์,โภชนวิทยาและการกำหนดอาหาร,สำนักวิชา สาธารณสุขศาสต์ร(สาขาวิชาโภชนวิท ยาและการกำหนด อาหาร),,0,5,84,7,32.0500,29.0375
มหาวิทยาลัยเทคโนโลยีสุรนารี,วิทยาเขตหลัก,10170110112702A,0,A3501,สำนักวิชาสาธารณสุขศาสตร์,อนามัยสิ่งแวดล้อม,สำนักวิชา สาธารณสุขศาสต์ร(สาขาวิชาอนามัย สิ่งแวดล้อม),,0,40,392,40,33.5875,25.7750
มหาวิทยาลัยเทคโนโลยีสุรนารี,วิทยาเขตหลัก,10170110112703A,0,A3501,สำนักวิชาสาธารณสุขศาสตร์,อาชีวอนามัยและความปลอดภัย,สำนักวิชา สาธารณสุขศาสต์ร(สาขาวิชาอาชีวอนา มัยและความ ปลอดภัย),,0,5,86,5,29.8200,29.3400
มหาวิทยาลัยอุบลราชธานี,วิทยาเขตหลัก,10180111112710A,0,C0001,คณะวิทยาศาสตร์,วท.บ.สาขาวิชาอาชีวอนามัยและความปลอดภัย,Admissions,,,3,124,3,36.2875,31.1875
มหาวิทยาลัยอุบลราชธานี,วิทยาเขตหลัก,10180111210301A,0,C0001,คณะวิทยาศาสตร์,วท.บ.สาขาวิชาคณิตศาสตร์,Admissions,,,10,74,10,41.9937,10.4166
มหาวิทยาลัยอุบลราชธานี,วิทยาเขตหลัก,10180111210402A,0,C0001,คณะวิทยาศาสตร์,วท.บ.สาขาวิชาเคมี,Admissions,,,30,115,30,42.3576,0.0000
มหาวิทยาลัยอุบลราชธานี,วิทยาเขตหลัก,10180111210503A,0,C0001,คณะวิทยาศาสตร์,วท.บ.สาขาวิชาจุลชีววิทยา,Admissions,,,15,43,11,44.7095,15.6527
มหาวิทยาลัยอุบลราชธานี,วิทยาเขตหลัก,10180111210704A,0,C0001,คณะวิทยาศาสตร์,วท.บ.สาขาวิชาชีววิทยา,Admissions,,,20,52,15,43.5319,0.0000
มหาวิทยาลัยอุบลราชธานี,วิทยาเขตหลัก,10180111212707A,0,C0001,คณะวิทยาศาสตร์,วท.บ.สาขาวิชาฟิสิกส์ชีวการแพทย์,Admissions,,,10,58,10,51.9622,40.3246
มหาวิทยาลัยอุบลราชธานี,วิทยาเขตหลัก,10180111212811A,0,C0001,คณะวิทยาศาสตร์,วท.บ.สาขาวิชานวัตกรรมเทคโนโลยีวัสดุ,Admissions,,,20,22,2,33.2000,23.6831
มหาวิทยาลัยอุบลราชธานี,วิทยาเขตหลัก,10180111213109A,0,C0001,คณะวิทยาศาสตร์,วท.บ.สาขาวิชาวิทยาศาสตร์สิ่งแวดล้อม,Admissions,,,30,74,15,41.9529,0.0000
มหาวิทยาลัยอุบลราชธานี,วิทยาเขตหลัก,10180111213605A,0,C0001,คณะวิทยาศาสตร์,วท.บ.สาขาวิชาเทคโนโลยียางและพอลิเมอร์,Admissions,,,35,8,1,33.7661,33.7661
มหาวิทยาลัยอุบลราชธานี,วิทยาเขตหลัก,10180111220106A,0,C0001,คณะวิทยาศาสตร์,"วท.บ.สาขาวิชาเทคโนโลยีสารสนเทศและการ สื่อสาร (วิชาเอกเทคโนโลยีเกมและการผลิต ดิจิทัลคอนเทนท์, วิชาเอกเทคโนโลยีเครือข่าย และความมั่นคงทางไซเบอร,์ วิชาเอก เทคโนโลยีดิจิทัล)",Admissions,,,10,50,10,48.0872,26.4666
มหาวิทยาลัยอุบลราชธานี,วิทยาเขตหลัก,10180111220308A,0,C0001,คณะวิทยาศาสตร์,วท.บ.สาขาวิชาวิทยาการข้อมูลและนวัตกรรม ซอฟต์แวร์,Admissions,,,10,44,8,54.5984,0.0000
มหาวิทยาลัยอุบลราชธานี,วิทยาเขตหลัก,10180112211002A,0,C0001,คณะเกษตรศาสตร์,วท.บ.สาขาวิชาเทคโนโลยีการอาหาร,Admissions,,,40,135,21,90.7500,54.2500
มหาวิทยาลัยอุบลราชธานี,วิทยาเขตหลัก,10180112500201A,0,C0001,คณะเกษตรศาสตร์,"วท.บ.สาขาวิชาเกษตรศาสต์ร(วิชาเอกพืชไร่, วิชาเอกพืชสวน, วิชาเอกสัตวศาสตร,์ วิชาอก ประมง (รอบ Tcas3-4 ปิดรับสาขาวิชาเอก สัตวศาสตร)์)",Admissions,,,100,154,30,95.7500,56.7500
มหาวิทยาลัยอุบลราชธานี,วิทยาเขตหลัก,10180112500203A,0,C0001,คณะเกษตรศาสตร์,วท.บ.สาขาเกษตรวิศว์อัจฉริยะ,Admissions,,,30,43,5,89.2500,61.5000
มหาวิทยาลัยอุบลราชธานี,วิทยาเขตหลัก,10180113300001A,0,C0001,คณะวิศวกรรมศาสตร์,"วศ.บ.วิศวกรรมทั่วไป ประกอบด้วย สาขาวิชา วิศวกรรมเครื่องกล, สาขาวิชาวิศวกรรมอุตสาห การ,สาขาวิชาวิศวกรรมโยธา, สาขาวิชา วิศวกรรมไฟฟ้า, สาขาวิชาวิศวกรรมเคมีและ สาขาวิชาวิศวกรรมสิ่งแวดล้อม เลือกสาขาวิชา เมื่อขึ้นชั้นปีที่ 2",Admissions,,,150,995,151,74.2915,59.7080
มหาวิทยาลัยอุบลราชธานี,วิทยาเขตหลัก,10180113301902A,0,C0001,คณะวิศวกรรมศาสตร์,วศ.บ.สาขาวิชาวิศวกรรมเมคคาทรอนิกส์และ ระบบอัตโนมัติ,Admissions,,,30,148,30,66.7500,53.5830
มหาวิทยาลัยอุบลราชธานี,วิทยาเขตหลัก,10180113303703A,0,C0001,คณะวิศวกรรมศาสตร์,วศ.บ.สาขาวิชาวิศวกรรมปัญญาประดิษฐ์และ การสั่งการ,Admissions,,,30,96,30,65.9580,33.7500
มหาวิทยาลัยอุบลราชธานี,วิทยาเขตหลัก,10180114620101A,0,C0001,คณะศิลปศาสตร์,ศศ.บ.สาขาวิชาการจัดการการท่องเที่ยวและ การบริการ,Admissions,,,30,133,30,99.5000,74.7500
มหาวิทยาลัยอุบลราชธานี,วิทยาเขตหลัก,10180114901105A,0,C0001,คณะศิลปศาสตร์,นศ.บ.สาขาวิชานิเทศศาสตร์,Admissions,,,20,210,20,98.2500,88.0000
มหาวิทยาลัยอุบลราชธานี,วิทยาเขตหลัก,10180114901421A,0,C0001,คณะศิลปศาสตร์,ศศ.บ.สาขาประวัติศาสตร์,Admissions,,,50,104,32,90.0000,0.0000
มหาวิทยาลัยอุบลราชธานี,วิทยาเขตหลัก,10180114901802A,0,C0001,คณะศิลปศาสตร์,ศศ.บ.สาขาวิชาภาษาจีนและการสื่อสาร,Admissions,,,15,108,15,99.7500,92.0000
มหาวิทยาลัยอุบลราชธานี,วิทยาเขตหลัก,10180114901903A,0,C0001,คณะศิลปศาสตร์,ศศ.บ.สาขาวิชาภาษาญี่ปุ่นและการสื่อสาร,Admissions,,,40,130,34,99.0000,68.7500
มหาวิทยาลัยอุบลราชธานี,วิทยาเขตหลัก,10180114902004A,0,C0001,คณะศิลปศาสตร์,ศศ.บ.สาขาวิชาภาษาไทยและการสื่อสาร,Admissions,,,35,204,37,98.0000,84.5000
มหาวิทยาลัยอุบลราชธานี,วิทยาเขตหลัก,10180114902507A,0,C0001,คณะศิลปศาสตร์,ศศ.บ.สาขาวิชาภาษาอังกฤษและการสื่อสาร,Admissions,,,20,242,21,100.0000,94.5000
มหาวิทยาลัยอุบลราชธานี,วิทยาเขตหลัก,10180114902508D,0,C0001,คณะศิลปศาสตร์,ศศ.บ.สาขาวิชาภาษาอังกฤษเพื่อธุรกิจในยุค ดิจิทัล (หลักสูตรภาษาอังกฤษ),Admissions,,,45,179,45,99.7500,72.7500
มหาวิทยาลัยอุบลราชธานี,วิทยาเขตหลัก,10180114903706A,0,C0001,คณะศิลปศาสตร์,ศศ.บ.สาขาวิชานวัตกรรมการพัฒนาสังคม,Admissions,,,50,124,40,93.5000,0.0000
มหาวิทยาลัยอุบลราชธานี,วิทยาเขตหลัก,10180117610101A,0,C0001,คณะบริหารศาสตร์,บธ.บ.วิชาเอกการเงินและการลงทุน,Admissions,,,50,159,50,100.0000,61.5000
มหาวิทยาลัยอุบลราชธานี,วิทยาเขตหลัก,10180117610202D,0,C0001,คณะบริหารศาสตร์,บธ.บ.วิชาเอกธุรกิจระหว่างประเทศ (ภาค ภาษาอังกฤษ),Admissions,,,30,76,13,89.5000,50.5000
มหาวิทยาลัยอุบลราชธานี,วิทยาเขตหลัก,10180117610203A,0,C0001,คณะบริหารศาสตร์,บธ.บ.วิชาเอกการจัดการธุรกิจ,Admissions,,,50,147,38,95.4500,53.2500
มหาวิทยาลัยอุบลราชธานี,วิทยาเขตหลัก,10180117610208A,0,C0001,คณะบริหารศาสตร์,บธ.บ.สาขาวิชาการจัดการโลจิสติกส์และโซ่ อุปทาน,Admissions,,,20,165,20,96.4000,85.5500
มหาวิทยาลัยอุบลราชธานี,วิทยาเขตหลัก,10180117610507A,0,C0001,คณะบริหารศาสตร์,บช.บ.,Admissions,,,20,145,20,84.7750,77.1750
มหาวิทยาลัยอุบลราชธานี,วิทยาเขตหลัก,10180117610604A,0,C0001,คณะบริหารศาสตร์,บธ.บ.วิชาเอกการตลาด (กลุ่มการตลาดดิจิทัล),Admissions,,,50,149,36,97.9000,54.8500
มหาวิทยาลัยอุบลราชธานี,วิทยาเขตหลัก,10180117620106A,0,C0001,คณะบริหารศาสตร์,บธ.บ.วิชาเอกการจัดการโรงแรมและการบริการ,Admissions,,,50,127,34,94.7500,56.2500
มหาวิทยาลัยอุบลราชธานี,วิทยาเขตหลัก,10180119112702A,0,C0001,วิทยาลัยแพทยศาสตร์และการ สาธารณสุข,ส.บ.สาขาวิชาสาธารณสุขศาสตร์,Admissions,,,10,77,10,42.7050,32.6425
มหาวิทยาลัยอุบลราชธานี,วิทยาเขตหลัก,10180119112703A,0,C0001,วิทยาลัยแพทยศาสตร์และการ สาธารณสุข,วท.บ.สาขาวิชาอนามัยสิ่งแวดล้อม,Admissions,,,30,75,30,32.4375,25.0875
มหาวิทยาลัยอุบลราชธานี,วิทยาเขตหลัก,10180120400502A,0,C0001,คณะศิลปประยุกต์และสถาปัตยกรรม ศาสตร์,สถ.บ.สาขาวิชาสถาปัตยกรรมศาสตร์,Admissions,,,10,120,10,96.0000,88.2500
มหาวิทยาลัยอุบลราชธานี,วิทยาเขตหลัก,10180120800101A,0,C0001,คณะศิลปประยุกต์และสถาปัตยกรรม ศาสตร์,ศป.บ.สาขาวิชาดิจิทัลอาร์ตและการออกแบบ,Admissions,,,10,69,10,93.2500,67.2500
มหาวิทยาลัยอุบลราชธานี,วิทยาเขตหลัก,10180121901001A,0,C0001,คณะนิติศาสตร์,น.บ.,Admissions,,,100,615,101,99.2500,89.5000
มหาวิทยาลัยอุบลราชธานี,วิทยาเขตหลัก,10180123900201A,0,C0001,คณะรัฐศาสตร์,"ร.บ.สาขาวิชารัฐศาสต์ร(วิชาเอกการปกครอง, วิชาเอกความสัมพันธ์ระหว่างประเทศ)",Admissions,,,60,353,61,99.5000,79.7500
มหาวิทยาลัยอุบลราชธานี,วิทยาเขตหลัก,10180123903102A,0,C0001,คณะรัฐศาสตร์,"รป.บ.สาขาวิชารัฐประศาสนศาสต์ร(วิชาเอก การบริหารรัฐกิจ, วิชาเอกนวัตกรรมการบริหาร ท้องถิ่น)",Admissions,,,60,201,60,98.5000,56.2500
มหาวิทยาลัยบูรพา,หลัก,10190102111101A,0,J0010,คณะเภสัชศาสตร์,หลักสูตรวิทยาศาสตรบัณฑิต(วท.บ.) สาขาวิชา วิทยาศาสตร์และเทคโนโลยีเครื่องสำอาง ภาค ปกติ,Admission,,0,100,476,100,56.4032,44.8384
มหาวิทยาลัยบูรพา,หลัก,10190104111701A,0,J0010,คณะพยาบาลศาสตร์,หลักสูตรพยาบาลศาสตรบัณฑิต(พย.บ.) ภาค ปกติ,Admission,,0,65,1298,65,64.2981,55.6594
มหาวิทยาลัยบูรพา,หลัก,10190104111702D,0,J0010,คณะพยาบาลศาสตร์,หลักสูตรพยาบาลศาสตรบัณฑิต(หลักสูตร ภาษาอังกฤษ) (พย.บ.) ภาคปกติ,Admission,,0,30,301,30,56.9666,51.0500
มหาวิทยาลัยบูรพา,หลัก,10190105113101A,0,J0010,คณะมนุษยศาสตร์และสังคมศาสตร์,หลักสูตรวิทยาศาสตรบัณฑิต(วท.บ.) สาขาวิชาจิตวิทยา ภาคปกติ,Admission,,0,40,457,40,67.4831,58.9225
มหาวิทยาลัยบูรพา,หลัก,10190105220101A,0,J0010,คณะมนุษยศาสตร์และสังคมศาสตร์,หลักสูตรวิทยาศาสตรบัณฑิต(วท.บ.) สาขาวิชาภูมิศาสตร์และภูมิสารสนเทศศาสต์รภาคปกติ,Admission,,0,138,424,138,54.5529,38.5557
มหาวิทยาลัยบูรพา,หลัก,10190105611101A,0,J0010,คณะมนุษยศาสตร์และสังคมศาสตร์,หลักสูตรเศรษฐศาสตรบัณฑิต(ศ.บ.) ภาคปกติ,Admission,,0,90,743,90,68.6518,52.8836
มหาวิทยาลัยบูรพา,หลัก,10190105901101A,0,J0010,คณะมนุษยศาสตร์และสังคมศาสตร์,หลักสูตรนิเทศศาสตรบัณฑิต(นศ.บ.) ภาคปกติ,Admission,,0,84,1589,84,75.5102,61.8158
มหาวิทยาลัยบูรพา,หลัก,10190105901201A,0,J0010,คณะมนุษยศาสตร์และสังคมศาสตร์,หลักสูตรศิลปศาสตรบัณฑิต(ศศ.บ.) สาขาวิชา สารสนเทศศึกษา ภาคปกติ,Admission,,0,30,696,30,75.7183,59.3581
มหาวิทยาลัยบูรพา,หลัก,10190105901401A,0,J0010,คณะมนุษยศาสตร์และสังคมศาสตร์,หลักสูตรศิลปศาสตรบัณฑิต(ศศ.บ.) สาขาวิชา ประวัติศาสต์รภาคปกติ,Admission,,0,45,610,45,61.6745,56.3624
มหาวิทยาลัยบูรพา,หลัก,10190105901501A,0,J0010,คณะมนุษยศาสตร์และสังคมศาสตร์,หลักสูตรศิลปศาสตรบัณฑิต(ศศ.บ.) สาขาวิชา ศาสนาและปรัชญา ภาคปกติ,Admission,,0,70,636,70,66.4703,54.6885
มหาวิทยาลัยบูรพา,หลัก,10190105901701A,0,J0010,คณะมนุษยศาสตร์และสังคมศาสตร์,หลักสูตรศิลปศาสตรบัณฑิต(ศศ.บ.) สาขาวิชา ภาษาเกาหีลภาคปกติ,Admission,,0,47,47,3,56.6116,51.7292
มหาวิทยาลัยบูรพา,หลัก,10190105901802A,0,J0010,คณะมนุษยศาสตร์และสังคมศาสตร์,หลักสูตรศิลปศาสตรบัณฑิต(ศศ.บ.) สาขาวิชา ภาษาจีนเพื่อการสื่อสาร ภาคปกิต(รูปแบบที่ 1),Admission,,0,32,449,32,71.9550,60.0168
มหาวิทยาลัยบูรพา,หลัก,10190105901803A,0,J0010,คณะมนุษยศาสตร์และสังคมศาสตร์,หลักสูตรศิลปศาสตรบัณฑิต(ศศ.บ.) สาขาวิชา ภาษาจีนเพื่อการสื่อสาร ภาคปกิต(รูปแบบที่ 2),Admission,,0,4,184,4,65.8764,62.6300
มหาวิทยาลัยบูรพา,หลัก,10190105901901A,0,J0010,คณะมนุษยศาสตร์และสังคมศาสตร์,หลักสูตรศิลปศาสตรบัณฑิต(ศศ.บ.) สาขาวิชา ภาษาญี่ปุ่นเพื่อการสื่อสารธุรกิจสากล ภาคปกติ,Admission,,0,15,410,15,77.3258,63.6956
มหาวิทยาลัยบูรพา,หลัก,10190105902001A,0,J0010,คณะมนุษยศาสตร์และสังคมศาสตร์,หลักสูตรศิลปศาสตรบัณฑิต(ศศ.บ.) สาขาวิชา ภาษาไทย ภาคปกติ,Admission,,0,50,577,50,70.0239,57.3344
มหาวิทยาลัยบูรพา,หลัก,10190105902402A,0,J0010,คณะมนุษยศาสตร์และสังคมศาสตร์,หลักสูตรศิลปศาสตรบัณฑิต(ศศ.บ.) สาขาวิชา ภาษาฝรั่งเศสเพื่อการสื่อสาร ภาคปกิต(รูปแบบที่ 1),Admission,,0,28,85,28,63.2780,45.3225
มหาวิทยาลัยบูรพา,หลัก,10190105902403A,0,J0010,คณะมนุษยศาสตร์และสังคมศาสตร์,หลักสูตรศิลปศาสตรบัณฑิต(ศศ.บ.) สาขาวิชา ภาษาฝรั่งเศสเพื่อการสื่อสาร ภาคปกิต(รูปแบบที่ 2),Admission,,0,28,180,28,66.4695,56.4999
มหาวิทยาลัยบูรพา,หลัก,10190105902501A,0,J0010,คณะมนุษยศาสตร์และสังคมศาสตร์,หลักสูตรศิลปศาสตรบัณฑิต(ศศ.บ.) สาขาวิชา ภาษาอังกฤษเพื่อการสื่อสาร ภาคปกติ,Admission,,0,100,1101,100,80.4138,65.1828
มหาวิทยาลัยบูรพา,หลัก,10190105903601A,0,J0010,คณะมนุษยศาสตร์และสังคมศาสตร์,หลักสูตรศิลปศาสตรบัณฑิต(ศศ.บ.) สาขาวิชา การจัดการทรัพยากรวัฒนธรรม ภาคปกติ,Admission,,0,45,686,45,64.5584,56.3136
มหาวิทยาลัยบูรพา,หลัก,10190105903602A,0,J0010,คณะมนุษยศาสตร์และสังคมศาสตร์,หลักสูตรศิลปศาสตรบัณฑิต(ศศ.บ.) สาขาวิชา การจัดการบริการสังคม ภาคปกติ,Admission,,0,45,648,45,62.8446,57.5480
มหาวิทยาลัยบูรพา,หลัก,10190107610501A,0,J0010,คณะบริหารธุรกิจ,หลักสูตรบัญชีบัณฑิต(บช.บ.) ภาคปกติ,Admission,,0,70,1422,70,78.7135,68.0660
มหาวิทยาลัยบูรพา,หลัก,10190107610801A,A,J0010,คณะบริหารธุรกิจ,หลักสูตรบริหารธุรกิจบัณฑิต(บธ.บ.) กลุ่ม วิชาการจัดการและนวัตกรรมทางธุรกิจ ภาค ปกติ,Admission,กลุ่มวิชาการ จัดการและนวัตกรรม ทางธุรกิจ,0,15,486,15,67.8815,56.6955
มหาวิทยาลัยบูรพา,หลัก,10190107610801A,B,J0010,คณะบริหารธุรกิจ,หลักสูตรบริหารธุรกิจบัณฑิต(บธ.บ.) กลุ่ม วิชาการตลาด ภาคปกติ,Admission,กลุ่ม วิชาการตลาด,0,15,621,15,73.1340,58.7290
มหาวิทยาลัยบูรพา,หลัก,10190107610801A,C,J0010,คณะบริหารธุรกิจ,หลักสูตรบริหารธุรกิจบัณฑิต(บธ.บ.) กลุ่มวิชา ธุรกิจระหว่างประเทศ ภาคปกติ,Admission,กลุ่มวิชา ธุรกิจ ระหว่าง ประเทศ,0,20,556,20,63.9600,55.1340
มหาวิทยาลัยบูรพา,หลัก,10190107610801A,D,J0010,คณะบริหารธุรกิจ,หลักสูตรบริหารธุรกิจบัณฑิต(บธ.บ.) กลุ่ม การเงิน ภาคปกติ,Admission,กลุ่มการเงิน,0,30,543,30,71.6495,59.3090
มหาวิทยาลัยบูรพา,หลัก,10190107610801A,E,J0010,คณะบริหารธุรกิจ,หลักสูตรบริหารธุรกิจบัณฑิต(บธ.บ.) กลุ่มการ จัดการทรัพยากรมนุษ์ยภาคปกติ,Admission,กลุ่มการ จัดการ ทรัพยากร มนุษย์,0,15,402,15,58.8960,53.0765
มหาวิทยาลัยบูรพา,หลัก,10190107620101A,0,J0010,คณะบริหารธุรกิจ,หลักสูตรบริหารธุรกิจบัณฑิต(บธ.บ.) สาขาวิชา การจัดการอุตสาหกรรมท่องเที่ยวและบริการ ภาคปกติ,Admission,,0,30,874,30,63.7305,52.6135
มหาวิทยาลัยบูรพา,หลัก,10190108901001A,0,J0010,คณะรัฐศาสตร์และนิติศาสตร์,หลักสูตรนิติศาสตรบัณฑิต(น.บ.) ภาคปกติ,Admission,,0,190,1995,190,74.1235,60.9395
มหาวิทยาลัยบูรพา,หลัก,10190108903101A,0,J0010,คณะรัฐศาสตร์และนิติศาสตร์,หลักสูตรรัฐประศาสนศาสตรบัณฑิต(รป.บ.) สาขาวิชาการบริหารงานท้องถิ่น ภาคปกติ,Admission,,0,80,683,80,65.5981,51.8756
มหาวิทยาลัยบูรพา,หลัก,10190108903102A,0,J0010,คณะรัฐศาสตร์และนิติศาสตร์,หลักสูตรรัฐประศาสนศาสตรบัณฑิต(รป.บ.) สาขาวิชาการบริหารทั่วไป ภาคปกติ,Admission,,0,150,843,150,70.9681,52.0069
มหาวิทยาลัยบูรพา,หลัก,10190108903201A,0,J0010,คณะรัฐศาสตร์และนิติศาสตร์,หลักสูตรรัฐศาสตรบัณฑิต(ร.บ.) ภาคปกติ,Admission,,0,120,855,120,67.2808,55.2707
มหาวิทยาลัยบูรพา,หลัก,10190109210301A,0,J0010,คณะวิทยาศาสตร์,หลักสูตรวิทยาศาสตรบัณฑิต(วท.บ.) สาขาวิชาคณิตศาสต์รภาคปกติ,Admission,,0,90,361,90,55.2095,34.4080
มหาวิทยาลัยบูรพา,หลัก,10190109210401A,0,J0010,คณะวิทยาศาสตร์,หลักสูตรวิทยาศาสตรบัณฑิต(วท.บ.) สาขาวิชา เคีมภาคปกติ,Admission,,0,49,499,49,48.8152,34.9747
มหาวิทยาลัยบูรพา,หลัก,10190109210501A,0,J0010,คณะวิทยาศาสตร์,หลักสูตรวิทยาศาสตรบัณฑิต(วท.บ.) สาขาวิชาจุลชีววิทยา ภาคปกติ,Admission,,0,40,390,40,50.4742,43.7962
มหาวิทยาลัยบูรพา,หลัก,10190109210601A,0,J0010,คณะวิทยาศาสตร์,หลักสูตรวิทยาศาสตรบัณฑิต(วท.บ.) สาขาวิชาชีวเคีมภาคปกติ,Admission,,0,62,475,62,48.5187,39.4983
มหาวิทยาลัยบูรพา,หลัก,10190109210701A,0,J0010,คณะวิทยาศาสตร์,หลักสูตรวิทยาศาสตรบัณฑิต(วท.บ.) สาขาวิชาชีววิทยา ภาคปกติ,Admission,,0,57,368,57,54.7814,43.4662
มหาวิทยาลัยบูรพา,หลัก,10190109211001A,0,J0010,คณะวิทยาศาสตร์,หลักสูตรวิทยาศาสตรบัณฑิต(วท.บ.) สาขาวิชา วิทยาศาสตร์และเทคโนโลยีอาหาร ภาคปกติ,Admission,,0,38,392,38,47.2343,42.3919
มหาวิทยาลัยบูรพา,หลัก,10190109211202A,0,J0010,คณะวิทยาศาสตร์,หลักสูตรวิทยาศาสตรบัณฑิต(วท.บ.) สาขาวิชา เทคโนโลยีชีวภาพและสิ่งแวดล้อม ภาคปกติ,Admission,,0,55,166,55,43.3015,35.4875
มหาวิทยาลัยบูรพา,หลัก,10190109212401A,0,J0010,คณะวิทยาศาสตร์,หลักสูตรวิทยาศาสตรบัณฑิต(วท.บ.) สาขาวิชา วิทยาศาสตร์เชิงสร้างสรรค์และนวัตกรรม ภาค ปกติ,Admission,,0,17,191,17,52.1827,47.2479
มหาวิทยาลัยบูรพา,หลัก,10190109212701A,0,J0010,คณะวิทยาศาสตร์,หลักสูตรวิทยาศาสตรบัณฑิต(วท.บ.) สาขาวิชาฟิสิกส์และเทคโนโลียภาคปกติ,Admission,,0,50,107,38,44.6461,30.3874
มหาวิทยาลัยบูรพา,หลัก,10190109212901A,0,J0010,คณะวิทยาศาสตร์,หลักสูตรวิทยาศาสตรบัณฑิต(วท.บ.) สาขาวิชา วาริชศาสต์รภาคปกติ,Admission,,0,62,265,62,57.6784,38.3108
มหาวิทยาลัยบูรพา,หลัก,10190109213301A,0,J0010,คณะวิทยาศาสตร์,หลักสูตรวิทยาศาสตรบัณฑิต(วท.บ.) สาขาวิชาสถิติประยุกต์และการจัดการข้อมูล ภาคปกติ,Admission,,0,100,448,100,45.3920,35.7790
มหาวิทยาลัยบูรพา,หลัก,10190109220301A,0,J0010,คณะวิทยาศาสตร์,หลักสูตรวิทยาศาสตรบัณฑิต(วท.บ.) สาขาวิชา วิทยาการข้อมูลและการวิเคราะห์ข้อมูล ภาค ปกติ,Admission,,0,33,294,33,48.6026,40.1708
มหาวิทยาลัยบูรพา,หลัก,10190110220101A,0,J0010,คณะวิทยาการสารสนเทศ,หลักสูตรวิทยาศาสตรบัณฑิต(วท.บ.) สาขาวิชา เทคโนโลยีสารสนเทศเพื่ออุตสาหกรรมดิจิทัล ภาคปกติ,Admission,,0,25,204,25,57.6912,50.3994
มหาวิทยาลัยบูรพา,หลัก,10190110220201A,0,J0010,คณะวิทยาการสารสนเทศ,หลักสูตรวิทยาศาสตรบัณฑิต(วท.บ.) สาขาวิชา วิทยาการคอมพิวเตอ์รภาคปกติ,Admission,,0,15,151,15,62.6038,50.7155
มหาวิทยาลัยบูรพา,หลัก,10190110220301A,0,J0010,คณะวิทยาการสารสนเทศ,หลักสูตรวิทยาศาสตรบัณฑิต(วท.บ.) สาขาวิชาปัญญาประดิษฐ์ประยุกต์และเทคโนโลยีอัจฉริยะ ภาคปกติ,Admission,,0,25,236,25,62.3109,50.1487
มหาวิทยาลัยบูรพา,หลัก,10190110220401A,0,J0010,คณะวิทยาการสารสนเทศ,หลักสูตรวิทยาศาสตรบัณฑิต(วท.บ.) สาขาวิชา วิศวกรรมซอฟต์แว์รภาคปกติ,Admission,,0,30,208,30,63.5524,48.0689
มหาวิทยาลัยบูรพา,หลัก,10190111300601A,0,J0010,คณะวิศวกรรมศาสตร์,หลักสูตรวิศวกรรมศาสตรบัณฑิต(วศ.บ.) สาขาวิชาวิศวกรรมเคีมภาคปกติ,Admission,,0,37,459,37,43.1751,35.2441
มหาวิทยาลัยบูรพา,หลัก,10190111300701A,0,J0010,คณะวิศวกรรมศาสตร์,หลักสูตรวิศวกรรมศาสตรบัณฑิต(วศ.บ.) สาขาวิชาวิศวกรรมเครื่องกล ภาคปกติ,Admission,,0,36,372,36,42.0013,37.8359
มหาวิทยาลัยบูรพา,หลัก,10190111301601A,0,J0010,คณะวิศวกรรมศาสตร์,หลักสูตรวิศวกรรมศาสตรบัณฑิต(วศ.บ.) สาขาวิชาวิศวกรรมไฟฟ้า ภาคปกติ,Admission,,0,15,351,15,45.9829,40.9650
มหาวิทยาลัยบูรพา,หลัก,10190111302101A,0,J0010,คณะวิศวกรรมศาสตร์,หลักสูตรวิศวกรรมศาสตรบัณฑิต(วศ.บ.) สาขาวิชาวิศวกรรมโยธา ภาคปกติ,Admission,,0,30,412,30,48.0058,40.4713
มหาวิทยาลัยบูรพา,หลัก,10190111302501A,0,J0010,คณะวิศวกรรมศาสตร์,หลักสูตรวิศวกรรมศาสตรบัณฑิต(วศ.บ.) สาขาวิชาวิศวกรรมวัสุดภาคปกติ,Admission,,0,65,417,65,43.7397,36.7481
มหาวิทยาลัยบูรพา,หลัก,10190111302801A,0,J0010,คณะวิศวกรรมศาสตร์,หลักสูตรวิศวกรรมศาสตรบัณฑิต(วศ.บ.) สาขาวิชาวิศวกรรมสิ่งแวดล้อม ภาคปกติ,Admission,,0,26,532,26,42.0417,38.9969
มหาวิทยาลัยบูรพา,หลัก,10190111302901A,0,J0010,คณะวิศวกรรมศาสตร์,หลักสูตรวิศวกรรมศาสตรบัณฑิต(วศ.บ.) สาขาวิชาวิศวกรรมหุ่นยนต์และระบบอัตโนมัติ อุตสาหกรรม ภาคปกติ,Admission,,0,50,70,32,33.9200,17.1250
มหาวิทยาลัยบูรพา,หลัก,10190111303402A,0,J0010,คณะวิศวกรรมศาสตร์,หลักสูตรวิศวกรรมศาสตรบัณฑิต(วศ.บ.) สาขาวิชาวิศวกรรมระบบสมองกลฝังตัว ภาค ปกติ,Admission,,0,45,205,45,45.7883,36.7999
มหาวิทยาลัยบูรพา,หลัก,10190111303501A,0,J0010,คณะวิศวกรรมศาสตร์,หลักสูตรวิศวกรรมศาสตรบัณฑิต(วศ.บ.) สาขาวิชาวิศวกรรมอุตสาหการ ภาคปกติ,Admission,,0,30,422,30,45.2917,40.5718
มหาวิทยาลัยบูรพา,หลัก,10190112112501A,0,J0010,คณะสาธารณสุขศาสตร์,หลักสูตรวิทยาศาสตรบัณฑิต(วท.บ.) สาขาวิชาสุขศึกษาและการส่งเสริมสุขภาพ ภาคปกติ,Admission,,0,20,281,20,39.6200,31.9350
มหาวิทยาลัยบูรพา,หลัก,10190112112701A,0,J0010,คณะสาธารณสุขศาสตร์,หลักสูตรสาธารณสุขศาสตรบัณฑิต(ส.บ.) สาขาวิชาการสาธารณสุขชุมชน ภาคปกติ,Admission,,0,15,329,15,35.6500,32.3000
มหาวิทยาลัยบูรพา,หลัก,10190112112702A,0,J0010,คณะสาธารณสุขศาสตร์,หลักสูตรวิทยาศาสตรบัณฑิต(วท.บ.) สาขาวิชาสุขศาสตร์อุตสาหกรรมและความ ปลอดภัย ภาคปกติ,Admission,,0,20,389,20,40.1250,34.5850
มหาวิทยาลัยบูรพา,หลัก,10190112112703A,0,J0010,คณะสาธารณสุขศาสตร์,หลักสูตรวิทยาศาสตรบัณฑิต(วท.บ.) สาขาวิชาอนามัยสิ่งแวดล้อม ภาคปกติ,Admission,,0,20,461,20,35.3500,31.8000
มหาวิทยาลัยบูรพา,หลัก,10190113800101A,0,J0010,คณะศิลปกรรมศาสตร์,หลักสูตรศิลปกรรมศาสตรบัณฑิต(ศป.บ.) สาขาวิชานิเทศศิล์ปภาคปกติ,Admission,,0,13,130,13,70.3734,62.0916
มหาวิทยาลัยบูรพา,หลัก,10190113800101B,0,J0010,คณะศิลปกรรมศาสตร์,หลักสูตรศิลปกรรมศาสตรบัณฑิต(ศป.บ.) สาขาวิชานิเทศศิล์ปภาคพิเศษ,Admission,,0,25,107,25,59.4294,46.8276
มหาวิทยาลัยบูรพา,หลัก,10190113800102A,0,J0010,คณะศิลปกรรมศาสตร์,หลักสูตรศิลปกรรมศาสตรบัณฑิต(ศป.บ.) สาขาวิชาออกแบบเซรามิก์สภาคปกติ,Admission,,0,10,67,10,77.2642,50.9750
มหาวิทยาลัยบูรพา,หลัก,10190113800103A,0,J0010,คณะศิลปกรรมศาสตร์,หลักสูตรศิลปกรรมศาสตรบัณฑิต(ศป.บ.) สาขาวิชาการออกแบบผลิตภัณฑ์ภาคปกติ,Admission,,0,10,102,10,62.0394,54.0254
มหาวิทยาลัยบูรพา,หลัก,10190113800301A,A,J0010,คณะศิลปกรรมศาสตร์,หลักสูตรศิลปกรรมศาสตรบัณฑิต(ศป.บ.) สาขาวิชาครีเอทีฟอาร์ต และกราฟิกครีเอทีฟ กลุ่มครีเอทีฟอาร์ต ภาคปกติ,Admission,กลุ่มครีเอ ทีฟอาร์ต ภาคปกติ,0,5,81,5,70.8054,59.7972
มหาวิทยาลัยบูรพา,หลัก,10190113800301A,B,J0010,คณะศิลปกรรมศาสตร์,หลักสูตรศิลปกรรมศาสตรบัณฑิต(ศป.บ.) สาขาวิชาครีเอทีฟอาร์ต และกราฟิกครีเอทีฟ กลุ่มกราฟิกครีเอทีฟ ภาคปกติ,Admission,กลุ่ม กราฟิกครีเอ ทีฟ ภาคปกติ,0,1,61,1,63.7808,63.7808
มหาวิทยาลัยบูรพา,หลัก,10190113800302A,0,J0010,คณะศิลปกรรมศาสตร์,หลักสูตรศิลปกรรมศาสตรบัณฑิต(ศป.บ.) สาขาวิชาจิตรกรรมสร้างสรร์คภาคปกติ,Admission,,0,3,86,3,63.2342,59.9190
มหาวิทยาลัยบูรพา,หลัก,10190114800201A,A,J0010,คณะดนตรีและการแสดง,หลักสูตรศิลปกรรมศาสตรบัณฑิต(ศป.บ.) สาขาวิชาดนตีรเอกดนตรีไทย ภาคปกติ,Admission,เอกดนตีรไทย ภาคปกติ,0,10,39,10,56.1462,40.4440
มหาวิทยาลัยบูรพา,หลัก,10190114800201A,B,J0010,คณะดนตรีและการแสดง,หลักสูตรศิลปกรรมศาสตรบัณฑิต(ศป.บ.) สาขาวิชาดนตีรเอกดนตรีสากล ภาคปกติ,Admission,เอกดนตีรสากล ภาค ปกติ,0,1,35,1,62.0506,62.0506
มหาวิทยาลัยบูรพา,หลัก,10190114800401A,A,J0010,คณะดนตรีและการแสดง,หลักสูตรศิลปกรรมศาสตรบัณฑิต(ศป.บ.) สาขาวิชาศิลปะการแสดง เอกนาฏศิลป์และ การกำกับลีลา ภาคปกติ,Admission,เอก นาฏศิล์ปและการ กำกับลีลา ภาคปกติ,0,1,31,1,78.8982,78.8982
มหาวิทยาลัยบูรพา,หลัก,10190114800401A,B,J0010,คณะดนตรีและการแสดง,หลักสูตรศิลปกรรมศาสตรบัณฑิต(ศป.บ.) สาขาวิชาศิลปะการแสดง เอกศิลปะการละคร ภาคปกติ,Admission,เอกศิลปะ การละคร ภาคปกติ,0,5,72,5,82.9823,79.8272
มหาวิทยาลัยบูรพา,หลัก,10190114900101A,0,J0010,คณะดนตรีและการแสดง,หลักสูตรศิลปศาสตรบัณฑิต(ศศ.บ.) สาขาวิชา การจัดการผลิตสื่อและอุตสาหกรรมสร้างสรร์คภาคปกติ,Admission,,0,7,479,7,77.1495,66.5535
มหาวิทยาลัยบูรพา,หลัก,10190115700201A,0,J0010,คณะศึกษาศาสตร์,หลักสูตรการศึกษาบัณฑิต(กศ.บ.) สาขาวิชา การประถมศึกษา จิตวิทยาและการแนะแนว (หลักสูตร 4 ปี) ภาคปกติ,Admission,,0,10,642,10,76.2388,73.1066
มหาวิทยาลัยบูรพา,หลัก,10190115700601A,0,J0010,คณะศึกษาศาสตร์,หลักสูตรการศึกษาบัณฑิต(กศ.บ.) สาขาวิชา การศึกษาปฐมวัย (หลักสูตร 4 ปี) ภาคปกติ,Admission,,0,26,713,26,75.8374,70.3398
มหาวิทยาลัยบูรพา,หลัก,10190115700801A,0,J0010,คณะศึกษาศาสตร์,หลักสูตรการศึกษาบัณฑิต(กศ.บ.) สาขาวิชา คณิตศาสต์ร(หลักสูตร 4 ปี) ภาคปกติ,Admission,,0,18,124,18,68.6092,63.9750
มหาวิทยาลัยบูรพา,หลัก,10190115701001A,0,J0010,คณะศึกษาศาสตร์,หลักสูตรการศึกษาบัณฑิต(กศ.บ.) สาขาวิชา เคีม(หลักสูตร 4 ปี) ภาคปกติ,Admission,,0,31,95,30,67.7412,44.6101
มหาวิทยาลัยบูรพา,หลัก,10190115701301A,0,J0010,คณะศึกษาศาสตร์,หลักสูตรการศึกษาบัณฑิต(กศ.บ.) สาขาวิชา ชีววิทยา (หลักสูตร 4 ปี) ภาคปกติ,Admission,,0,22,217,22,65.7582,60.5500
มหาวิทยาลัยบูรพา,หลัก,10190115701502A,0,J0010,คณะศึกษาศาสตร์,หลักสูตรการศึกษาบัณฑิต(กศ.บ.) สาขาวิชา เทคโนโลยีดิจิทัลเพื่อการศึกษาและ คอมพิวเตอร์ศึกษา (หลักสูตร 4 ปี) ภาคปกิต(รูปแบบที่ 1),Admission,,0,30,221,30,67.4250,59.4612
มหาวิทยาลัยบูรพา,หลัก,10190115701503A,0,J0010,คณะศึกษาศาสตร์,หลักสูตรการศึกษาบัณฑิต(กศ.บ.) สาขาวิชา เทคโนโลยีดิจิทัลเพื่อการศึกษาและ คอมพิวเตอร์ศึกษา (หลักสูตร 4 ปี) ภาคปกิต(รูปแบบที่ 2),Admission,,0,62,423,62,59.6519,46.6716
มหาวิทยาลัยบูรพา,หลัก,10190115701801A,0,J0010,คณะศึกษาศาสตร์,หลักสูตรการศึกษาบัณฑิต(กศ.บ.) สาขาวิชา ฟิสิก์ส(หลักสูตร 4 ปี) ภาคปกติ,Admission,,0,31,265,31,69.2359,57.6885
มหาวิทยาลัยบูรพา,หลัก,10190115702001A,0,J0010,คณะศึกษาศาสตร์,หลักสูตรการศึกษาบัณฑิต(กศ.บ.) สาขาวิชา ภาษาจีน (หลักสูตร 5 ปี) ภาคปกติ,Admission,,0,37,68,22,67.6558,46.7244
มหาวิทยาลัยบูรพา,หลัก,10190115702502A,0,J0010,คณะศึกษาศาสตร์,หลักสูตรการศึกษาบัณฑิต(กศ.บ.) สาขาวิชา ศิลปศึกษา (หลักสูตร 4 ปี) ภาคปกติ,Admission,,0,7,50,7,66.5462,62.0102
มหาวิทยาลัยบูรพา,หลัก,10190115702701A,0,J0010,คณะศึกษาศาสตร์,หลักสูตรการศึกษาบัณฑิต(กศ.บ.) สาขาวิชา สังคมศึกษา (หลักสูตร 4 ปี) ภาคปกติ,Admission,,0,11,268,11,73.2492,67.2460
มหาวิทยาลัยบูรพา,หลัก,10190115702801A,0,J0010,คณะศึกษาศาสตร์,หลักสูตรการศึกษาบัณฑิต(กศ.บ.) สาขาวิชา พลศึกษา (หลักสูตร 4 ปี) ภาคปกติ,Admission,,0,13,467,13,69.7490,65.8252
มหาวิทยาลัยบูรพา,หลัก,10190116210201A,0,J0010,คณะโลจิสติกส์,หลักสูตรวิทยาศาสตรบัณฑิต(วท.บ.) สาขาวิชา วิทยาการเดินเรือ (หลักสูตร 5 ปี) ภาคปกติ,Admission,,0,35,263,35,55.3354,40.4502
มหาวิทยาลัยบูรพา,หลัก,10190116210202A,A,J0010,คณะโลจิสติกส์,หลักสูตรวิทยาศาสตรบัณฑิต(วท.บ.) สาขาวิชาการจัดการโลจิสติกส์และโซ่อุปทาน แขนงวิชาวิศวกรรมโซ่อุปทาน ภาคปกติ,Admission,แขนงวิชา วิศวกรรมโซ่ อุปทาน ภาคปกติ,0,53,495,53,51.3614,41.3905
มหาวิทยาลัยบูรพา,หลัก,10190116611002A,B,J0010,คณะโลจิสติกส์,หลักสูตรวิทยาศาสตรบัณฑิต(วท.บ.) สาขาวิชาการจัดการโลจิสติกส์และโซ่อุปทาน แขนงวิชาการค้าและโลจิสติกส์ระหว่างประเทศ ภาคปกติ,Admission,แขนง วิชาการค้า และโลิจสติก์สระหว่าง ประเทศ ภาคปกติ,0,47,520,47,74.2925,59.8020
มหาวิทยาลัยบูรพา,หลัก,10190116611002A,C,J0010,คณะโลจิสติกส์,หลักสูตรวิทยาศาสตรบัณฑิต(วท.บ.) สาขาวิชาการจัดการโลจิสติกส์และโซ่อุปทาน แขนงวิชาการจัดการโลจิสติก์สภาคปกติ,Admission,แขนง วิชาการ จัดการโลิจสติก์สภาค ปกติ,0,58,681,58,74.3150,57.7420
มหาวิทยาลัยบูรพา,หลัก,10190116611002A,D,J0010,คณะโลจิสติกส์,หลักสูตรวิทยาศาสตรบัณฑิต(วท.บ.) สาขาวิชาการจัดการโลจิสติกส์และโซ่อุปทาน แขนงวิชาการจัดการอุตสาหกรรมพาณิชยนาวี ภาคปกติ,Admission,แขนง วิชาการ จัดการ อุตสาหกรรม พาณิชยนาวี ภาคปกติ,0,39,493,39,78.3440,56.2040
มหาวิทยาลัยบูรพา,หลัก,10190116611002A,E,J0010,คณะโลจิสติกส์,หลักสูตรวิทยาศาสตรบัณฑิต(วท.บ.) สาขาวิชาการจัดการโลจิสติกส์และโซ่อุปทาน แขนงวิชาสมาร์ทฟาร์มมิ่งและโซ่อุปทาน อัจฉริยะ ภาคปกติ,Admission,แขนงวิชา สมาร์ท ฟาร์มมิ่งและ โซ่อุปทาน อัจฉริยะ ภาคปกติ,0,60,330,60,58.2890,42.9735
มหาวิทยาลัยบูรพา,หลัก,10190116611002A,G,J0010,คณะโลจิสติกส์,หลักสูตรวิทยาศาสตรบัณฑิต(วท.บ.) สาขาวิชาการจัดการโลจิสติกส์และโซ่อุปทาน แขนงวิชาการจัดการการบิน ภาคปกติ,Admission,แขนง วิชาการ จัดการการ บิน ภาคปกติ,0,58,285,58,75.9165,49.0275
มหาวิทยาลัยบูรพา,หลัก,10190117112001A,0,J0010,คณะวิทยาศาสตร์การกีฬา,หลักสูตรวิทยาศาสตรบัณฑิต(วท.บ.) สาขาวิชา วิทยาศาสตร์การออกกำลังกายและการกีฬา ภาคปกติ,Admission,,0,35,386,35,57.9625,47.6493
มหาวิทยาลัยบูรพา,หลัก,10190117900101A,0,J0010,คณะวิทยาศาสตร์การกีฬา,หลักสูตรศิลปศาสตรบัณฑิต(ศศ.บ.) สาขาวิชา การจัดการกีฬาและการเป็นผู้ฝึกสอนกีฬา ภาค ปกติ,Admission,,0,15,191,15,50.3454,45.1083
มหาวิทยาลัยบูรพา,หลัก,10190117903801A,0,J0010,คณะวิทยาศาสตร์การกีฬา,หลักสูตรศิลปศาสตรบัณฑิต(ศศ.บ.) สาขาวิชา สื่อสารทางกีฬา ภาคปกติ,Admission,,0,46,234,46,58.5700,46.2320
มหาวิทยาลัยบูรพา,หลัก,10190118610801E,B,J0010,วิทยาลัยนานาชาติ,หลักสูตรบริหารธุรกิจบัณฑิต(บธ.บ.) สาขาวิชาบริหารธุรกิจ กลุ่มวิชาการจัดการ ธุรกิจระหว่างประเทศ (หลักสูตรนานาชาต)ิ ภาคปกติ,Admission,กลุ่มวิชาการ จัดการธุรกิจ ระหว่าง ประเทศ (หลักสูตร นานาชาติ) ภาคปกติ,0,60,523,60,61.9053,49.1387
มหาวิทยาลัยบูรพา,หลัก,10190118610801E,C,J0010,วิทยาลัยนานาชาติ,หลักสูตรบริหารธุรกิจบัณฑิต(บธ.บ.) สาขาวิชาบริหารธุรกิจ กลุ่มวิชาการตลาด ดิจิทัลและสร้างสรร์ค(หลักสูตรนานาชาต)ิ ภาคปกติ,Admission,กลุ่ม วิชาการ ตลาดดิจิทัล และ สร้างสรร์ค(หลักสูตร นานาชาติ) ภาคปกติ,0,25,349,25,65.8358,52.1047
มหาวิทยาลัยบูรพา,หลัก,10190118610801E,D,J0010,วิทยาลัยนานาชาติ,หลักสูตรบริหารธุรกิจบัณฑิต(บธ.บ.) สาขาวิชาบริหารธุรกิจ กลุ่มวิชาการเงินและ การลงทุนที่ยงั่ยืน (หลักสูตรนานาชาต)ิ ภาคปกติ,Admission,กลุ่มวิชาการ เงินและการ ลงทุนที่ ยงั่ยืน (หลักสูตร นานาชาติ),0,20,144,20,64.0546,46.0408
มหาวิทยาลัยบูรพา,หลัก,10190118611002E,0,J0010,วิทยาลัยนานาชาติ,หลักสูตรบริหารธุรกิจบัณฑิต(บธ.บ.) สาขาวิชา การจัดการโลจิสติกส์และโซ่อุปทาน (หลักสูตร นานาชาติ) ภาคปกติ,Admission,,0,60,312,60,73.8841,47.0749
มหาวิทยาลัยบูรพา,หลัก,10190118620102E,0,J0010,วิทยาลัยนานาชาติ,หลักสูตรบริหารธุรกิจบัณฑิต(บธ.บ.) สาขาวิชา การจัดการการบริการ การบิน และอีเว้น์ทระดับสากล (หลักสูตรนานาชาต)ิ ภาคปกติ,Admission,,0,50,288,50,72.0308,47.4733
มหาวิทยาลัยบูรพา,หลัก,10190118900102E,0,J0010,วิทยาลัยนานาชาติ,หลักสูตรศิลปศาสตรบัณฑิต(ศศ.บ.) สาขาวิชา การสื่อสารธุรกิจสากลและสื่อสื่อดิจิทัล (หลักสูตรนานาชาต)ิ ภาคปกติ,Admission,,0,60,116,51,66.9718,30.2752
มหาวิทยาลัยบูรพา,หลัก,10190119110101A,0,J0010,คณะสหเวชศาสตร์,หลักสูตรวิทยาศาสตรบัณฑิต(วท.บ.) สาขาวิชากายภาพบำบัด ภาคปกติ,Admission,,0,30,1089,30,59.7382,55.6134
มหาวิทยาลัยบูรพา,หลัก,10190119110801A,0,J0010,คณะสหเวชศาสตร์,หลักสูตรการแพทย์แผนไทยประยุกต์บัณฑิต(พทป.บ.) ภาคปกติ,Admission,,0,25,312,25,55.4086,50.4690
มหาวิทยาลัยบูรพา,หลัก,10190119111302A,0,J0010,คณะสหเวชศาสตร์,หลักสูตรเทคนิคการแพทยบัณฑิต(ทพ.บ.) ภาคปกติ,Admission,,0,45,1213,45,51.2796,45.5450
มหาวิทยาลัยบูรพา,หลัก,10190119111801A,0,J0010,คณะสหเวชศาสตร์,หลักสูตรวิทยาศาสตรบัณฑิต(วท.บ.) สาขาวิชา โภชนาการและการกำหนดอาหาร ภาคปกติ,Admission,,0,60,321,60,56.9270,45.0232
มหาวิทยาลัยบูรพา,หลัก,10190119112101A,0,J0010,คณะสหเวชศาสตร์,หลักสูตรวิทยาศาสตรบัณฑิต(วท.บ.) สาขาวิชา วิทยาศาสตร์การแพท์ยภาคปกติ,Admission,,0,65,446,65,56.3094,47.5361
มหาวิทยาลัยบูรพา,หลัก,10190119112102A,0,J0010,คณะสหเวชศาสตร์,หลักสูตรวิทยาศาสตรบัณฑิต(วท.บ.) สาขาวิชาพยาธิวิทยากายวิภาค ภาคปกติ,Admission,,0,65,544,65,61.5982,52.6638
มหาวิทยาลัยบูรพา,หลัก,10190125120101A,0,J0010,คณะทันตแพทยศาสตร์,หลักสูตรทันตแพทยศาสตรบัณฑิต(ท.บ.) ภาค ปกติ,Admission,,0,14,328,14,64.7139,62.1253
มหาวิทยาลัยบูรพา,จันทบุรี,10190220220101A,0,J0010,คณะวิทยาศาตร์และศิลปศาสตร์,หลักสูตรวิทยาศาสตรบัณฑิต(วท.บ.) สาขาวิชา เทคโนโลยีสารสนเทศและวิทยาการข้อมูล ภาค ปกติ,Admission,,0,80,40,10,53.4418,31.3838
มหาวิทยาลัยบูรพา,จันทบุรี,10190220500401A,A,J0010,คณะวิทยาศาตร์และศิลปศาสตร์,หลักสูตรวิทยาศาสตรบัณฑิต(วท.บ.) สาขาวิชา เทคโนโลยีการเกษตรสมัยให่มกลุ่มวิชา เทคโนโลยีและการจัดการไม้ผล ภาคปกติ,Admission,กลุ่มวิชา เทคโนโลียและการ จัดการไม้ผล ภาคปกติ,0,30,5,2,43.4739,34.3018
มหาวิทยาลัยบูรพา,จันทบุรี,10190220500401A,C,J0010,คณะวิทยาศาตร์และศิลปศาสตร์,หลักสูตรวิทยาศาสตรบัณฑิต(วท.บ.) สาขาวิชา เทคโนโลยีการเกษตรสมัยให่มกลุ่มวิชาเกษตร อุตสาหกรรม ภาคปกติ,Admission,กลุ่มวิชา เกษตร อุตสาหกรรม ภาคปกติ,0,30,1,0,0.0000,0.0000
มหาวิทยาลัยบูรพา,จันทบุรี,10190220500401A,D,J0010,คณะวิทยาศาตร์และศิลปศาสตร์,หลักสูตรวิทยาศาสตรบัณฑิต(วท.บ.) สาขาวิชา เทคโนโลยีการเกษตรสมัยให่มกลุ่มวิชา เทคโนโลยีและการจัดการธุรกิจเกษตร ภาคปกติ,Admission,เทคโนโลียและการ จัดการธุรกิจ เกษตร ภาค ปกติ,0,30,1,0,0.0000,0.0000
มหาวิทยาลัยบูรพา,จันทบุรี,10190220610801A,C,J0010,คณะวิทยาศาตร์และศิลปศาสตร์,หลักสูตรบริหารธุรกิจบัณฑิต(บธ.บ.)กลุ่ม วิชาการตลาดดิจิทัลและการประกอบธุรกิจ สมัยให่มภาคปกติ,Admission,กลุ่ม วิชาการ ตลาดดิจิทัล และการ ประกอบ ธุรกิจ สมัยให่มภาคปกติ,0,80,103,26,59.5297,34.5988
มหาวิทยาลัยบูรพา,จันทบุรี,10190220610801A,D,J0010,คณะวิทยาศาตร์และศิลปศาสตร์,หลักสูตรบริหารธุรกิจบัณฑิต(บธ.บ.)กลุ่ม วิชาการจัดการโลจิสติกส์และการค้าชายแดน ภาคปกติ,Admission,กลุ่มวิชาการ จัดการโลิจสติกส์และ การค้า ชายแดน ภาคปกติ,0,100,100,38,53.6433,32.2644
มหาวิทยาลัยบูรพา,จันทบุรี,10190220902501A,0,J0010,คณะวิทยาศาตร์และศิลปศาสตร์,หลักสูตรศิลปศาสตรบัณฑิต(ศศ.บ.) สาขาวิชา ภาษาอังกฤษเพื่อการสื่อสารทางธุรกิจ ภาคปกติ,Admission,,0,100,241,70,64.2353,38.3649
มหาวิทยาลัยบูรพา,จันทบุรี,10190221213001A,0,J0010,คณะเทคโนโลยีทางทะเล,หลักสูตรวิทยาศาสตรบัณฑิต(วท.บ.) สาขาวิชา เทคโนโลยีทางทะเล ภาคปกติ,Admission,,0,60,222,60,61.5040,39.3057
มหาวิทยาลัยบูรพา,จันทบุรี,10190222213401A,A,J0010,คณะอัญมณี,หลักสูตรวิทยาศาสตรบัณฑิต(วท.บ.) สาขาวิชา เทคโนโลยีอัญมณีและเครื่องประดับ กลุ่ม วิชาอัญมณีศาสต์รภาคปกติ,Admission,กลุ่มวิชาอัญ มณีศาสต์รภาคปกติ,0,40,15,4,65.8372,38.5246
มหาวิทยาลัยบูรพา,จันทบุรี,10190222213401A,B,J0010,คณะอัญมณี,หลักสูตรวิทยาศาสตรบัณฑิต(วท.บ.) สาขาวิชา เทคโนโลยีอัญมณีและเครื่องประดับ กลุ่มวิชา เทคโนโลยีการผลิตเครื่องประดับ ภาคปกติ,Admission,กลุ่มวิชา เทคโนโลียการผลิต เครื่องประดับ ภาคปกติ,0,40,11,3,48.4426,40.2741
มหาวิทยาลัยบูรพา,จันทบุรี,10190222800101A,0,J0010,คณะอัญมณี,หลักสูตรศิลปกรรมศาสตรบัณฑิต(ศป.บ.) สาขาวิชาการออกแบบเครื่องประดับ ภาคปกติ,Admission,,0,40,42,12,64.3900,39.6508
มหาวิทยาลัยบูรพา,สระแก้ว,10190323210101A,0,J0010,คณะวิทยาศาตร์และสังคมศาสตร์,หลักสูตรวิทยาศาสตรบัณฑิต(วท.บ.) สาขาวิชาการจัดการสิ่งแวดล้อมอุตสาหกรรม ภาคปกติ,Admission,,0,35,12,4,52.7438,48.4502
มหาวิทยาลัยบูรพา,สระแก้ว,10190323220101A,0,J0010,คณะวิทยาศาตร์และสังคมศาสตร์,หลักสูตรวิทยาศาสตรบัณฑิต(วท.บ.) สาขาวิชา เทคโนโลยีสารสนเทศและนวัตกรรมทางธุรกิจ ภาคปกติ,Admission,,0,60,16,2,43.6551,41.8870
มหาวิทยาลัยบูรพา,สระแก้ว,10190323611001A,0,J0010,คณะวิทยาศาตร์และสังคมศาสตร์,หลักสูตรบริหารธุรกิจบัณฑิต(บธ.บ.) สาขาวิชา การจัดการโลจิสติกส์และโซ่อุปทานสีเขียว ภาคปกติ,Admission,,0,60,111,40,58.4880,29.9105
มหาวิทยาลัยบูรพา,สระแก้ว,10190323903101A,0,J0010,คณะวิทยาศาตร์และสังคมศาสตร์,หลักสูตรรัฐประศาสนศาสตรบัณฑิต(รป.บ.) สาขาวิชารัฐประศาสนศาสต์รภาคปกติ,Admission,,0,35,33,12,50.2623,38.7244
มหาวิทยาลัยบูรพา,สระแก้ว,10190324500201A,A,J0010,คณะเทคโนโลยีการเกษตร,หลักสูตรวิทยาศาสตรบัณฑิต(วท.บ.) สาขาวิชานวัตกรรมเกษตร กลุ่มนวัตกรรมการ ผลิตพืช ภาคปกติ,Admission,กลุ่ม นวัตกรรม การผลิตพืช ภาคปกติ,0,25,16,0,0.0000,0.0000
มหาวิทยาลัยบูรพา,สระแก้ว,10190324500201A,B,J0010,คณะเทคโนโลยีการเกษตร,หลักสูตรวิทยาศาสตรบัณฑิต(วท.บ.) สาขาวิชานวัตกรรมเกษตร กลุ่มนวัตกรรมการ ผลิตสัต์วภาคปกติ,Admission,กลุ่ม นวัตกรรม การผลิตสัต์วภาคปกติ,0,25,10,2,65.1107,35.9476
มหาวิทยาลัยบูรพา,สระแก้ว,10190324501102A,A,J0010,คณะเทคโนโลยีการเกษตร,หลักสูตรวิทยาศาสตรบัณฑิต(วท.บ.) สาขาวิชาพัฒนาผลิตภัณฑ์อาหารและ ผลิตภัณฑ์ธรรมชาติ กลุ่มพัฒนาผลิตภัณ์ฑอาหารและอุตสาหกรรม ภาคปกติ,Admission,กลุ่มพัฒนา ผลิตภัณ์ฑอาหารและอุตสาหกรรม ภาคปกติ,0,30,7,1,41.5792,41.5792
มหาวิทยาลัยบูรพา,สระแก้ว,10190324501102A,B,J0010,คณะเทคโนโลยีการเกษตร,หลักสูตรวิทยาศาสตรบัณฑิต(วท.บ.) สาขาวิชาพัฒนาผลิตภัณฑ์อาหารและ ผลิตภัณฑ์ธรรมชาติ กลุ่มพัฒนาเภสัชสมุนไพร และผลิตภัณฑ์ธรรมชาติ ภาคปกติ,Admission,กลุ่มพัฒนา เภสัช สมุนไพร และ ผลิตภัณ์ฑธรรมชาติ ภาคปกติ,0,30,19,10,54.2401,28.1113
มหาวิทยาลัยนเรศวร,วิทยาเขตหลัก,10200110210101A,0,N3001,คณะเกษตรศาสต์รทรัพยากรธรรมชาติและสิ่งแวดล้อม,หลักสูตรวิทยาศาสตรบัณฑิตสาขาวิชา ทรัพยากรธรรมชาติและสิ่งแวดล้อม,admission (แบบที่ 1),,0,50,318,50,46.2003,34.1116
มหาวิทยาลัยนเรศวร,วิทยาเขตหลัก,10200110211001A,0,N3001,คณะเกษตรศาสต์รทรัพยากรธรรมชาติและสิ่งแวดล้อม,หลักสูตรวิทยาศาสตรบัณฑิตสาขาวิชา วิทยาศาสตร์และเทคโนโลยีการอาหาร,admission (แบบที่ 1),,0,80,267,80,44.6706,36.7472
มหาวิทยาลัยนเรศวร,วิทยาเขตหลัก,10200110211002A,0,N3001,คณะเกษตรศาสต์รทรัพยากรธรรมชาติและสิ่งแวดล้อม,หลักสูตรวิทยาศาสตรบัณฑิตสาขาวิชาสัตว ศาสตร์และเทคโนโลยีอาหารสัตว์,admission (แบบที่ 1),,0,45,297,45,45.8969,39.3636
มหาวิทยาลัยนเรศวร,วิทยาเขตหลัก,10200110211002A,0,N3002,คณะเกษตรศาสต์รทรัพยากรธรรมชาติและสิ่งแวดล้อม,หลักสูตรวิทยาศาสตรบัณฑิตสาขาวิชาสัตว ศาสตร์และเทคโนโลยีอาหารสัตว์,admission (แบบที่ 2),,0,15,135,15,57.2657,48.5215
มหาวิทยาลัยนเรศวร,วิทยาเขตหลัก,10200110211201A,0,N3001,คณะเกษตรศาสต์รทรัพยากรธรรมชาติและสิ่งแวดล้อม,หลักสูตรวิทยาศาสตรบัณฑิตสาขาวิชา เทคโนโลยีชีวภาพทางการเกษตร,admission (แบบที่ 1),,0,50,263,50,47.9274,27.8895
มหาวิทยาลัยนเรศวร,วิทยาเขตหลัก,10200110211201A,0,N3002,คณะเกษตรศาสต์รทรัพยากรธรรมชาติและสิ่งแวดล้อม,หลักสูตรวิทยาศาสตรบัณฑิตสาขาวิชา เทคโนโลยีชีวภาพทางการเกษตร,admission (แบบที่ 2),,0,30,63,14,51.7641,29.9014
มหาวิทยาลัยนเรศวร,วิทยาเขตหลัก,10200110500201A,0,N3001,คณะเกษตรศาสต์รทรัพยากรธรรมชาติและสิ่งแวดล้อม,หลักสูตรวิทยาศาสตรบัณฑิตสาขาวิชา วิทยาศาสตร์การเกษตร,admission (แบบที่ 1),,0,60,264,60,45.9318,14.1000
มหาวิทยาลัยนเรศวร,วิทยาเขตหลัก,10200110500401A,0,N3001,คณะเกษตรศาสต์รทรัพยากรธรรมชาติและสิ่งแวดล้อม,หลักสูตรวิทยาศาสตรบัณฑิตสาขาวิชาเกษตร แม่นยำ,admission (แบบที่ 1),,0,40,139,26,38.8252,10.0000
มหาวิทยาลัยนเรศวร,วิทยาเขตหลัก,10200110500401A,0,N3002,คณะเกษตรศาสต์รทรัพยากรธรรมชาติและสิ่งแวดล้อม,หลักสูตรวิทยาศาสตรบัณฑิตสาขาวิชาเกษตร แม่นยำ,admission (แบบที่ 2),,0,40,155,38,53.3578,16.0500
มหาวิทยาลัยนเรศวร,วิทยาเขตหลัก,10200110500601A,0,N3001,คณะเกษตรศาสต์รทรัพยากรธรรมชาติและสิ่งแวดล้อม,หลักสูตรวิทยาศาสตรบัณฑิตสาขาวิชา วิทยาศาสตร์การประมง,admission (แบบที่ 1),,0,50,211,44,46.0339,10.4500
มหาวิทยาลัยนเรศวร,วิทยาเขตหลัก,10200110500601A,0,N3002,คณะเกษตรศาสต์รทรัพยากรธรรมชาติและสิ่งแวดล้อม,หลักสูตรวิทยาศาสตรบัณฑิตสาขาวิชา วิทยาศาสตร์การประมง,admission (แบบที่ 2),,0,50,139,25,56.4945,24.8500
มหาวิทยาลัยนเรศวร,วิทยาเขตหลัก,10200110903001A,0,N3001,คณะเกษตรศาสต์รทรัพยากรธรรมชาติและสิ่งแวดล้อม,หลักสูตรวิทยาศาสตรบัณฑิตสาขาวิชา ภูมิศาสตร์,admission (แบบที่ 1),,0,50,202,50,46.1606,10.6000
มหาวิทยาลัยนเรศวร,วิทยาเขตหลัก,10200110903001A,0,N3002,คณะเกษตรศาสต์รทรัพยากรธรรมชาติและสิ่งแวดล้อม,หลักสูตรวิทยาศาสตรบัณฑิตสาขาวิชา ภูมิศาสตร์,admission (แบบที่ 2),,0,50,216,50,49.3296,34.6353
มหาวิทยาลัยนเรศวร,วิทยาเขตหลัก,10200112901001A,0,N3001,คณะนิติศาสตร์,หลักสูตรนิติศาสตรบัณฑิต,admission (แบบที่ 1),,0,126,1362,126,65.1022,52.2649
มหาวิทยาลัยนเรศวร,วิทยาเขตหลัก,10200112901001A,0,N3002,คณะนิติศาสตร์,หลักสูตรนิติศาสตรบัณฑิต,admission (แบบที่ 2),,0,54,646,54,65.6594,55.6698
มหาวิทยาลัยนเรศวร,วิทยาเขตหลัก,10200113610101A,0,N3001,คณะบริหารธุรกิจ เศรษฐศาสตร์และการสื่อสาร,หลักสูตรบริหารธุรกิจบัณฑิตสาขาวิชาการเงิน,admission (แบบที่ 1),,0,31,203,31,56.2000,41.4000
มหาวิทยาลัยนเรศวร,วิทยาเขตหลัก,10200113610101A,0,N3002,คณะบริหารธุรกิจ เศรษฐศาสตร์และการสื่อสาร,หลักสูตรบริหารธุรกิจบัณฑิตสาขาวิชาการเงิน,admission (แบบที่ 2),,0,31,216,31,60.7000,47.9000
มหาวิทยาลัยนเรศวร,วิทยาเขตหลัก,10200113610501A,0,N3001,คณะบริหารธุรกิจ เศรษฐศาสตร์และการสื่อสาร,หลักสูตรบัญชีบัณฑิต,admission (แบบที่ 1),,0,60,427,60,71.5798,55.6038
มหาวิทยาลัยนเรศวร,วิทยาเขตหลัก,10200113610601A,0,N3001,คณะบริหารธุรกิจ เศรษฐศาสตร์และการสื่อสาร,หลักสูตรวิทยาศาสตรบัณฑิตสาขาวิชา นวัตกรรมและการตลาดเชิงสร้างสรรค์,admission (แบบที่ 1),,0,20,482,20,63.3493,56.6296
มหาวิทยาลัยนเรศวร,วิทยาเขตหลัก,10200113610701A,0,N3001,คณะบริหารธุรกิจ เศรษฐศาสตร์และการสื่อสาร,หลักสูตรบริหารธุรกิจบัณฑิตสาขาวิชาธุรกิจ ดิจิทัล,admission (แบบที่ 1),,0,60,206,60,59.0055,38.8494
มหาวิทยาลัยนเรศวร,วิทยาเขตหลัก,10200113610801A,0,N3001,คณะบริหารธุรกิจ เศรษฐศาสตร์และการสื่อสาร,หลักสูตรบริหารธุรกิจบัณฑิตสาขาวิชา บริหารธุรกิจ,admission (แบบที่ 1),,0,92,530,92,66.3730,49.8966
มหาวิทยาลัยนเรศวร,วิทยาเขตหลัก,10200113611101A,0,N3001,คณะบริหารธุรกิจ เศรษฐศาสตร์และการสื่อสาร,หลักสูตรเศรษฐศาสตรบัณฑิต,admission (แบบที่ 1),,0,65,483,65,62.2880,53.6946
มหาวิทยาลัยนเรศวร,วิทยาเขตหลัก,10200113611101A,A,N3001,คณะบริหารธุรกิจ เศรษฐศาสตร์และการสื่อสาร,หลักสูตรเศรษฐศาสตรบัณฑิต,admission (แบบที่ 1),หลักสูตร เศรษฐศาสตร บัณฑิต(ตีรต่อเนื่องโท),0,11,125,11,65.9826,54.5440
มหาวิทยาลัยนเรศวร,วิทยาเขตหลัก,10200113620101A,0,N3001,คณะบริหารธุรกิจ เศรษฐศาสตร์และการสื่อสาร,หลักสูตรศิลปศาสตรบัณฑิตสาขาวิชาการ ท่องเที่ยว,admission (แบบที่ 1),,0,55,379,55,65.4314,47.4228
มหาวิทยาลัยนเรศวร,วิทยาเขตหลัก,10200113901101A,0,N3001,คณะบริหารธุรกิจ เศรษฐศาสตร์และการสื่อสาร,หลักสูตรนิเทศศาสตรบัณฑิต,admission (แบบที่ 1),,0,115,687,115,58.4583,48.1283
มหาวิทยาลัยนเรศวร,วิทยาเขตหลัก,10200114111701A,0,N3001,คณะพยาบาลศาสตร์,หลักสูตรพยาบาลศาสตรบัณฑิต,admission (แบบที่ 1),,0,100,1366,100,54.3145,42.7439
มหาวิทยาลัยนเรศวร,วิทยาเขตหลัก,10200116111101A,0,N3001,คณะเภสัชศาสตร์,หลักสูตรวิทยาศาสตรบัณฑิตสาขาวิชา วิทยาศาสตร์เครื่องสำอางและผลิตภัณ์ฑธรรมชาติ,admission (แบบที่ 1),,0,45,519,45,57.0617,49.6664
มหาวิทยาลัยนเรศวร,วิทยาเขตหลัก,10200116130301A,0,N3001,คณะเภสัชศาสตร์,หลักสูตรเภสัชศาสตรบัณฑิตสาขาวิชาการ บริบาลทางเภสัชกรรม,admission (แบบที่ 1),,0,55,425,55,58.8702,52.0346
มหาวิทยาลัยนเรศวร,วิทยาเขตหลัก,10200117800201A,0,N3001,คณะมนุษยศาสตร์,หลักสูตรดุริยางคศาสตรบัณฑิต,admission (แบบที่ 1),,0,30,138,30,97.0000,80.2500
มหาวิทยาลัยนเรศวร,วิทยาเขตหลัก,10200117800401A,0,N3001,คณะมนุษยศาสตร์,หลักสูตรศิลปศาสตรบัณฑิตสาขาวิชานาฏศิล์ปไทย,admission (แบบที่ 1),,0,30,137,30,87.9968,75.2180
มหาวิทยาลัยนเรศวร,วิทยาเขตหลัก,10200117901701A,0,N3001,คณะมนุษยศาสตร์,หลักสูตรศิลปศาสตรบัณฑิตสาขาวิชาภาษา เกาหลี,admission (แบบที่ 1),,0,30,105,30,57.9200,47.9705
มหาวิทยาลัยนเรศวร,วิทยาเขตหลัก,10200117901801A,0,N3001,คณะมนุษยศาสตร์,หลักสูตรศิลปศาสตรบัณฑิตสาขาวิชาภาษาจีน,admission (แบบที่ 1),,0,40,265,40,69.8255,55.9055
มหาวิทยาลัยนเรศวร,วิทยาเขตหลัก,10200117901901A,0,N3001,คณะมนุษยศาสตร์,หลักสูตรศิลปศาสตรบัณฑิตสาขาวิชา ภาษาญี่ปุ่น,admission (แบบที่ 1),,0,20,245,20,70.7872,62.9392
มหาวิทยาลัยนเรศวร,วิทยาเขตหลัก,10200117902001A,0,N3001,คณะมนุษยศาสตร์,หลักสูตรศิลปศาสตรบัณฑิตสาขาวิชาภาษาไทย,admission (แบบที่ 1),,0,40,365,40,67.4812,57.8484
มหาวิทยาลัยนเรศวร,วิทยาเขตหลัก,10200117902201A,0,N3001,คณะมนุษยศาสตร์,หลักสูตรศิลปศาสตรบัณฑิตสาขาวิชาพม่าศึกษา,admission (แบบที่ 1),,0,30,70,30,57.4424,35.9168
มหาวิทยาลัยนเรศวร,วิทยาเขตหลัก,10200117902401A,0,N3001,คณะมนุษยศาสตร์,หลักสูตรศิลปศาสตรบัณฑิตสาขาวิชาภาษา ฝรั่งเศส,admission (แบบที่ 1),,0,40,178,40,67.6044,51.7780
มหาวิทยาลัยนเรศวร,วิทยาเขตหลัก,10200117902501A,0,N3001,คณะมนุษยศาสตร์,หลักสูตรศิลปศาสตรบัณฑิตสาขาวิชา ภาษาอังกฤษ,admission (แบบที่ 1),,0,60,517,60,77.8250,56.4000
มหาวิทยาลัยนเรศวร,วิทยาเขตหลัก,10200118210301A,0,N3001,คณะวิทยาศาสตร์,หลักสูตรวิทยาศาสตรบัณฑิตสาขาวิชา คณิตศาสตร์,admission (แบบที่ 1),,0,55,239,55,48.8779,33.7374
มหาวิทยาลัยนเรศวร,วิทยาเขตหลัก,10200118210401A,0,N3001,คณะวิทยาศาสตร์,หลักสูตรวิทยาศาสตรบัณฑิตสาขาวิชาเคมี,admission (แบบที่ 1),,0,80,328,80,49.4832,40.9155
มหาวิทยาลัยนเรศวร,วิทยาเขตหลัก,10200118210701A,0,N3001,คณะวิทยาศาสตร์,หลักสูตรวิทยาศาสตรบัณฑิตสาขาวิชาชีววิทยา,admission (แบบที่ 1),,0,100,535,100,52.8040,41.9262
มหาวิทยาลัยนเรศวร,วิทยาเขตหลัก,10200118211401A,0,N3001,คณะวิทยาศาสตร์,หลักสูตรวิทยาศาสตรบัณฑิตสาขาเทคโนโลียนวัตกรรมพลังงานและสิ่งแวดล้อม,admission (แบบที่ 1),,0,40,221,40,50.2868,40.7194
มหาวิทยาลัยนเรศวร,วิทยาเขตหลัก,10200118211401A,0,N3002,คณะวิทยาศาสตร์,หลักสูตรวิทยาศาสตรบัณฑิตสาขาเทคโนโลียนวัตกรรมพลังงานและสิ่งแวดล้อม,admission (แบบที่ 2),,0,30,83,28,59.8522,14.5000
มหาวิทยาลัยนเรศวร,วิทยาเขตหลัก,10200118212701A,0,N3001,คณะวิทยาศาสตร์,หลักสูตรวิทยาศาสตรบัณฑิตสาขาวิชาฟิสิกส์,admission (แบบที่ 1),,0,60,345,60,66.9075,40.2850
มหาวิทยาลัยนเรศวร,วิทยาเขตหลัก,10200118212702A,0,N3001,คณะวิทยาศาสตร์,หลักสูตรวิทยาศาสตรบัณฑิตสาขาวิชาฟิสิก์สประยุกต์,admission (แบบที่ 1),,0,70,259,58,48.6811,20.1125
มหาวิทยาลัยนเรศวร,วิทยาเขตหลัก,10200118213301A,0,N3001,คณะวิทยาศาสตร์,หลักสูตรวิทยาศาสตรบัณฑิตสาขาวิชาสถิติ,admission (แบบที่ 1),,0,50,346,50,45.2068,35.2800
มหาวิทยาลัยนเรศวร,วิทยาเขตหลัก,10200118213501A,0,N3001,คณะวิทยาศาสตร์,หลักสูตรวิทยาศาสตรบัณฑิตสาขาเทคโนโลียการวัดและระบบอัจฉริยะ,admission (แบบที่ 1),,0,40,193,40,53.6193,44.6042
มหาวิทยาลัยนเรศวร,วิทยาเขตหลัก,10200118213501A,0,N3002,คณะวิทยาศาสตร์,หลักสูตรวิทยาศาสตรบัณฑิตสาขาเทคโนโลียการวัดและระบบอัจฉริยะ,admission (แบบที่ 2),,0,40,106,28,56.8046,41.1160
มหาวิทยาลัยนเรศวร,วิทยาเขตหลัก,10200118220101A,0,N3001,คณะวิทยาศาสตร์,หลักสูตรวิทยาศาสตรบัณฑิตสาขาวิชา เทคโนโลยีสารสนเทศ,admission (แบบที่ 1),,0,20,159,20,52.6180,43.8435
มหาวิทยาลัยนเรศวร,วิทยาเขตหลัก,10200118220201A,0,N3001,คณะวิทยาศาสตร์,หลักสูตรวิทยาศาสตรบัณฑิตสาขาวิชา วิทยาการคอมพิวเตอร์,admission (แบบที่ 1),,0,55,221,55,49.4512,40.5700
มหาวิทยาลัยนเรศวร,วิทยาเขตหลัก,10200118220201A,0,N3002,คณะวิทยาศาสตร์,หลักสูตรวิทยาศาสตรบัณฑิตสาขาวิชา วิทยาการคอมพิวเตอร์,admission (แบบที่ 2),,0,5,34,5,51.9549,46.7272
มหาวิทยาลัยนเรศวร,วิทยาเขตหลัก,10200118220301A,0,N3001,คณะวิทยาศาสตร์,หลักสูตรวิทยาศาสตรบัณฑิตสาขาวิทยาการ ข้อมูลและการวิเคราะห์,admission (แบบที่ 1),,0,20,210,20,45.9789,38.9923
มหาวิทยาลัยนเรศวร,วิทยาเขตหลัก,10200119111201A,0,N3001,คณะวิทยาศาสตร์การแพทย์,หลักสูตรวิทยาศาสตรบัณฑิตสาขาวิชาพยาธิ วิทยากายวิภาค,admission (แบบที่ 1),,0,35,381,35,62.7654,54.1555
มหาวิทยาลัยนเรศวร,วิทยาเขตหลัก,10200119112101A,0,N3001,คณะวิทยาศาสตร์การแพทย์,หลักสูตรวิทยาศาสตรบัณฑิตสาขาวิชา วิทยาศาสตร์การแพทย์,admission (แบบที่ 1),,0,60,671,60,57.6685,49.6882
มหาวิทยาลัยนเรศวร,วิทยาเขตหลัก,10200119112101A,A,N3001,คณะวิทยาศาสตร์การแพทย์,หลักสูตรวิทยาศาสตรบัณฑิตสาขาวิชา วิทยาศาสตร์การแพทย์,admission (แบบที่ 1),วิทยาศาสต์รการแพท์ย(ตรีต่อเนื่อง โท),0,40,356,40,59.0166,50.0177
มหาวิทยาลัยนเรศวร,วิทยาเขตหลัก,10200119210501A,0,N3001,คณะวิทยาศาสตร์การแพทย์,หลักสูตรวิทยาศาสตรบัณฑิตสาขาวิชาจุล ชีววิทยา,admission (แบบที่ 1),,0,40,466,40,55.3635,47.3322
มหาวิทยาลัยนเรศวร,วิทยาเขตหลัก,10200119210601A,0,N3001,คณะวิทยาศาสตร์การแพทย์,หลักสูตรวิทยาศาสตรบัณฑิตสาขาวิชาชีวเคีมและชีววิทยาโมเลกุล,admission (แบบที่ 1),,0,40,418,40,53.1702,47.8316
มหาวิทยาลัยนเรศวร,วิทยาเขตหลัก,10200120300501A,0,N3001,คณะวิศวกรรมศาสตร์,หลักสูตรวิศวกรรมศาสตรบัณฑิตสาขาวิชา วิศวกรรมคอมพิวเตอร์,admission (แบบที่ 1),,0,70,373,70,56.7674,44.4054
มหาวิทยาลัยนเรศวร,วิทยาเขตหลัก,10200120300601A,0,N3001,คณะวิศวกรรมศาสตร์,หลักสูตรวิศวกรรมศาสตรบัณฑิตสาขาวิชา วิศวกรรมเคมี,admission (แบบที่ 1),,0,60,373,60,51.8580,42.8234
มหาวิทยาลัยนเรศวร,วิทยาเขตหลัก,10200120300701A,0,N3001,คณะวิศวกรรมศาสตร์,หลักสูตรวิศวกรรมศาสตรบัณฑิตสาขาวิชา วิศวกรรมเครื่องกล,admission (แบบที่ 1),,0,80,574,80,51.0714,43.0838
มหาวิทยาลัยนเรศวร,วิทยาเขตหลัก,10200120301601A,A,N3001,คณะวิศวกรรมศาสตร์,หลักสูตรวิศวกรรมศาสตรบัณฑิตสาขาวิชา วิศวกรรมไฟฟ้า,admission (แบบที่ 1),วิชาเอก วิศวกรรมไฟ ฟ้ากำลัง,0,50,502,50,52.7926,45.8286
มหาวิทยาลัยนเรศวร,วิทยาเขตหลัก,10200120301601A,B,N3001,คณะวิศวกรรมศาสตร์,หลักสูตรวิศวกรรมศาสตรบัณฑิตสาขาวิชา วิศวกรรมไฟฟ้า,admission (แบบที่ 1),วิชาเอก วิศวกรรมไฟ ฟ้าสื่อสาร,0,20,226,20,47.4378,43.6150
มหาวิทยาลัยนเรศวร,วิทยาเขตหลัก,10200120302101A,0,N3001,คณะวิศวกรรมศาสตร์,หลักสูตรวิศวกรรมศาสตรบัณฑิตสาขาวิชา วิศวกรรมโยธา,admission (แบบที่ 1),,0,60,481,60,51.0658,44.0332
มหาวิทยาลัยนเรศวร,วิทยาเขตหลัก,10200120302501A,0,N3001,คณะวิศวกรรมศาสตร์,หลักสูตรวิศวกรรมศาสตรบัณฑิตสาขาวิชา วิศวกรรมวัสดุ,admission (แบบที่ 1),,0,40,281,40,44.5410,40.7176
มหาวิทยาลัยนเรศวร,วิทยาเขตหลัก,10200120302801A,0,N3001,คณะวิศวกรรมศาสตร์,หลักสูตรวิศวกรรมศาสตรบัณฑิตสาขาวิชา วิศวกรรมสิ่งแวดล้อม,admission (แบบที่ 1),,0,40,324,40,47.8146,41.2104
มหาวิทยาลัยนเรศวร,วิทยาเขตหลัก,10200120303501A,0,N3001,คณะวิศวกรรมศาสตร์,หลักสูตรวิศวกรรมศาสตรบัณฑิตสาขาวิชา วิศวกรรมอุตสาหการ,admission (แบบที่ 1),,0,70,588,70,47.7078,42.2738
มหาวิทยาลัยนเรศวร,วิทยาเขตหลัก,10200120303601D,0,N3001,คณะวิศวกรรมศาสตร์,หลักสูตรวิศวกรรมศาสตรบัณฑิตสาขาวิชา วิศวกรรมนวัตกรรมอัจฉริยะ (หลักสูตร ภาษาอังกฤษ),admission (แบบที่ 1),,0,30,60,25,42.4210,8.7750
มหาวิทยาลัยนเรศวร,วิทยาเขตหลัก,10200121701501A,0,N3001,คณะศึกษาศาสตร์,หลักสูตรศิลปศาสตรบัณฑิตสาขาวิชา เทคโนโลยีดิจิทัลและนวัตกรรมเพื่อการเรียนรู้,admission (แบบที่ 1),,0,38,409,38,64.9230,55.3872
มหาวิทยาลัยนเรศวร,วิทยาเขตหลัก,10200121703501A,A,N3001,คณะศึกษาศาสตร์,หลักสูตรการศึกษาบัณฑิตสาขาวิชาการศึกษา (4 ปี),admission (แบบที่ 1),วิชาเอก ประถมศึกษา,0,27,602,27,71.4091,66.6483
มหาวิทยาลัยนเรศวร,วิทยาเขตหลัก,10200121703501A,B,N3001,คณะศึกษาศาสตร์,หลักสูตรการศึกษาบัณฑิตสาขาวิชาการศึกษา (4 ปี),admission (แบบที่ 1),วิชาเอก ปฐมวัย,0,14,441,14,79.7148,75.1192
มหาวิทยาลัยนเรศวร,วิทยาเขตหลัก,10200121703501A,C,N3001,คณะศึกษาศาสตร์,หลักสูตรการศึกษาบัณฑิตสาขาวิชาการศึกษา (4 ปี),admission (แบบที่ 1),วิชาเอก คอมพิวเตอร์,0,37,228,37,74.8200,65.8190
มหาวิทยาลัยนเรศวร,วิทยาเขตหลัก,10200121703501A,D,N3001,คณะศึกษาศาสตร์,หลักสูตรการศึกษาบัณฑิตสาขาวิชาการศึกษา (4 ปี),admission (แบบที่ 1),วิชาเอก วิทยาศาสตร์,0,37,226,37,74.2281,65.1553
มหาวิทยาลัยนเรศวร,วิทยาเขตหลัก,10200121703501A,E,N3001,คณะศึกษาศาสตร์,หลักสูตรการศึกษาบัณฑิตสาขาวิชาการศึกษา (4 ปี),admission (แบบที่ 1),วิชาเอก ภาษาอังกฤษ,0,40,376,40,78.7237,68.4195
มหาวิทยาลัยนเรศวร,วิทยาเขตหลัก,10200121703501A,F,N3001,คณะศึกษาศาสตร์,หลักสูตรการศึกษาบัณฑิตสาขาวิชาการศึกษา (4 ปี),admission (แบบที่ 1),วิชาเอก ภาษาไทย,0,41,562,41,75.3569,69.3665
มหาวิทยาลัยนเรศวร,วิทยาเขตหลัก,10200121703501A,G,N3001,คณะศึกษาศาสตร์,หลักสูตรการศึกษาบัณฑิตสาขาวิชาการศึกษา (4 ปี),admission (แบบที่ 1),วิชาเอกพละ ศึกษาและ วิทยาศาสต์รการออก กำลังกาย,0,33,370,33,82.7088,73.0862
มหาวิทยาลัยนเรศวร,วิทยาเขตหลัก,10200121703501A,H,N3001,คณะศึกษาศาสตร์,หลักสูตรการศึกษาบัณฑิตสาขาวิชาการศึกษา (4 ปี),admission (แบบที่ 1),วิชาเอก คณิตศาสตร์,0,40,401,40,65.6228,55.9100
มหาวิทยาลัยนเรศวร,วิทยาเขตหลัก,10200121703501A,I,N3001,คณะศึกษาศาสตร์,หลักสูตรการศึกษาบัณฑิตสาขาวิชาการศึกษา (4 ปี),admission (แบบที่ 1),วิชาเอก ศิลปศึกษา,0,10,110,10,74.2380,66.6445
มหาวิทยาลัยนเรศวร,วิทยาเขตหลัก,10200122213101A,0,N3001,คณะสถาปัตยกรรมศาสตร์,หลักสูตรวิทยาศาสตรบัณฑิตสาขาวิชา เทคโนโลยีสถาปัตยกรรม,admission (แบบที่ 1),,0,12,87,12,61.4397,53.9986
มหาวิทยาลัยนเรศวร,วิทยาเขตหลัก,10200122400501A,0,N3001,คณะสถาปัตยกรรมศาสตร์,หลักสูตรสถาปัตยกรรมศาสตรบัณฑิต,admission (แบบที่ 1),,0,35,237,35,64.3684,54.0752
มหาวิทยาลัยนเรศวร,วิทยาเขตหลัก,10200122800101A,0,N3001,คณะสถาปัตยกรรมศาสตร์,หลักสูตรศิลปกรรมศาตรบัณฑิตสาขาวิชา ออกแบบผลิตภัณฑ์และบรรจุภัณฑ์,admission (แบบที่ 1),,0,35,116,35,58.0526,12.7974
มหาวิทยาลัยนเรศวร,วิทยาเขตหลัก,10200122800102A,0,N3001,คณะสถาปัตยกรรมศาสตร์,หลักสูตรศิลปกรรมศาสตรบัณฑิตสาขาวิชา การออกแบบสื่อนวัตกรรม,admission (แบบที่ 1),,0,25,87,25,61.4307,37.7355
มหาวิทยาลัยนเรศวร,วิทยาเขตหลัก,10200122800301A,0,N3001,คณะสถาปัตยกรรมศาสตร์,หลักสูตรศิลปกรรมศาสตรบัณฑิตสาขาวิชา ทัศนศิลป์,admission (แบบที่ 1),,0,25,85,25,51.8843,24.1580
มหาวิทยาลัยนเรศวร,วิทยาเขตหลัก,10200123110101A,0,N3001,คณะสหเวชศาสตร์,หลักสูตรวิทยาศาสตรบัณฑิตสาขาวิชา กายภาพบำบัด,admission (แบบที่ 1),,0,35,299,35,56.4942,52.7040
มหาวิทยาลัยนเรศวร,วิทยาเขตหลัก,10200123111301A,0,N3001,คณะสหเวชศาสตร์,หลักสูตรเทคนิคการแพทยบัณฑิต,admission (แบบที่ 1),,0,55,880,55,51.7886,45.3690
มหาวิทยาลัยนเรศวร,วิทยาเขตหลัก,10200123111501A,0,N3001,คณะสหเวชศาสตร์,หลักสูตรวิทยาศาสตรบัณฑิตสาขาวิชา เทคโนโลยีหัวใจและทรวงอก,admission (แบบที่ 1),,0,45,212,45,56.9082,48.3046
มหาวิทยาลัยนเรศวร,วิทยาเขตหลัก,10200123111901A,0,N3001,คณะสหเวชศาสตร์,หลักสูตรวิทยาศาสตรบัณฑิตสาขาวิชารังีสเทคนิค,admission (แบบที่ 1),,0,40,242,40,50.4642,46.6348
มหาวิทยาลัยนเรศวร,วิทยาเขตหลัก,10200123113001A,0,N3001,คณะสหเวชศาสตร์,หลักสูตรทัศนมาตรศาสตรบัณฑิต,admission (แบบที่ 1),,0,20,112,20,51.6016,45.4356
มหาวิทยาลัยนเรศวร,วิทยาเขตหลัก,10200124900001C,0,N3001,คณะสังคมศาสตร์,หลักสูตรศิลปศาสตรบัณฑิตสาขาวิชา ประชาคมโลกศึกษา (หลักสูตรสองภาษา),admission (แบบที่ 1),,0,50,161,50,59.0435,45.5365
มหาวิทยาลัยนเรศวร,วิทยาเขตหลัก,10200124900701A,0,N3001,คณะสังคมศาสตร์,หลักสูตรวิทยาศาสตรบัณฑิตสาขาวิชาจิตวิทยา,admission (แบบที่ 1),,0,40,830,40,79.1808,69.1260
มหาวิทยาลัยนเรศวร,วิทยาเขตหลัก,10200124901401A,0,N3001,คณะสังคมศาสตร์,หลักสูตรศิลปศาสตรบัณฑิตสาขาวิชา ประวัติศาสตร์,admission (แบบที่ 1),,0,100,529,100,62.2083,48.8374
มหาวิทยาลัยนเรศวร,วิทยาเขตหลัก,10200124903201A,0,N3001,คณะสังคมศาสตร์,หลักสูตรรัฐศาสตรบัณฑิต,admission (แบบที่ 1),,0,65,945,65,74.1036,60.0644
มหาวิทยาลัยนเรศวร,วิทยาเขตหลัก,10200124903501A,0,N3001,คณะสังคมศาสตร์,หลักสูตรศิลปศาสตรบัณฑิตสาขาวิชาพัฒนา สังคม,admission (แบบที่ 1),,0,30,198,30,58.8000,47.7000
มหาวิทยาลัยนเรศวร,วิทยาเขตหลัก,10200125110401A,0,N3001,คณะสาธารณสุขศาสตร์,หลักสูตรสาธารณสุขศาสตรบัณฑิตสาขาวิชา การดูแลและการจัดการสุขภาพผู้สูงอายุ,admission (แบบที่ 1),,0,50,323,50,39.5250,28.2150
มหาวิทยาลัยนเรศวร,วิทยาเขตหลัก,10200125110801A,0,N3001,คณะสาธารณสุขศาสตร์,หลักสูตรการแพทย์แผนไทยประยุกต์บัณฑิต,admission (แบบที่ 1),,0,40,407,40,55.2221,46.8921
มหาวิทยาลัยนเรศวร,วิทยาเขตหลัก,10200125112701A,0,N3001,คณะสาธารณสุขศาสตร์,หลักสูตรสาธารณสุขศาสตรบัณฑิตสาขาวิชา อนามัยชุมชน,admission (แบบที่ 1),,0,50,373,50,36.1375,28.5750
มหาวิทยาลัยนเรศวร,วิทยาเขตหลัก,10200125112702A,0,N3001,คณะสาธารณสุขศาสตร์,หลักสูตรวิทยาศาสตรบัณฑิตสาขาวิชาอนามัย สิ่งแวดล้อม,admission (แบบที่ 1),,0,60,367,60,38.0250,26.0125
มหาวิทยาลัยนเรศวร,วิทยาเขตหลัก,10200125112703A,0,N3001,คณะสาธารณสุขศาสตร์,หลักสูตรวิทยาศาสตรบัณฑิตสาขาวิชาอาชีวอ นามัยและความปลอดภัย,admission (แบบที่ 1),,0,25,349,25,39.0875,32.3000
มหาวิทยาลัยนเรศวร,วิทยาเขตหลัก,10200126610201E,0,N3001,วิทยาลัยนานาชาติ,หลักสูตรบริหารธุรกิจบัณฑิตสาขาวิชาการ จัดการธุรกิจระหว่างประเทศ (หลักสูตร นานาชาติ),admission (แบบที่ 1),,0,40,88,26,68.5768,37.8472
มหาวิทยาลัยนเรศวร,วิทยาเขตหลัก,10200126610401E,0,N3001,วิทยาลัยนานาชาติ,หลักสูตรบริหารธุรกิจบัณฑิตสาขาวิชาการ จัดการและพัฒนาทรัพยากรมนุษย์ระหว่าง ประเทศ (หลักสูตรนานาชาต)ิ,admission (แบบที่ 1),,0,30,70,11,50.0812,17.3500
มหาวิทยาลัยนเรศวร,วิทยาเขตหลัก,10200126620101E,0,N3001,วิทยาลัยนานาชาติ,หลักสูตรบริหารธุรกิจบัณฑิตสาขาวิชาการ จัดการการอีเวน์ตโรงแรมและการท่องเที่ยว (หลักสูตรนานาชาต)ิ,admission (แบบที่ 1),,0,30,100,26,60.7128,18.2000
มหาวิทยาลัยนเรศวร,วิทยาเขตหลัก,10200126900101E,0,N3001,วิทยาลัยนานาชาติ,หลักสูตรศิลปศาสตรบัณฑิตสาขาวิชา ภาษาอังกฤษเพื่อการสื่อสารธุรกิจ (หลักสูตร นานาชาติ),admission (แบบที่ 1),,0,40,96,29,65.9017,20.2500
มหาวิทยาลัยนเรศวร,วิทยาเขตหลัก,10200131210201A,0,N3001,โลจิสติกส์และดิจิทัลซัพพลายเชน,หลักสูตรวิทยาศาสตรบัณฑิตสาขาวิชาโลิจสติกส์และดิจิทัลซัพพลายเชน,admission (แบบที่ 1),,0,50,291,50,57.0275,42.1578
มหาวิทยาลัยมหาสารคาม,มหาสารคาม,10210101901401A,0,M3002,คณะมนุษยศาสตร์และสังคมศาสตร์,ศศ.บ. ประวัติศาสตร์,รอบที่ 3 Admission รูปแบบที่ 2,,0,30,415,30,98.0000,89.5000
มหาวิทยาลัยมหาสารคาม,มหาสารคาม,10210101901801A,0,M3001,คณะมนุษยศาสตร์และสังคมศาสตร์,ศศ.บ. ภาษาจีน,รอบที่ 3 Admission รูปแบบที่ 1,,0,5,107,5,58.2818,49.2498
มหาวิทยาลัยมหาสารคาม,มหาสารคาม,10210101902001A,0,M3002,คณะมนุษยศาสตร์และสังคมศาสตร์,ศศ.บ. ภาษาไทย,รอบที่ 3 Admission รูปแบบที่ 2,,0,20,836,22,100.0000,96.5000
มหาวิทยาลัยมหาสารคาม,มหาสารคาม,10210101902401A,0,M3001,คณะมนุษยศาสตร์และสังคมศาสตร์,ศศ.บ. ภาษาฝรั่งเศส,รอบที่ 3 Admission รูปแบบที่ 1,,0,60,25,5,39.5240,30.0160
มหาวิทยาลัยมหาสารคาม,มหาสารคาม,10210101902501A,0,M3001,คณะมนุษยศาสตร์และสังคมศาสตร์,ศศ.บ. ภาษาอังกฤษ,รอบที่ 3 Admission รูปแบบที่ 1,,0,25,215,25,76.8154,49.4998
มหาวิทยาลัยมหาสารคาม,มหาสารคาม,10210101902502E,0,M3001,คณะมนุษยศาสตร์และสังคมศาสตร์,ศศ.บ. ภาษาอังกฤษเพื่อการสื่อสารนานาชาติ (หลักสูตรนานาชาต)ิ,รอบที่ 3 Admission รูปแบบที่ 1,,0,5,89,5,63.9252,60.4442
มหาวิทยาลัยมหาสารคาม,มหาสารคาม,10210101902503A,0,M3001,คณะมนุษยศาสตร์และสังคมศาสตร์,ศศ.บ. ภาษาอังกฤษธุรกิจ,รอบที่ 3 Admission รูปแบบที่ 1,,0,10,144,10,69.1930,55.3479
มหาวิทยาลัยมหาสารคาม,มหาสารคาม,10210101902601A,0,M3002,คณะมนุษยศาสตร์และสังคมศาสตร์,ศศ.บ. ภาษาและวัฒนธรรมอาเซียน (เขมร),รอบที่ 3 Admission รูปแบบที่ 2,,0,30,18,4,93.2500,71.2500
มหาวิทยาลัยมหาสารคาม,มหาสารคาม,10210101902602A,0,M3002,คณะมนุษยศาสตร์และสังคมศาสตร์,ศศ.บ. ภาษาและวัฒนธรรมอาเซียน (ลาว),รอบที่ 3 Admission รูปแบบที่ 2,,0,30,68,21,89.7500,55.2500
มหาวิทยาลัยมหาสารคาม,มหาสารคาม,10210101902603A,0,M3002,คณะมนุษยศาสตร์และสังคมศาสตร์,ศศ.บ. ภาษาและวัฒนธรรมอาเซียน (เวียดนาม),รอบที่ 3 Admission รูปแบบที่ 2,,0,25,76,22,97.2500,57.7500
มหาวิทยาลัยมหาสารคาม,มหาสารคาม,10210101902801A,0,M3001,คณะมนุษยศาสตร์และสังคมศาสตร์,ศศ.บ. ภาษาตะวันออก (ภาษาญี่ปุ่น),รอบที่ 3 Admission รูปแบบที่ 1,,0,20,100,20,55.4576,41.2274
มหาวิทยาลัยมหาสารคาม,มหาสารคาม,10210101902802A,0,M3001,คณะมนุษยศาสตร์และสังคมศาสตร์,ศศ.บ. ภาษาตะวันออก (ภาษาเกาหลี),รอบที่ 3 Admission รูปแบบที่ 1,,0,30,108,30,58.7608,37.1042
มหาวิทยาลัยมหาสารคาม,มหาสารคาม,10210101903001A,0,M3002,คณะมนุษยศาสตร์และสังคมศาสตร์,วท.บ. ภูมิศาสตร์,รอบที่ 3 Admission รูปแบบที่ 2,,0,50,267,52,94.7500,78.2500
มหาวิทยาลัยมหาสารคาม,มหาสารคาม,10210101903801A,0,M3002,คณะมนุษยศาสตร์และสังคมศาสตร์,ศศ.บ. การสร้างสรรค์คอนเทนต์และนวัตกรรม สื่อดิจิทัล,รอบที่ 3 Admission รูปแบบที่ 2,,0,50,477,54,98.2500,86.5000
มหาวิทยาลัยมหาสารคาม,มหาสารคาม,10210101904201A,0,M3002,คณะมนุษยศาสตร์และสังคมศาสตร์,ศศ.บ. การพัฒนาชุมชนและสังคม,รอบที่ 3 Admission รูปแบบที่ 2,,0,20,416,20,98.0000,90.5000
มหาวิทยาลัยมหาสารคาม,มหาสารคาม,10210102210301A,0,M3001,คณะวิทยาศาสตร์,วท.บ. คณิตศาสตร์,รอบที่ 3 Admission รูปแบบที่ 1,,0,30,96,25,56.9310,25.3780
มหาวิทยาลัยมหาสารคาม,มหาสารคาม,10210102210301A,0,M3002,คณะวิทยาศาสตร์,วท.บ. คณิตศาสตร์,รอบที่ 3 Admission รูปแบบที่ 2,,0,20,163,20,100.0000,91.0250
มหาวิทยาลัยมหาสารคาม,มหาสารคาม,10210102210401A,0,M3001,คณะวิทยาศาสตร์,วท.บ. เคมี,รอบที่ 3 Admission รูปแบบที่ 1,,0,60,173,35,45.0275,27.1130
มหาวิทยาลัยมหาสารคาม,มหาสารคาม,10210102210401A,0,M3002,คณะวิทยาศาสตร์,วท.บ. เคมี,รอบที่ 3 Admission รูปแบบที่ 2,,0,20,114,20,100.0000,86.4375
มหาวิทยาลัยมหาสารคาม,มหาสารคาม,10210102210501A,0,M3001,คณะวิทยาศาสตร์,วท.บ. จุลชีววิทยา,รอบที่ 3 Admission รูปแบบที่ 1,,0,20,43,13,49.7914,35.3403
มหาวิทยาลัยมหาสารคาม,มหาสารคาม,10210102210501A,0,M3002,คณะวิทยาศาสตร์,วท.บ. จุลชีววิทยา,รอบที่ 3 Admission รูปแบบที่ 2,,0,20,123,20,100.0000,93.1250
มหาวิทยาลัยมหาสารคาม,มหาสารคาม,10210102210601A,0,M3001,คณะวิทยาศาสตร์,วท.บ. นวัตกรรมทางชีวเคมี,รอบที่ 3 Admission รูปแบบที่ 1,,0,60,127,37,52.7910,24.0375
มหาวิทยาลัยมหาสารคาม,มหาสารคาม,10210102210601A,0,M3002,คณะวิทยาศาสตร์,วท.บ. นวัตกรรมทางชีวเคมี,รอบที่ 3 Admission รูปแบบที่ 2,,0,20,132,21,98.2500,87.5000
มหาวิทยาลัยมหาสารคาม,มหาสารคาม,10210102210701A,0,M3001,คณะวิทยาศาสตร์,วท.บ. ชีววิทยา,รอบที่ 3 Admission รูปแบบที่ 1,,0,60,180,55,44.1762,22.3442
มหาวิทยาลัยมหาสารคาม,มหาสารคาม,10210102210701A,0,M3002,คณะวิทยาศาสตร์,วท.บ. ชีววิทยา,รอบที่ 3 Admission รูปแบบที่ 2,,0,20,268,20,100.0000,93.6500
มหาวิทยาลัยมหาสารคาม,มหาสารคาม,10210102210702A,0,M3001,คณะวิทยาศาสตร์,วท.บ. พันธุศาสตร์โมเลกุล,รอบที่ 3 Admission รูปแบบที่ 1,,0,20,21,3,46.6445,38.1195
มหาวิทยาลัยมหาสารคาม,มหาสารคาม,10210102210702A,0,M3002,คณะวิทยาศาสตร์,วท.บ. พันธุศาสตร์โมเลกุล,รอบที่ 3 Admission รูปแบบที่ 2,,0,10,95,10,98.1875,88.8125
มหาวิทยาลัยมหาสารคาม,มหาสารคาม,10210102211401A,0,M3001,คณะวิทยาศาสตร์,วท.บ. พลังงานและการควบคุมระบบอัตโนมัติ,รอบที่ 3 Admission รูปแบบที่ 1,,0,20,54,15,46.4970,32.3590
มหาวิทยาลัยมหาสารคาม,มหาสารคาม,10210102211401A,0,M3002,คณะวิทยาศาสตร์,วท.บ. พลังงานและการควบคุมระบบอัตโนมัติ,รอบที่ 3 Admission รูปแบบที่ 2,,0,20,119,20,98.5000,73.7500
มหาวิทยาลัยมหาสารคาม,มหาสารคาม,10210102212701A,0,M3001,คณะวิทยาศาสตร์,วท.บ. ฟิสิกส์,รอบที่ 3 Admission รูปแบบที่ 1,,0,40,47,8,49.0070,27.1265
มหาวิทยาลัยมหาสารคาม,มหาสารคาม,10210102212701A,0,M3002,คณะวิทยาศาสตร์,วท.บ. ฟิสิกส์,รอบที่ 3 Admission รูปแบบที่ 2,,0,20,104,20,98.6875,72.3000
มหาวิทยาลัยมหาสารคาม,มหาสารคาม,10210102212702A,0,M3001,คณะวิทยาศาสตร์,วท.บ. ฟิสิกส์ประยุกต์,รอบที่ 3 Admission รูปแบบที่ 1,,0,40,24,2,43.3890,41.5360
มหาวิทยาลัยมหาสารคาม,มหาสารคาม,10210102212702A,0,M3002,คณะวิทยาศาสตร์,วท.บ. ฟิสิกส์ประยุกต์,รอบที่ 3 Admission รูปแบบที่ 2,,0,20,69,15,94.5000,62.2500
มหาวิทยาลัยมหาสารคาม,มหาสารคาม,10210102212703A,0,M3001,คณะวิทยาศาสตร์,วท.บ. ฟิสิก์สและ วท.ม ฟิสิก์ส(หลักสูตร 2 ปริญญา),รอบที่ 3 Admission รูปแบบที่ 1,,0,5,12,5,42.2065,35.2005
มหาวิทยาลัยมหาสารคาม,มหาสารคาม,10210102212704A,0,M3001,คณะวิทยาศาสตร์,วท.บ. ฟิสิก์สและ กศ.ม. หลักสูตรและการสอน (หลักสูตร 2 ปริญญา),รอบที่ 3 Admission รูปแบบที่ 1,,0,5,38,5,49.6480,41.4840
มหาวิทยาลัยมหาสารคาม,มหาสารคาม,10210102213301A,0,M3001,คณะวิทยาศาสตร์,วท.บ. สถิติ,รอบที่ 3 Admission รูปแบบที่ 1,,0,35,18,2,49.1060,36.6410
มหาวิทยาลัยมหาสารคาม,มหาสารคาม,10210102213301A,0,M3002,คณะวิทยาศาสตร์,วท.บ. สถิติ,รอบที่ 3 Admission รูปแบบที่ 2,,0,20,86,17,99.7500,62.5000
มหาวิทยาลัยมหาสารคาม,มหาสารคาม,10210102701801A,0,M3001,คณะวิทยาศาสตร์,กศ.บ. ฟิสิกส์,รอบที่ 3 Admission รูปแบบที่ 1,,0,40,47,18,58.8483,41.3659
มหาวิทยาลัยมหาสารคาม,มหาสารคาม,10210103300001A,0,M3001,คณะวิศวกรรมศาสตร์,วศ.บ. วิศวกรรมศาสตร์,รอบที่ 3 Admission รูปแบบที่ 1,,0,400,355,126,50.6217,23.9322
มหาวิทยาลัยมหาสารคาม,มหาสารคาม,10210104111701A,0,M3001,คณะพยาบาลศาสตร์,พย.บ. พยาบาลศาสตร์,รอบที่ 3 Admission รูปแบบที่ 1,,0,30,1185,30,48.6768,43.9478
มหาวิทยาลัยมหาสารคาม,มหาสารคาม,10210105112001A,0,M3001,คณะศึกษาศาสตร์,วท.บ. วิทยาศาสตร์การกีฬา,รอบที่ 3 Admission รูปแบบที่ 1,,0,10,229,10,63.0150,50.0140
มหาวิทยาลัยมหาสารคาม,มหาสารคาม,10210105113101A,0,M3001,คณะศึกษาศาสตร์,วท.บ. จิตวิทยา,รอบที่ 3 Admission รูปแบบที่ 1,,0,10,390,10,65.7943,62.1110
มหาวิทยาลัยมหาสารคาม,มหาสารคาม,10210105700601A,0,M3001,คณะศึกษาศาสตร์,กศ.บ. การศึกษาปฐมวัย,รอบที่ 3 Admission รูปแบบที่ 1,,0,27,378,27,63.1829,57.8394
มหาวิทยาลัยมหาสารคาม,มหาสารคาม,10210105700801A,0,M3001,คณะศึกษาศาสตร์,กศ.บ. คณิตศาสตร์,รอบที่ 3 Admission รูปแบบที่ 1,,0,12,454,12,64.0858,58.7043
มหาวิทยาลัยมหาสารคาม,มหาสารคาม,10210105701501A,0,M3001,คณะศึกษาศาสตร์,กศ.บ. เทคโนโลยีการศึกษาและคอมพิวเตอ์รศึกษา,รอบที่ 3 Admission รูปแบบที่ 1,,0,30,102,30,57.0092,44.6952
มหาวิทยาลัยมหาสารคาม,มหาสารคาม,10210105702001A,0,M3001,คณะศึกษาศาสตร์,กศ.บ. การศึกษา (ภาษาอังกฤษ),รอบที่ 3 Admission รูปแบบที่ 1,,0,22,278,22,72.7288,66.0597
มหาวิทยาลัยมหาสารคาม,มหาสารคาม,10210105702002A,0,M3001,คณะศึกษาศาสตร์,กศ.บ. การศึกษา (ภาษาไทย),รอบที่ 3 Admission รูปแบบที่ 1,,0,18,376,18,74.6050,69.9490
มหาวิทยาลัยมหาสารคาม,มหาสารคาม,10210105702701A,0,M3001,คณะศึกษาศาสตร์,กศ.บ. การศึกษา (สังคมศึกษา),รอบที่ 3 Admission รูปแบบที่ 1,,0,40,193,40,65.8060,50.0201
มหาวิทยาลัยมหาสารคาม,มหาสารคาม,10210105702801A,0,M3001,คณะศึกษาศาสตร์,กศ.บ. พลศึกษาและการกีฬา,รอบที่ 3 Admission รูปแบบที่ 1,,0,10,342,10,76.5428,73.4884
มหาวิทยาลัยมหาสารคาม,มหาสารคาม,10210105703801A,0,M3001,คณะศึกษาศาสตร์,กศ.บ. การศึกษา (วิทยาศาสตร์ทั่วไป),รอบที่ 3 Admission รูปแบบที่ 1,,0,50,170,50,65.2277,52.3429
มหาวิทยาลัยมหาสารคาม,มหาสารคาม,10210108211001A,0,M3001,คณะเทคโนโลยี,วท.บ. เทคโนโลยีการอาหารและโภชนาการ,รอบที่ 3 Admission รูปแบบที่ 1,,0,40,145,31,48.3830,24.4440
มหาวิทยาลัยมหาสารคาม,มหาสารคาม,10210108211001A,0,M3002,คณะเทคโนโลยี,วท.บ. เทคโนโลยีการอาหารและโภชนาการ,รอบที่ 3 Admission รูปแบบที่ 2,,0,60,262,60,99.2000,78.1500
มหาวิทยาลัยมหาสารคาม,มหาสารคาม,10210108211002A,0,M3001,คณะเทคโนโลยี,วท.บ. พัฒนาผลิตภัณฑ์อาหาร,รอบที่ 3 Admission รูปแบบที่ 1,,0,40,30,4,43.4915,25.7415
มหาวิทยาลัยมหาสารคาม,มหาสารคาม,10210108211002A,0,M3002,คณะเทคโนโลยี,วท.บ. พัฒนาผลิตภัณฑ์อาหาร,รอบที่ 3 Admission รูปแบบที่ 2,,0,60,193,57,93.5000,0.0000
มหาวิทยาลัยมหาสารคาม,มหาสารคาม,10210108211201A,0,M3001,คณะเทคโนโลยี,วท.บ. เทคโนโลยีชีวภาพและอุตสาหกรรม ชีวภาพ,รอบที่ 3 Admission รูปแบบที่ 1,,0,40,71,16,42.6150,28.5045
มหาวิทยาลัยมหาสารคาม,มหาสารคาม,10210108211201A,0,M3002,คณะเทคโนโลยี,วท.บ. เทคโนโลยีชีวภาพและอุตสาหกรรม ชีวภาพ,รอบที่ 3 Admission รูปแบบที่ 2,,0,40,148,40,99.1250,46.9000
มหาวิทยาลัยมหาสารคาม,มหาสารคาม,10210108500601A,0,M3001,คณะเทคโนโลยี,วท.บ. ประมง,รอบที่ 3 Admission รูปแบบที่ 1,,0,60,22,5,43.8494,32.3696
มหาวิทยาลัยมหาสารคาม,มหาสารคาม,10210108500601A,0,M3002,คณะเทคโนโลยี,วท.บ. ประมง,รอบที่ 3 Admission รูปแบบที่ 2,,0,60,122,33,89.0000,0.0000
มหาวิทยาลัยมหาสารคาม,มหาสารคาม,10210108500701A,0,M3001,คณะเทคโนโลยี,วท.บ. เกษตรศาสต์ร(วิชาเอกพืชไร่),รอบที่ 3 Admission รูปแบบที่ 1,,0,40,23,7,37.9695,30.9580
มหาวิทยาลัยมหาสารคาม,มหาสารคาม,10210108500701A,0,M3002,คณะเทคโนโลยี,วท.บ. เกษตรศาสต์ร(วิชาเอกพืชไร่),รอบที่ 3 Admission รูปแบบที่ 2,,0,40,47,6,79.9750,43.7750
มหาวิทยาลัยมหาสารคาม,มหาสารคาม,10210108500801A,0,M3001,คณะเทคโนโลยี,วท.บ. เกษตรศาสต์ร(วิชาเอกพืชสวน),รอบที่ 3 Admission รูปแบบที่ 1,,0,40,24,5,40.3155,27.3820
มหาวิทยาลัยมหาสารคาม,มหาสารคาม,10210108500801A,0,M3002,คณะเทคโนโลยี,วท.บ. เกษตรศาสต์ร(วิชาเอกพืชสวน),รอบที่ 3 Admission รูปแบบที่ 2,,0,40,42,14,90.5000,0.0000
มหาวิทยาลัยมหาสารคาม,มหาสารคาม,10210108501201A,0,M3001,คณะเทคโนโลยี,วท.บ. สัตวศาสตร์,รอบที่ 3 Admission รูปแบบที่ 1,,0,20,195,20,49.9855,43.0965
มหาวิทยาลัยมหาสารคาม,มหาสารคาม,10210109610101A,0,M3001,คณะการบัญชีและการจัดการ,บธ.บ. การบริหารการเงิน,รอบที่ 3 Admission รูปแบบที่ 1,,0,100,477,100,64.0270,34.5550
มหาวิทยาลัยมหาสารคาม,มหาสารคาม,10210109610101A,0,M3002,คณะการบัญชีและการจัดการ,บธ.บ. การบริหารการเงิน,รอบที่ 3 Admission รูปแบบที่ 2,,0,100,665,101,99.5000,81.2500
มหาวิทยาลัยมหาสารคาม,มหาสารคาม,10210109610201A,0,M3001,คณะการบัญชีและการจัดการ,บธ.บ. การจัดการสมัยใหม่,รอบที่ 3 Admission รูปแบบที่ 1,,0,200,308,78,60.8290,17.7700
มหาวิทยาลัยมหาสารคาม,มหาสารคาม,10210109610201A,0,M3002,คณะการบัญชีและการจัดการ,บธ.บ. การจัดการสมัยใหม่,รอบที่ 3 Admission รูปแบบที่ 2,,0,200,523,170,99.0000,0.0000
มหาวิทยาลัยมหาสารคาม,มหาสารคาม,10210109610501A,0,M3001,คณะการบัญชีและการจัดการ,บช.บ. บัญชีบัณฑิต,รอบที่ 3 Admission รูปแบบที่ 1,,0,250,1164,250,74.1310,43.0550
มหาวิทยาลัยมหาสารคาม,มหาสารคาม,10210109610501A,0,M3002,คณะการบัญชีและการจัดการ,บช.บ. บัญชีบัณฑิต,รอบที่ 3 Admission รูปแบบที่ 2,,0,250,1420,256,100.0000,89.2500
มหาวิทยาลัยมหาสารคาม,มหาสารคาม,10210109610601A,0,M3001,คณะการบัญชีและการจัดการ,บธ.บ. การตลาด,รอบที่ 3 Admission รูปแบบที่ 1,,0,200,376,79,61.5340,14.8170
มหาวิทยาลัยมหาสารคาม,มหาสารคาม,10210109610601A,0,M3002,คณะการบัญชีและการจัดการ,บธ.บ. การตลาด,รอบที่ 3 Admission รูปแบบที่ 2,,0,200,651,198,97.7500,0.0000
มหาวิทยาลัยมหาสารคาม,มหาสารคาม,10210109610701A,0,M3001,คณะการบัญชีและการจัดการ,บธ.บ. คอมพิวเตอร์ธุรกิจ,รอบที่ 3 Admission รูปแบบที่ 1,,0,150,179,36,55.1090,22.4340
มหาวิทยาลัยมหาสารคาม,มหาสารคาม,10210109610701A,0,M3002,คณะการบัญชีและการจัดการ,บธ.บ. คอมพิวเตอร์ธุรกิจ,รอบที่ 3 Admission รูปแบบที่ 2,,0,150,298,87,94.2500,0.0000
มหาวิทยาลัยมหาสารคาม,มหาสารคาม,10210109610801A,0,M3001,คณะการบัญชีและการจัดการ,บธ.บ. การเป็นผู้ประกอบการธุรกิจสมัยใหม่,รอบที่ 3 Admission รูปแบบที่ 1,,0,100,251,62,55.0930,18.5510
มหาวิทยาลัยมหาสารคาม,มหาสารคาม,10210109610801A,0,M3002,คณะการบัญชีและการจัดการ,บธ.บ. การเป็นผู้ประกอบการธุรกิจสมัยใหม่,รอบที่ 3 Admission รูปแบบที่ 2,,0,100,501,101,98.7500,69.2500
มหาวิทยาลัยมหาสารคาม,มหาสารคาม,10210109610801E,0,M3001,คณะการบัญชีและการจัดการ,บธ.บ. ธุรกิจระหว่างประเทศ (หลักสูตร นานาชาติ),รอบที่ 3 Admission รูปแบบที่ 1,,0,40,66,12,51.7930,36.0980
มหาวิทยาลัยมหาสารคาม,มหาสารคาม,10210109610801E,0,M3002,คณะการบัญชีและการจัดการ,บธ.บ. ธุรกิจระหว่างประเทศ (หลักสูตร นานาชาติ),รอบที่ 3 Admission รูปแบบที่ 2,,0,40,138,40,97.5000,65.0000
มหาวิทยาลัยมหาสารคาม,มหาสารคาม,10210109610901A,0,M3001,คณะการบัญชีและการจัดการ,บธ.บ. ธุรกิจดิจิทัลและระบบสารสนเทศ,รอบที่ 3 Admission รูปแบบที่ 1,,0,100,95,13,49.3820,18.8660
มหาวิทยาลัยมหาสารคาม,มหาสารคาม,10210109610901A,0,M3002,คณะการบัญชีและการจัดการ,บธ.บ. ธุรกิจดิจิทัลและระบบสารสนเทศ,รอบที่ 3 Admission รูปแบบที่ 2,,0,100,188,26,96.7500,0.0000
มหาวิทยาลัยมหาสารคาม,มหาสารคาม,10210109611101A,0,M3001,คณะการบัญชีและการจัดการ,ศ.บ. เศรษฐศาสตร์ธุรกิจ,รอบที่ 3 Admission รูปแบบที่ 1,,0,100,155,39,64.3050,21.6120
มหาวิทยาลัยมหาสารคาม,มหาสารคาม,10210109611101A,0,M3002,คณะการบัญชีและการจัดการ,ศ.บ. เศรษฐศาสตร์ธุรกิจ,รอบที่ 3 Admission รูปแบบที่ 2,,0,100,296,74,99.2500,0.0000
มหาวิทยาลัยมหาสารคาม,มหาสารคาม,10210110620101A,0,M3001,คณะการท่องเที่ยวและการโรงแรม,ศศ.บ. การจัดการการท่องเที่ยวและบริการ,รอบที่ 3 Admission รูปแบบที่ 1,,0,15,256,15,62.2220,53.1430
มหาวิทยาลัยมหาสารคาม,มหาสารคาม,10210110620101A,0,M3002,คณะการท่องเที่ยวและการโรงแรม,ศศ.บ. การจัดการการท่องเที่ยวและบริการ,รอบที่ 3 Admission รูปแบบที่ 2,,0,10,333,10,100.0000,97.0000
มหาวิทยาลัยมหาสารคาม,มหาสารคาม,10210110620102A,0,M3001,คณะการท่องเที่ยวและการโรงแรม,ศศ.บ. การจัดการโรงแรมและบริการ,รอบที่ 3 Admission รูปแบบที่ 1,,0,40,306,40,60.0000,43.0900
มหาวิทยาลัยมหาสารคาม,มหาสารคาม,10210110620102A,0,M3002,คณะการท่องเที่ยวและการโรงแรม,ศศ.บ. การจัดการโรงแรมและบริการ,รอบที่ 3 Admission รูปแบบที่ 2,,0,10,254,11,98.7500,96.2500
มหาวิทยาลัยมหาสารคาม,มหาสารคาม,10210110620103C,0,M3001,คณะการท่องเที่ยวและการโรงแรม,ศศ.บ. การจัดการการท่องเที่ยวและบริการ นานาชาติ (หลักสูตรภาษาอังกฤษ),รอบที่ 3 Admission รูปแบบที่ 1,,0,40,104,31,55.8940,26.6330
มหาวิทยาลัยมหาสารคาม,มหาสารคาม,10210110620103C,0,M3002,คณะการท่องเที่ยวและการโรงแรม,ศศ.บ. การจัดการการท่องเที่ยวและบริการ นานาชาติ (หลักสูตรภาษาอังกฤษ),รอบที่ 3 Admission รูปแบบที่ 2,,0,10,107,10,99.2500,86.0000
มหาวิทยาลัยมหาสารคาม,มหาสารคาม,10210110620104A,0,M3001,คณะการท่องเที่ยวและการโรงแรม,ศศ.บ. ศิลปะการปรุงอาหารและการจัดการ บริการด้วยไมตรีจิต,รอบที่ 3 Admission รูปแบบที่ 1,,0,8,100,8,49.9330,48.6620
มหาวิทยาลัยมหาสารคาม,มหาสารคาม,10210110620104A,0,M3002,คณะการท่องเที่ยวและการโรงแรม,ศศ.บ. ศิลปะการปรุงอาหารและการจัดการ บริการด้วยไมตรีจิต,รอบที่ 3 Admission รูปแบบที่ 2,,0,2,133,3,99.7500,96.0000
มหาวิทยาลัยมหาสารคาม,มหาสารคาม,10210111400101A,0,M3001,คณะสถาปัตยกรรมศาสต์รผังเมือง และนฤมิตศิลป์,ศป.บ. นวัตกรรมการออกแบบ,รอบที่ 3 Admission รูปแบบที่ 1,,0,10,75,10,60.9470,45.8630
มหาวิทยาลัยมหาสารคาม,มหาสารคาม,10210111400101A,0,M3002,คณะสถาปัตยกรรมศาสต์รผังเมือง และนฤมิตศิลป์,ศป.บ. นวัตกรรมการออกแบบ,รอบที่ 3 Admission รูปแบบที่ 2,,0,10,126,10,98.7500,94.5000
มหาวิทยาลัยมหาสารคาม,มหาสารคาม,10210111400102A,0,M3001,คณะสถาปัตยกรรมศาสต์รผังเมือง และนฤมิตศิลป์,ศป.บ. นวัตกรรมการออกแบบ และ กศ.ม. เทคโนโลยีสื่อสารการศึกษา (หลักสูตร 2 ปริญญา),รอบที่ 3 Admission รูปแบบที่ 1,,0,5,128,5,54.7310,48.9760
มหาวิทยาลัยมหาสารคาม,มหาสารคาม,10210111400301A,0,M3001,คณะสถาปัตยกรรมศาสต์รผังเมือง และนฤมิตศิลป์,ภ.สถ.บ. ภูมิสถาปัตยกรรม (หลักสูตร 5 ปี),รอบที่ 3 Admission รูปแบบที่ 1,,0,20,34,11,64.4539,40.3319
มหาวิทยาลัยมหาสารคาม,มหาสารคาม,10210111400301A,0,M3002,คณะสถาปัตยกรรมศาสต์รผังเมือง และนฤมิตศิลป์,ภ.สถ.บ. ภูมิสถาปัตยกรรม (หลักสูตร 5 ปี),รอบที่ 3 Admission รูปแบบที่ 2,,0,10,67,10,98.2500,89.0000
มหาวิทยาลัยมหาสารคาม,มหาสารคาม,10210111400401A,0,M3001,คณะสถาปัตยกรรมศาสต์รผังเมือง และนฤมิตศิลป์,สถ.บ. สถาปัตยกรรมผังเมือง (หลักสูตร 5 ปี),รอบที่ 3 Admission รูปแบบที่ 1,,0,20,19,4,52.0579,34.9088
มหาวิทยาลัยมหาสารคาม,มหาสารคาม,10210111400401A,0,M3002,คณะสถาปัตยกรรมศาสต์รผังเมือง และนฤมิตศิลป์,สถ.บ. สถาปัตยกรรมผังเมือง (หลักสูตร 5 ปี),รอบที่ 3 Admission รูปแบบที่ 2,,0,10,111,10,96.5000,92.7500
มหาวิทยาลัยมหาสารคาม,มหาสารคาม,10210111400501A,0,M3001,คณะสถาปัตยกรรมศาสต์รผังเมือง และนฤมิตศิลป์,สถ.บ. สถาปัตยกรรม (หลักสูตร 5 ปี),รอบที่ 3 Admission รูปแบบที่ 1,,0,10,72,10,61.7309,49.6573
มหาวิทยาลัยมหาสารคาม,มหาสารคาม,10210111400701A,0,M3001,คณะสถาปัตยกรรมศาสต์รผังเมือง และนฤมิตศิลป์,สถ.บ. สถาปัตยกรรมภายใน (หลักสูตร 5 ปี),รอบที่ 3 Admission รูปแบบที่ 1,,0,10,40,10,55.7029,43.2456
มหาวิทยาลัยมหาสารคาม,มหาสารคาม,10210112220101A,0,M3002,คณะวิทยาการสารสนเทศ,วท.บ. เทคโนโลยีสารสนเทศ,รอบที่ 3 Admission รูปแบบที่ 2,,0,30,193,30,99.7500,85.5000
มหาวิทยาลัยมหาสารคาม,มหาสารคาม,10210112220102A,0,M3001,คณะวิทยาการสารสนเทศ,วท.บ. สื่อนฤมิต,รอบที่ 3 Admission รูปแบบที่ 1,,0,10,91,10,60.5550,52.1180
มหาวิทยาลัยมหาสารคาม,มหาสารคาม,10210112220102A,0,M3002,คณะวิทยาการสารสนเทศ,วท.บ. สื่อนฤมิต,รอบที่ 3 Admission รูปแบบที่ 2,,0,10,115,10,98.2500,93.5000
มหาวิทยาลัยมหาสารคาม,มหาสารคาม,10210112220103A,0,M3001,คณะวิทยาการสารสนเทศ,สท.บ. สารสนเทศศาสตร์,รอบที่ 3 Admission รูปแบบที่ 1,,0,25,32,8,45.8360,29.2770
มหาวิทยาลัยมหาสารคาม,มหาสารคาม,10210112220103A,0,M3002,คณะวิทยาการสารสนเทศ,สท.บ. สารสนเทศศาสตร์,รอบที่ 3 Admission รูปแบบที่ 2,,0,25,68,25,96.0000,68.7500
มหาวิทยาลัยมหาสารคาม,มหาสารคาม,10210112220105A,0,M3001,คณะวิทยาการสารสนเทศ,วท.บ. ภูมิสารสนเทศศาสตร์,รอบที่ 3 Admission รูปแบบที่ 1,,0,50,16,2,43.1550,32.1570
มหาวิทยาลัยมหาสารคาม,มหาสารคาม,10210112220105A,0,M3002,คณะวิทยาการสารสนเทศ,วท.บ. ภูมิสารสนเทศศาสตร์,รอบที่ 3 Admission รูปแบบที่ 2,,0,50,32,10,87.0000,42.2500
มหาวิทยาลัยมหาสารคาม,มหาสารคาม,10210112220201A,0,M3001,คณะวิทยาการสารสนเทศ,วท.บ. วิทยาการคอมพิวเตอร์,รอบที่ 3 Admission รูปแบบที่ 1,,0,30,55,29,52.3166,25.2944
มหาวิทยาลัยมหาสารคาม,มหาสารคาม,10210112220201A,0,M3002,คณะวิทยาการสารสนเทศ,วท.บ. วิทยาการคอมพิวเตอร์,รอบที่ 3 Admission รูปแบบที่ 2,,0,20,128,20,99.9500,76.4500
มหาวิทยาลัยมหาสารคาม,มหาสารคาม,10210112220202E,0,M3001,คณะวิทยาการสารสนเทศ,วท.บ. วิทยาการคอมพิวเตอร์และเทคโนโลีย(หลักสูตรนานาชาต)ิ,รอบที่ 3 Admission รูปแบบที่ 1,,0,10,14,4,55.1499,43.2131
มหาวิทยาลัยมหาสารคาม,มหาสารคาม,10210112220202E,0,M3002,คณะวิทยาการสารสนเทศ,วท.บ. วิทยาการคอมพิวเตอร์และเทคโนโลีย(หลักสูตรนานาชาต)ิ,รอบที่ 3 Admission รูปแบบที่ 2,,0,10,47,9,97.4375,55.2500
มหาวิทยาลัยมหาสารคาม,มหาสารคาม,10210112220301A,0,M3001,คณะวิทยาการสารสนเทศ,วท.บ. วิทยาการข้อมูลประยุกต์,รอบที่ 3 Admission รูปแบบที่ 1,,0,50,33,6,47.0000,37.1880
มหาวิทยาลัยมหาสารคาม,มหาสารคาม,10210112220301A,0,M3002,คณะวิทยาการสารสนเทศ,วท.บ. วิทยาการข้อมูลประยุกต์,รอบที่ 3 Admission รูปแบบที่ 2,,0,50,45,11,91.5000,57.0000
มหาวิทยาลัยมหาสารคาม,มหาสารคาม,10210112901101A,0,M3002,คณะวิทยาการสารสนเทศ,นศ.บ. นิเทศศาสตร์,รอบที่ 3 Admission รูปแบบที่ 2,,0,30,418,31,99.2500,94.0000
มหาวิทยาลัยมหาสารคาม,มหาสารคาม,10210113900201A,0,M3001,วิทยาลัยการเมืองการปกครอง,ร.บ. การเมืองการปกครอง,รอบที่ 3 Admission รูปแบบที่ 1,,0,35,190,35,63.5910,45.1790
มหาวิทยาลัยมหาสารคาม,มหาสารคาม,10210113900201A,0,M3002,วิทยาลัยการเมืองการปกครอง,ร.บ. การเมืองการปกครอง,รอบที่ 3 Admission รูปแบบที่ 2,,0,20,252,21,98.5000,92.5625
มหาวิทยาลัยมหาสารคาม,มหาสารคาม,10210113900202A,0,M3001,วิทยาลัยการเมืองการปกครอง,ร.บ. การเมืองการปกครอง และ ร.ม. รัฐศาสต์ร(หลักสูตร 2 ปริญญา),รอบที่ 3 Admission รูปแบบที่ 1,,0,1,55,1,60.4180,60.4180
มหาวิทยาลัยมหาสารคาม,มหาสารคาม,10210113903101A,0,M3001,วิทยาลัยการเมืองการปกครอง,ร.บ. รัฐประศาสนศาสตร์,รอบที่ 3 Admission รูปแบบที่ 1,,0,35,213,35,56.1110,45.4460
มหาวิทยาลัยมหาสารคาม,มหาสารคาม,10210113903101A,0,M3002,วิทยาลัยการเมืองการปกครอง,ร.บ. รัฐประศาสนศาสตร์,รอบที่ 3 Admission รูปแบบที่ 2,,0,20,285,21,98.5000,93.2500
มหาวิทยาลัยมหาสารคาม,มหาสารคาม,10210113903102A,0,M3001,วิทยาลัยการเมืองการปกครอง,ร.บ. รัฐประศาสนศาสต์รและ ร.ม. รัฐศาสต์ร(หลักสูตร 2 ปริญญา),รอบที่ 3 Admission รูปแบบที่ 1,,0,1,56,1,58.6770,58.6770
มหาวิทยาลัยมหาสารคาม,มหาสารคาม,10210113903201A,0,M3001,วิทยาลัยการเมืองการปกครอง,ร.บ. ความสัมพันธ์ระหว่างประเทศ,รอบที่ 3 Admission รูปแบบที่ 1,,0,15,81,15,63.2060,46.2110
มหาวิทยาลัยมหาสารคาม,มหาสารคาม,10210113903201A,0,M3002,วิทยาลัยการเมืองการปกครอง,ร.บ. ความสัมพันธ์ระหว่างประเทศ,รอบที่ 3 Admission รูปแบบที่ 2,,0,10,250,10,100.0000,97.4000
มหาวิทยาลัยมหาสารคาม,มหาสารคาม,10210114111801A,0,M3001,คณะสาธารณสุขศาสตร์,วท.บ. โภชนาการและการกำหนดอาหาร,รอบที่ 3 Admission รูปแบบที่ 1,,0,20,339,20,35.8652,33.0033
มหาวิทยาลัยมหาสารคาม,มหาสารคาม,10210114112701A,0,M3001,คณะสาธารณสุขศาสตร์,ส.บ. สาธารณสุขศาสตร์,รอบที่ 3 Admission รูปแบบที่ 1,,0,20,2504,20,63.4890,58.4420
มหาวิทยาลัยมหาสารคาม,มหาสารคาม,10210114112702A,0,M3001,คณะสาธารณสุขศาสตร์,วท.บ. อนามัยสิ่งแวดล้อม,รอบที่ 3 Admission รูปแบบที่ 1,,0,30,376,30,36.2546,33.0945
มหาวิทยาลัยมหาสารคาม,มหาสารคาม,10210114112703A,0,M3001,คณะสาธารณสุขศาสตร์,วท.บ. อาชีวอนามัยและความปลอดภัย,รอบที่ 3 Admission รูปแบบที่ 1,,0,20,743,20,41.7640,37.2297
มหาวิทยาลัยมหาสารคาม,มหาสารคาม,10210115110801A,0,M3001,คณะแพทยศาสตร์,พทป.บ. การแพทย์แผนไทยประยุกต์บัณฑิต,รอบที่ 3 Admission รูปแบบที่ 1,,0,50,524,50,54.0982,46.6372
มหาวิทยาลัยมหาสารคาม,มหาสารคาม,10210115111601A,0,M3001,คณะแพทยศาสตร์,วท.บ. ฉุกเฉินการแพทย์,รอบที่ 3 Admission รูปแบบที่ 1,,0,15,335,15,51.6505,45.1369
มหาวิทยาลัยมหาสารคาม,มหาสารคาม,10210117210101A,0,M3001,คณะสิ่งแวดล้อมและทรัพยากรศาสตร์,วท.บ. การจัดการทรัพยากรธรรมชาติและ สิ่งแวดล้อม,รอบที่ 3 Admission รูปแบบที่ 1,,0,75,29,6,48.2280,28.9965
มหาวิทยาลัยมหาสารคาม,มหาสารคาม,10210117210101A,0,M3002,คณะสิ่งแวดล้อมและทรัพยากรศาสตร์,วท.บ. การจัดการทรัพยากรธรรมชาติและ สิ่งแวดล้อม,รอบที่ 3 Admission รูปแบบที่ 2,,0,75,82,23,91.0250,41.6500
มหาวิทยาลัยมหาสารคาม,มหาสารคาม,10210117211901A,0,M3001,คณะสิ่งแวดล้อมและทรัพยากรศาสตร์,วท.บ. เทคโนโลยีสิ่งแวดล้อม,รอบที่ 3 Admission รูปแบบที่ 1,,0,100,45,7,44.7250,30.2810
มหาวิทยาลัยมหาสารคาม,มหาสารคาม,10210117211901A,0,M3002,คณะสิ่งแวดล้อมและทรัพยากรศาสตร์,วท.บ. เทคโนโลยีสิ่งแวดล้อม,รอบที่ 3 Admission รูปแบบที่ 2,,0,100,61,15,94.5000,52.7500
มหาวิทยาลัยมหาสารคาม,มหาสารคาม,10210117703701A,0,M3001,คณะสิ่งแวดล้อมและทรัพยากรศาสตร์,กศ.บ. สิ่งแวดล้อมศึกษาและเกษตรศึกษา,รอบที่ 3 Admission รูปแบบที่ 1,,0,50,76,33,49.3880,24.2660
มหาวิทยาลัยมหาสารคาม,มหาสารคาม,10210117703701A,0,M3002,คณะสิ่งแวดล้อมและทรัพยากรศาสตร์,กศ.บ. สิ่งแวดล้อมศึกษาและเกษตรศึกษา,รอบที่ 3 Admission รูปแบบที่ 2,,0,50,150,50,97.0000,62.0000
มหาวิทยาลัยมหาสารคาม,มหาสารคาม,10210120702501A,0,M3001,วิทยาลัยดุริยางคศิลป์,กศ.บ. ดนตรีศึกษา,รอบที่ 3 Admission รูปแบบที่ 1,,0,4,53,4,53.6910,46.0832
มหาวิทยาลัยมหาสารคาม,มหาสารคาม,10210120702501A,0,M3002,วิทยาลัยดุริยางคศิลป์,กศ.บ. ดนตรีศึกษา,รอบที่ 3 Admission รูปแบบที่ 2,,0,40,63,31,95.2500,0.0000
มหาวิทยาลัยมหาสารคาม,มหาสารคาม,10210120800201A,0,M3001,วิทยาลัยดุริยางคศิลป์,ดศ.บ. ดุริยางคศาสตรบัณฑิต,รอบที่ 3 Admission รูปแบบที่ 1,,0,10,15,4,44.2580,32.7080
มหาวิทยาลัยมหาสารคาม,มหาสารคาม,10210120800201A,0,M3002,วิทยาลัยดุริยางคศิลป์,ดศ.บ. ดุริยางคศาสตรบัณฑิต,รอบที่ 3 Admission รูปแบบที่ 2,,0,10,38,10,96.7500,62.5000
มหาวิทยาลัยมหาสารคาม,มหาสารคาม,10210122140102A,0,M3001,คณะสัตวแพทยศาสตร์,วท.บ. การพยาบาลสัตว์,รอบที่ 3 Admission รูปแบบที่ 1,,0,100,1205,100,59.1606,42.1181
มหาวิทยาลัยมหาสารคาม,มหาสารคาม,10210122140103A,0,M3001,คณะสัตวแพทยศาสตร์,วท.บ. เทคนิคการสัตวแพทย์,รอบที่ 3 Admission รูปแบบที่ 1,,0,100,1098,100,53.5598,43.3271
มหาวิทยาลัยมหาสารคาม,มหาสารคาม,10210123901001A,0,M3001,คณะนิติศาสตร์,น.บ. นิติศาสตรบัณฑิต,รอบที่ 3 Admission รูปแบบที่ 1,,0,100,652,100,67.0580,50.3810
มหาวิทยาลัยมหาสารคาม,มหาสารคาม,10210123901001A,0,M3002,คณะนิติศาสตร์,น.บ. นิติศาสตรบัณฑิต,รอบที่ 3 Admission รูปแบบที่ 2,,0,100,1357,100,99.7500,95.0000
มหาวิทยาลัยมหาสารคาม,มหาสารคาม,10210124800102A,0,M3001,คณะศิลปกรรมศาสตร์และวัฒนธรรม ศาสตร์,ศป.บ. การออกแบบและพัฒนาผลิตภัณฑ์,รอบที่ 3 Admission รูปแบบที่ 1,,0,40,44,11,50.8918,29.6352
มหาวิทยาลัยมหาสารคาม,มหาสารคาม,10210124800102A,0,M3002,คณะศิลปกรรมศาสตร์และวัฒนธรรม ศาสตร์,ศป.บ. การออกแบบและพัฒนาผลิตภัณฑ์,รอบที่ 3 Admission รูปแบบที่ 2,,0,40,76,25,93.5000,62.2500
มหาวิทยาลัยมหาสารคาม,มหาสารคาม,10210124800301A,0,M3001,คณะศิลปกรรมศาสตร์และวัฒนธรรม ศาสตร์,ศป.บ. ทัศนศิลป์,รอบที่ 3 Admission รูปแบบที่ 1,,0,10,18,4,48.1776,37.4720
มหาวิทยาลัยมหาสารคาม,มหาสารคาม,10210124800301A,0,M3002,คณะศิลปกรรมศาสตร์และวัฒนธรรม ศาสตร์,ศป.บ. ทัศนศิลป์,รอบที่ 3 Admission รูปแบบที่ 2,,0,10,85,10,95.5000,88.2500
มหาวิทยาลัยมหาสารคาม,มหาสารคาม,10210124904001A,0,M3001,คณะศิลปกรรมศาสตร์และวัฒนธรรม ศาสตร์,ศศ.บ. การจัดการวัฒนธรรม,รอบที่ 3 Admission รูปแบบที่ 1,,0,30,28,7,41.0980,28.2940
มหาวิทยาลัยมหาสารคาม,มหาสารคาม,10210124904001A,0,M3002,คณะศิลปกรรมศาสตร์และวัฒนธรรม ศาสตร์,ศศ.บ. การจัดการวัฒนธรรม,รอบที่ 3 Admission รูปแบบที่ 2,,0,30,77,24,91.2500,52.7500
มหาวิทยาลัยทักษิณ,สงขลา,10220101700001A,A,K1111,คณะศึกษาศาสตร์,กศ.บ.การศึกษา,โครงการรับตรง ร่วมกัน (Admission),วิชาเอก การศึกษา ปฐมวัย,0,1,511,1,68.5742,68.5742
มหาวิทยาลัยทักษิณ,สงขลา,10220101700001A,B,K1111,คณะศึกษาศาสตร์,กศ.บ.การศึกษา,โครงการรับตรง ร่วมกัน (Admission),วิชาเอกการ ประถมศึกษา,0,1,704,1,69.2968,69.2968
มหาวิทยาลัยทักษิณ,สงขลา,10220101700001A,C,K1111,คณะศึกษาศาสตร์,กศ.บ.การศึกษา,โครงการรับตรง ร่วมกัน (Admission),วิชาเอก จิตวิทยา การศึกษา และการ แนะแนว,0,3,232,3,71.5140,69.2828
มหาวิทยาลัยทักษิณ,สงขลา,10220101700001A,D,K1111,คณะศึกษาศาสตร์,กศ.บ.การศึกษา,โครงการรับตรง ร่วมกัน (Admission),วิชาเอก เทคโนโลียและสื่อสาร การศึกษา,0,27,130,27,68.5755,57.6995
มหาวิทยาลัยทักษิณ,สงขลา,10220101700002A,A,K1111,คณะศึกษาศาสตร์,กศ.บ.ศึกษาศาสตร์,โครงการรับตรง ร่วมกัน (Admission),วิชาเอกพล ศึกษา,0,2,188,2,70.1685,69.7190
มหาวิทยาลัยทักษิณ,สงขลา,10220101700002A,B,K1111,คณะศึกษาศาสตร์,กศ.บ.ศึกษาศาสตร์,โครงการรับตรง ร่วมกัน (Admission),วิชาเอก สังคมศึกษา,0,4,196,4,64.5592,58.8584
มหาวิทยาลัยทักษิณ,สงขลา,10220101700002A,C,K1111,คณะศึกษาศาสตร์,กศ.บ.ศึกษาศาสตร์,โครงการรับตรง ร่วมกัน (Admission),วิชาเอก ภาษาอังกฤษ,0,4,239,4,74.2160,70.3520
มหาวิทยาลัยทักษิณ,สงขลา,10220101700002A,D,K1111,คณะศึกษาศาสตร์,กศ.บ.ศึกษาศาสตร์,โครงการรับตรง ร่วมกัน (Admission),วิชาเอก ภาษาไทย,0,2,465,2,72.3620,71.3848
มหาวิทยาลัยทักษิณ,สงขลา,10220101700002A,E,K1111,คณะศึกษาศาสตร์,กศ.บ.ศึกษาศาสตร์,โครงการรับตรง ร่วมกัน (Admission),วิชาเอก ศิลปศึกษา,0,2,11,2,61.6889,60.4019
มหาวิทยาลัยทักษิณ,สงขลา,10220101700401A,0,K1111,คณะศึกษาศาสตร์,กศ.บ.การวัดและประเมินทางการศึกษาและ การสอนคณิตศาสตร์,โครงการรับตรง ร่วมกัน (Admission),,0,2,87,2,69.4644,67.9999
มหาวิทยาลัยทักษิณ,สงขลา,10220101702401A,A,K1111,คณะศึกษาศาสตร์,กศ.บ.วิทยาศาสตร์และคณิตศาสตร์,โครงการรับตรง ร่วมกัน (Admission),วิชาเอกเคมี,0,21,50,17,60.8839,37.9581
มหาวิทยาลัยทักษิณ,สงขลา,10220101702401A,B,K1111,คณะศึกษาศาสตร์,กศ.บ.วิทยาศาสตร์และคณิตศาสตร์,โครงการรับตรง ร่วมกัน (Admission),วิชาเอกฟิสิกส์,0,22,48,20,67.4832,38.7829
มหาวิทยาลัยทักษิณ,สงขลา,10220101702401A,C,K1111,คณะศึกษาศาสตร์,กศ.บ.วิทยาศาสตร์และคณิตศาสตร์,โครงการรับตรง ร่วมกัน (Admission),วิชาเอก ชีววิทยา,0,13,73,13,63.0818,53.4583
มหาวิทยาลัยทักษิณ,สงขลา,10220101702401A,D,K1111,คณะศึกษาศาสตร์,กศ.บ.วิทยาศาสตร์และคณิตศาสตร์,โครงการรับตรง ร่วมกัน (Admission),วิชาเอก คณิตศาสตร์,0,10,173,10,56.0284,50.2564
มหาวิทยาลัยทักษิณ,สงขลา,10220103610401A,0,K1111,คณะมนุษยศาสตร์และสังคมศาสตร์,ศศ.บ.การจัดการทรัพยากรมนุษย์,โครงการรับตรง ร่วมกัน (Admission),,0,5,133,5,51.8050,49.1660
มหาวิทยาลัยทักษิณ,สงขลา,10220103901101A,A,K1111,คณะมนุษยศาสตร์และสังคมศาสตร์,นศ.บ.การสื่อสารการตลาดและสื่อดิจิทัล,โครงการรับตรง ร่วมกัน (Admission),วิชาเอกการ สื่อสาร การตลาด,0,5,95,5,50.8680,47.5000
มหาวิทยาลัยทักษิณ,สงขลา,10220103901101A,B,K1111,คณะมนุษยศาสตร์และสังคมศาสตร์,นศ.บ.การสื่อสารการตลาดและสื่อดิจิทัล,โครงการรับตรง ร่วมกัน (Admission),วิชาเอกสื่อ ดิจิทัล,0,5,109,5,54.7620,49.7220
มหาวิทยาลัยทักษิณ,สงขลา,10220103901201A,0,K1111,คณะมนุษยศาสตร์และสังคมศาสตร์,ศศ.บ.สารสนเทศศาสตร์และบรรณารักษศาสตร์,โครงการรับตรง ร่วมกัน (Admission),,0,50,73,18,50.7660,23.1940
มหาวิทยาลัยทักษิณ,สงขลา,10220103901401A,0,K1111,คณะมนุษยศาสตร์และสังคมศาสตร์,ศศ.บ.ประวัติศาสตร์,โครงการรับตรง ร่วมกัน (Admission),,0,20,83,20,50.8330,33.4720
มหาวิทยาลัยทักษิณ,สงขลา,10220103901801C,A,K1111,คณะมนุษยศาสตร์และสังคมศาสตร์,ศศ.บ.ภาษาจีน (หลักสูตรสองภาษา),โครงการรับตรง ร่วมกัน (Admission),แผน 1 เรียนที่ ประเทศไทย 4 ปี,0,5,50,5,51.1620,41.6960
มหาวิทยาลัยทักษิณ,สงขลา,10220103901801C,B,K1111,คณะมนุษยศาสตร์และสังคมศาสตร์,ศศ.บ.ภาษาจีน (หลักสูตรสองภาษา),โครงการรับตรง ร่วมกัน (Admission),แผน 2 เรียนที่ ประเทศไทย 3 ปีและ ประเทศจีน 1 ปี,0,5,92,5,63.9870,45.4160
มหาวิทยาลัยทักษิณ,สงขลา,10220103901901A,0,K1111,คณะมนุษยศาสตร์และสังคมศาสตร์,ศศ.บ.ภาษาญี่ปุ่น,โครงการรับตรง ร่วมกัน (Admission),,0,25,62,17,60.3810,33.1940
มหาวิทยาลัยทักษิณ,สงขลา,10220103902001A,0,K1111,คณะมนุษยศาสตร์และสังคมศาสตร์,ศศ.บ.ภาษาไทย,โครงการรับตรง ร่วมกัน (Admission),,0,10,170,10,54.0270,46.8770
มหาวิทยาลัยทักษิณ,สงขลา,10220103902301A,0,K1111,คณะมนุษยศาสตร์และสังคมศาสตร์,ศศ.บ.ภาษามลายู,โครงการรับตรง ร่วมกัน (Admission),,0,30,55,20,40.1380,24.5550
มหาวิทยาลัยทักษิณ,สงขลา,10220103902501C,A,K1111,คณะมนุษยศาสตร์และสังคมศาสตร์,ศศ.บ.ภาษาอังกฤษ (หลักสูตรสองภาษา),โครงการรับตรง ร่วมกัน (Admission),วิชาเอก ภาษาอังกฤษ,0,20,216,20,69.5630,50.4460
มหาวิทยาลัยทักษิณ,สงขลา,10220103902501C,B,K1111,คณะมนุษยศาสตร์และสังคมศาสตร์,ศศ.บ.ภาษาอังกฤษ (หลักสูตรสองภาษา),โครงการรับตรง ร่วมกัน (Admission),วิชาเอก ภาษาอังกฤษ เพื่อการ สื่อสารและ อาชีพ,0,15,177,15,67.3610,50.4510
มหาวิทยาลัยทักษิณ,สงขลา,10220103902502F,0,K1111,คณะมนุษยศาสตร์และสังคมศาสตร์,ศศ.บ.ภาษาอังกฤษ และ ศศ.บ.ภาษาจีน (หลักสูตรควบสองปริญญา),โครงการรับตรง ร่วมกัน (Admission),,0,15,66,15,63.0950,41.7220
มหาวิทยาลัยทักษิณ,สงขลา,10220103903001A,0,K1111,คณะมนุษยศาสตร์และสังคมศาสตร์,วท.บ.ภูมิศาสตร์และภูมิสารสนเทศศาสตร์,โครงการรับตรง ร่วมกัน (Admission),,0,20,16,5,45.0260,28.2488
มหาวิทยาลัยทักษิณ,สงขลา,10220103903101A,A,K1111,คณะมนุษยศาสตร์และสังคมศาสตร์,รป.บ.รัฐประศาสนศาสตร์,โครงการรับตรง ร่วมกัน (Admission),วิชาเอกการ ปกครอง ท้องถิ่น,0,5,259,5,54.0840,49.2220
มหาวิทยาลัยทักษิณ,สงขลา,10220103903101A,B,K1111,คณะมนุษยศาสตร์และสังคมศาสตร์,รป.บ.รัฐประศาสนศาสตร์,โครงการรับตรง ร่วมกัน (Admission),วิชาเอกการ จัดการ ภาครัฐและ กิจการ ระหว่าง ประเทศ,0,55,216,55,58.0250,35.8330
มหาวิทยาลัยทักษิณ,สงขลา,10220103904201A,0,K1111,คณะมนุษยศาสตร์และสังคมศาสตร์,ศศ.บ.การบริหารและพัฒนาชุมชน,โครงการรับตรง ร่วมกัน (Admission),,0,1,148,1,49.8610,49.8610
มหาวิทยาลัยทักษิณ,สงขลา,10220104800101A,A,K1111,คณะศิลปกรรมศาสตร์,อบ.บ.ศิลปะการออกแบบ,โครงการรับตรง ร่วมกัน (Admission),วิชาเอก ออกแบบ กราฟิก,0,5,21,5,55.4622,44.0365
มหาวิทยาลัยทักษิณ,สงขลา,10220104800101A,B,K1111,คณะศิลปกรรมศาสตร์,อบ.บ.ศิลปะการออกแบบ,โครงการรับตรง ร่วมกัน (Admission),วิชาเอก ออกแบบ ผลิตภัณฑ์,0,20,12,2,37.7031,29.9163
มหาวิทยาลัยทักษิณ,สงขลา,10220104800102F,0,K1111,คณะศิลปกรรมศาสตร์,อบ.บ.ศิลปะการออกแบบ และ กศ.ม. เทคโนโลยีและสื่อสารการศึกษา (หลักสูตรควบ สองปริญญา),โครงการรับตรง ร่วมกัน (Admission),,0,5,4,1,41.5997,41.5997
มหาวิทยาลัยทักษิณ,สงขลา,10220104800201A,A,K1111,คณะศิลปกรรมศาสตร์,ดศ.บ.ดุริยางคศาสตร์,โครงการรับตรง ร่วมกัน (Admission),วิชาเอก ดนตรีไทย,0,30,0,0,0.0000,0.0000
มหาวิทยาลัยทักษิณ,สงขลา,10220104800201A,B,K1111,คณะศิลปกรรมศาสตร์,ดศ.บ.ดุริยางคศาสตร์,โครงการรับตรง ร่วมกัน (Admission),วิชาเอก ดนตรีสากล,0,5,6,2,51.0915,38.6135
มหาวิทยาลัยทักษิณ,สงขลา,10220104800201A,C,K1111,คณะศิลปกรรมศาสตร์,ดศ.บ.ดุริยางคศาสตร์,โครงการรับตรง ร่วมกัน (Admission),วิชาเอก เทคโนโลียธุรกิจดนตรี,0,30,1,0,0.0000,0.0000
มหาวิทยาลัยทักษิณ,สงขลา,10220104800301A,0,K1111,คณะศิลปกรรมศาสตร์,ศป.บ.ทัศนศิลป์,โครงการรับตรง ร่วมกัน (Admission),,0,10,17,6,46.7613,31.8411
มหาวิทยาลัยทักษิณ,สงขลา,10220104800401A,0,K1111,คณะศิลปกรรมศาสตร์,ศป.บ.ศิลปะการแสดง,โครงการรับตรง ร่วมกัน (Admission),,0,15,10,1,43.9987,43.9987
มหาวิทยาลัยทักษิณ,สงขลา,10220107610301A,A,K1111,คณะเศรษฐศาสตร์และบริหารธุรกิจ,บธ.บ.การค้าสมัยใหม่และโลจิสติกส์,โครงการรับตรง ร่วมกัน (Admission),วิชาเอกการ จัดการธุรกิจ ดิจิทัลและนวัตกรรม การตลาด,0,65,76,26,41.8220,19.8888
มหาวิทยาลัยทักษิณ,สงขลา,10220107610301A,B,K1111,คณะเศรษฐศาสตร์และบริหารธุรกิจ,บธ.บ.การค้าสมัยใหม่และโลจิสติกส์,โครงการรับตรง ร่วมกัน (Admission),วิชาเอกการ จัดการโลิจสติกส์,0,30,104,30,42.2444,26.2220
มหาวิทยาลัยทักษิณ,สงขลา,10220107610501A,0,K1111,คณะเศรษฐศาสตร์และบริหารธุรกิจ,บช.บ.การบัญชี,โครงการรับตรง ร่วมกัน (Admission),,0,20,103,20,62.0168,36.8552
มหาวิทยาลัยทักษิณ,สงขลา,10220107610502F,0,K1111,คณะเศรษฐศาสตร์และบริหารธุรกิจ,บช.บ.การบัญีชและ น.บ.นิติศาสต์ร(หลักสูตร ควบสองปริญญา),โครงการรับตรง ร่วมกัน (Admission),,0,5,54,5,57.3276,41.1372
มหาวิทยาลัยทักษิณ,สงขลา,10220107610601A,0,K1111,คณะเศรษฐศาสตร์และบริหารธุรกิจ,บธ.บ.นวัตกรรมการตลาด,โครงการรับตรง ร่วมกัน (Admission),,0,15,43,15,43.6868,31.5332
มหาวิทยาลัยทักษิณ,สงขลา,10220107610801A,0,K1111,คณะเศรษฐศาสตร์และบริหารธุรกิจ,บธ.บ.การประกอบการและการจัดการ,โครงการรับตรง ร่วมกัน (Admission),,0,5,46,5,45.4000,35.0200
มหาวิทยาลัยทักษิณ,สงขลา,10220107611101A,0,K1111,คณะเศรษฐศาสตร์และบริหารธุรกิจ,ศ.บ.เศรษฐศาสตร์,โครงการรับตรง ร่วมกัน (Admission),,0,50,56,10,40.4888,19.5552
มหาวิทยาลัยทักษิณ,สงขลา,10220107611102F,0,K1111,คณะเศรษฐศาสตร์และบริหารธุรกิจ,ศ.บ.เศรษฐศาสต์รและ วท.บ.วิทยาการ คอมพิวเตอร์และสารสนเทศ (หลักสูตรควบ สองปริญญา),โครงการรับตรง ร่วมกัน (Admission),,0,20,12,1,31.8220,31.8220
มหาวิทยาลัยทักษิณ,สงขลา,10220108901001A,0,K1111,คณะนิติศาสตร์,น.บ.นิติศาสตร์,โครงการรับตรง ร่วมกัน (Admission),,0,100,610,101,63.7500,46.5270
มหาวิทยาลัยทักษิณ,สงขลา,10220108901002F,0,K1111,คณะนิติศาสตร์,น.บ.นิติศาสต์รและ น.ม.นิติศาสต์ร(หลักสูตร ควบสองปริญญา),โครงการรับตรง ร่วมกัน (Admission),,0,5,175,5,63.6110,52.5190
มหาวิทยาลัยทักษิณ,สงขลา,10220111610201A,A,K1111,วิทยาลัยการจัดการเพื่อการพัฒนา,กจ.บ.การจัดการสมัยใหม่,โครงการรับตรง ร่วมกัน (Admission),วิชาเอกการ จัดการการ ประกอบการ ทางสังคม,0,90,121,37,48.3330,23.4380
มหาวิทยาลัยทักษิณ,สงขลา,10220111610201A,B,K1111,วิทยาลัยการจัดการเพื่อการพัฒนา,กจ.บ.การจัดการสมัยใหม่,โครงการรับตรง ร่วมกัน (Admission),วิชาเอกการ จัดการการ ท่องเที่ยว และไมซ์,0,40,133,40,55.1380,33.7210
มหาวิทยาลัยทักษิณ,สงขลา,10220111610201A,C,K1111,วิทยาลัยการจัดการเพื่อการพัฒนา,กจ.บ.การจัดการสมัยใหม่,โครงการรับตรง ร่วมกัน (Admission),วิชาเอกการ จัดการโลิจสติกส์,0,5,148,5,51.8050,48.7500
มหาวิทยาลัยทักษิณ,สงขลา,10220111903101A,0,K1111,วิทยาลัยการจัดการเพื่อการพัฒนา,รป.บ.การบริหารงานตำรวจและกระบวนการ ยุติธรรม,โครงการรับตรง ร่วมกัน (Admission),,0,50,257,50,51.6660,38.6110
มหาวิทยาลัยทักษิณ,สงขลา,10220114610801E,A,K1111,วิทยาลัยนานาชาติ,บธ.บ.บริหารธุรกิจ (หลักสูตรนานาชาต)ิ,โครงการรับตรง ร่วมกัน (Admission),วิชาเอกการ จัดการธุรกิจ ระหว่าง ประเทศ,0,30,26,6,45.9720,23.0335
มหาวิทยาลัยทักษิณ,สงขลา,10220114610801E,B,K1111,วิทยาลัยนานาชาติ,บธ.บ.บริหารธุรกิจ (หลักสูตรนานาชาต)ิ,โครงการรับตรง ร่วมกัน (Admission),วิชาเอก การตลาด ดิจิทัล,0,30,14,2,35.9720,29.7220
มหาวิทยาลัยทักษิณ,สงขลา,10220114610801E,C,K1111,วิทยาลัยนานาชาติ,บธ.บ.บริหารธุรกิจ (หลักสูตรนานาชาต)ิ,โครงการรับตรง ร่วมกัน (Admission),วิชาเอก ธุรกิจและ วิทยาการ คอมพิวเตอร์,0,30,10,3,39.8610,28.5415
มหาวิทยาลัยทักษิณ,สงขลา,10220114700001E,0,K1111,วิทยาลัยนานาชาติ,กศ.บ.ศึกษาศาสต์รวิชาเอกภาษาอังกฤษ (หลักสูตรภาคภาษาอังกฤษ),โครงการรับตรง ร่วมกัน (Admission),,0,2,55,2,69.9764,68.1818
มหาวิทยาลัยทักษิณ,สงขลา,10220114902501E,A,K1111,วิทยาลัยนานาชาติ,ศศ.บ.ภาษาอังกฤษ (หลักสูตรภาคภาษาอังกฤษ),โครงการรับตรง ร่วมกัน (Admission),วิชาเอก ภาษาอังกฤษ,0,30,47,14,72.8160,30.2080
มหาวิทยาลัยทักษิณ,สงขลา,10220114902501E,B,K1111,วิทยาลัยนานาชาติ,ศศ.บ.ภาษาอังกฤษ (หลักสูตรภาคภาษาอังกฤษ),โครงการรับตรง ร่วมกัน (Admission),วิชาเอก ภาษาอังกฤษ เพื่อการ สื่อสารและ อาชีพ,0,30,49,15,55.9025,28.4025
มหาวิทยาลัยทักษิณ,พัทลุง,10220201700002A,A,K1111,คณะศึกษาศาสตร์,กศ.บ.ศึกษาศาสตร์,โครงการรับตรง ร่วมกัน (Admission),วิชาเอกพล ศึกษา,0,3,100,3,66.3960,62.9305
มหาวิทยาลัยทักษิณ,พัทลุง,10220201700002A,B,K1111,คณะศึกษาศาสตร์,กศ.บ.ศึกษาศาสตร์,โครงการรับตรง ร่วมกัน (Admission),วิชาเอก สังคมศึกษา,0,3,145,3,66.2654,64.1892
มหาวิทยาลัยทักษิณ,พัทลุง,10220201700002A,C,K1111,คณะศึกษาศาสตร์,กศ.บ.ศึกษาศาสตร์,โครงการรับตรง ร่วมกัน (Admission),วิชาเอก ภาษาอังกฤษ,0,8,186,8,72.5326,66.6996
มหาวิทยาลัยทักษิณ,พัทลุง,10220201700002A,D,K1111,คณะศึกษาศาสตร์,กศ.บ.ศึกษาศาสตร์,โครงการรับตรง ร่วมกัน (Admission),วิชาเอก ภาษาไทย,0,2,287,2,72.9955,71.2075
มหาวิทยาลัยทักษิณ,พัทลุง,10220201700801A,0,K1111,คณะศึกษาศาสตร์,กศ.บ.คณิตศาสตร์,โครงการรับตรง ร่วมกัน (Admission),,0,21,89,21,42.0666,35.8666
มหาวิทยาลัยทักษิณ,พัทลุง,10220201702401A,A,K1111,คณะศึกษาศาสตร์,กศ.บ.วิทยาศาสตร์และเทคโนโลยี,โครงการรับตรง ร่วมกัน (Admission),วิชาเอกเคมี,0,23,34,6,46.5633,33.8190
มหาวิทยาลัยทักษิณ,พัทลุง,10220201702401A,B,K1111,คณะศึกษาศาสตร์,กศ.บ.วิทยาศาสตร์และเทคโนโลยี,โครงการรับตรง ร่วมกัน (Admission),วิชาเอกฟิสิกส์,0,25,22,4,48.3468,40.2135
มหาวิทยาลัยทักษิณ,พัทลุง,10220201702401A,D,K1111,คณะศึกษาศาสตร์,กศ.บ.วิทยาศาสตร์และเทคโนโลยี,โครงการรับตรง ร่วมกัน (Admission),วิชาเอก วิทยาศาสต์รทั่วไป,0,17,44,17,54.3090,38.1215
มหาวิทยาลัยทักษิณ,พัทลุง,10220201702401A,E,K1111,คณะศึกษาศาสตร์,กศ.บ.วิทยาศาสตร์และเทคโนโลยี,โครงการรับตรง ร่วมกัน (Admission),วิชาเอก คอมพิวเตอ์รและ วิทยาการ คำนวณ,0,13,19,5,42.6884,33.8885
มหาวิทยาลัยทักษิณ,พัทลุง,10220202210301A,0,K1111,คณะวิทยาศาสตร์และนวัตกรรมดิจิทัล,วท.บ.คณิตศาสตร์และการจัดการข้อมูล,โครงการรับตรง ร่วมกัน (Admission),,0,60,12,1,33.4330,33.4330
มหาวิทยาลัยทักษิณ,พัทลุง,10220202210302F,0,K1111,คณะวิทยาศาสตร์และนวัตกรรมดิจิทัล,วท.บ.คณิตศาสตร์และการจัดการข้อมูล และ วท.บ.วิทยาการคอมพิวเตอร์และสารสนเทศ (หลักสูตรควบสองปริญญา),โครงการรับตรง ร่วมกัน (Admission),,0,30,6,0,0.0000,0.0000
มหาวิทยาลัยทักษิณ,พัทลุง,10220202210701A,0,K1111,คณะวิทยาศาสตร์และนวัตกรรมดิจิทัล,วท.บ.ชีววิทยาศาสตร์,โครงการรับตรง ร่วมกัน (Admission),,0,60,23,3,37.0994,32.6828
มหาวิทยาลัยทักษิณ,พัทลุง,10220202210702F,0,K1111,คณะวิทยาศาสตร์และนวัตกรรมดิจิทัล,วท.บ.ชีววิทยาศาสต์รและ กจ.บ.การ ประกอบการด้วยนวัตกรรม (หลักสูตรควบสอง ปริญญา),โครงการรับตรง ร่วมกัน (Admission),,0,30,0,0,0.0000,0.0000
มหาวิทยาลัยทักษิณ,พัทลุง,10220202210703F,0,K1111,คณะวิทยาศาสตร์และนวัตกรรมดิจิทัล,วท.บ.ชีววิทยาศาสต์รและ วท.ม. เทคโนโลยีชีวภาพ (หลักสูตรควบสองปริญญา),โครงการรับตรง ร่วมกัน (Admission),,0,10,10,2,48.9986,39.0218
มหาวิทยาลัยทักษิณ,พัทลุง,10220202210801A,0,K1111,คณะวิทยาศาสตร์และนวัตกรรมดิจิทัล,วท.บ.ดิจิทัลและปัญญาประดิษฐ์ทางการแพทย์,โครงการรับตรง ร่วมกัน (Admission),,0,40,13,2,39.5130,32.4828
มหาวิทยาลัยทักษิณ,พัทลุง,10220202211201A,0,K1111,คณะวิทยาศาสตร์และนวัตกรรมดิจิทัล,วท.บ.เทคโนโลยีชีวภาพ,โครงการรับตรง ร่วมกัน (Admission),,0,40,1,1,45.0744,45.0744
มหาวิทยาลัยทักษิณ,พัทลุง,10220202213501A,A,K1111,คณะวิทยาศาสตร์และนวัตกรรมดิจิทัล,วท.บ.วิทยาศาสตร์และนวัตกรรม,โครงการรับตรง ร่วมกัน (Admission),วิชาเอกเคมี,0,30,8,1,34.2494,34.2494
มหาวิทยาลัยทักษิณ,พัทลุง,10220202213501A,B,K1111,คณะวิทยาศาสตร์และนวัตกรรมดิจิทัล,วท.บ.วิทยาศาสตร์และนวัตกรรม,โครงการรับตรง ร่วมกัน (Admission),วิชาเอก ฟิสิกส์และ วัสวดุศาสตร์,0,30,1,0,0.0000,0.0000
มหาวิทยาลัยทักษิณ,พัทลุง,10220202213501A,C,K1111,คณะวิทยาศาสตร์และนวัตกรรมดิจิทัล,วท.บ.วิทยาศาสตร์และนวัตกรรม,โครงการรับตรง ร่วมกัน (Admission),วิชาเอก สิ่งแวดล้อม,0,30,5,0,0.0000,0.0000
มหาวิทยาลัยทักษิณ,พัทลุง,10220202213502F,0,K1111,คณะวิทยาศาสตร์และนวัตกรรมดิจิทัล,วท.บ.วิทยาศาสตร์และนวัตกรรม และ กจ.บ. การประกอบการด้วยนวัตกรรม (หลักสูตรควบ สองปริญญา),โครงการรับตรง ร่วมกัน (Admission),,0,30,1,0,0.0000,0.0000
มหาวิทยาลัยทักษิณ,พัทลุง,10220202213503F,0,K1111,คณะวิทยาศาสตร์และนวัตกรรมดิจิทัล,วท.บ.วิทยาศาสตร์และนวัตกรรม และ วท.ม. เคมีและนวัตกรรมเคีม(หลักสูตรควบสอง ปริญญา),โครงการรับตรง ร่วมกัน (Admission),,0,30,6,1,29.2496,29.2496
มหาวิทยาลัยทักษิณ,พัทลุง,10220202220201A,0,K1111,คณะวิทยาศาสตร์และนวัตกรรมดิจิทัล,วท.บ.วิทยาการคอมพิวเตอร์และสารสนเทศ,โครงการรับตรง ร่วมกัน (Admission),,0,60,25,7,46.5240,30.9860
มหาวิทยาลัยทักษิณ,พัทลุง,10220202220202F,0,K1111,คณะวิทยาศาสตร์และนวัตกรรมดิจิทัล,วท.บ.วิทยาการคอมพิวเตอร์และสารสนเทศ และ กจ.บ.การประกอบการด้วยนวัตกรรม (หลักสูตรควบสองปริญญา),โครงการรับตรง ร่วมกัน (Admission),,0,30,8,0,0.0000,0.0000
มหาวิทยาลัยทักษิณ,พัทลุง,10220205110701A,0,K1111,คณะวิทยาการสุขภาพและการกีฬา,พท.บ.การแพทย์แผนไทย,โครงการรับตรง ร่วมกัน (Admission),,0,5,122,5,47.5564,44.1798
มหาวิทยาลัยทักษิณ,พัทลุง,10220205112001A,0,K1111,คณะวิทยาการสุขภาพและการกีฬา,วท.บ.วิทยาศาสตร์การกีฬาและการออกกำลัง กาย,โครงการรับตรง ร่วมกัน (Admission),,0,50,11,6,25.0250,19.7625
มหาวิทยาลัยทักษิณ,พัทลุง,10220205112002F,0,K1111,คณะวิทยาการสุขภาพและการกีฬา,วท.บ.วิทยาศาสตร์การกีฬาและการออกกำลัง กาย และ กจ.บ.การประกอบการด้วยนวัตกรรม (หลักสูตรควบสองปริญญา),โครงการรับตรง ร่วมกัน (Admission),,0,30,2,0,0.0000,0.0000
มหาวิทยาลัยทักษิณ,พัทลุง,10220205112501A,0,K1111,คณะวิทยาการสุขภาพและการกีฬา,วท.บ.บูรณาการการจัดการสุขภาพและเวลเนส,โครงการรับตรง ร่วมกัน (Admission),,0,60,2,1,30.2300,30.2300
มหาวิทยาลัยทักษิณ,พัทลุง,10220205112502F,0,K1111,คณะวิทยาการสุขภาพและการกีฬา,วท.บ.บูรณาการการจัดการสุขภาพและเวลเนส และ กจ.บ.การประกอบการด้วยนวัตกรรม (หลักสูตรควบสองปริญญา),โครงการรับตรง ร่วมกัน (Admission),,0,30,1,0,0.0000,0.0000
มหาวิทยาลัยทักษิณ,พัทลุง,10220205112701A,0,K1111,คณะวิทยาการสุขภาพและการกีฬา,วท.บ.อาชีวอนามัยและความปลอดภัย,โครงการรับตรง ร่วมกัน (Admission),,0,10,132,10,36.6125,27.2375
มหาวิทยาลัยทักษิณ,พัทลุง,10220205112702A,0,K1111,คณะวิทยาการสุขภาพและการกีฬา,ส.บ.สาธารณสุขชุมชน,โครงการรับตรง ร่วมกัน (Admission),,0,5,135,5,33.5050,31.6450
มหาวิทยาลัยทักษิณ,พัทลุง,10220206500201A,0,K1111,คณะเทคโนโลยีและการพัฒนาชุมชน,วท.บ.ส่งเสริมการเกษตรและพัฒนาชุมชน,โครงการรับตรง ร่วมกัน (Admission),,0,40,1,0,0.0000,0.0000
มหาวิทยาลัยทักษิณ,พัทลุง,10220206500202A,0,K1111,คณะเทคโนโลยีและการพัฒนาชุมชน,วท.บ.เกษตรศาสตร์สมัยใหม่,โครงการรับตรง ร่วมกัน (Admission),,0,50,3,0,0.0000,0.0000
มหาวิทยาลัยทักษิณ,พัทลุง,10220206500203F,0,K1111,คณะเทคโนโลยีและการพัฒนาชุมชน,วท.บ.เกษตรศาสตร์สมัยให่มและ กจ.บ.การ ประกอบการด้วยนวัตกรรม (หลักสูตรควบสอง ปริญญา),โครงการรับตรง ร่วมกัน (Admission),,0,30,2,0,0.0000,0.0000
มหาวิทยาลัยทักษิณ,พัทลุง,10220206500204F,0,K1111,คณะเทคโนโลยีและการพัฒนาชุมชน,วท.บ.เกษตรศาสตร์สมัยให่มและ บธ.บ.การค้า สมัยใหม่และโลจิสติก์ส(หลักสูตรควบสอง ปริญญา),โครงการรับตรง ร่วมกัน (Admission),,0,30,2,0,0.0000,0.0000
มหาวิทยาลัยทักษิณ,พัทลุง,10220206501201A,0,K1111,คณะเทคโนโลยีและการพัฒนาชุมชน,วท.บ.สัตวศาสตร์,โครงการรับตรง ร่วมกัน (Admission),,0,40,16,5,42.0935,23.3610
มหาวิทยาลัยทักษิณ,พัทลุง,10220208901001A,0,K1111,คณะนิติศาสตร์,น.บ.นิติศาสตร์,โครงการรับตรง ร่วมกัน (Admission),,0,30,164,30,59.6710,41.2500
มหาวิทยาลัยทักษิณ,พัทลุง,10220208901002F,0,K1111,คณะนิติศาสตร์,น.บ.นิติศาสต์รและ ร.บ.รัฐศาสต์ร(หลักสูตร ควบสองปริญญา),โครงการรับตรง ร่วมกัน (Admission),,0,60,134,48,56.3880,30.9720
มหาวิทยาลัยทักษิณ,พัทลุง,10220208901003F,0,K1111,คณะนิติศาสตร์,น.บ.นิติศาสต์รและ กจ.บ.การประกอบการ ด้วยนวัตกรรม (หลักสูตรควบสองปริญญา),โครงการรับตรง ร่วมกัน (Admission),,0,30,27,4,53.6930,27.0830
มหาวิทยาลัยทักษิณ,พัทลุง,10220209300701A,0,K1111,คณะวิศวกรรมศาสตร์,วศ.บ.วิศวกรรมเครื่องกล,โครงการรับตรง ร่วมกัน (Admission),,0,20,51,15,45.6662,27.7262
มหาวิทยาลัยทักษิณ,พัทลุง,10220209300901A,0,K1111,คณะวิศวกรรมศาสตร์,วศ.บ.วิศวกรรมชีวการแพทย์,โครงการรับตรง ร่วมกัน (Admission),,0,20,116,20,56.7184,40.3454
มหาวิทยาลัยทักษิณ,พัทลุง,10220209300902F,0,K1111,คณะวิศวกรรมศาสตร์,วศ.บ.วิศวกรรมชีวการแพท์ยและ กจ.บ.การ ประกอบการด้วยนวัตกรรม (หลักสูตรควบสอง ปริญญา),โครงการรับตรง ร่วมกัน (Admission),,0,30,62,30,53.2286,33.6328
มหาวิทยาลัยทักษิณ,พัทลุง,10220209301601A,0,K1111,คณะวิศวกรรมศาสตร์,วศ.บ.วิศวกรรมไฟฟ้า,โครงการรับตรง ร่วมกัน (Admission),,0,20,50,14,52.2220,29.3940
มหาวิทยาลัยทักษิณ,พัทลุง,10220209302401A,0,K1111,คณะวิศวกรรมศาสตร์,วศ.บ.วิศวกรรมโลจิสติกส์,โครงการรับตรง ร่วมกัน (Admission),,0,60,56,13,46.9998,28.5996
มหาวิทยาลัยทักษิณ,พัทลุง,10220209302402F,0,K1111,คณะวิศวกรรมศาสตร์,วศ.บ.วิศวกรรมโลจิสติก์สและ กจ.บ.การ ประกอบการด้วยนวัตกรรม (หลักสูตรควบสอง ปริญญา),โครงการรับตรง ร่วมกัน (Admission),,0,30,10,1,50.9392,50.9392
มหาวิทยาลัยทักษิณ,พัทลุง,10220209302403F,0,K1111,คณะวิศวกรรมศาสตร์,วศ.บ.วิศวกรรมโลจิสติก์สและ วศ.บ. การ ออกแบบเชิงวิศวกรรม นวัตกรรม และการ ประกอบการ (หลักสูตรควบสองปริญญา),โครงการรับตรง ร่วมกัน (Admission),,0,30,6,0,0.0000,0.0000
มหาวิทยาลัยทักษิณ,พัทลุง,10220209302501A,A,K1111,คณะวิศวกรรมศาสตร์,วศ.บ.วิศวกรรมยาง พอลิเมอ์รและปิโตรเคมี,โครงการรับตรง ร่วมกัน (Admission),วิชาเอก วิศวกรรมยาง,0,30,11,1,35.3120,35.3120
มหาวิทยาลัยทักษิณ,พัทลุง,10220209302501A,C,K1111,คณะวิศวกรรมศาสตร์,วศ.บ.วิศวกรรมยาง พอลิเมอ์รและปิโตรเคมี,โครงการรับตรง ร่วมกัน (Admission),วิชาเอก วิศวกรรมิปโตรเคมี,0,30,17,0,0.0000,0.0000
มหาวิทยาลัยทักษิณ,พัทลุง,10220209302502F,0,K1111,คณะวิศวกรรมศาสตร์,วศ.บ.วิศวกรรมยาง พอลิเมอ์รและปิโตรเคีมและ กจ.บ.การประกอบการด้วยนวัตกรรม (หลักสูตรควบสองปริญญา),โครงการรับตรง ร่วมกัน (Admission),,0,30,1,0,0.0000,0.0000
มหาวิทยาลัยทักษิณ,พัทลุง,10220209302503F,0,K1111,คณะวิศวกรรมศาสตร์,วศ.บ.วิศวกรรมยาง พอลิเมอ์รและปิโตรเคีมและ วศ.บ. การออกแบบเชิงวิศวกรรม นวัตกรรม และการประกอบการ (หลักสูตรควบ สองปริญญา),โครงการรับตรง ร่วมกัน (Admission),,0,30,2,0,0.0000,0.0000
มหาวิทยาลัยทักษิณ,พัทลุง,10220209303601A,0,K1111,คณะวิศวกรรมศาสตร์,วศ.บ. การออกแบบเชิงวิศวกรรม นวัตกรรม และการประกอบการ,โครงการรับตรง ร่วมกัน (Admission),,0,40,3,0,0.0000,0.0000
มหาวิทยาลัยทักษิณ,พัทลุง,10220210111701A,0,K1111,คณะพยาบาลศาสตร์,พย.บ.พยาบาลศาสตร์,โครงการรับตรง ร่วมกัน (Admission),,0,1,311,1,42.6690,42.6690
มหาวิทยาลัยทักษิณ,พัทลุง,10220211903201A,0,K1111,วิทยาลัยการจัดการเพื่อการพัฒนา,ร.บ.รัฐศาสตร์,โครงการรับตรง ร่วมกัน (Admission),,0,120,163,45,45.7240,18.6110
มหาวิทยาลัยทักษิณ,พัทลุง,10220212111101A,0,K1111,คณะอุตสาหกรรมเกษตรและชีวภาพ,วท.บ.เทคโนโลยีเครื่องสำอางและผลิตภัณ์ฑเสริมอาหาร,โครงการรับตรง ร่วมกัน (Admission),,0,60,14,6,40.7600,30.4795
มหาวิทยาลัยทักษิณ,พัทลุง,10220212111102F,0,K1111,คณะอุตสาหกรรมเกษตรและชีวภาพ,วท.บ.เทคโนโลยีเครื่องสำอางและผลิตภัณ์ฑเสริมอาหาร และ กจ.บ.การประกอบการด้วย นวัตกรรม (หลักสูตรควบสองปริญญา),โครงการรับตรง ร่วมกัน (Admission),,0,30,4,1,35.1250,35.1250
มหาวิทยาลัยทักษิณ,พัทลุง,10220212111103F,0,K1111,คณะอุตสาหกรรมเกษตรและชีวภาพ,วท.บ.เทคโนโลยีเครื่องสำอางและผลิตภัณ์ฑเสริมอาหาร และ บธ.ม.การจัดการธุรกิจ (หลักสูตรควบสองปริญญา),โครงการรับตรง ร่วมกัน (Admission),,0,15,4,0,0.0000,0.0000
มหาวิทยาลัยทักษิณ,พัทลุง,10220212211001A,0,K1111,คณะอุตสาหกรรมเกษตรและชีวภาพ,วท.บ.วิทยาศาสตร์อาหารและโภชนาการ,โครงการรับตรง ร่วมกัน (Admission),,0,40,18,4,38.0230,30.4855
มหาวิทยาลัยทักษิณ,พัทลุง,10220212211002F,0,K1111,คณะอุตสาหกรรมเกษตรและชีวภาพ,วท.บ.วิทยาศาสตร์อาหารและโภชนาการ และ กจ.บ.การประกอบการด้วยนวัตกรรม (หลักสูตรควบสองปริญญา),โครงการรับตรง ร่วมกัน (Admission),,0,30,1,0,0.0000,0.0000
มหาวิทยาลัยทักษิณ,พัทลุง,10220212211003F,0,K1111,คณะอุตสาหกรรมเกษตรและชีวภาพ,วท.บ.วิทยาศาสตร์อาหารและโภชนาการ และ กศ.ม.หลักสูตรและการสอน (หลักสูตรควบสอง ปริญญา),โครงการรับตรง ร่วมกัน (Admission),,0,10,0,0,0.0000,0.0000
มหาวิทยาลัยทักษิณ,พัทลุง,10220212211004F,0,K1111,คณะอุตสาหกรรมเกษตรและชีวภาพ,วท.บ.วิทยาศาสตร์อาหารและโภชนาการ และ บธ.ม.จัดการธุรกิจ (หลักสูตรควบสองปริญญา),โครงการรับตรง ร่วมกัน (Admission),,0,15,0,0,0.0000,0.0000
มหาวิทยาลัยทักษิณ,พัทลุง,10220213610201A,0,K1111,คณะสหวิทยาการและการประกอบการ,กจ.บ.การประกอบการด้วยนวัตกรรม,โครงการรับตรง ร่วมกัน (Admission),,0,50,11,3,35.8330,30.8910
มหาวิทยาลัยทักษิณ,พัทลุง,10220213902501C,0,K1111,คณะสหวิทยาการและการประกอบการ,ศศ.บ.ภาษาอังกฤษเพื่อการสื่อสารเชิง ประกอบการ (หลักสูตรสองภาษา),โครงการรับตรง ร่วมกัน (Admission),,0,50,9,4,45.0240,33.1940
มหาวิทยาลัยทักษิณ,พัทลุง,10220213902502F,0,K1111,คณะสหวิทยาการและการประกอบการ,ศศ.บ.ภาษาอังกฤษเพื่อการสื่อสารเชิง ประกอบการ และ กจ.บ.การประกอบการด้วย นวัตกรรม (หลักสูตรควบสองปริญญา),โครงการรับตรง ร่วมกัน (Admission),,0,50,3,0,0.0000,0.0000
มหาวิทยาลัยทักษิณ,พัทลุง,10220215110101A,0,K1111,คณะสหเวชศาสตร์,วท.บ.กายภาพบำบัด,โครงการรับตรง ร่วมกัน (Admission),,0,14,396,14,46.7876,43.4864
มหาวิทยาลัยทักษิณ,พัทลุง,10220215111301A,0,K1111,คณะสหเวชศาสตร์,ทพ.บ.เทคนิคการแพทย์,โครงการรับตรง ร่วมกัน (Admission),,0,20,386,20,49.9254,37.2234
มหาวิทยาลัยทักษิณ,พัทลุง,10220215113101A,0,K1111,คณะสหเวชศาสตร์,วท.บ.จิตวิทยาคลินิก,โครงการรับตรง ร่วมกัน (Admission),,0,19,75,19,50.0764,37.1544
มหาวิทยาลัยวลัยลักษณ์,วิทยาเขตหลัก,10230111901803A,0,0,ศิลปศาสตร์,ศิลปศาสตรบัณฑิตสาขาวิชาภาษาจีน,,,0,30,50,12,41.4463,9.6000
มหาวิทยาลัยวลัยลักษณ์,วิทยาเขตหลัก,10230111902001A,0,0,ศิลปศาสตร์,ศิลปศาสตรบัณฑิตสาขาภาษาไทยเพื่อการ สื่อสาร,,,0,100,145,48,52.3750,0.0000
มหาวิทยาลัยวลัยลักษณ์,วิทยาเขตหลัก,10230111902502A,0,0,ศิลปศาสตร์,ศิลปศาสตรบัณฑิตสาขาภาษาอังกฤษ,,,0,90,554,90,89.8361,74.5194
มหาวิทยาลัยวลัยลักษณ์,วิทยาเขตหลัก,10230112210303A,0,0,วิทยาศาสตร์,วิทยาศาตรบัณฑิต(วิทยาศาสต์รคณิตศาสตร)์,,,0,50,74,16,98.7500,81.5000
มหาวิทยาลัยวลัยลักษณ์,วิทยาเขตหลัก,10230112210404A,0,0,วิทยาศาสตร์,วิทยาศาตรบัณฑิต(วิทยาศาสต์รเคม)ี,,,0,50,84,20,97.7500,81.5000
มหาวิทยาลัยวลัยลักษณ์,วิทยาเขตหลัก,10230112210705A,0,0,วิทยาศาสตร์,วิทยาศาตรบัณฑิต(วิทยาศาสต์รชีววิทยา),,,0,50,150,34,98.5000,81.5000
มหาวิทยาลัยวลัยลักษณ์,วิทยาเขตหลัก,10230112212706A,0,0,วิทยาศาสตร์,วิทยาศาตรบัณฑิต(วิทยาศาสต์รฟิสิกส์),,,0,50,21,3,88.5000,81.5000
มหาวิทยาลัยวลัยลักษณ์,วิทยาเขตหลัก,10230112213002A,0,0,วิทยาศาสตร์,วิทยาศาสตรบัณฑิตสาขาวิทยาศาสตร์ทางทะเล,,,0,50,53,16,57.8430,35.0277
มหาวิทยาลัยวลัยลักษณ์,วิทยาเขตหลัก,10230112213501A,0,0,วิทยาศาสตร์,วิทยาศาสตรบัณฑิตสาขาวิทยาศาสตร์,,,0,50,9,1,83.0000,83.0000
มหาวิทยาลัยวลัยลักษณ์,วิทยาเขตหลัก,10230112700809A,0,0,วิทยาศาสตร์,ครุศาสตรบัณฑิตวิชาเอกคณิตศาสตร์,,,0,5,43,5,65.1350,58.0850
มหาวิทยาลัยวลัยลักษณ์,วิทยาเขตหลัก,10230112700910A,0,0,วิทยาศาสตร์,ครุศาสตรบัณฑิตวิชาเอกคอมพิวเตอร์ศึกษา,,,0,10,54,10,100.0000,84.5000
มหาวิทยาลัยวลัยลักษณ์,วิทยาเขตหลัก,10230112701308A,0,0,วิทยาศาสตร์,ครุศาสตรบัณฑิตวิชาเอกชีววิทยา,,,0,15,76,15,98.7500,93.0000
มหาวิทยาลัยวลัยลักษณ์,วิทยาเขตหลัก,10230112702407A,0,0,วิทยาศาสตร์,ครุศาสตรบัณฑิตวิชาเอกวิทยาศาสตร์ทั่วไป,,,0,30,121,30,99.0000,87.5000
มหาวิทยาลัยวลัยลักษณ์,วิทยาเขตหลัก,10230114903101A,0,0,รัฐศาสตร์และรัฐประศาสนศาสตร์,รัฐประศาสนศาสตรบัณฑิต,,,0,20,138,20,77.3250,56.6500
มหาวิทยาลัยวลัยลักษณ์,วิทยาเขตหลัก,10230114903202A,0,0,รัฐศาสตร์และรัฐประศาสนศาสตร์,รัฐศาสตรบัณฑิตสาขาความสัมพันธ์ระหว่าง ประเทศ,,,0,30,250,30,95.5000,82.0000
มหาวิทยาลัยวลัยลักษณ์,วิทยาเขตหลัก,10230114903203A,0,0,รัฐศาสตร์และรัฐประศาสนศาสตร์,รัฐศาสตรบัณฑิตสาขาการเมืองการปกครอง,,,0,30,92,27,58.8335,25.9443
มหาวิทยาลัยวลัยลักษณ์,วิทยาเขตหลัก,10230115901001A,0,0,นิติศาสตร์,นิติศาสตรบัณฑิต,,,0,1,228,1,60.8500,60.8500
มหาวิทยาลัยวลัยลักษณ์,วิทยาเขตหลัก,10230116700207A,0,0,ศึกษาศาสตร์,ศึกษาศาสตรบัณฑิตสาขาการประถมศึกษา,,,0,50,153,50,57.5250,39.4375
มหาวิทยาลัยวลัยลักษณ์,วิทยาเขตหลัก,10230120610101A,0,0,การบัญชีและการเงิน,บริหารธุรกิจบัณฑิตสาขาการจัดการธุรกิจและ การเงินยุคดิจิทัล,,,0,60,140,36,61.1990,24.8010
มหาวิทยาลัยวลัยลักษณ์,วิทยาเขตหลัก,10230120610502A,0,0,การบัญชีและการเงิน,บัญชีบัณฑิต,,,0,40,448,40,79.0500,60.1647
มหาวิทยาลัยวลัยลักษณ์,วิทยาเขตหลัก,10230120611103A,0,0,การบัญชีและการเงิน,เศรษฐศาสตรบัณฑิต,,,0,60,248,62,94.7500,65.7500
มหาวิทยาลัยวลัยลักษณ์,วิทยาเขตหลัก,10230121610602A,0,0,การจัดการ,บริหารธุรกิจบัณฑิตสาขาการตลาดดิจิทัลและ การสร้างแบรนด์,,,0,100,110,22,55.3692,41.9144
มหาวิทยาลัยวลัยลักษณ์,วิทยาเขตหลัก,10230121611001A,0,0,การจัดการ,บริหารธุรกิจบัณฑิตสาขาการจัดการโลจิสติกส์,,,0,100,89,31,62.0398,44.5764
มหาวิทยาลัยวลัยลักษณ์,วิทยาเขตหลัก,10230121620103A,0,0,การจัดการ,บริหารธุรกิจบัณฑิตสาขาการจัดการการ ท่องเที่ยวและการโรงแรม,,,0,100,55,9,49.0924,37.8974
มหาวิทยาลัยวลัยลักษณ์,วิทยาเขตหลัก,10230121620104A,0,0,การจัดการ,ศิลปะการประกอบอาหารอย่างมืออาชีพ,,,0,100,23,4,48.6146,39.8553
มหาวิทยาลัยวลัยลักษณ์,วิทยาเขตหลัก,10230122220104A,0,0,สารสนเทศศาสตร์,วิทยาศาสตรบัณฑิตสาขาเทคโนโลียสารสนเทศอัจฉริยะ,,,0,40,24,3,59.2490,0.0000
มหาวิทยาลัยวลัยลักษณ์,วิทยาเขตหลัก,10230122220105A,0,0,สารสนเทศศาสตร์,วิทยาศาสตรบัณฑิตสาขาเทคโนโลยีดิจิทัลทาง การแพทย์,,,0,20,113,20,77.4820,65.8190
มหาวิทยาลัยวลัยลักษณ์,วิทยาเขตหลัก,10230122220503A,0,0,สารสนเทศศาสตร์,วิทยาศาสตรบัณฑิตสาขาอินเทอร์แอคทีฟ มัลติมีเดียแอนิเมชัน และเกม,,,0,1,22,1,75.9980,75.9980
มหาวิทยาลัยวลัยลักษณ์,วิทยาเขตหลัก,10230122900802A,0,0,สารสนเทศศาสตร์,วิทยาศาสตรบัณฑิตสาขาดิจิทัลคอนเทนต์และ สื่อ,,,0,10,37,10,59.4750,32.0000
มหาวิทยาลัยวลัยลักษณ์,วิทยาเขตหลัก,10230122901101A,0,0,สารสนเทศศาสตร์,นิเทศศาสตรบัณฑิตสาขานิเทศศาสตร์ดิจิทัล,,,0,20,92,20,67.1220,40.9720
มหาวิทยาลัยวลัยลักษณ์,วิทยาเขตหลัก,10230125300501A,0,0,วิศวกรรมศาสตร์และเทคโนโลยี,วิศวกรรมศาสตรบัณฑิตสาขาวิศวกรรม คอมพิวเตอร์และปัญญาประดิษฐ์,,,0,10,120,10,57.2211,46.4667
มหาวิทยาลัยวลัยลักษณ์,วิทยาเขตหลัก,10230125300602A,0,0,วิศวกรรมศาสตร์และเทคโนโลยี,วิศวกรรมศาสตรบัณฑิตสาขาวิชาวิศวกรรม เคมีและเคมีเภสัชกรรม,,,0,40,155,42,49.0000,30.0000
มหาวิทยาลัยวลัยลักษณ์,วิทยาเขตหลัก,10230125300706A,0,0,วิศวกรรมศาสตร์และเทคโนโลยี,วิศวกรรมศาสตรบัณฑิตสาขาวิชา วิศวกรรมเครื่องกลและหุ่นยนต์,,,0,5,71,5,46.4095,39.2970
มหาวิทยาลัยวลัยลักษณ์,วิทยาเขตหลัก,10230125301405A,0,0,วิศวกรรมศาสตร์และเทคโนโลยี,วิศวกรรมศาสตรบัณฑิตสาขาวิศวกรรมปิโตร เคมีและพอลิเมอร์,,,0,30,154,30,61.4699,46.5000
มหาวิทยาลัยวลัยลักษณ์,วิทยาเขตหลัก,10230125301603A,0,0,วิศวกรรมศาสตร์และเทคโนโลยี,วิศวกรรมศาสตรบัณฑิตสาขาวิศวกรรมไฟฟ้า,,,0,10,139,10,56.3745,45.5920
มหาวิทยาลัยวลัยลักษณ์,วิทยาเขตหลัก,10230125302104A,0,0,วิศวกรรมศาสตร์และเทคโนโลยี,วิศวกรรมศาสตรบัณฑิตสาขาวิศวกรรมโยธา,,,0,10,240,10,70.8750,65.9165
มหาวิทยาลัยวลัยลักษณ์,วิทยาเขตหลัก,10230126211001A,0,0,เทคโนโลยีการเกษตรและอุตสาหกรรมอาหาร,วิทยาศาสตรบัณฑิตสาขาวิทยาศาสตร์อาหาร และนวัตกรรม,,,0,20,91,20,91.7500,62.5000
มหาวิทยาลัยวลัยลักษณ์,วิทยาเขตหลัก,10230126500202A,0,0,เทคโนโลยีการเกษตรและอุตสาหกรรมอาหาร,วิทยาศาสตรบัณฑิตสาขาเกษตรศาสตร์และนวัตกรรม,,,0,10,7,0,0.0000,0.0000
มหาวิทยาลัยวลัยลักษณ์,วิทยาเขตหลัก,10230132111701A,0,0,พยาบาลศาสตร์,พยาบาลศาสตรบัณฑิต,,,0,1,120,1,40.7900,40.7900
มหาวิทยาลัยวลัยลักษณ์,วิทยาเขตหลัก,10230133130101A,0,0,เภสัชศาสตร์,เภสัชศาสตรบัณฑิต,,,0,8,857,8,53.4577,50.6118
มหาวิทยาลัยวลัยลักษณ์,วิทยาเขตหลัก,10230134110803A,0,0,แพทยศาสตร์,การแพทย์แผนไทยประยุกต์บัณฑิต,,,0,1,184,1,61.1547,61.1547
มหาวิทยาลัยวลัยลักษณ์,วิทยาเขตหลัก,10230134112002A,0,0,แพทยศาสตร์,วิทยาศาสตรบัณฑิตสาขาวิทยาศาสตร์การ กีฬาและการออกกำลังกาย,,,0,30,169,30,77.1358,62.1908
มหาวิทยาลัยวลัยลักษณ์,วิทยาเขตหลัก,10230135110101A,0,0,สหเวชศาสตร์,วิทยาศาสตรบัณฑิตสาขากายภาพบำบัด,,,0,20,345,20,55.1014,51.9512
มหาวิทยาลัยวลัยลักษณ์,วิทยาเขตหลัก,10230135111302A,0,0,สหเวชศาสตร์,เทคนิคการแพทยบัณฑิต(ภาษาไทย ปกติ),,,0,15,258,15,50.2756,37.1736
มหาวิทยาลัยวลัยลักษณ์,วิทยาเขตหลัก,10230135111303E,0,0,สหเวชศาสตร์,เทคนิคการแพทยบัณฑิต(หลักสูตรนานาชาต)ิ,,,0,50,316,50,45.1768,33.4574
มหาวิทยาลัยวลัยลักษณ์,วิทยาเขตหลัก,10230136112701A,0,0,สาธารณสุขศาสตร์,"สาธารณสุขศาสต์ร(อนามัยสิ่งแวดล้อม, อาชี วอนามัยและความปลอดภัย, สาธารณสุขชุมชน)",,,0,60,1269,60,68.2543,59.3240
มหาวิทยาลัยวลัยลักษณ์,วิทยาเขตหลัก,10230137120101E,0,0,ทันตแพทยศาสตร์นานาชาติ,ทันตแพทยศาสตรบัณฑิต(หลักสูตรนานาชาต)ิ,,,0,10,241,10,71.6150,63.5800
มหาวิทยาลัยวลัยลักษณ์,วิทยาเขตหลัก,10230138140101E,0,0,สัตวแพทยศาสตร์อัครราชกุมารี,สัตวแพทยศาสตรบัณฑิต(หลักสูตรนานาชาต)ิ,,,0,1,330,1,80.6667,80.6667
มหาวิทยาลัยวลัยลักษณ์,วิทยาเขตหลัก,10230141400502A,0,0,สถาปัตยกรรมศาสตร์และการออกแบบ,สถาปัตยกรรมศาสตรบัณฑิต,,,0,60,113,21,93.7500,71.0000
มหาวิทยาลัยวลัยลักษณ์,วิทยาเขตหลัก,10230141400701A,0,0,สถาปัตยกรรมศาสตร์และการออกแบบ,ศิลปบัณฑิตสาขาการออกแบบภายใน,,,0,15,104,15,71.0000,32.5000
มหาวิทยาลัยแม่ฟ้าหลวง,วิทยาเขตหลัก,10240110902501A,0,C0010,ศิลปศาสตร์,ศศ.บ. ภาษาอังกฤษ (จัดการเรียนการสอนเป็น ภาษาอังกฤษ),รอบที่ 3 Admission รูปแบบใช้ผล คะแนนสอบ TGAT/TPAT,,0,40,218,35,83.3330,70.0000
มหาวิทยาลัยแม่ฟ้าหลวง,วิทยาเขตหลัก,10240110902501A,0,C0020,ศิลปศาสตร์,ศศ.บ. ภาษาอังกฤษ (จัดการเรียนการสอนเป็น ภาษาอังกฤษ),รอบที่ 3 Admission รูปแบบใช้ผล คะแนนสอบ A-Level,,0,40,168,13,88.7500,70.0000
มหาวิทยาลัยแม่ฟ้าหลวง,วิทยาเขตหลัก,10240111210401A,0,C0010,วิทยาศาสตร์,วท.บ. เคมีประยุก์ต(จัดการเรียนการสอนเป็น ภาษาอังกฤษ),รอบที่ 3 Admission รูปแบบใช้ผล คะแนนสอบ TGAT/TPAT,,0,20,91,20,81.6660,23.3330
มหาวิทยาลัยแม่ฟ้าหลวง,วิทยาเขตหลัก,10240111210401A,0,C0011,วิทยาศาสตร์,วท.บ. เคมีประยุก์ต(จัดการเรียนการสอนเป็น ภาษาอังกฤษ),รอบที่ 3 Admission รูปแบบใช้ผล คะแนนสอบ TGAT/TPAT เคีมประยุก์ตTPAT3,,0,20,22,5,37.8330,27.1660
มหาวิทยาลัยแม่ฟ้าหลวง,วิทยาเขตหลัก,10240111210401A,0,C0020,วิทยาศาสตร์,วท.บ. เคมีประยุก์ต(จัดการเรียนการสอนเป็น ภาษาอังกฤษ),รอบที่ 3 Admission รูปแบบใช้ผล คะแนนสอบ A-Level เคมีประยุกต์,,0,20,24,2,23.4333,23.2667
มหาวิทยาลัยแม่ฟ้าหลวง,วิทยาเขตหลัก,10240111210401A,0,C0021,วิทยาศาสตร์,วท.บ. เคมีประยุก์ต(จัดการเรียนการสอนเป็น ภาษาอังกฤษ),รอบที่ 3 Admission รูปแบบใช้ผล คะแนนสอบ A-Level เคีมประยุก์ตคณิตศาสตร์ประยุก์ต1,,0,20,53,19,39.8333,19.6667
มหาวิทยาลัยแม่ฟ้าหลวง,วิทยาเขตหลัก,10240111210401A,0,C0022,วิทยาศาสตร์,วท.บ. เคมีประยุก์ต(จัดการเรียนการสอนเป็น ภาษาอังกฤษ),รอบที่ 3 Admission รูปแบบใช้ผล คะแนนสอบ A-Level เคีมประยุก์ตคณิตศาสตร์ประยุก์ต2,,0,20,26,6,50.4667,35.7667
มหาวิทยาลัยแม่ฟ้าหลวง,วิทยาเขตหลัก,10240111211201A,0,C0010,วิทยาศาสตร์,วท.บ. วิทยาศาสตร์ชีวภาพ (จัดการเรียนการ สอนเป็นภาษาอังกฤษ),รอบที่ 3 Admission รูปแบบใช้ผล คะแนนสอบ TGAT/TPAT,,0,20,79,15,78.3330,38.3330
มหาวิทยาลัยแม่ฟ้าหลวง,วิทยาเขตหลัก,10240111211201A,0,C0011,วิทยาศาสตร์,วท.บ. วิทยาศาสตร์ชีวภาพ (จัดการเรียนการ สอนเป็นภาษาอังกฤษ),รอบที่ 3 Admission รูปแบบใช้ผล คะแนนสอบ TGAT/TPAT วิทยาศาสตร์ชีวภาพ TPAT3,,0,20,20,4,40.1665,29.1665
มหาวิทยาลัยแม่ฟ้าหลวง,วิทยาเขตหลัก,10240111211201A,0,C0020,วิทยาศาสตร์,วท.บ. วิทยาศาสตร์ชีวภาพ (จัดการเรียนการ สอนเป็นภาษาอังกฤษ),รอบที่ 3 Admission รูปแบบใช้ผล คะแนนสอบ A-Level,,0,20,60,20,36.2667,19.2667
มหาวิทยาลัยแม่ฟ้าหลวง,วิทยาเขตหลัก,10240111211201A,0,C0021,วิทยาศาสตร์,วท.บ. วิทยาศาสตร์ชีวภาพ (จัดการเรียนการ สอนเป็นภาษาอังกฤษ),รอบที่ 3 Admission รูปแบบใช้ผล คะแนนสอบ A-Level วิทยาศาสตร์ชีวภาพ คณิตศาสต์รประยุก์ต1,,0,20,10,4,29.6833,23.0333
มหาวิทยาลัยแม่ฟ้าหลวง,วิทยาเขตหลัก,10240111211201A,0,C0022,วิทยาศาสตร์,วท.บ. วิทยาศาสตร์ชีวภาพ (จัดการเรียนการ สอนเป็นภาษาอังกฤษ),รอบที่ 3 Admission รูปแบบใช้ผล คะแนนสอบ A-Level วิทยาศาสตร์ชีวภาพ คณิตศาสต์รประยุก์ต2,,0,20,12,2,33.1500,31.1667
มหาวิทยาลัยแม่ฟ้าหลวง,วิทยาเขตหลัก,10240111302501A,0,C0010,วิทยาศาสตร์,วศ.บ. วิศวกรรมวัสุด(จัดการเรียนการสอนเป็น ภาษาอังกฤษ),รอบที่ 3 Admission รูปแบบใช้ผล คะแนนสอบ TGAT/TPAT,,0,20,131,20,53.8815,35.5905
มหาวิทยาลัยแม่ฟ้าหลวง,วิทยาเขตหลัก,10240111302501A,0,C0011,วิทยาศาสตร์,วศ.บ. วิศวกรรมวัสุด(จัดการเรียนการสอนเป็น ภาษาอังกฤษ),รอบที่ 3 Admission รูปแบบใช้ผล คะแนนสอบ TGAT/TPAT วิศวกรรมวัสุดTPAT3,,0,20,50,11,64.8330,32.4995
มหาวิทยาลัยแม่ฟ้าหลวง,วิทยาเขตหลัก,10240111302501A,0,C0020,วิทยาศาสตร์,วศ.บ. วิศวกรรมวัสุด(จัดการเรียนการสอนเป็น ภาษาอังกฤษ),รอบที่ 3 Admission รูปแบบใช้ผล คะแนนสอบ A-Level,,0,30,17,5,45.6167,28.1167
มหาวิทยาลัยแม่ฟ้าหลวง,วิทยาเขตหลัก,10240111302501A,0,C0021,วิทยาศาสตร์,วศ.บ. วิศวกรรมวัสุด(จัดการเรียนการสอนเป็น ภาษาอังกฤษ),รอบที่ 3 Admission รูปแบบใช้ผล คะแนนสอบ A-Level วิศวกรรม วัสุดคณิตศาสต์รประยุก์ต1,,0,30,22,8,44.5000,22.4167
มหาวิทยาลัยแม่ฟ้าหลวง,วิทยาเขตหลัก,10240112610501A,0,C0010,การจัดการ,บช.บ. การบัญีช(จัดการเรียนการสอนเป็น ภาษาอังกฤษ),รอบที่ 3 Admission รูปแบบใช้ผล คะแนนสอบ TGAT/TPAT,,0,40,300,40,71.7313,55.8733
มหาวิทยาลัยแม่ฟ้าหลวง,วิทยาเขตหลัก,10240112610501A,0,C0021,การจัดการ,บช.บ. การบัญีช(จัดการเรียนการสอนเป็น ภาษาอังกฤษ),รอบที่ 3 Admission รูปแบบใช้ผล คะแนนสอบ A-Level การบัญีชคณิตศาสตร์ประยุก์ต1,,0,20,58,13,43.2500,31.0000
มหาวิทยาลัยแม่ฟ้าหลวง,วิทยาเขตหลัก,10240112610501A,0,C0022,การจัดการ,บช.บ. การบัญีช(จัดการเรียนการสอนเป็น ภาษาอังกฤษ),รอบที่ 3 Admission รูปแบบใช้ผล คะแนนสอบ A-Level การบัญีชคณิตศาสตร์ประยุก์ต2,,0,20,226,20,66.1250,50.8750
มหาวิทยาลัยแม่ฟ้าหลวง,วิทยาเขตหลัก,10240112610801A,0,C0010,การจัดการ,บธ.บ. วิชาเอกบริหารธุรกิจ (จัดการเรียนการ สอนเป็นภาษาอังกฤษ),รอบที่ 3 Admission รูปแบบใช้ผล คะแนนสอบ TGAT/TPAT,,0,80,287,72,64.9960,42.8073
มหาวิทยาลัยแม่ฟ้าหลวง,วิทยาเขตหลัก,10240112610801A,0,C0021,การจัดการ,บธ.บ. วิชาเอกบริหารธุรกิจ (จัดการเรียนการ สอนเป็นภาษาอังกฤษ),รอบที่ 3 Admission รูปแบบใช้ผล คะแนนสอบ A-Level วิชาเอก บริหารธุรกิจ คณิตศาสตร์ประยุก์ต1,,0,40,11,1,36.4167,36.4167
มหาวิทยาลัยแม่ฟ้าหลวง,วิทยาเขตหลัก,10240112610801A,0,C0022,การจัดการ,บธ.บ. วิชาเอกบริหารธุรกิจ (จัดการเรียนการ สอนเป็นภาษาอังกฤษ),รอบที่ 3 Admission รูปแบบใช้ผล คะแนนสอบ A-Level วิชาเอก บริหารธุรกิจ คณิตศาสตร์ประยุก์ต2,,0,40,36,5,41.3333,33.0833
มหาวิทยาลัยแม่ฟ้าหลวง,วิทยาเขตหลัก,10240112611001A,0,C0010,การจัดการ,บธ.บ. วิชาเอกการจัดการโลจิสติกส์และโซ่ อุปทาน (จัดการเรียนการสอนเป็นภาษาอังกฤษ),รอบที่ 3 Admission รูปแบบใช้ผล คะแนนสอบ TGAT/TPAT,,0,50,140,33,72.4960,44.0837
มหาวิทยาลัยแม่ฟ้าหลวง,วิทยาเขตหลัก,10240112611001A,0,C0021,การจัดการ,บธ.บ. วิชาเอกการจัดการโลจิสติกส์และโซ่ อุปทาน (จัดการเรียนการสอนเป็นภาษาอังกฤษ),รอบที่ 3 Admission รูปแบบใช้ผล คะแนนสอบ A-Level วิชาเอก การจัดการโลจิสติก์สและโซ่อุปทาน คณิตศาสตร์ประยุต์ 1,,0,25,1,0,0.0000,0.0000
มหาวิทยาลัยแม่ฟ้าหลวง,วิทยาเขตหลัก,10240112611001A,0,C0022,การจัดการ,บธ.บ. วิชาเอกการจัดการโลจิสติกส์และโซ่ อุปทาน (จัดการเรียนการสอนเป็นภาษาอังกฤษ),รอบที่ 3 Admission รูปแบบใช้ผล คะแนนสอบ A-Level วิชาเอก การจัดการโลจิสติก์สและโซ่อุปทาน คณิตศาสตร์ประยุต์ 2,,0,25,38,9,41.7500,32.5000
มหาวิทยาลัยแม่ฟ้าหลวง,วิทยาเขตหลัก,10240112611101A,0,C0010,การจัดการ,ศ.บ. เศรษฐศาสต์ร(จัดการเรียนการสอนเป็น ภาษาอังกฤษ),รอบที่ 3 Admission รูปแบบใช้ผล คะแนนสอบ TGAT/TPAT,,0,50,371,47,85.0000,41.6660
มหาวิทยาลัยแม่ฟ้าหลวง,วิทยาเขตหลัก,10240112611101A,0,C0020,การจัดการ,ศ.บ. เศรษฐศาสต์ร(จัดการเรียนการสอนเป็น ภาษาอังกฤษ),รอบที่ 3 Admission รูปแบบใช้ผล คะแนนสอบ A-Level,,0,20,63,20,60.0000,30.0000
มหาวิทยาลัยแม่ฟ้าหลวง,วิทยาเขตหลัก,10240112611101A,0,C0021,การจัดการ,ศ.บ. เศรษฐศาสต์ร(จัดการเรียนการสอนเป็น ภาษาอังกฤษ),รอบที่ 3 Admission รูปแบบใช้ผล คะแนนสอบ A-Level เศรษฐศาสต์รคณิตศาสตร์ประยุก์ต1,,0,20,121,20,45.3750,34.0000
มหาวิทยาลัยแม่ฟ้าหลวง,วิทยาเขตหลัก,10240112611101A,0,C0022,การจัดการ,ศ.บ. เศรษฐศาสต์ร(จัดการเรียนการสอนเป็น ภาษาอังกฤษ),รอบที่ 3 Admission รูปแบบใช้ผล คะแนนสอบ A-Level เศรษฐศาสต์รคณิตศาสตร์ประยุก์ต2,,0,20,105,20,48.1875,37.2500
มหาวิทยาลัยแม่ฟ้าหลวง,วิทยาเขตหลัก,10240112620101A,0,C0010,การจัดการ,บธ.บ. วิชาเอกธุรกิจการท่องเที่ยวและอีเว้น์ท(จัดการเรียนการสอนเป็นภาษาอังกฤษ),รอบที่ 3 Admission รูปแบบใช้ผล คะแนนสอบ TGAT/TPAT,,0,50,326,50,68.5917,46.7227
มหาวิทยาลัยแม่ฟ้าหลวง,วิทยาเขตหลัก,10240112620101A,0,C0020,การจัดการ,บธ.บ. วิชาเอกธุรกิจการท่องเที่ยวและอีเว้น์ท(จัดการเรียนการสอนเป็นภาษาอังกฤษ),รอบที่ 3 Admission รูปแบบใช้ผล คะแนนสอบ A-Level,,0,20,111,20,48.4000,40.9625
มหาวิทยาลัยแม่ฟ้าหลวง,วิทยาเขตหลัก,10240112620101A,0,C0021,การจัดการ,บธ.บ. วิชาเอกธุรกิจการท่องเที่ยวและอีเว้น์ท(จัดการเรียนการสอนเป็นภาษาอังกฤษ),รอบที่ 3 Admission รูปแบบใช้ผล คะแนนสอบ A-Level วิชาเอก ธุรกิจการท่องเที่ยว และอีเว้น์ทคณิตศาสตร์ประยุต์ 1,,0,20,28,11,36.0625,25.6250
มหาวิทยาลัยแม่ฟ้าหลวง,วิทยาเขตหลัก,10240112620101A,0,C0022,การจัดการ,บธ.บ. วิชาเอกธุรกิจการท่องเที่ยวและอีเว้น์ท(จัดการเรียนการสอนเป็นภาษาอังกฤษ),รอบที่ 3 Admission รูปแบบใช้ผล คะแนนสอบ A-Level วิชาเอก ธุรกิจการท่องเที่ยว และอีเว้น์ทคณิตศาสตร์ประยุต์ 2,,0,20,60,17,42.1250,29.0625
มหาวิทยาลัยแม่ฟ้าหลวง,วิทยาเขตหลัก,10240112620102A,0,C0010,การจัดการ,บธ.บ. วิชาเอกการจัดการธุรกิจบริการ (จัดการ เรียนการสอนเป็นภาษาอังกฤษ),รอบที่ 3 Admission รูปแบบใช้ผล คะแนนสอบ TGAT/TPAT,,0,50,65,12,62.5663,47.3960
มหาวิทยาลัยแม่ฟ้าหลวง,วิทยาเขตหลัก,10240112620102A,0,C0020,การจัดการ,บธ.บ. วิชาเอกการจัดการธุรกิจบริการ (จัดการ เรียนการสอนเป็นภาษาอังกฤษ),รอบที่ 3 Admission รูปแบบใช้ผล คะแนนสอบ A-Level,,0,20,177,18,68.7500,47.5000
มหาวิทยาลัยแม่ฟ้าหลวง,วิทยาเขตหลัก,10240112620102A,0,C0021,การจัดการ,บธ.บ. วิชาเอกการจัดการธุรกิจบริการ (จัดการ เรียนการสอนเป็นภาษาอังกฤษ),รอบที่ 3 Admission รูปแบบใช้ผล คะแนนสอบ A-Level วิชาเอก การจัดการธุรกิจ บริการ คณิตศาสต์รประยุต์ 1,,0,20,1,0,0.0000,0.0000
มหาวิทยาลัยแม่ฟ้าหลวง,วิทยาเขตหลัก,10240112620102A,0,C0022,การจัดการ,บธ.บ. วิชาเอกการจัดการธุรกิจบริการ (จัดการ เรียนการสอนเป็นภาษาอังกฤษ),รอบที่ 3 Admission รูปแบบใช้ผล คะแนนสอบ A-Level วิชาเอก การจัดการธุรกิจ บริการ คณิตศาสต์รประยุต์ 2,,0,20,12,4,48.1250,36.2500
มหาวิทยาลัยแม่ฟ้าหลวง,วิทยาเขตหลัก,10240112620201A,0,C0010,การจัดการ,บธ.บ. วิชาเอกการจัดการธุรกิจการบิน (จัดการ เรียนการสอนเป็นภาษาอังกฤษ),รอบที่ 3 Admission รูปแบบใช้ผล คะแนนสอบ TGAT/TPAT,,0,50,147,33,61.3217,48.4100
มหาวิทยาลัยแม่ฟ้าหลวง,วิทยาเขตหลัก,10240112620201A,0,C0021,การจัดการ,บธ.บ. วิชาเอกการจัดการธุรกิจการบิน (จัดการ เรียนการสอนเป็นภาษาอังกฤษ),รอบที่ 3 Admission รูปแบบใช้ผล คะแนนสอบ A-Level วิชาเอก การจัดการธุรกิจการ บิน คณิตศาสตร์ประ ยุต์ 1,,0,25,2,0,0.0000,0.0000
มหาวิทยาลัยแม่ฟ้าหลวง,วิทยาเขตหลัก,10240112620201A,0,C0022,การจัดการ,บธ.บ. วิชาเอกการจัดการธุรกิจการบิน (จัดการ เรียนการสอนเป็นภาษาอังกฤษ),รอบที่ 3 Admission รูปแบบใช้ผล คะแนนสอบ A-Level วิชาเอก การจัดการธุรกิจการ บิน คณิตศาสตร์ประ ยุต์ 2,,0,25,49,16,49.3750,35.0000
มหาวิทยาลัยแม่ฟ้าหลวง,วิทยาเขตหลัก,10240113220101A,0,C0010,เทคโนโลยดิจิทัลประยุกต์,วท.บ. เทคโนโลยีดิจิทัลเพื่อนวัตกรรมทางธุรกิจ (จัดการเรียนการสอนเป็นภาษาอังกฤษ),รอบที่ 3 Admission รูปแบบใช้ผล คะแนนสอบ TGAT/TPAT,,0,10,156,10,71.0970,49.5057
มหาวิทยาลัยแม่ฟ้าหลวง,วิทยาเขตหลัก,10240113220101A,0,C0011,เทคโนโลยดิจิทัลประยุกต์,วท.บ. เทคโนโลยีดิจิทัลเพื่อนวัตกรรมทางธุรกิจ (จัดการเรียนการสอนเป็นภาษาอังกฤษ),รอบที่ 3 Admission รูปแบบใช้ผล คะแนนสอบ TGAT/TPAT เทคโนโลยีดิจิทัล และนวัตกรรมทาง ธุรกิจ TPAT3,,0,10,32,8,47.3265,31.8050
มหาวิทยาลัยแม่ฟ้าหลวง,วิทยาเขตหลัก,10240113220101A,0,C0020,เทคโนโลยดิจิทัลประยุกต์,วท.บ. เทคโนโลยีดิจิทัลเพื่อนวัตกรรมทางธุรกิจ (จัดการเรียนการสอนเป็นภาษาอังกฤษ),รอบที่ 3 Admission รูปแบบใช้ผล คะแนนสอบ A-Level,,0,10,66,10,55.0833,44.4167
มหาวิทยาลัยแม่ฟ้าหลวง,วิทยาเขตหลัก,10240113220101A,0,C0021,เทคโนโลยดิจิทัลประยุกต์,วท.บ. เทคโนโลยีดิจิทัลเพื่อนวัตกรรมทางธุรกิจ (จัดการเรียนการสอนเป็นภาษาอังกฤษ),รอบที่ 3 Admission รูปแบบใช้ผล คะแนนสอบ A-Level เทคโนโลียดิจิทัลเพื่อนวัตกรรม ทางธุรกิจ คณิตศาสตร์ประยุก์ต1,,0,10,13,4,35.2500,27.1250
มหาวิทยาลัยแม่ฟ้าหลวง,วิทยาเขตหลัก,10240113220101A,0,C0022,เทคโนโลยดิจิทัลประยุกต์,วท.บ. เทคโนโลยีดิจิทัลเพื่อนวัตกรรมทางธุรกิจ (จัดการเรียนการสอนเป็นภาษาอังกฤษ),รอบที่ 3 Admission รูปแบบใช้ผล คะแนนสอบ A-Level เทคโนโลียดิจิทัลเพื่อนวัตกรรม ทางธุรกิจ คณิตศาสตร์ประยุก์ต2,,0,10,35,10,41.0000,27.5625
มหาวิทยาลัยแม่ฟ้าหลวง,วิทยาเขตหลัก,10240113220501A,0,C0010,เทคโนโลยดิจิทัลประยุกต์,วท.บ. เทคโนโลยีมัลติมีเดียและการสร้าง ภาพเคลื่อนไหว (จัดการเรียนการสอนเป็น ภาษาอังกฤษ),รอบที่ 3 Admission รูปแบบใช้ผล คะแนนสอบ TGAT/TPAT,,0,20,98,20,60.4340,49.9223
มหาวิทยาลัยแม่ฟ้าหลวง,วิทยาเขตหลัก,10240113220501A,0,C0020,เทคโนโลยดิจิทัลประยุกต์,วท.บ. เทคโนโลยีมัลติมีเดียและการสร้าง ภาพเคลื่อนไหว (จัดการเรียนการสอนเป็น ภาษาอังกฤษ),รอบที่ 3 Admission รูปแบบใช้ผล คะแนนสอบ A-Level,,0,10,22,9,63.6500,41.4750
มหาวิทยาลัยแม่ฟ้าหลวง,วิทยาเขตหลัก,10240113220501A,0,C0021,เทคโนโลยดิจิทัลประยุกต์,วท.บ. เทคโนโลยีมัลติมีเดียและการสร้าง ภาพเคลื่อนไหว (จัดการเรียนการสอนเป็น ภาษาอังกฤษ),รอบที่ 3 Admission รูปแบบใช้ผล คะแนนสอบ A-Level เทคโนโลียมัลติมีเดียและการ สร้างภาพเคลื่อนไหว คณิตศาสต์รประยุก์ต1,,0,10,3,0,0.0000,0.0000
มหาวิทยาลัยแม่ฟ้าหลวง,วิทยาเขตหลัก,10240113220501A,0,C0022,เทคโนโลยดิจิทัลประยุกต์,วท.บ. เทคโนโลยีมัลติมีเดียและการสร้าง ภาพเคลื่อนไหว (จัดการเรียนการสอนเป็น ภาษาอังกฤษ),รอบที่ 3 Admission รูปแบบใช้ผล คะแนนสอบ A-Level เทคโนโลียมัลติมีเดียและการ สร้างภาพเคลื่อนไหว คณิตศาสต์รประยุก์ต2,,0,10,20,3,47.1250,39.0000
มหาวิทยาลัยแม่ฟ้าหลวง,วิทยาเขตหลัก,10240113300501A,0,C0010,เทคโนโลยดิจิทัลประยุกต์,วศ.บ. วิศวกรรมคอมพิวเตอ์ร(จัดการเรียนการ สอนเป็นภาษาอังกฤษ),รอบที่ 3 Admission รูปแบบใช้ผล คะแนนสอบ TGAT/TPAT,,0,15,75,15,73.5753,56.4920
มหาวิทยาลัยแม่ฟ้าหลวง,วิทยาเขตหลัก,10240113300501A,0,C0011,เทคโนโลยดิจิทัลประยุกต์,วศ.บ. วิศวกรรมคอมพิวเตอ์ร(จัดการเรียนการ สอนเป็นภาษาอังกฤษ),รอบที่ 3 Admission รูปแบบใช้ผล คะแนนสอบ TGAT/TPAT วิศวกรรม คอมพิวเตอ์รTPAT3,,0,15,40,3,56.5853,54.4603
มหาวิทยาลัยแม่ฟ้าหลวง,วิทยาเขตหลัก,10240113300501A,0,C0020,เทคโนโลยดิจิทัลประยุกต์,วศ.บ. วิศวกรรมคอมพิวเตอ์ร(จัดการเรียนการ สอนเป็นภาษาอังกฤษ),รอบที่ 3 Admission รูปแบบใช้ผล คะแนนสอบ A-Level,,0,30,3,0,0.0000,0.0000
มหาวิทยาลัยแม่ฟ้าหลวง,วิทยาเขตหลัก,10240113301001A,0,C0010,เทคโนโลยดิจิทัลประยุกต์,วศ.บ. วิศวกรรมซอฟต์แว์ร(จัดการเรียนการ สอนเป็นภาษาอังกฤษ),รอบที่ 3 Admission รูปแบบใช้ผล คะแนนสอบ TGAT/TPAT,,0,10,126,10,65.8240,54.9327
มหาวิทยาลัยแม่ฟ้าหลวง,วิทยาเขตหลัก,10240113301001A,0,C0011,เทคโนโลยดิจิทัลประยุกต์,วศ.บ. วิศวกรรมซอฟต์แว์ร(จัดการเรียนการ สอนเป็นภาษาอังกฤษ),รอบที่ 3 Admission รูปแบบใช้ผล คะแนนสอบ TGAT/TPAT วิศวกรรมซอฟต์แว์รTPAT3,,0,10,97,9,58.9265,50.3215
มหาวิทยาลัยแม่ฟ้าหลวง,วิทยาเขตหลัก,10240113301001A,0,C0021,เทคโนโลยดิจิทัลประยุกต์,วศ.บ. วิศวกรรมซอฟต์แว์ร(จัดการเรียนการ สอนเป็นภาษาอังกฤษ),รอบที่ 3 Admission รูปแบบใช้ผล คะแนนสอบ A-Level วิศวกรรม ซอฟต์แว์รคณิตศาสตร์ประยุก์ต1,,0,10,8,0,0.0000,0.0000
มหาวิทยาลัยแม่ฟ้าหลวง,วิทยาเขตหลัก,10240113301001A,0,C0022,เทคโนโลยดิจิทัลประยุกต์,วศ.บ. วิศวกรรมซอฟต์แว์ร(จัดการเรียนการ สอนเป็นภาษาอังกฤษ),รอบที่ 3 Admission รูปแบบใช้ผล คะแนนสอบ A-Level วิศวกรรม ซอฟต์แว์รคณิตศาสตร์ประยุก์ต2,,0,10,22,8,47.5000,34.6250
มหาวิทยาลัยแม่ฟ้าหลวง,วิทยาเขตหลัก,10240113301801A,0,C0010,เทคโนโลยดิจิทัลประยุกต์,วศ.บ. วิศวกรรมดิจิทัลและการสื่อสาร (จัดการ เรียนการสอนเป็นภาษาอังกฤษ),รอบที่ 3 Admission รูปแบบใช้ผล คะแนนสอบ TGAT/TPAT,,0,15,31,6,61.7593,49.1663
มหาวิทยาลัยแม่ฟ้าหลวง,วิทยาเขตหลัก,10240113301801A,0,C0011,เทคโนโลยดิจิทัลประยุกต์,วศ.บ. วิศวกรรมดิจิทัลและการสื่อสาร (จัดการ เรียนการสอนเป็นภาษาอังกฤษ),รอบที่ 3 Admission รูปแบบใช้ผล คะแนนสอบ TGAT/TPAT วิศวกรรมดิจิทัลและการสื่อสาร TPAT3,,0,15,16,5,53.0210,44.9000
มหาวิทยาลัยแม่ฟ้าหลวง,วิทยาเขตหลัก,10240113301801A,0,C0020,เทคโนโลยดิจิทัลประยุกต์,วศ.บ. วิศวกรรมดิจิทัลและการสื่อสาร (จัดการ เรียนการสอนเป็นภาษาอังกฤษ),รอบที่ 3 Admission รูปแบบใช้ผล คะแนนสอบ A-Level,,0,30,5,0,0.0000,0.0000
มหาวิทยาลัยแม่ฟ้าหลวง,วิทยาเขตหลัก,10240114501101A,0,C0010,อุตสาหกรรมเกษตร,วท.บ. นวัตกรรมวิทยาศาสตร์และเทคโนโลียอาหาร (จัดการเรียนการสอนเป็นภาษาอังกฤษ),รอบที่ 3 Admission รูปแบบใช้ผล คะแนนสอบ TGAT/TPAT,,0,20,70,14,66.2093,41.1510
มหาวิทยาลัยแม่ฟ้าหลวง,วิทยาเขตหลัก,10240114501101A,0,C0011,อุตสาหกรรมเกษตร,วท.บ. นวัตกรรมวิทยาศาสตร์และเทคโนโลียอาหาร (จัดการเรียนการสอนเป็นภาษาอังกฤษ),รอบที่ 3 Admission รูปแบบใช้ผล คะแนนสอบ TGAT/TPAT นวัตกรรม วิทยาศาสตร์และเทคโนโลยีอาหาร TPAT3,,0,20,33,8,45.3633,34.9475
มหาวิทยาลัยแม่ฟ้าหลวง,วิทยาเขตหลัก,10240114501101A,0,C0021,อุตสาหกรรมเกษตร,วท.บ. นวัตกรรมวิทยาศาสตร์และเทคโนโลียอาหาร (จัดการเรียนการสอนเป็นภาษาอังกฤษ),รอบที่ 3 Admission รูปแบบใช้ผล คะแนนสอบ A-Level นวัตกรรม วิทยาศาสตร์และเทคโนโลยีอาหาร คณิตศาสตร์ประยุก์ต1,,0,20,0,0,0.0000,0.0000
มหาวิทยาลัยแม่ฟ้าหลวง,วิทยาเขตหลัก,10240114501101A,0,C0022,อุตสาหกรรมเกษตร,วท.บ. นวัตกรรมวิทยาศาสตร์และเทคโนโลียอาหาร (จัดการเรียนการสอนเป็นภาษาอังกฤษ),รอบที่ 3 Admission รูปแบบใช้ผล คะแนนสอบ A-Level นวัตกรรม วิทยาศาสตร์และเทคโนโลยีอาหาร คณิตศาสตร์ประยุก์ต2,,0,20,1,0,0.0000,0.0000
มหาวิทยาลัยแม่ฟ้าหลวง,วิทยาเขตหลัก,10240114501102A,0,C0010,อุตสาหกรรมเกษตร,วท.บ. โลจิสติกส์เกษตรและอาหาร (จัดการ เรียนการสอนเป็นภาษาอังกฤษ),รอบที่ 3 Admission รูปแบบใช้ผล คะแนนสอบ TGAT/TPAT,,0,15,92,15,58.1047,40.8367
มหาวิทยาลัยแม่ฟ้าหลวง,วิทยาเขตหลัก,10240114501102A,0,C0011,อุตสาหกรรมเกษตร,วท.บ. โลจิสติกส์เกษตรและอาหาร (จัดการ เรียนการสอนเป็นภาษาอังกฤษ),รอบที่ 3 Admission รูปแบบใช้ผล คะแนนสอบ TGAT/TPAT โลิจสติกส์เกษตรและ อาหาร TPAT3,,0,15,9,2,46.5833,45.9508
มหาวิทยาลัยแม่ฟ้าหลวง,วิทยาเขตหลัก,10240114501102A,0,C0020,อุตสาหกรรมเกษตร,วท.บ. โลจิสติกส์เกษตรและอาหาร (จัดการ เรียนการสอนเป็นภาษาอังกฤษ),รอบที่ 3 Admission รูปแบบใช้ผล คะแนนสอบ A-Level,,0,15,3,0,0.0000,0.0000
มหาวิทยาลัยแม่ฟ้าหลวง,วิทยาเขตหลัก,10240114501102A,0,C0021,อุตสาหกรรมเกษตร,วท.บ. โลจิสติกส์เกษตรและอาหาร (จัดการ เรียนการสอนเป็นภาษาอังกฤษ),รอบที่ 3 Admission รูปแบบใช้ผล คะแนนสอบ A-Level โลจิสติก์สเกษตรและอาหาร คณิตศาสตร์ประยุก์ต1,,0,15,14,2,21.5250,16.2875
มหาวิทยาลัยแม่ฟ้าหลวง,วิทยาเขตหลัก,10240114501102A,0,C0022,อุตสาหกรรมเกษตร,วท.บ. โลจิสติกส์เกษตรและอาหาร (จัดการ เรียนการสอนเป็นภาษาอังกฤษ),รอบที่ 3 Admission รูปแบบใช้ผล คะแนนสอบ A-Level โลจิสติก์สเกษตรและอาหาร คณิตศาสตร์ประยุก์ต2,,0,15,13,3,31.1333,25.4500
มหาวิทยาลัยแม่ฟ้าหลวง,วิทยาเขตหลัก,10240114501103F,0,C0010,อุตสาหกรรมเกษตร,วท.บ. โลจิสติกส์เกษตรและอาหาร และ บธ.บ. การจัดการโลจิสติกส์และโซ่อุปทาน (จัดการ เรียนการสอนเป็นภาษาอังกฤษ),รอบที่ 3 Admission รูปแบบใช้ผล คะแนนสอบ TGAT/TPAT,,0,15,41,9,49.0837,36.9440
มหาวิทยาลัยแม่ฟ้าหลวง,วิทยาเขตหลัก,10240114501103F,0,C0011,อุตสาหกรรมเกษตร,วท.บ. โลจิสติกส์เกษตรและอาหาร และ บธ.บ. การจัดการโลจิสติกส์และโซ่อุปทาน (จัดการ เรียนการสอนเป็นภาษาอังกฤษ),รอบที่ 3 Admission รูปแบบใช้ผล คะแนนสอบ TGAT/TPAT โลิจสติกส์เกษตรและ อาหาร และการ จัดการโลจิสติกส์และ โซ่อุปทาน TPAT3,,0,15,6,1,51.2988,51.2988
มหาวิทยาลัยแม่ฟ้าหลวง,วิทยาเขตหลัก,10240114501103F,0,C0020,อุตสาหกรรมเกษตร,วท.บ. โลจิสติกส์เกษตรและอาหาร และ บธ.บ. การจัดการโลจิสติกส์และโซ่อุปทาน (จัดการ เรียนการสอนเป็นภาษาอังกฤษ),รอบที่ 3 Admission รูปแบบใช้ผล คะแนนสอบ A-Level โลจิสติก์สเกษตรและอาหาร และการจัดการโลิจสติกส์และโซ่อุปทาน,,0,15,5,2,20.2000,19.5833
มหาวิทยาลัยแม่ฟ้าหลวง,วิทยาเขตหลัก,10240114501103F,0,C0021,อุตสาหกรรมเกษตร,วท.บ. โลจิสติกส์เกษตรและอาหาร และ บธ.บ. การจัดการโลจิสติกส์และโซ่อุปทาน (จัดการ เรียนการสอนเป็นภาษาอังกฤษ),รอบที่ 3 Admission รูปแบบใช้ผล คะแนนสอบ A-Level โลจิสติก์สเกษตรและอาหาร และการจัดการโลิจสติกส์และโซ่อุปทาน คณิตศาสต์รประยุก์ต1,,0,15,2,0,0.0000,0.0000
มหาวิทยาลัยแม่ฟ้าหลวง,วิทยาเขตหลัก,10240114501103F,0,C0022,อุตสาหกรรมเกษตร,วท.บ. โลจิสติกส์เกษตรและอาหาร และ บธ.บ. การจัดการโลจิสติกส์และโซ่อุปทาน (จัดการ เรียนการสอนเป็นภาษาอังกฤษ),รอบที่ 3 Admission รูปแบบใช้ผล คะแนนสอบ A-Level โลจิสติก์สเกษตรและอาหาร และการจัดการโลิจสติกส์และโซ่อุปทาน คณิตศาสต์รประยุก์ต2,,0,15,10,2,46.1667,32.8333
มหาวิทยาลัยแม่ฟ้าหลวง,วิทยาเขตหลัก,10240116901001A,0,C0010,นิติศาสตร์,น.บ. นิติศาสตร์,รอบที่ 3 Admission รูปแบบใช้ผล คะแนนสอบ TGAT/TPAT,,0,130,973,130,72.0833,53.1167
มหาวิทยาลัยแม่ฟ้าหลวง,วิทยาเขตหลัก,10240116901001A,0,C0020,นิติศาสตร์,น.บ. นิติศาสตร์,รอบที่ 3 Admission รูปแบบใช้ผล คะแนนสอบ A-Level,,0,130,753,127,64.3333,46.7500
มหาวิทยาลัยแม่ฟ้าหลวง,วิทยาเขตหลัก,10240116901002A,0,C0010,นิติศาสตร์,น.บ. กฏหมายธุรกิจและการสื่อสารด้วย ภาษาจีน (จัดการเรียนการสอนเป็น ภาษาอังกฤษ),รอบที่ 3 Admission รูปแบบใช้ผล คะแนนสอบ TGAT/TPAT,,0,20,158,20,62.4327,52.2517
มหาวิทยาลัยแม่ฟ้าหลวง,วิทยาเขตหลัก,10240116901002A,0,C0020,นิติศาสตร์,น.บ. กฏหมายธุรกิจและการสื่อสารด้วย ภาษาจีน (จัดการเรียนการสอนเป็น ภาษาอังกฤษ),รอบที่ 3 Admission รูปแบบใช้ผล คะแนนสอบ A-Level,,0,20,142,20,58.3333,46.0000
มหาวิทยาลัยแม่ฟ้าหลวง,วิทยาเขตหลัก,10240116901002A,0,C0023,นิติศาสตร์,น.บ. กฏหมายธุรกิจและการสื่อสารด้วย ภาษาจีน (จัดการเรียนการสอนเป็น ภาษาอังกฤษ),รอบที่ 3 Admission รูปแบบใช้ผล คะแนนสอบ A-Level กฏหมาย ธุรกิจและการสื่อสาร ด้วยภาษาจีน (ใช้ ภาษาจีน),,0,20,98,20,52.3125,37.0625
มหาวิทยาลัยแม่ฟ้าหลวง,วิทยาเขตหลัก,10240117213501A,0,C0010,วิทยาศาสตร์เครื่องสำอาง,วท.บ. วิทยาศาสตร์เครื่องสำอาง (จัดการเรียน การสอนเป็นภาษาอังกฤษ),รอบที่ 3 Admission รูปแบบใช้ผล คะแนนสอบ TGAT/TPAT,,0,20,135,20,64.8330,45.6665
มหาวิทยาลัยแม่ฟ้าหลวง,วิทยาเขตหลัก,10240117213501A,0,C0020,วิทยาศาสตร์เครื่องสำอาง,วท.บ. วิทยาศาสตร์เครื่องสำอาง (จัดการเรียน การสอนเป็นภาษาอังกฤษ),รอบที่ 3 Admission รูปแบบใช้ผล คะแนนสอบ A-Level,,0,20,276,20,51.3667,36.6167
มหาวิทยาลัยแม่ฟ้าหลวง,วิทยาเขตหลัก,10240117213502A,0,C0010,วิทยาศาสตร์เครื่องสำอาง,วท.บ. เทคโนโลยีความงาม (จัดการเรียนการ สอนเป็นภาษาอังกฤษ),รอบที่ 3 Admission รูปแบบใช้ผล คะแนนสอบ TGAT/TPAT,,0,20,140,20,62.4995,37.6660
มหาวิทยาลัยแม่ฟ้าหลวง,วิทยาเขตหลัก,10240117213502A,0,C0020,วิทยาศาสตร์เครื่องสำอาง,วท.บ. เทคโนโลยีความงาม (จัดการเรียนการ สอนเป็นภาษาอังกฤษ),รอบที่ 3 Admission รูปแบบใช้ผล คะแนนสอบ A-Level,,0,10,132,10,32.8875,28.3000
มหาวิทยาลัยแม่ฟ้าหลวง,วิทยาเขตหลัก,10240118112001A,0,C0010,วิทยาศาสตร์สุขภาพ,วท.บ. วิทยาศาสตร์การกีฬาและสุขภาพ (จัดการเรียนการสอนเป็นภาษาอังกฤษ),รอบที่ 3 Admission รูปแบบใช้ผล คะแนนสอบ TGAT/TPAT,,0,20,173,20,66.1110,48.1943
มหาวิทยาลัยแม่ฟ้าหลวง,วิทยาเขตหลัก,10240118112001A,0,C0020,วิทยาศาสตร์สุขภาพ,วท.บ. วิทยาศาสตร์การกีฬาและสุขภาพ (จัดการเรียนการสอนเป็นภาษาอังกฤษ),รอบที่ 3 Admission รูปแบบใช้ผล คะแนนสอบ A-Level,,0,10,72,10,59.8250,38.1500
มหาวิทยาลัยแม่ฟ้าหลวง,วิทยาเขตหลัก,10240118112001A,0,C0021,วิทยาศาสตร์สุขภาพ,วท.บ. วิทยาศาสตร์การกีฬาและสุขภาพ (จัดการเรียนการสอนเป็นภาษาอังกฤษ),รอบที่ 3 Admission รูปแบบใช้ผล คะแนนสอบ A-Level วิทยาศาสตร์การ กีฬาและสุขภาพ คณิตศาสตร์ประยุก์ต1,,0,10,30,5,28.6250,23.3750
มหาวิทยาลัยแม่ฟ้าหลวง,วิทยาเขตหลัก,10240118112001A,0,C0022,วิทยาศาสตร์สุขภาพ,วท.บ. วิทยาศาสตร์การกีฬาและสุขภาพ (จัดการเรียนการสอนเป็นภาษาอังกฤษ),รอบที่ 3 Admission รูปแบบใช้ผล คะแนนสอบ A-Level วิทยาศาสตร์การ กีฬาและสุขภาพ คณิตศาสตร์ประยุก์ต2,,0,10,33,10,30.6250,17.3750
มหาวิทยาลัยแม่ฟ้าหลวง,วิทยาเขตหลัก,10240118112701A,0,C0010,วิทยาศาสตร์สุขภาพ,ส.บ. สาธารณสุขศาสต์ร(จัดการเรียนการสอน เป็นภาษาอังกฤษ),รอบที่ 3 Admission รูปแบบใช้ผล คะแนนสอบ TGAT/TPAT,,0,30,59,27,60.6758,23.7125
มหาวิทยาลัยแม่ฟ้าหลวง,วิทยาเขตหลัก,10240118112701A,0,C0020,วิทยาศาสตร์สุขภาพ,ส.บ. สาธารณสุขศาสต์ร(จัดการเรียนการสอน เป็นภาษาอังกฤษ),รอบที่ 3 Admission รูปแบบใช้ผล คะแนนสอบ A-Level,,0,30,415,30,35.6375,26.7000
มหาวิทยาลัยแม่ฟ้าหลวง,วิทยาเขตหลัก,10240118112702A,0,C0010,วิทยาศาสตร์สุขภาพ,วท.บ. อนามัยสิ่งแวดล้อม (จัดการเรียนการสอน เป็นภาษาอังกฤษ),รอบที่ 3 Admission รูปแบบใช้ผล คะแนนสอบ TGAT/TPAT,,0,30,117,28,70.0000,40.0000
มหาวิทยาลัยแม่ฟ้าหลวง,วิทยาเขตหลัก,10240118112702A,0,C0020,วิทยาศาสตร์สุขภาพ,วท.บ. อนามัยสิ่งแวดล้อม (จัดการเรียนการสอน เป็นภาษาอังกฤษ),รอบที่ 3 Admission รูปแบบใช้ผล คะแนนสอบ A-Level,,0,10,13,1,33.0000,33.0000
มหาวิทยาลัยแม่ฟ้าหลวง,วิทยาเขตหลัก,10240118112702A,0,C0021,วิทยาศาสตร์สุขภาพ,วท.บ. อนามัยสิ่งแวดล้อม (จัดการเรียนการสอน เป็นภาษาอังกฤษ),รอบที่ 3 Admission รูปแบบใช้ผล คะแนนสอบ A-Level อนามัย สิ่งแวดล้อม คณิตศาสตร์ประยุก์ต1,,0,10,7,2,25.3625,24.2500
มหาวิทยาลัยแม่ฟ้าหลวง,วิทยาเขตหลัก,10240118112702A,0,C0022,วิทยาศาสตร์สุขภาพ,วท.บ. อนามัยสิ่งแวดล้อม (จัดการเรียนการสอน เป็นภาษาอังกฤษ),รอบที่ 3 Admission รูปแบบใช้ผล คะแนนสอบ A-Level อนามัย สิ่งแวดล้อม คณิตศาสตร์ประยุก์ต2,,0,10,16,6,40.7667,31.4000
มหาวิทยาลัยแม่ฟ้าหลวง,วิทยาเขตหลัก,10240118112703A,0,C0010,วิทยาศาสตร์สุขภาพ,วท.บ. อาชีวอนามัยและความปลอดภัย (จัดการ เรียนการสอนเป็นภาษาอังกฤษ),รอบที่ 3 Admission รูปแบบใช้ผล คะแนนสอบ TGAT/TPAT,,0,20,55,15,56.5240,42.9845
มหาวิทยาลัยแม่ฟ้าหลวง,วิทยาเขตหลัก,10240118112703A,0,C0020,วิทยาศาสตร์สุขภาพ,วท.บ. อาชีวอนามัยและความปลอดภัย (จัดการ เรียนการสอนเป็นภาษาอังกฤษ),รอบที่ 3 Admission รูปแบบใช้ผล คะแนนสอบ A-Level,,0,10,100,10,42.5000,30.4500
มหาวิทยาลัยแม่ฟ้าหลวง,วิทยาเขตหลัก,10240118112703A,0,C0021,วิทยาศาสตร์สุขภาพ,วท.บ. อาชีวอนามัยและความปลอดภัย (จัดการ เรียนการสอนเป็นภาษาอังกฤษ),รอบที่ 3 Admission รูปแบบใช้ผล คะแนนสอบ A-Level อาชีวอนา มัยและความ ปลอดภัย คณิตศาสตร์ประยุก์ต1,,0,10,54,10,32.7125,26.3250
มหาวิทยาลัยแม่ฟ้าหลวง,วิทยาเขตหลัก,10240118112703A,0,C0022,วิทยาศาสตร์สุขภาพ,วท.บ. อาชีวอนามัยและความปลอดภัย (จัดการ เรียนการสอนเป็นภาษาอังกฤษ),รอบที่ 3 Admission รูปแบบใช้ผล คะแนนสอบ A-Level อาชีวอนา มัยและความ ปลอดภัย คณิตศาสตร์ประยุก์ต2,,0,10,86,10,51.5833,42.8333
มหาวิทยาลัยแม่ฟ้าหลวง,วิทยาเขตหลัก,10240119111701A,0,C0020,พยาบาลศาสตร์,พย.บ. พยาบาลศาสตร์,รอบที่ 3 Admission รูปแบบใช้ผล คะแนนสอบ A-Level,,0,54,647,54,51.8000,44.7625
มหาวิทยาลัยแม่ฟ้าหลวง,วิทยาเขตหลัก,10240122120101A,0,C0040,ทันตแพทยศาสตร์,ท.บ. ทันตแพทยศาสตร์,รอบที่ 3 Admission หลักสูตรทันต แพทยศาสตรบัณฑิต,,0,32,1613,32,66.8406,63.3655
มหาวิทยาลัยแม่ฟ้าหลวง,วิทยาเขตหลัก,10240123900501A,0,C0010,นวัตกรรมสังคม,ศศ.บ. การพัฒนาระหว่างประเทศ (จัดการ เรียนการสอนเป็นภาษาอังกฤษ),รอบที่ 3 Admission รูปแบบใช้ผล คะแนนสอบ TGAT/TPAT,,0,10,227,9,76.6660,65.0000
มหาวิทยาลัยแม่ฟ้าหลวง,วิทยาเขตหลัก,10240123900501A,0,C0020,นวัตกรรมสังคม,ศศ.บ. การพัฒนาระหว่างประเทศ (จัดการ เรียนการสอนเป็นภาษาอังกฤษ),รอบที่ 3 Admission รูปแบบใช้ผล คะแนนสอบ A-Level,,0,20,90,20,75.0000,50.0000
มหาวิทยาลัยแม่ฟ้าหลวง,วิทยาเขตหลัก,10240124702001A,0,C0010,จีนวิทยา,ศษ.บ. การสอนภาษาจีน (จัดการเรียนการสอน เป็นภาษาอังกฤษ),รอบที่ 3 Admission รูปแบบใช้ผล คะแนนสอบ TGAT/TPAT,,0,10,65,10,59.6657,51.1670
มหาวิทยาลัยแม่ฟ้าหลวง,วิทยาเขตหลัก,10240124702001A,0,C0012,จีนวิทยา,ศษ.บ. การสอนภาษาจีน (จัดการเรียนการสอน เป็นภาษาอังกฤษ),รอบที่ 3 Admission รูปแบบใช้ผล คะแนนสอบ TGAT/TPAT การ สอนภาษาจีน TPAT5,,0,10,50,10,63.3365,56.4698
มหาวิทยาลัยแม่ฟ้าหลวง,วิทยาเขตหลัก,10240124702001A,0,C0020,จีนวิทยา,ศษ.บ. การสอนภาษาจีน (จัดการเรียนการสอน เป็นภาษาอังกฤษ),รอบที่ 3 Admission รูปแบบใช้ผล คะแนนสอบ A-Level,,0,20,25,12,54.1875,36.0000
มหาวิทยาลัยแม่ฟ้าหลวง,วิทยาเขตหลัก,10240124702001A,0,C0030,จีนวิทยา,ศษ.บ. การสอนภาษาจีน (จัดการเรียนการสอน เป็นภาษาอังกฤษ),รอบที่ 3 Admission รูปแบบใช้ผล คะแนนสอบ TGAT/TPAT และ A-Level,,0,10,12,2,48.5138,47.4860
มหาวิทยาลัยแม่ฟ้าหลวง,วิทยาเขตหลัก,10240124901801A,0,C0010,จีนวิทยา,ศศ.บ. จีนศึกษา (จัดการเรียนการสอนเป็น ภาษาอังกฤษ),รอบที่ 3 Admission รูปแบบใช้ผล คะแนนสอบ TGAT/TPAT,,0,20,79,19,71.6660,41.6660
มหาวิทยาลัยแม่ฟ้าหลวง,วิทยาเขตหลัก,10240124901801A,0,C0020,จีนวิทยา,ศศ.บ. จีนศึกษา (จัดการเรียนการสอนเป็น ภาษาอังกฤษ),รอบที่ 3 Admission รูปแบบใช้ผล คะแนนสอบ A-Level,,0,20,20,1,43.2500,43.2500
มหาวิทยาลัยแม่ฟ้าหลวง,วิทยาเขตหลัก,10240124901801A,0,C0030,จีนวิทยา,ศศ.บ. จีนศึกษา (จัดการเรียนการสอนเป็น ภาษาอังกฤษ),รอบที่ 3 Admission รูปแบบใช้ผล คะแนนสอบ TGAT/TPAT และ A-Level,,0,10,6,1,61.7166,61.7166
มหาวิทยาลัยแม่ฟ้าหลวง,วิทยาเขตหลัก,10240124901802A,0,C0010,จีนวิทยา,ศศ.บ. ภาษาจีนธุรกิจ (จัดการเรียนการสอน เป็นภาษาอังกฤษ),รอบที่ 3 Admission รูปแบบใช้ผล คะแนนสอบ TGAT/TPAT,,0,20,149,20,76.6660,60.0000
มหาวิทยาลัยแม่ฟ้าหลวง,วิทยาเขตหลัก,10240124901802A,0,C0020,จีนวิทยา,ศศ.บ. ภาษาจีนธุรกิจ (จัดการเรียนการสอน เป็นภาษาอังกฤษ),รอบที่ 3 Admission รูปแบบใช้ผล คะแนนสอบ A-Level,,0,20,32,6,60.4375,43.1875
มหาวิทยาลัยแม่ฟ้าหลวง,วิทยาเขตหลัก,10240124901802A,0,C0030,จีนวิทยา,ศศ.บ. ภาษาจีนธุรกิจ (จัดการเรียนการสอน เป็นภาษาอังกฤษ),รอบที่ 3 Admission รูปแบบใช้ผล คะแนนสอบ TGAT/TPAT และ A-Level,,0,15,49,10,53.2500,43.1166
มหาวิทยาลัยแม่ฟ้าหลวง,วิทยาเขตหลัก,10240124901803A,0,C0010,จีนวิทยา,ศศ.บ. ภาษาและวัฒนธรรมจีน (จัดการเรียน การสอนเป็นภาษาอังกฤษ),รอบที่ 3 Admission รูปแบบใช้ผล คะแนนสอบ TGAT/TPAT,,0,20,77,20,63.0553,48.0747
มหาวิทยาลัยแม่ฟ้าหลวง,วิทยาเขตหลัก,10240124901803A,0,C0020,จีนวิทยา,ศศ.บ. ภาษาและวัฒนธรรมจีน (จัดการเรียน การสอนเป็นภาษาอังกฤษ),รอบที่ 3 Admission รูปแบบใช้ผล คะแนนสอบ A-Level,,0,20,65,20,60.3333,43.7500
มหาวิทยาลัยแม่ฟ้าหลวง,วิทยาเขตหลัก,10240124901803A,0,C0030,จีนวิทยา,ศศ.บ. ภาษาและวัฒนธรรมจีน (จัดการเรียน การสอนเป็นภาษาอังกฤษ),รอบที่ 3 Admission รูปแบบใช้ผล คะแนนสอบ TGAT/TPAT และ A-Level,,0,15,36,9,57.3333,40.6665
มหาวิทยาลัยแม่ฟ้าหลวง,วิทยาเขตหลัก,10240125110101A,0,C0010,การแพทย์บูรณาการ,กภ.บ. กายภาพบำบัด,รอบที่ 3 Admission รูปแบบใช้ผล คะแนนสอบ TGAT/TPAT,,0,10,650,10,73.6826,69.1720
มหาวิทยาลัยแม่ฟ้าหลวง,วิทยาเขตหลัก,10240125110101A,0,C0020,การแพทย์บูรณาการ,กภ.บ. กายภาพบำบัด,รอบที่ 3 Admission รูปแบบใช้ผล คะแนนสอบ A-Level,,0,10,5,2,43.4100,37.0800
มหาวิทยาลัยแม่ฟ้าหลวง,วิทยาเขตหลัก,10240125110101A,0,C0040,การแพทย์บูรณาการ,กภ.บ. กายภาพบำบัด,รอบที่ 3 Admission รูปแบบใช้ผล คะแนน GPAX TGAT/TPAT และ A-Level,,0,10,52,10,69.5703,63.8006
มหาวิทยาลัยแม่ฟ้าหลวง,วิทยาเขตหลัก,10240125110501A,0,C0040,การแพทย์บูรณาการ,พจ.บ. การแพทย์แผนจีน,รอบที่ 3 Admission รูปแบบใช้ผล คะแนน GPAX TGAT/TPAT และ A-Level,,0,10,85,10,69.5208,62.7637
มหาวิทยาลัยแม่ฟ้าหลวง,วิทยาเขตหลัก,10240125110701A,0,C0040,การแพทย์บูรณาการ,พทป.บ. การแพทย์แผนไทยประยุกต์,รอบที่ 3 Admission รูปแบบใช้ผล คะแนน GPAX TGAT/TPAT และ A-Level,,0,20,269,20,56.4449,46.9645
มหาวิทยาลัยนราธิวาสราชนครินทร์,วิทยาเขตหลัก,10250104111701A,0,0,พยาบาลศาสตร์,พยาบาลศาสตร์,,,0,27,787,27,44.4500,40.3000
มหาวิทยาลัยนราธิวาสราชนครินทร์,วิทยาเขตหลัก,10250105300501A,0,0,วิศวกรรมศาสตร์,วิศวกรรมคอมพิวเตอร์,,,0,25,100,25,98.0000,76.7500
มหาวิทยาลัยนราธิวาสราชนครินทร์,วิทยาเขตหลัก,10250105300701A,0,0,วิศวกรรมศาสตร์,วิศวกรรมเครื่องกล,,,0,30,50,9,85.5000,62.7500
มหาวิทยาลัยนราธิวาสราชนครินทร์,วิทยาเขตหลัก,10250105301601A,0,0,วิศวกรรมศาสตร์,วิศวกรรมไฟฟ้า,,,0,25,101,25,98.0000,79.2500
มหาวิทยาลัยนราธิวาสราชนครินทร์,วิทยาเขตหลัก,10250105302101A,0,0,วิศวกรรมศาสตร์,วิศวกรรมโยธา,,,0,20,113,20,94.7500,88.0000
มหาวิทยาลัยนราธิวาสราชนครินทร์,วิทยาเขตหลัก,10250105303501A,0,0,วิศวกรรมศาสตร์,วิศวกรรมอุตสาหการ,,,0,25,38,11,89.7500,50.2500
มหาวิทยาลัยนราธิวาสราชนครินทร์,วิทยาเขตหลัก,10250106500201A,0,0,เกษตรศาสตร์,เกษตรศาสตร์,,,0,20,63,17,78.5000,0.0000
มหาวิทยาลัยนราธิวาสราชนครินทร์,วิทยาเขตหลัก,10250107610201A,0,0,วิทยาการจัดการ,การจัดการ,,,0,25,70,19,90.2500,52.5000
มหาวิทยาลัยนราธิวาสราชนครินทร์,วิทยาเขตหลัก,10250107610501A,0,0,วิทยาการจัดการ,การบัญชี,,,0,35,212,35,96.2500,80.0000
มหาวิทยาลัยนราธิวาสราชนครินทร์,วิทยาเขตหลัก,10250107610901A,0,0,วิทยาการจัดการ,การจัดการเทคโนโลยีสารสนเทศ,,,0,25,16,3,70.5000,51.2500
มหาวิทยาลัยนราธิวาสราชนครินทร์,วิทยาเขตหลัก,10250107903101A,0,0,วิทยาการจัดการ,รัฐประศาสนศาสตร์,,,0,65,122,38,89.2500,53.7500
มหาวิทยาลัยนราธิวาสราชนครินทร์,วิทยาเขตหลัก,10250109902701E,0,0,สถาบันอิสลามและอาหรับศึกษา,ภาษาอาหรับ (หลักสูตรนานาชาต)ิ,,,0,15,14,2,89.0000,69.5000
มหาวิทยาลัยนราธิวาสราชนครินทร์,วิทยาเขตหลัก,10250109902901A,0,0,สถาบันอิสลามและอาหรับศึกษา,กฎหมายอิสลาม,,,0,15,10,4,80.5000,67.7500
มหาวิทยาลัยนราธิวาสราชนครินทร์,วิทยาเขตหลัก,10250109902902A,0,0,สถาบันอิสลามและอาหรับศึกษา,อิสลามศึกษา,,,0,15,40,15,98.5000,60.0000
มหาวิทยาลัยนราธิวาสราชนครินทร์,วิทยาเขตหลัก,10250110210001A,0,0,วิทยาศาสตร์และเทคโนโลยี,วิทยาศาสตร์ทั่วไป,,,0,36,115,36,93.0000,51.0000
มหาวิทยาลัยนราธิวาสราชนครินทร์,วิทยาเขตหลัก,10250110210002A,0,0,วิทยาศาสตร์และเทคโนโลยี,วิทยาศาสตร์,,,0,34,91,34,94.0000,67.5000
มหาวิทยาลัยนราธิวาสราชนครินทร์,วิทยาเขตหลัก,10250110210701A,0,0,วิทยาศาสตร์และเทคโนโลยี,ชีววิทยา,,,0,22,71,11,94.2500,59.2500
มหาวิทยาลัยนราธิวาสราชนครินทร์,วิทยาเขตหลัก,10250110211001A,0,0,วิทยาศาสตร์และเทคโนโลยี,นวัตกรรมและเทคโนโลยีการประกอบอาหาร,,,0,25,41,7,91.0000,51.2500
มหาวิทยาลัยนราธิวาสราชนครินทร์,วิทยาเขตหลัก,10250111902501A,0,0,ศิลปศาสตร์,ภาษาอังกฤษ,,,0,25,93,25,99.0000,77.7500
มหาวิทยาลัยนราธิวาสราชนครินทร์,วิทยาเขตหลัก,10250111902502A,0,0,ศิลปศาสตร์,ภาษาต่างประเทศเพื่อธุรกิจบริการ,,,0,25,64,15,98.5000,59.0000
มหาวิทยาลัยนครพนม,วิทยาเขตหลัก,10260101500401A,A,0,คณะเกษตรและเทคโนโลยี,วิทยาศาสตรบัณฑิต,,แขนงวิชา พืชศาสตร์,0,20,3,1,76.2500,76.2500
มหาวิทยาลัยนครพนม,วิทยาเขตหลัก,10260101500402A,0,0,คณะเกษตรและเทคโนโลยี,วิทยาศาสตรบัณฑิต,,สัตวศาสตร์,0,20,31,7,87.7500,61.0000
มหาวิทยาลัยนครพนม,วิทยาเขตหลัก,10260101500403A,C,0,คณะเกษตรและเทคโนโลยี,วิทยาศาสตรบัณฑิต,,แขนง วิชาการ ประมง,0,20,4,1,64.5000,64.5000
มหาวิทยาลัยนครพนม,วิทยาเขตหลัก,10260101500404A,D,0,คณะเกษตรและเทคโนโลยี,วิทยาศาสตรบัณฑิต,,แขนงวิชา เทคโนโลียอาหาร,0,20,3,1,82.0000,82.0000
มหาวิทยาลัยนครพนม,วิทยาเขตหลัก,10260101500405A,E,0,คณะเกษตรและเทคโนโลยี,วิทยาศาสตรบัณฑิต,,แขนงวิชา เทคโนโลียเครื่องจักรกล เกษตร,0,20,1,0,0.0000,0.0000
มหาวิทยาลัยนครพนม,วิทยาเขตหลัก,10260102700209A,I,0,คณะครุศาสตร์,ครุศาสตรบัณฑิต,,วิชาเอกการ ประถมศึกษา,0,,0,0,0.0000,0.0000
มหาวิทยาลัยนครพนม,วิทยาเขตหลัก,10260102700601A,A,0,คณะครุศาสตร์,ครุศาสตรบัณฑิต,,วิชาเอก การศึกษา ปฐมวัย,0,,0,0,0.0000,0.0000
มหาวิทยาลัยนครพนม,วิทยาเขตหลัก,10260102700807A,G,0,คณะครุศาสตร์,ครุศาสตรบัณฑิต,,วิชาเอก คณิตศาสตร ศึกษา,0,,0,0,0.0000,0.0000
มหาวิทยาลัยนครพนม,วิทยาเขตหลัก,10260102700904A,D,0,คณะครุศาสตร์,ครุศาสตรบัณฑิต,,วิชาเอก คอมพิวเตอ์รศึกษา,0,,0,0,0.0000,0.0000
มหาวิทยาลัยนครพนม,วิทยาเขตหลัก,10260102702003A,C,0,คณะครุศาสตร์,ครุศาสตรบัณฑิต,,วิชาเอก ภาษาอังกฤษ,0,,0,0,0.0000,0.0000
มหาวิทยาลัยนครพนม,วิทยาเขตหลัก,10260102702006A,F,0,คณะครุศาสตร์,ครุศาสตรบัณฑิต,,วิชาเอก ภาษาไทย,0,,0,0,0.0000,0.0000
มหาวิทยาลัยนครพนม,วิทยาเขตหลัก,10260102702402A,B,0,คณะครุศาสตร์,ครุศาสตรบัณฑิต,,วิชาเอก วิทยาศาสตร์,0,,0,0,0.0000,0.0000
มหาวิทยาลัยนครพนม,วิทยาเขตหลัก,10260102702508A,H,0,คณะครุศาสตร์,ครุศาสตรบัณฑิต,,วิชาเอก ดนตรีศึกษา,0,,0,0,0.0000,0.0000
มหาวิทยาลัยนครพนม,วิทยาเขตหลัก,10260102702705A,E,0,คณะครุศาสตร์,ครุศาสตรบัณฑิต,,วิชาเอก สังคมศึกษา,0,,0,0,0.0000,0.0000
มหาวิทยาลัยนครพนม,วิทยาเขตหลัก,10260103620201A,0,0,วิทยาลัยการบิน การศึกษา และวิจัย นานาชาติ,บริหารธุรกิจบัณฑิต,,การจัดการ การบิน,0,50,58,9,96.2500,60.7500
มหาวิทยาลัยนครพนม,วิทยาเขตหลัก,10260104112006A,B,0,คณะวิทยาการจัดการและเทคโนโลียสารสนเทศ,วิทยาศาสตรบัณฑิต,,วิทยาศาสต์รการกีฬา และการ ออกกำลังกาย,0,40,34,11,85.2500,59.5000
มหาวิทยาลัยนครพนม,วิทยาเขตหลัก,10260104220103A,0,0,คณะวิทยาการจัดการและเทคโนโลียสารสนเทศ,วิทยาศาสตรบัณฑิต,,เทคโนโลียสารสนเทศ และนวัตกรรม คอมพิวเตอร์,0,30,20,4,79.0000,57.2500
มหาวิทยาลัยนครพนม,วิทยาเขตหลัก,10260104610201A,0,0,คณะวิทยาการจัดการและเทคโนโลียสารสนเทศ,บริหารธุรกิจบัณฑิต,,การจัดการ,0,80,19,2,80.2500,65.5000
มหาวิทยาลัยนครพนม,วิทยาเขตหลัก,10260104610502A,0,0,คณะวิทยาการจัดการและเทคโนโลียสารสนเทศ,บัญชีบัณฑิต,,บัญชีบัณฑิต,0,80,86,11,95.5000,0.0000
มหาวิทยาลัยนครพนม,วิทยาเขตหลัก,10260104610607A,0,0,คณะวิทยาการจัดการและเทคโนโลียสารสนเทศ,บริหารธุรกิจบัณฑิต,,นวัตกรรม การตลาด และธุรกิจ อัจฉริยะ,0,80,13,3,95.5000,57.5000
มหาวิทยาลัยนครพนม,วิทยาเขตหลัก,10260104611008A,0,0,คณะวิทยาการจัดการและเทคโนโลียสารสนเทศ,บริหารธุรกิจบัณฑิต,,การ จัดการโลิจสติก์สระหว่าง ประเทศ,0,80,53,13,98.7500,0.0000
มหาวิทยาลัยนครพนม,วิทยาเขตหลัก,10260104901104A,0,0,คณะวิทยาการจัดการและเทคโนโลียสารสนเทศ,นิเทศศาสตรบัณฑิต,,นิเทศ ศาสตร์ดิจิทัล,0,30,38,8,88.5000,0.0000
มหาวิทยาลัยนครพนม,วิทยาเขตหลัก,10260105111309A,0,0,คณะวิทยาศาสตร์,เทคนิคการแพทยบัณฑิต,,เทคนิค การแพทย์,0,,0,0,0.0000,0.0000
มหาวิทยาลัยนครพนม,วิทยาเขตหลัก,10260105112710A,0,0,คณะวิทยาศาสตร์,สาธารณสุขศาสตรบัณฑิต,,การ สาธารณสุข ชุมชน,0,10,420,10,98.7500,96.7500
มหาวิทยาลัยนครพนม,วิทยาเขตหลัก,10260105210308A,D,0,คณะวิทยาศาสตร์,วิทยาศาสตรบัณฑิต,,วิทยาศาสต์รแขนงวิชา คณิตศาสตร์,0,15,23,8,97.0000,60.7500
มหาวิทยาลัยนครพนม,วิทยาเขตหลัก,10260105210405A,A,0,คณะวิทยาศาสตร์,วิทยาศาสตรบัณฑิต,,วิทยาศาสต์รแขนงวิชา เคมี,0,15,2,0,0.0000,0.0000
มหาวิทยาลัยนครพนม,วิทยาเขตหลัก,10260105210707A,C,0,คณะวิทยาศาสตร์,วิทยาศาสตรบัณฑิต,,วิทยาศาสต์รแขนงวิชา ชีววิทยา,0,15,40,10,98.0000,75.0000
มหาวิทยาลัยนครพนม,วิทยาเขตหลัก,10260105212706A,B,0,คณะวิทยาศาสตร์,วิทยาศาสตรบัณฑิต,,วิทยาศาสต์รแขนงวิชา ฟิสิกส์,0,15,2,1,82.7500,82.7500
มหาวิทยาลัยนครพนม,วิทยาเขตหลัก,10260105701007A,C,0,คณะวิทยาศาสตร์,ครุศาสตรบัณฑิต,,วิทยาศาสต์รวิชาเอกเคมี,0,60,43,6,98.2500,71.5000
มหาวิทยาลัยนครพนม,วิทยาเขตหลัก,10260105701306A,B,0,คณะวิทยาศาสตร์,ครุศาสตรบัณฑิต,,วิทยาศาสต์รวิชาเอก ชีววิทยา,0,60,108,30,98.0000,54.0000
มหาวิทยาลัยนครพนม,วิทยาเขตหลัก,10260105701805A,A,0,คณะวิทยาศาสตร์,ครุศาสตรบัณฑิต,,วิทยาศาสต์รวิชาเอก ฟิสิกส์,0,60,17,2,94.2500,75.7500
มหาวิทยาลัยนครพนม,วิทยาเขตหลัก,10260106300502A,0,0,คณะวิศวกรรมศาสตร์,วิศวกรรมศาสตรบัณฑิต,,วิศวกรรม คอมพิวเตอร์,0,40,42,6,93.2500,69.2500
มหาวิทยาลัยนครพนม,วิทยาเขตหลัก,10260106300705A,0,0,คณะวิศวกรรมศาสตร์,วิศวกรรมศาสตรบัณฑิต,,วิศวกรรมเครื่ องกล,0,40,24,4,92.7500,69.5000
มหาวิทยาลัยนครพนม,วิทยาเขตหลัก,10260106301604A,0,0,คณะวิศวกรรมศาสตร์,วิศวกรรมศาสตรบัณฑิต,,วิศวกรรมไฟ ฟ้า,0,40,81,19,99.0000,67.0000
มหาวิทยาลัยนครพนม,วิทยาเขตหลัก,10260106302101A,0,0,คณะวิศวกรรมศาสตร์,วิศวกรรมศาสตรบัณฑิต,,วิศวกรรม โยธา,0,40,72,21,99.0000,54.2500
มหาวิทยาลัยนครพนม,วิทยาเขตหลัก,10260106302403A,0,0,คณะวิศวกรรมศาสตร์,วิศวกรรมศาสตรบัณฑิต,,วิศวกรรมโล จิสติกส์,0,40,67,6,90.7500,68.5000
มหาวิทยาลัยนครพนม,วิทยาเขตหลัก,10260106303501A,0,0,คณะวิศวกรรมศาสตร์,วิศวกรรมศาสตรบัณฑิต,,วิศวกรรม อุตสาหการ และการ จัดการ,0,40,12,2,97.2500,81.2500
มหาวิทยาลัยนครพนม,วิทยาเขตหลัก,10260107901005A,0,0,คณะศิลปศาสตร์และวิทยาศาสตร์,นิติศาสตรบัณฑิต,,นิติศาสตร บัณฑิต,0,80,151,58,97.7500,0.0000
มหาวิทยาลัยนครพนม,วิทยาเขตหลัก,10260107901806A,0,0,คณะศิลปศาสตร์และวิทยาศาสตร์,ศิลปศาสตรบัณฑิต,,ภาษาจีน,0,40,49,18,99.7500,58.7500
มหาวิทยาลัยนครพนม,วิทยาเขตหลัก,10260107902007A,0,0,คณะศิลปศาสตร์และวิทยาศาสตร์,ศิลปศาสตรบัณฑิต,,ภาษาไทย เพื่อการ สื่อสารใน ยุคดิจิทัล,0,40,10,3,81.0000,67.7500
มหาวิทยาลัยนครพนม,วิทยาเขตหลัก,10260107902503A,0,0,คณะศิลปศาสตร์และวิทยาศาสตร์,ศิลปศาสตรบัณฑิต,,ภาษาอังกฤษ,0,50,55,14,93.7500,45.0000
มหาวิทยาลัยนครพนม,วิทยาเขตหลัก,10260107903101A,0,0,คณะศิลปศาสตร์และวิทยาศาสตร์,รัฐประศาสนศาสตรบัณฑิต,,รัฐ ประศาสน ศาสตร์,0,60,43,17,96.2500,0.0000
มหาวิทยาลัยนครพนม,วิทยาเขตหลัก,10260107904202A,0,0,คณะศิลปศาสตร์และวิทยาศาสตร์,ศิลปศาสตรบัณฑิต,,พัฒนาสังคม และ สิ่งแวดล้อม,0,40,9,2,75.0000,73.0000
มหาวิทยาลัยนครพนม,วิทยาเขตหลัก,10260108620101A,A,0,วิทยาลัยการท่องเที่ยวและอุตสาหกรรมบริการ,บริหารธุรกิจบัณฑิต,,วิชาเอกการ ท่องเที่ยว และอีเวนต์,0,50,16,2,79.5000,79.2500
มหาวิทยาลัยนครพนม,วิทยาเขตหลัก,10260108620102A,B,0,วิทยาลัยการท่องเที่ยวและอุตสาหกรรมบริการ,บริหารธุรกิจบัณฑิต,,วิชาเอกการ โรงแรมและ ศิลปะการ ประกอบ อาหาร,0,50,12,1,93.5000,93.5000
มหาวิทยาลัยนครพนม,วิทยาเขตหลัก,10260109211701A,0,0,คณะเทคโนโลยีอุตสาหกรรม,วิทยาศาสตรบัณฑิต,,เทคโนโลียสถาปัตยกรร มและการ ก่อสร้าง,0,30,20,2,92.0000,69.0000
มหาวิทยาลัยนครพนม,วิทยาเขตหลัก,10260110302302A,0,0,วิทยาลัยเทคโนโลยีอุตสาหกรรมศีรสงคราม,อุตสาหกรรมศาสตรบัณฑิต,,วิศวกรรม ซ่อมบำรุง อุตสาหกรรม และระบบ อัตโนมัติ,0,30,3,1,77.7500,77.7500
มหาวิทยาลัยนครพนม,วิทยาเขตหลัก,10260110302901A,0,0,วิทยาลัยเทคโนโลยีอุตสาหกรรมศีรสงคราม,อุตสาหกรรมศาสตรบัณฑิต,,วิศวกรรม หุ่นยนต์และ ระบบ อัตโนมัติ,0,30,1,1,65.5000,65.5000
มหาวิทยาลัยนครพนม,วิทยาเขตหลัก,10260111301501A,0,0,วิทยาลัยธาตุพนม,วิศวกรรมศาสตรบัณฑิต,,วิศวกรรม พลังงาน,0,30,3,0,0.0000,0.0000
มหาวิทยาลัยนครพนม,วิทยาเขตหลัก,10260111610202A,0,0,วิทยาลัยธาตุพนม,บริหารธุรกิจบัณฑิต,,การจัดการ ธุรกิจการค้า สมัยใหม่,0,40,6,1,83.0000,83.0000
มหาวิทยาลัยนครพนม,วิทยาเขตหลัก,10260112610202A,0,0,วิทยาลัยนาหว้า,บริหารธุรกิจบัณฑิต,,การจัดการ ธุรกิจการค้า สมัยให่ม(ห้องเรียน นาหว้า),0,10,0,0,0.0000,0.0000
มหาวิทยาลัยนครพนม,วิทยาเขตหลัก,10260113111701A,0,0,วิทยาลัยพยาบาลบรมราชชนีนนครพนม,พยาบาลศาสตรบัณฑิต,,พยาบาลศา สตรบัณฑิต,0,12,154,12,41.9866,37.4914
มหาวิทยาลัยพะเยา,วิทยาเขตหลัก,10270101211001A,0,A0001,คณะเกษตรศาสตร์และทรัพยากรธรรมชาติ,หลักสูตรวิทยาศาสตรบัณฑิตสาขาวิชาความ ปลอดภัยทางอาหาร,Admission,,0,40,272,40,58.9600,45.7676
มหาวิทยาลัยพะเยา,วิทยาเขตหลัก,10270101211002A,0,A0001,คณะเกษตรศาสตร์และทรัพยากรธรรมชาติ,หลักสูตรวิทยาศาสตรบัณฑิตสาขาวิชา วิทยาศาสตร์และเทคโนโลยีการอาหาร,Admission,,0,40,235,40,53.4826,39.2676
มหาวิทยาลัยพะเยา,วิทยาเขตหลัก,10270101500201A,0,A0001,คณะเกษตรศาสตร์และทรัพยากรธรรมชาติ,หลักสูตรวิทยาศาสตรบัณฑิตสาขาวิชา เกษตรศาสตร์,Admission,,0,30,103,23,57.5792,0.0000
มหาวิทยาลัยพะเยา,วิทยาเขตหลัก,10270101500401A,0,A0001,คณะเกษตรศาสตร์และทรัพยากรธรรมชาติ,หลักสูตรเทคโนโลยีบัณฑิตสาขาวิชา เทคโนโลยีการเกษตร,Admission,,0,30,92,16,61.2464,15.2500
มหาวิทยาลัยพะเยา,วิทยาเขตหลัก,10270101500601A,0,A0001,คณะเกษตรศาสตร์และทรัพยากรธรรมชาติ,หลักสูตรวิทยาศาสตรบัณฑิตสาขาวิชา เทคโนโลยีและนวัตกรรมการประมง,Admission,,0,40,150,36,61.8260,0.0000
มหาวิทยาลัยพะเยา,วิทยาเขตหลัก,10270101501201A,0,A0001,คณะเกษตรศาสตร์และทรัพยากรธรรมชาติ,หลักสูตรวิทยาศาสตรบัณฑิตสาขาวิชาสัตว ศาสตร์,Admission,,0,20,275,20,65.0244,55.0012
มหาวิทยาลัยพะเยา,วิทยาเขตหลัก,10270102220101A,0,A0001,คณะเทคโนโลยีสารสนเทศและการ สื่อสาร,หลักสูตรวิทยาศาสตรบัณฑิตสาขาวิชา เทคโนโลยีสารสนเทศ,Admission,,0,20,162,20,65.2960,51.8916
มหาวิทยาลัยพะเยา,วิทยาเขตหลัก,10270102220102F,0,A0001,คณะเทคโนโลยีสารสนเทศและการ สื่อสาร,การจัดการศึกษาหลักสูตรควบระดับปริญญาตีร2 ปริญญา (หลักสูตรวิทยาศาสตรบัณฑิตสาขาวิชาเทคโนโลยีสารสนเทศ และหลักสูตร ศิลปศาสตรบัณฑิตสาขาวิชาภาษาอังกฤษ),Admission,,0,20,120,20,71.6880,49.7176
มหาวิทยาลัยพะเยา,วิทยาเขตหลัก,10270102220201A,0,A0001,คณะเทคโนโลยีสารสนเทศและการ สื่อสาร,หลักสูตรวิทยาศาสตรบัณฑิตสาขาวิชา วิทยาการคอมพิวเตอร์,Admission,,0,20,177,20,70.2800,54.6944
มหาวิทยาลัยพะเยา,วิทยาเขตหลัก,10270102220202A,0,A0001,คณะเทคโนโลยีสารสนเทศและการ สื่อสาร,หลักสูตรวิทยาศาสตรบัณฑิตสาขาวิชาภูมิ สารสนเทศศาสตร์,Admission,,0,40,87,19,62.1204,12.8000
มหาวิทยาลัยพะเยา,วิทยาเขตหลัก,10270102220203A,0,A0001,คณะเทคโนโลยีสารสนเทศและการ สื่อสาร,หลักสูตรวิทยาศาสตรบัณฑิตสาขาวิชา วิทยาการข้อมูลและการประยุกต์,Admission,,0,40,177,40,58.3324,36.7572
มหาวิทยาลัยพะเยา,วิทยาเขตหลัก,10270102300501A,0,A0001,คณะเทคโนโลยีสารสนเทศและการ สื่อสาร,หลักสูตรวิศวกรรมศาสตรบัณฑิตสาขาวิชา วิศวกรรมคอมพิวเตอร์,Admission,,0,20,241,20,67.8924,60.2200
มหาวิทยาลัยพะเยา,วิทยาเขตหลัก,10270102301001A,0,A0001,คณะเทคโนโลยีสารสนเทศและการ สื่อสาร,หลักสูตรวิศวกรรมศาสตรบัณฑิตสาขาวิชา วิศวกรรมซอฟต์แวร์,Admission,,0,20,204,20,68.2032,56.9236
มหาวิทยาลัยพะเยา,วิทยาเขตหลัก,10270102610701A,0,A0001,คณะเทคโนโลยีสารสนเทศและการ สื่อสาร,หลักสูตรบริหารธุรกิจบัณฑิตสาขาวิชาธุรกิจ ดิจิทัล,Admission,,0,20,222,20,70.2204,51.6500
มหาวิทยาลัยพะเยา,วิทยาเขตหลัก,10270102800101A,0,A0001,คณะเทคโนโลยีสารสนเทศและการ สื่อสาร,หลักสูตรศิลปกรรมศาสตรบัณฑิตสาขาวิชา คอมพิวเตอร์กราฟิกและมัลติมีเดีย,Admission,,0,10,143,10,65.3164,56.8216
มหาวิทยาลัยพะเยา,วิทยาเขตหลัก,10270103220101F,0,A0001,คณะนิติศาสตร์,การจัดการศึกษาหลักสูตรควบระดับปริญญาตีร2 ปริญญา (หลักสูตรนิติศาสตรบัณฑิตและ หลักสูตรวิทยาศาสตรบัณฑิตสาขาวิชา เทคโนโลยีสารสนเทศ),Admission,,0,30,470,30,67.0896,55.5996
มหาวิทยาลัยพะเยา,วิทยาเขตหลัก,10270103610501F,0,A0001,คณะนิติศาสตร์,การจัดการศึกษาหลักสูตรควบระดับปริญญาตีร2 ปริญญา (หลักสูตรนิติศาสตรบัณฑิตและ หลักสูตรบัญชีบัณฑิต),Admission,,0,20,453,20,72.3680,61.9768
มหาวิทยาลัยพะเยา,วิทยาเขตหลัก,10270103901001A,0,A0001,คณะนิติศาสตร์,หลักสูตรนิติศาสตรบัณฑิต,Admission,,0,80,765,80,70.6132,58.2616
มหาวิทยาลัยพะเยา,วิทยาเขตหลัก,10270103901002F,0,A0001,คณะนิติศาสตร์,การจัดการศึกษาหลักสูตรควบระดับปริญญาตีร2 ปริญญา (หลักสูตรนิติศาสตรบัณฑิตและ หลักสูตรศิลปศาสตรบัณฑิตสาขาวิชา ภาษาอังกฤษ),Admission,,0,30,171,30,64.9228,55.0964
มหาวิทยาลัยพะเยา,วิทยาเขตหลัก,10270104111701A,0,A0001,คณะพยาบาลศาสตร์,หลักสูตรพยาบาลศาสตรบัณฑิต,Admission,,0,35,1229,35,58.8900,51.0050
มหาวิทยาลัยพะเยา,วิทยาเขตหลัก,10270105111601A,0,A0001,คณะแพทยศาสตร์,หลักสูตรฉุกเฉินการแพทยบัณฑิต,Admission,,0,30,802,30,61.4100,51.8596
มหาวิทยาลัยพะเยา,วิทยาเขตหลัก,10270106111101A,0,A0001,คณะเภสัชศาสตร์,หลักสูตรวิทยาศาสตรบัณฑิตสาขาวิชา วิทยาศาสตร์เครื่องสำอาง,Admission,,0,100,888,100,55.8738,48.6096
มหาวิทยาลัยพะเยา,วิทยาเขตหลัก,10270106130301A,0,A0001,คณะเภสัชศาสตร์,หลักสูตรเภสัชศาสตรบัณฑิตสาขาวิชาการ บริบาลทางเภสัชกรรม,Admission,,0,35,2040,35,62.2400,57.2367
มหาวิทยาลัยพะเยา,วิทยาเขตหลัก,10270107610101A,0,A0001,คณะบริหารธุรกิจและนิเทศศาสตร์,หลักสูตรบริหารธุรกิจบัณฑิตสาขาวิชาการเงิน และการลงทุน,Admission,,0,30,329,30,94.4773,85.8111
มหาวิทยาลัยพะเยา,วิทยาเขตหลัก,10270107610201A,0,A0001,คณะบริหารธุรกิจและนิเทศศาสตร์,หลักสูตรบริหารธุรกิจบัณฑิตสาขาวิชาการ จัดการธุรกิจ,Admission,,0,30,283,30,81.0534,71.8536
มหาวิทยาลัยพะเยา,วิทยาเขตหลัก,10270107610501A,0,A0001,คณะบริหารธุรกิจและนิเทศศาสตร์,หลักสูตรบัญชีบัณฑิต,Admission,,0,30,442,31,86.1000,71.4500
มหาวิทยาลัยพะเยา,วิทยาเขตหลัก,10270107610601A,0,A0001,คณะบริหารธุรกิจและนิเทศศาสตร์,หลักสูตรบริหารธุรกิจบัณฑิตสาขาวิชา การตลาดดิจิทัล,Admission,,0,30,313,30,78.6160,69.3940
มหาวิทยาลัยพะเยา,วิทยาเขตหลัก,10270107611101A,0,A0001,คณะบริหารธุรกิจและนิเทศศาสตร์,หลักสูตรเศรษฐศาสตรบัณฑิต,Admission,,0,60,383,60,76.1914,61.9376
มหาวิทยาลัยพะเยา,วิทยาเขตหลัก,10270107620101A,0,A0001,คณะบริหารธุรกิจและนิเทศศาสตร์,หลักสูตรศิลปศาสตรบัณฑิตสาขาวิชาการ ท่องเที่ยวและการโรงแรม,Admission,,0,30,300,30,74.9520,64.3504
มหาวิทยาลัยพะเยา,วิทยาเขตหลัก,10270107900101A,0,A0001,คณะบริหารธุรกิจและนิเทศศาสตร์,หลักสูตรนิเทศศาสตรบัณฑิตสาขาวิชาการ จัดการการสื่อสาร,Admission,,0,60,332,60,79.2158,67.3378
มหาวิทยาลัยพะเยา,วิทยาเขตหลัก,10270107901101A,0,A0001,คณะบริหารธุรกิจและนิเทศศาสตร์,หลักสูตรนิเทศศาสตรบัณฑิตสาขาวิชาการ สื่อสารสื่อใหม่,Admission,,0,20,293,20,80.5011,74.4265
มหาวิทยาลัยพะเยา,วิทยาเขตหลัก,10270108112001A,0,A0001,คณะวิทยาศาสตร์,หลักสูตรวิทยาศาสตรบัณฑิตสาขาวิชา วิทยาศาสตร์การออกกำลังกายและการกีฬา,Admission,,0,30,555,30,71.9700,62.7965
มหาวิทยาลัยพะเยา,วิทยาเขตหลัก,10270108210301A,0,A0001,คณะวิทยาศาสตร์,หลักสูตรวิทยาศาสตรบัณฑิตสาขาวิชา คณิตศาสตร์,Admission,,0,30,160,30,52.2800,28.0640
มหาวิทยาลัยพะเยา,วิทยาเขตหลัก,10270108210401A,0,A0001,คณะวิทยาศาสตร์,หลักสูตรวิทยาศาสตรบัณฑิตสาขาวิชาเคมี,Admission,,0,30,501,30,78.4675,66.9455
มหาวิทยาลัยพะเยา,วิทยาเขตหลัก,10270108210701A,0,A0001,คณะวิทยาศาสตร์,หลักสูตรวิทยาศาสตรบัณฑิตสาขาวิชาชีววิทยา,Admission,,0,30,771,30,79.7410,69.0555
มหาวิทยาลัยพะเยา,วิทยาเขตหลัก,10270108210702F,0,A0001,คณะวิทยาศาสตร์,การจัดการศึกษาหลักสูตรระดับปริญญาตีรควบปริญญาโท (หลักสูตรวิทยาศาสตรบัณฑิตสาขาวิชาชีววิทยา และหลักสูตรวิทยาศาสตร มหาบัณฑิตสาขาวิชาชีววิทยา),Admission,,0,20,460,20,76.0310,69.2640
มหาวิทยาลัยพะเยา,วิทยาเขตหลัก,10270108212701A,0,A0001,คณะวิทยาศาสตร์,หลักสูตรวิทยาศาสตรบัณฑิตสาขาวิชาฟิสิกส์,Admission,,0,30,244,30,95.0000,78.0000
มหาวิทยาลัยพะเยา,วิทยาเขตหลัก,10270109111801A,0,A0001,คณะวิทยาศาสตร์การแพทย์,หลักสูตรวิทยาศาสตรบัณฑิตสาขาวิชา โภชนาการและการกำหนดอาหาร,Admission,,0,30,160,30,58.3844,50.7260
มหาวิทยาลัยพะเยา,วิทยาเขตหลัก,10270109210501A,0,A0001,คณะวิทยาศาสตร์การแพทย์,หลักสูตรวิทยาศาสตรบัณฑิตสาขาวิชาจุล ชีววิทยา,Admission,,0,30,253,30,63.9791,52.4188
มหาวิทยาลัยพะเยา,วิทยาเขตหลัก,10270109210601A,0,A0001,คณะวิทยาศาสตร์การแพทย์,หลักสูตรวิทยาศาสตรบัณฑิตสาขาวิชาชีวเคมี,Admission,,0,20,243,20,59.0196,53.9367
มหาวิทยาลัยพะเยา,วิทยาเขตหลัก,10270110300701A,0,A0001,คณะวิศวกรรมศาสตร์,หลักสูตรวิศวกรรมศาสตรบัณฑิตสาขาวิชา วิศวกรรมเครื่องกล,Admission,,0,30,470,33,99.0000,94.2500
มหาวิทยาลัยพะเยา,วิทยาเขตหลัก,10270110301601A,0,A0001,คณะวิศวกรรมศาสตร์,หลักสูตรวิศวกรรมศาสตรบัณฑิตสาขาวิชา วิศวกรรมไฟฟ้า,Admission,,0,20,348,20,100.0000,97.5000
มหาวิทยาลัยพะเยา,วิทยาเขตหลัก,10270110302101A,0,A0001,คณะวิศวกรรมศาสตร์,หลักสูตรวิศวกรรมศาสตรบัณฑิตสาขาวิชา วิศวกรรมโยธา,Admission,,0,10,226,10,79.4000,48.9257
มหาวิทยาลัยพะเยา,วิทยาเขตหลัก,10270110303501A,0,A0001,คณะวิศวกรรมศาสตร์,หลักสูตรวิศวกรรมศาสตรบัณฑิตสาขาวิชา วิศวกรรมอุตสาหการ,Admission,,0,30,410,30,98.2500,93.5000
มหาวิทยาลัยพะเยา,วิทยาเขตหลัก,10270111901801A,0,A0001,คณะศิลปศาสตร์,หลักสูตรศิลปศาสตรบัณฑิตสาขาวิชาภาษาจีน,Admission,,0,20,193,20,67.1896,54.9596
มหาวิทยาลัยพะเยา,วิทยาเขตหลัก,10270111901802F,0,A0001,คณะศิลปศาสตร์,การจัดการศึกษาหลักสูตรควบระดับปริญญาตีร2 ปริญญา (หลักสูตรศิลปศาสตรบัณฑิตสาขาวิชาภาษาจีน และหลักสูตรศิลปศาสตร บัณฑิตสาขาวิชาภาษาอังกฤษ),Admission,,0,10,133,10,65.0112,56.8076
มหาวิทยาลัยพะเยา,วิทยาเขตหลัก,10270111901901A,0,A0001,คณะศิลปศาสตร์,หลักสูตรศิลปศาสตรบัณฑิตสาขาวิชา ภาษาญี่ปุ่น,Admission,,0,30,167,30,68.0628,56.2956
มหาวิทยาลัยพะเยา,วิทยาเขตหลัก,10270111902001A,0,A0001,คณะศิลปศาสตร์,หลักสูตรศิลปศาสตรบัณฑิตสาขาวิชาภาษาไทย,Admission,,0,30,160,30,65.5588,54.4016
มหาวิทยาลัยพะเยา,วิทยาเขตหลัก,10270111902401A,0,A0001,คณะศิลปศาสตร์,หลักสูตรศิลปศาสตรบัณฑิตสาขาวิชาภาษา ฝรั่งเศส,Admission,,0,30,86,21,59.2872,14.5500
มหาวิทยาลัยพะเยา,วิทยาเขตหลัก,10270111902402F,0,A0001,คณะศิลปศาสตร์,การจัดการศึกษาหลักสูตรควบระดับปริญญาตีร2 ปริญญา (หลักสูตรศิลปศาสตรบัณฑิตสาขาวิชาภาษาฝรั่งเศส และหลักสูตรศิลปศา สตรบัณฑิตสาขาวิชาภาษาอังกฤษ),Admission,,0,30,96,25,63.4036,36.6172
มหาวิทยาลัยพะเยา,วิทยาเขตหลัก,10270111902501A,0,A0001,คณะศิลปศาสตร์,หลักสูตรศิลปศาสตรบัณฑิตสาขาวิชา ภาษาอังกฤษ,Admission,,0,20,256,20,71.3852,61.1008
มหาวิทยาลัยพะเยา,วิทยาเขตหลัก,10270112400501A,0,A0001,คณะสถาปัตยกรรมศาสตร์และ ศิลปกรรมศาสตร์,หลักสูตรสถาปัตยกรรมศาสตรบัณฑิตสาขาวิชาสถาปัตยกรรม,Admission,,0,10,118,10,62.3300,55.4256
มหาวิทยาลัยพะเยา,วิทยาเขตหลัก,10270112400701A,0,A0001,คณะสถาปัตยกรรมศาสตร์และ ศิลปกรรมศาสตร์,หลักสูตรสถาปัตยกรรมศาสตรบัณฑิตสาขาวิชาสถาปัตยกรรมภายใน,Admission,,0,10,72,10,58.5714,52.3746
มหาวิทยาลัยพะเยา,วิทยาเขตหลัก,10270112800101A,0,A0001,คณะสถาปัตยกรรมศาสตร์และ ศิลปกรรมศาสตร์,หลักสูตรศิลปกรรมศาสตรบัณฑิตสาขาวิชา ศิลปะและการออกแบบ,Admission,,0,30,110,30,61.2806,25.2794
มหาวิทยาลัยพะเยา,วิทยาเขตหลัก,10270112800201A,0,A0001,คณะสถาปัตยกรรมศาสตร์และ ศิลปกรรมศาสตร์,หลักสูตรศิลปกรรมศาสตรบัณฑิตสาขาวิชา ดนตีรและนาฏศิล์ป(แขนงดนตรีสากล),Admission,,0,20,27,9,67.5426,0.0000
มหาวิทยาลัยพะเยา,วิทยาเขตหลัก,10270112800401A,0,A0001,คณะสถาปัตยกรรมศาสตร์และ ศิลปกรรมศาสตร์,หลักสูตรศิลปกรรมศาสตรบัณฑิตสาขาวิชา ดนตีรและนาฏศิล์ป(แขนงนาฏศิลป์),Admission,,0,20,36,10,76.7430,38.2988
มหาวิทยาลัยพะเยา,วิทยาเขตหลัก,10270113110101A,0,A0001,คณะสหเวชศาสตร์,หลักสูตรกายภาพบำบัดบัณฑิต,Admission,,0,22,763,22,57.0784,54.2460
มหาวิทยาลัยพะเยา,วิทยาเขตหลัก,10270113111301A,0,A0001,คณะสหเวชศาสตร์,หลักสูตรวิทยาศาสตรบัณฑิตสาขาวิชาเทคนิค การแพทย์,Admission,,0,30,1880,30,57.2350,52.9650
มหาวิทยาลัยพะเยา,วิทยาเขตหลัก,10270114213101A,0,A0001,คณะพลังงานและสิ่งแวดล้อม,หลักสูตรวิทยาศาสตรบัณฑิตสาขาวิชาการจัด การพลังงานและสิ่งแวดล้อม,Admission,,0,40,192,41,67.1676,15.7500
มหาวิทยาลัยพะเยา,วิทยาเขตหลัก,10270114213102F,0,A0001,คณะพลังงานและสิ่งแวดล้อม,การจัดการศึกษาหลักสูตรระดับปริญญาตีรควบปริญญาโท (หลักสูตรวิทยาศาสตรบัณฑิตสาขาวิชาการจัดการพลังงานและสิ่งแวดล้อม และหลักสูตรวิศวกรรมศาสตรมหาบัณฑิตสาขาวิชาการจัดการและนวัตกรรมพลังงาน),Admission,,0,20,27,7,59.4288,39.0713
มหาวิทยาลัยพะเยา,วิทยาเขตหลัก,10270114213103F,0,A0001,คณะพลังงานและสิ่งแวดล้อม,การจัดการศึกษาหลักสูตรระดับปริญญาตีรควบปริญญาโท (หลักสูตรวิทยาศาสตรบัณฑิตสาขาวิชาการจัดการพลังงานและสิ่งแวดล้อม และ หลักสูตรวิทยาศาสตรมหาบัณฑิตสาขาวิชาเทคโนโลยีการจัดการสิ่งแวดล้อม และการเปลี่ยนแปลงสภาพภูมิอากาศ),Admission,,0,20,16,4,52.7479,31.4520
มหาวิทยาลัยพะเยา,วิทยาเขตหลัก,10270114302801A,0,A0001,คณะพลังงานและสิ่งแวดล้อม,หลักสูตรวิศวกรรมศาสตรบัณฑิตสาขาวิชา วิศวกรรมสิ่งแวดล้อม,Admission,,0,40,265,40,54.9848,45.2333
มหาวิทยาลัยพะเยา,วิทยาเขตหลัก,10270114302802F,0,A0001,คณะพลังงานและสิ่งแวดล้อม,การจัดการศึกษาหลักสูตรระดับปริญญาตีรควบปริญญาโท (หลักสูตรวิศวกรรมศาสตร บัณฑิตสาขาวิชาวิศวกรรมสิ่งแวดล้อม และ หลักสูตรวิศวกรรมศาสตรมหาบัณฑิตสาขาวิชาวิศวกรรมสิ่งแวดล้อม),Admission,,0,20,115,20,56.2168,33.2172
มหาวิทยาลัยพะเยา,วิทยาเขตหลัก,10270119120101A,0,A0001,คณะทันตแพทยศาสตร์,หลักสูตรทันตแพทยศาสตรบัณฑิต,Admission,,0,25,442,25,68.0094,63.9225
มหาวิทยาลัยพะเยา,วิทยาเขตหลัก,10270120112001F,0,A0001,วิทยาลัยการศึกษา,การจัดการศึกษาหลักสูตรควบระดับปริญญาตีร2 ปริญญา (หลักสูตรการศึกษาบัณฑิตสาขาวิชาการศึกษา และหลักสูตรวิทยาศาสตร บัณฑิตสาขาวิชาวิทยาศาสตร์การออกกำลัง กายและการกีฬา),Admission,,0,28,63,28,54.1844,43.1620
มหาวิทยาลัยพะเยา,วิทยาเขตหลัก,10270120210301F,0,A0001,วิทยาลัยการศึกษา,การจัดการศึกษาหลักสูตรควบระดับปริญญาตีร2 ปริญญา (หลักสูตรการศึกษาบัณฑิตสาขาวิชาการศึกษา และหลักสูตรวิทยาศาสตร บัณฑิตสาขาวิชาคณิตศาสตร์),Admission,,0,28,136,28,63.7952,56.0012
มหาวิทยาลัยพะเยา,วิทยาเขตหลัก,10270120210401F,0,A0001,วิทยาลัยการศึกษา,การจัดการศึกษาหลักสูตรควบระดับปริญญาตีร2 ปริญญา (หลักสูตรการศึกษาบัณฑิตสาขาวิชาการศึกษา และหลักสูตรวิทยาศาสตร บัณฑิตสาขาวิชาเคมี),Admission,,0,20,64,7,56.3100,46.7888
มหาวิทยาลัยพะเยา,วิทยาเขตหลัก,10270120210701F,0,A0001,วิทยาลัยการศึกษา,การจัดการศึกษาหลักสูตรควบระดับปริญญาตีร2 ปริญญา (หลักสูตรการศึกษาบัณฑิตสาขาวิชาการศึกษา และหลักสูตรวิทยาศาสตร บัณฑิตสาขาวิชาชีววิทยา),Admission,,0,19,88,19,69.6524,51.6136
มหาวิทยาลัยพะเยา,วิทยาเขตหลัก,10270120212701F,0,A0001,วิทยาลัยการศึกษา,การจัดการศึกษาหลักสูตรควบระดับปริญญาตีร2 ปริญญา (หลักสูตรการศึกษาบัณฑิตสาขาวิชาการศึกษา และหลักสูตรวิทยาศาสตร บัณฑิตสาขาวิชาฟิสิกส์),Admission,,0,24,50,15,67.5148,49.9600
มหาวิทยาลัยพะเยา,วิทยาเขตหลัก,10270120700201A,0,A0001,วิทยาลัยการศึกษา,หลักสูตรการศึกษาบัณฑิตสาขาวิชาการ ประถมศึกษา,Admission,,0,30,315,30,66.0052,57.3792
มหาวิทยาลัยพะเยา,วิทยาเขตหลัก,10270120800401F,0,A0001,วิทยาลัยการศึกษา,การจัดการศึกษาหลักสูตรควบระดับปริญญาตีร2 ปริญญา (หลักสูตรการศึกษาบัณฑิตสาขาวิชาการศึกษา และหลักสูตรศิลปกรรมศา สตรบัณฑิตสาขาวิชาดนตรีและนาฏศิลป์) แขนงนาฏศิลป์,Admission,,0,7,15,5,60.4956,46.4296
มหาวิทยาลัยพะเยา,วิทยาเขตหลัก,10270120901801F,0,A0001,วิทยาลัยการศึกษา,การจัดการศึกษาหลักสูตรควบระดับปริญญาตีร2 ปริญญา (หลักสูตรการศึกษาบัณฑิตสาขาวิชาการศึกษา และหลักสูตรศิลปศาสตร บัณฑิตสาขาวิชาภาษาจีน),Admission,,0,5,82,5,56.8216,54.8124
มหาวิทยาลัยพะเยา,วิทยาเขตหลัก,10270120902001F,0,A0001,วิทยาลัยการศึกษา,การจัดการศึกษาหลักสูตรควบระดับปริญญาตีร2 ปริญญา (หลักสูตรการศึกษาบัณฑิตสาขาวิชาการศึกษา และหลักสูตรศิลปศาสตร บัณฑิตสาขาวิชาภาษาไทย),Admission,,0,44,198,44,65.4368,52.5164
มหาวิทยาลัยพะเยา,วิทยาเขตหลัก,10270120902501F,0,A0001,วิทยาลัยการศึกษา,การจัดการศึกษาหลักสูตรควบระดับปริญญาตีร2 ปริญญา (หลักสูตรการศึกษาบัณฑิตสาขาวิชาการศึกษา และหลักสูตรศิลปศาสตร บัณฑิตสาขาวิชาภาษาอังกฤษ),Admission,,0,50,98,39,67.2452,44.4272
มหาวิทยาลัยพะเยา,วิทยาเขตหลัก,10270120903601F,0,A0001,วิทยาลัยการศึกษา,การจัดการศึกษาหลักสูตรควบระดับปริญญาตีร2 ปริญญา (หลักสูตรการศึกษาบัณฑิตสาขาวิชาการศึกษา และหลักสูตรศิลปศาสตร บัณฑิตสาขาวิชาพัฒนาสังคม),Admission,,0,27,62,27,58.3204,36.0508
มหาวิทยาลัยพะเยา,วิทยาเขตหลัก,10270121903101A,0,A0001,คณะรัฐศาสตร์และสังคมศาสตร์,หลักสูตรรัฐประศาสนศาสตรบัณฑิตสาขาวิชา การจัดการนวัตกรรมสาธารณะ,Admission,,0,20,313,20,58.5876,53.8808
มหาวิทยาลัยพะเยา,วิทยาเขตหลัก,10270121903201A,0,A0001,คณะรัฐศาสตร์และสังคมศาสตร์,หลักสูตรรัฐศาสตรบัณฑิต,Admission,,0,20,348,20,66.7884,57.0980
มหาวิทยาลัยพะเยา,วิทยาเขตหลัก,10270121903601A,0,A0001,คณะรัฐศาสตร์และสังคมศาสตร์,หลักสูตรศิลปศาสตรบัณฑิตสาขาวิชาพัฒนา สังคม,Admission,,0,60,386,60,61.6776,50.9680
มหาวิทยาลัยพะเยา,วิทยาเขตหลัก,10270122110501F,0,A0001,คณะสาธารณสุขศาสตร์,การจัดการศึกษาหลักสูตรควบระดับปริญญาตีร2 ปริญญา (หลักสูตรการแพทย์แผนจีนบัณฑิตและหลักสูตรศิลปศาสตรบัณฑิตสาขาวิชา ภาษาจีน),Admission,,0,30,394,30,66.2022,53.8345
มหาวิทยาลัยพะเยา,วิทยาเขตหลัก,10270122110801A,0,A0001,คณะสาธารณสุขศาสตร์,หลักสูตรการแพทย์แผนไทยประยุกต์บัณฑิต,Admission,,0,20,311,20,51.7402,45.6418
มหาวิทยาลัยพะเยา,วิทยาเขตหลัก,10270122112501A,0,A0001,คณะสาธารณสุขศาสตร์,หลักสูตรสาธารณสุขศาสตรบัณฑิตสาขาวิชา การส่งเสริมสุขภาพ,Admission,,0,30,210,30,32.5250,25.7750
มหาวิทยาลัยพะเยา,วิทยาเขตหลัก,10270122112502F,0,A0001,คณะสาธารณสุขศาสตร์,การจัดการศึกษาหลักสูตรควบระดับปริญญาตีร2 ปริญญา (หลักสูตรสาธารณสุขศาสตรบัณฑิตสาขาวิชาการส่งเสริมสุขภาพ และหลักสูตร เศรษฐศาสตรบัณฑิต),Admission,,0,15,128,15,27.7375,23.7250
มหาวิทยาลัยพะเยา,วิทยาเขตหลัก,10270122112701A,0,A0001,คณะสาธารณสุขศาสตร์,หลักสูตรวิทยาศาสตรบัณฑิตสาขาวิชาอนามัย สิ่งแวดล้อม,Admission,,0,30,257,30,29.5125,24.6750
มหาวิทยาลัยพะเยา,วิทยาเขตหลัก,10270122112702A,0,A0001,คณะสาธารณสุขศาสตร์,หลักสูตรวิทยาศาสตรบัณฑิตสาขาวิชาอาชีวอ นามัยและความปลอดภัย,Admission,,0,30,297,30,36.1875,29.4625
มหาวิทยาลัยพะเยา,วิทยาเขตหลัก,10270122112703A,0,A0001,คณะสาธารณสุขศาสตร์,หลักสูตรสาธารณสุขศาสตรบัณฑิตสาขาวิชา อนามัยชุมชน,Admission,,0,20,299,21,32.7125,28.6875
มหาวิทยาลัยพะเยา,วิทยาเขตหลัก,10270122112704F,0,A0001,คณะสาธารณสุขศาสตร์,การจัดการศึกษาหลักสูตรควบระดับปริญญาตีร2 ปริญญา (หลักสูตรวิทยาศาสตรบัณฑิตสาขาวิชาอนามัยสิ่งแวดล้อม และหลักสูตรนิติ ศาสตรบัณฑิต),Admission,,0,5,61,5,29.8250,26.7250
มหาวิทยาลัยพะเยา,วิทยาเขตหลัก,10270122112705F,0,A0001,คณะสาธารณสุขศาสตร์,การจัดการศึกษาหลักสูตรควบระดับปริญญาตีร2 ปริญญา (หลักสูตรวิทยาศาสตรบัณฑิตสาขาวิชาอนามัยสิ่งแวดล้อม และหลักสูตร เศรษฐศาสตรบัณฑิต),Admission,,0,15,62,15,27.0750,22.1625
มหาวิทยาลัยพะเยา,วิทยาเขตหลัก,10270122112707F,0,A0001,คณะสาธารณสุขศาสตร์,การจัดการศึกษาหลักสูตรควบระดับปริญญาตีร2 ปริญญา (หลักสูตรสาธารณสุขศาสตรบัณฑิตสาขาวิชาอนามัยชุมชน และหลักสูตรนิติ ศาสตรบัณฑิต),Admission,,0,10,90,10,30.2000,27.3875
มหาวิทยาลัยพะเยา,วิทยาเขตหลัก,10270122112708F,0,A0001,คณะสาธารณสุขศาสตร์,การจัดการศึกษาหลักสูตรควบระดับปริญญาตีร2 ปริญญา (หลักสูตรสาธารณสุขศาสตรบัณฑิตสาขาวิชาอนามัยชุมชน และหลักสูตร เศรษฐศาสตรบัณฑิต),Admission,,0,30,77,30,27.3125,22.6875
มหาวิทยาลัยพะเยา,วิทยาเขตหลัก,10270122302801F,0,A0001,คณะสาธารณสุขศาสตร์,การจัดการศึกษาหลักสูตรควบระดับปริญญาตีร2 ปริญญา (หลักสูตรวิทยาศาสตรบัณฑิตสาขาวิชาอาชีวอนามัยและความปลอดภัย และ หลักสูตรวิศวกรรมศาตรบัณฑิตสาขาวิชา วิศวกรรมสิ่งแวดล้อม),Admission,,0,5,83,5,33.2625,30.3625
มหาวิทยาลัยกาฬสินธุ์,วิทยาเขตหลัก,10280101112901A,0,0,คณะเทคโนโลยีการเกษตร,วท.บ. เทคนิคการสัตวแพทย์,,,0,20,73,20,100.0000,79.7500
มหาวิทยาลัยกาฬสินธุ์,วิทยาเขตหลัก,10280101211001A,0,0,คณะเทคโนโลยีการเกษตร,วท.บ. เทคโนโลยีอาหารและการประกอบอาหาร,,,0,7,10,1,64.0000,64.0000
มหาวิทยาลัยกาฬสินธุ์,วิทยาเขตหลัก,10280101211201A,0,0,คณะเทคโนโลยีการเกษตร,วท.บ. เทคโนโลยีชีวผลิตภัณฑ์,,,0,5,0,0,0.0000,0.0000
มหาวิทยาลัยกาฬสินธุ์,วิทยาเขตหลัก,10280101500201A,0,0,คณะเทคโนโลยีการเกษตร,วท.บ. เกษตรอัจฉริยะ,,,0,5,2,0,0.0000,0.0000
มหาวิทยาลัยกาฬสินธุ์,วิทยาเขตหลัก,10280101500601A,0,0,คณะเทคโนโลยีการเกษตร,วท.บ. การเพาะเลี้ยงและธุรกิจสัตว์น้ำ,,,0,5,7,0,0.0000,0.0000
มหาวิทยาลัยกาฬสินธุ์,วิทยาเขตหลัก,10280101501201A,0,0,คณะเทคโนโลยีการเกษตร,วท.บ. สัตวศาสตร์,,,0,10,28,4,92.5000,0.0000
มหาวิทยาลัยกาฬสินธุ์,วิทยาเขตหลัก,10280101501301A,0,0,คณะเทคโนโลยีการเกษตร,วท.บ. พืชศาสตร์,,,0,10,5,2,74.7500,68.7500
มหาวิทยาลัยกาฬสินธุ์,วิทยาเขตหลัก,10280102610201A,A,0,คณะบริหารศาสตร์,บธ.บ. การจัดการ,,การจัดการ,0,25,7,1,0.0000,0.0000
มหาวิทยาลัยกาฬสินธุ์,วิทยาเขตหลัก,10280102610201A,B,0,คณะบริหารศาสตร์,บธ.บ. การจัดการ,,การ จัดการโลิจสติกส์และ โซ่อุปทาน,0,20,26,6,92.5000,78.0000
มหาวิทยาลัยกาฬสินธุ์,วิทยาเขตหลัก,10280102610501A,0,0,คณะบริหารศาสตร์,บธ.บ. บัญชีบัณฑิต,,,0,12,47,10,95.7500,64.0000
มหาวิทยาลัยกาฬสินธุ์,วิทยาเขตหลัก,10280102610601A,0,0,คณะบริหารศาสตร์,บธ.บ. การจัดการการตลาด,,,0,25,10,1,84.2500,84.2500
มหาวิทยาลัยกาฬสินธุ์,วิทยาเขตหลัก,10280102610701A,0,0,คณะบริหารศาสตร์,บธ.บ. คอมพิวเตอร์ธุรกิจ,,,0,10,6,2,76.2500,75.7500
มหาวิทยาลัยกาฬสินธุ์,วิทยาเขตหลัก,10280102610801A,0,0,คณะบริหารศาสตร์,บธ.บ. การจัดการธุรกิจการค้าสมัยใหม่,,,0,5,3,0,0.0000,0.0000
มหาวิทยาลัยกาฬสินธุ์,วิทยาเขตหลัก,10280103112701A,0,0,คณะวิทยาศาสตร์และเทคโนโลียสุขภาพ,ส.บ. สาธารณสุขศาสตร์,,,0,20,127,20,99.0000,91.7500
มหาวิทยาลัยกาฬสินธุ์,วิทยาเขตหลัก,10280103210601A,0,0,คณะวิทยาศาสตร์และเทคโนโลียสุขภาพ,วท.บ. เคมีผลิตภัณฑ์และจุลชีวอุตสาหกรรม,,,0,20,9,1,79.0000,79.0000
มหาวิทยาลัยกาฬสินธุ์,วิทยาเขตหลัก,10280103213101A,0,0,คณะวิทยาศาสตร์และเทคโนโลียสุขภาพ,วท.บ. อนามัยสิ่งแวดล้อม,,,0,5,21,5,89.5000,81.2500
มหาวิทยาลัยกาฬสินธุ์,วิทยาเขตหลัก,10280103213101A,A,0,คณะวิทยาศาสตร์และเทคโนโลียสุขภาพ,วท.บ. วิทยาศาสตร์,,อนามัย สิ่งแวดล้อม,0,10,1,0,0.0000,0.0000
มหาวิทยาลัยกาฬสินธุ์,วิทยาเขตหลัก,10280103213101A,B,0,คณะวิทยาศาสตร์และเทคโนโลียสุขภาพ,วท.บ. วิทยาศาสตร์,,อาชีวอนา มัยและ ความ ปลอดภัย,0,10,40,10,93.7500,85.2500
มหาวิทยาลัยกาฬสินธุ์,วิทยาเขตหลัก,10280103220101A,A,0,คณะวิทยาศาสตร์และเทคโนโลียสุขภาพ,วท.บ. เทคโนโลยีสารสนเทศทางการแพทย์,,วิทยาการ ข้อมูลและ ปัญญาประดิ ษฐ์ทาง การแพทย์,0,10,8,1,59.5000,59.5000
มหาวิทยาลัยกาฬสินธุ์,วิทยาเขตหลัก,10280103220101A,B,0,คณะวิทยาศาสตร์และเทคโนโลียสุขภาพ,วท.บ. เทคโนโลยีสารสนเทศทางการแพทย์,,เทคโนโลียสารสนเทศ ทาง การแพทย์,0,10,10,6,90.2500,65.2500
มหาวิทยาลัยกาฬสินธุ์,วิทยาเขตหลัก,10280104300401A,0,0,คณะวิศวกรรมศาสตร์และเทคโนโลียอุตสาหกรรม,วศ.บ. วิศวกรรมเกษตรอัจฉริยะ,,,0,5,0,0,0.0000,0.0000
มหาวิทยาลัยกาฬสินธุ์,วิทยาเขตหลัก,10280104300501A,0,0,คณะวิศวกรรมศาสตร์และเทคโนโลียอุตสาหกรรม,วศ.บ. วิศวกรรมคอมพิวเตอร์,,,0,5,18,4,79.7500,55.0000
มหาวิทยาลัยกาฬสินธุ์,วิทยาเขตหลัก,10280104300701A,0,0,คณะวิศวกรรมศาสตร์และเทคโนโลียอุตสาหกรรม,วศ.บ. วิศวกรรมเครื่องกล,,,0,10,16,4,83.0000,62.7500
มหาวิทยาลัยกาฬสินธุ์,วิทยาเขตหลัก,10280104301901A,0,0,คณะวิศวกรรมศาสตร์และเทคโนโลียอุตสาหกรรม,วศ.บ. วิศวกรรมเมคคาทรอนิกส์,,,0,5,6,1,99.0000,99.0000
มหาวิทยาลัยกาฬสินธุ์,วิทยาเขตหลัก,10280104302401A,0,0,คณะวิศวกรรมศาสตร์และเทคโนโลียอุตสาหกรรม,วศ.บ. วิศวกรรมโลจิสติกส์,,,0,5,12,3,81.7500,76.5000
มหาวิทยาลัยกาฬสินธุ์,วิทยาเขตหลัก,10280104303501A,0,0,คณะวิศวกรรมศาสตร์และเทคโนโลียอุตสาหกรรม,วศ.บ. วิศวกรรมอุตสาหการ,,,0,5,6,2,85.7500,84.0000
มหาวิทยาลัยกาฬสินธุ์,วิทยาเขตหลัก,10280104400201A,A,0,คณะวิศวกรรมศาสตร์และเทคโนโลียอุตสาหกรรม,สถ.บ. นวัตกรรมการออกแบบ,,นวัตกรรม การออกแบบ (แผนปกิต4 ปี),0,15,1,1,64.7500,64.7500
มหาวิทยาลัยกาฬสินธุ์,วิทยาเขตหลัก,10280104400201A,B,0,คณะวิศวกรรมศาสตร์และเทคโนโลียอุตสาหกรรม,สถ.บ. นวัตกรรมการออกแบบ,,นวัตกรรม การออกแบบ (แผนแบบ บูรณาการ กับการ ทำงาน),0,15,1,0,0.0000,0.0000
มหาวิทยาลัยกาฬสินธุ์,วิทยาเขตหลัก,10280105620101A,0,0,คณะศิลปศาสตร์,ศศ.บ. การท่องเที่ยวและเรือสำราญ,,,0,5,26,5,89.7500,75.5000
มหาวิทยาลัยกาฬสินธุ์,วิทยาเขตหลัก,10280105901001A,A,0,คณะศิลปศาสตร์,น.บ. นิติศาสตรบัณฑิต,,นิติศาสตร บัณฑิต,0,5,31,2,84.0000,71.7500
มหาวิทยาลัยกาฬสินธุ์,วิทยาเขตหลัก,10280105901001A,B,0,คณะศิลปศาสตร์,น.บ. นิติศาสตรบัณฑิต,,นิติศาสตร บัณฑิต(ภาคพิเศษ),0,5,0,0,0.0000,0.0000
มหาวิทยาลัยกาฬสินธุ์,วิทยาเขตหลัก,10280105901101A,0,0,คณะศิลปศาสตร์,นศ.บ. สื่อดิจิทัลคอนเทนต์,,,0,5,31,3,86.0000,83.0000
มหาวิทยาลัยกาฬสินธุ์,วิทยาเขตหลัก,10280105901801A,0,0,คณะศิลปศาสตร์,ศศ.บ. ภาษาจีน,,,0,5,24,5,91.0000,79.2500
มหาวิทยาลัยกาฬสินธุ์,วิทยาเขตหลัก,10280105902501A,0,0,คณะศิลปศาสตร์,ศศ.บ. ภาษาอังกฤษเพื่อการสื่อสารธุรกิจ,,,0,10,18,2,78.2500,48.2500
มหาวิทยาลัยกาฬสินธุ์,วิทยาเขตหลัก,10280105903101A,A,0,คณะศิลปศาสตร์,รป.บ. รัฐประศาสนศาสตร์,,รัฐ ประศาสน ศาสตร์,0,5,10,1,94.7500,94.7500
มหาวิทยาลัยกาฬสินธุ์,วิทยาเขตหลัก,10280105903101A,B,0,คณะศิลปศาสตร์,รป.บ. รัฐประศาสนศาสตร์,,การ ปกครอง ท้องถิ่น,0,5,6,0,0.0000,0.0000
มหาวิทยาลัยกาฬสินธุ์,วิทยาเขตหลัก,10280105903101A,C,0,คณะศิลปศาสตร์,รป.บ. รัฐประศาสนศาสตร์,,การ บริหารงาน ตำรวจ,0,5,10,2,85.2500,72.0000
มหาวิทยาลัยกาฬสินธุ์,วิทยาเขตหลัก,10280105903101A,D,0,คณะศิลปศาสตร์,รป.บ. รัฐประศาสนศาสตร์,,การ ปกครอง ท้องถิ่น (ภาคพิเศษ),0,5,1,1,76.5000,76.5000
มหาวิทยาลัยกาฬสินธุ์,วิทยาเขตหลัก,10280105903101A,E,0,คณะศิลปศาสตร์,รป.บ. รัฐประศาสนศาสตร์,,รัฐ ประศาสน ศาสต์ร(ภาคพิเศษ),0,5,0,0,0.0000,0.0000
มหาวิทยาลัยกาฬสินธุ์,วิทยาเขตหลัก,10280105903201A,A,0,คณะศิลปศาสตร์,ร.บ. รัฐศาสตร์,,การเมือง การปกครอง,0,5,21,2,85.5000,80.0000
มหาวิทยาลัยกาฬสินธุ์,วิทยาเขตหลัก,10280105903201A,B,0,คณะศิลปศาสตร์,ร.บ. รัฐศาสตร์,,การ บริหารงาน เอกชนและ ผู้ประกอบกา ร,0,1,4,0,0.0000,0.0000
มหาวิทยาลัยกาฬสินธุ์,วิทยาเขตหลัก,10280105903201A,C,0,คณะศิลปศาสตร์,ร.บ. รัฐศาสตร์,,บริหารงาน ยุติธรรม,0,1,2,0,0.0000,0.0000
มหาวิทยาลัยกาฬสินธุ์,วิทยาเขตหลัก,10280105903201A,D,0,คณะศิลปศาสตร์,ร.บ. รัฐศาสตร์,,การเมือง การปกครอง (ภาคพิเศษ),0,5,1,0,0.0000,0.0000
มหาวิทยาลัยกาฬสินธุ์,วิทยาเขตหลัก,10280105904201A,A,0,คณะศิลปศาสตร์,ศศ.บ. พัฒนาสังคม,,ผู้ประกอบกา รผลิตภัณ์ฑุชมชนเชิง สร้างสรรค์,0,2,1,0,0.0000,0.0000
มหาวิทยาลัยกาฬสินธุ์,วิทยาเขตหลัก,10280105904201A,B,0,คณะศิลปศาสตร์,ศศ.บ. พัฒนาสังคม,,การ ประกอบการ สังคมและ ธุรกิจเพื่อ สังคม,0,2,3,0,0.0000,0.0000
มหาวิทยาลัยกาฬสินธุ์,วิทยาเขตหลัก,10280106703701A,A,0,คณะศึกษาศาสตร์และนวัตกรรม การศึกษา,ค.บ. นวัตกรรมการจัดการเรียนรู้,,การศึกษา ปฐมวัย,0,,0,0,0.0000,0.0000
มหาวิทยาลัยกาฬสินธุ์,วิทยาเขตหลัก,10280106703701A,C,0,คณะศึกษาศาสตร์และนวัตกรรม การศึกษา,ค.บ. นวัตกรรมการจัดการเรียนรู้,,คอมพิวเตอร์,0,20,17,5,87.0000,67.0000
มหาวิทยาลัยกาฬสินธุ์,วิทยาเขตหลัก,10280106703701A,E,0,คณะศึกษาศาสตร์และนวัตกรรม การศึกษา,ค.บ. นวัตกรรมการจัดการเรียนรู้,,วิทยาศาสต์รทั่วไป,0,10,54,9,95.5000,86.7500
มหาวิทยาลัยกาฬสินธุ์,วิทยาเขตหลัก,10280106703701A,F,0,คณะศึกษาศาสตร์และนวัตกรรม การศึกษา,ค.บ. นวัตกรรมการจัดการเรียนรู้,,ภาษาอังกฤษ,0,9,32,9,99.7500,91.5000
มหาวิทยาลัยกาฬสินธุ์,วิทยาเขตหลัก,10280106703701A,H,0,คณะศึกษาศาสตร์และนวัตกรรม การศึกษา,ค.บ. นวัตกรรมการจัดการเรียนรู้,,เกษตรศาสตร์,0,20,13,5,81.2500,67.5000
มหาวิทยาลัยกาฬสินธุ์,วิทยาเขตหลัก,10280106703701A,J,0,คณะศึกษาศาสตร์และนวัตกรรม การศึกษา,ค.บ. นวัตกรรมการจัดการเรียนรู้,,ชีววิทยา,0,15,37,10,89.5000,67.0000
มหาวิทยาลัยกาฬสินธุ์,วิทยาเขตหลัก,10280106703701A,K,0,คณะศึกษาศาสตร์และนวัตกรรม การศึกษา,ค.บ. นวัตกรรมการจัดการเรียนรู้,,เอกฟิสิกส์,0,27,11,2,86.7500,69.2500
กลุ่มสถาบันแพทยศาสตร์แห่ง ประเทศไทย,วิทยาเขตหลัก,50310101100101A,0,0,คณะแพทยศาสต์รมหาวิทยาลัยขอนแก่น,แพทยศาสตรบัณฑิต,,ภาษาไทย,0,21,509,21,73.0866,69.2422
กลุ่มสถาบันแพทยศาสตร์แห่ง ประเทศไทย,วิทยาเขตหลัก,50310102100101A,0,0,คณะแพทยศาสต์รจุฬาลงกร์ณมหาวิทยาลัย,แพทยศาสตรบัณฑิต,,ภาษาไทย,0,176,536,176,90.0503,76.8402
กลุ่มสถาบันแพทยศาสตร์แห่ง ประเทศไทย,วิทยาเขตหลัก,50310103100101A,0,0,คณะแพทยศาสต์รจุฬาลงกร์ณมหาวิทยาลัย – กรมแพทย์ทหาร อากาศ กองทัพอากาศ,แพทยศาสตรบัณฑิต,,ภาษาไทย,0,30,471,30,76.8814,72.8552
กลุ่มสถาบันแพทยศาสตร์แห่ง ประเทศไทย,วิทยาเขตหลัก,50310104100101A,0,0,คณะแพทยศาสต์รมหาวิทยาลัยเชียงใหม่,แพทยศาสตรบัณฑิต,,ภาษาไทย,0,41,591,41,82.3891,69.0044
กลุ่มสถาบันแพทยศาสตร์แห่ง ประเทศไทย,วิทยาเขตหลัก,50310105100101A,0,0,คณะแพทยศาสต์รมหาวิทยาลัยธรรมศาสตร์,แพทยศาสตรบัณฑิต,,ภาษาไทย,0,78,727,78,76.1943,70.5403
กลุ่มสถาบันแพทยศาสตร์แห่ง ประเทศไทย,วิทยาเขตหลัก,50310106100101A,0,0,คณะแพทยศาสต์รมหาวิทยาลัย นเรศวร,แพทยศาสตรบัณฑิต,,ภาษาไทย,0,35,767,35,67.9452,65.3809
กลุ่มสถาบันแพทยศาสตร์แห่ง ประเทศไทย,วิทยาเขตหลัก,50310107100101A,0,0,คณะแพทยศาสตร์โรงพยาบาล รามาธิบีดมหาวิทยาลัยมหิดล,แพทยศาสตรบัณฑิต,,ภาษาไทย,0,95,978,95,81.4921,73.2676
กลุ่มสถาบันแพทยศาสตร์แห่ง ประเทศไทย,วิทยาเขตหลัก,50310108100101A,0,0,คณะแพทยศาสตร์ศิริราชพยาบาล มหาวิทยาลัยมหิดล,แพทยศาสตรบัณฑิต,,ภาษาไทย,0,167,846,167,90.6363,74.2072
กลุ่มสถาบันแพทยศาสตร์แห่ง ประเทศไทย,วิทยาเขตหลัก,50310109100101A,0,0,วิทยาลัยแพทยศาสต์รมหาวิทยาลัย รังสิต (โรงพยาบาลราชวิถี) (สถาบัน เอกชน),แพทยศาสตรบัณฑิต,,ภาษาไทย,0,72,261,72,64.1747,59.1681
กลุ่มสถาบันแพทยศาสตร์แห่ง ประเทศไทย,วิทยาเขตหลัก,50310110100101A,0,0,วิทยาลัยแพทยศาสต์รมหาวิทยาลัย รังสิต (โรงพยาบาลเลิดสิน) (สถาบัน เอกชน),แพทยศาสตรบัณฑิต,,ภาษาไทย,0,28,210,28,61.1620,58.2122
กลุ่มสถาบันแพทยศาสตร์แห่ง ประเทศไทย,วิทยาเขตหลัก,50310111100101A,0,0,วิทยาลัยแพทยศาสต์รมหาวิทยาลัย รังสิต (โรงพยาบาลนพรัตนราชธานี) (สถาบันเอกชน),แพทยศาสตรบัณฑิต,,ภาษาไทย,0,18,217,18,60.6791,57.5979
กลุ่มสถาบันแพทยศาสตร์แห่ง ประเทศไทย,วิทยาเขตหลัก,50310112100101A,0,0,คณะแพทยศาสต์รมหาวิทยาลัยศรีนค รินทรวิโรฒ,แพทยศาสตรบัณฑิต,,ภาษาไทย,0,136,1039,136,69.9990,65.9593
กลุ่มสถาบันแพทยศาสตร์แห่ง ประเทศไทย,วิทยาเขตหลัก,50310113100101A,0,0,คณะแพทยศาสต์รมหาวิทยาลัยสงขลานครินทร์,แพทยศาสตรบัณฑิต,,ภาษาไทย,0,66,675,66,74.5679,66.1040
กลุ่มสถาบันแพทยศาสตร์แห่ง ประเทศไทย,วิทยาเขตหลัก,50310114100101A,0,0,คณะแพทยศาสตร์วชิรพยาบาล มหาวิทยาลัยนวมินทราธิราช,แพทยศาสตรบัณฑิต,,ภาษาไทย,0,59,658,59,72.7587,70.0769
กลุ่มสถาบันแพทยศาสตร์แห่ง ประเทศไทย,วิทยาเขตหลัก,50310115100101A,0,0,คณะแพทยศาสตร์วชิรพยาบาล มหาวิทยาลัยนวมินทราธิราช- โรงพยาบาลตากสิน สำนักการแพท์ยกรุงเทพมหานคร,แพทยศาสตรบัณฑิต,,ภาษาไทย,0,20,428,20,70.0632,69.5567
กลุ่มสถาบันแพทยศาสตร์แห่ง ประเทศไทย,วิทยาเขตหลัก,50310116100101A,0,0,วิทยาลัยแพทยศาสตร์พระมงกุฎ เกล้า** เพศชาย,แพทยศาสตรบัณฑิต,,ภาษาไทย,0,65,583,65,78.1783,65.0491
กลุ่มสถาบันแพทยศาสตร์แห่ง ประเทศไทย,วิทยาเขตหลัก,50310117100101A,0,0,วิทยาลัยแพทยศาสตร์พระมงกุฎ เกล้า** เพศหญิง,แพทยศาสตรบัณฑิต,,ภาษาไทย,0,45,560,45,72.1172,66.0027
กลุ่มสถาบันแพทยศาสตร์แห่ง ประเทศไทย,วิทยาเขตหลัก,50310118100101A,0,0,สำนักวิชาแพทยศาสต์รมหาวิทยาลัย เทคโนโลยีสุรนารี,แพทยศาสตรบัณฑิต,,ภาษาไทย,0,12,448,12,65.8272,64.9998
กลุ่มสถาบันแพทยศาสตร์แห่ง ประเทศไทย,วิทยาเขตหลัก,50310119100101A,0,0,คณะแพทยศาสตร์มหาวิทยาลัยบูรพา,แพทยศาสตรบัณฑิต,,ภาษาไทย,0,64,956,64,67.6804,64.3377
กลุ่มสถาบันแพทยศาสตร์แห่ง ประเทศไทย,วิทยาเขตหลัก,50310120100101A,0,0,สำนักวิชาแพทยศาสต์รมหาวิทยาลัย แม่ฟ้าหลวง,แพทยศาสตรบัณฑิต,,ภาษาไทย,0,16,537,16,65.5913,64.6251
กลุ่มสถาบันแพทยศาสตร์แห่ง ประเทศไทย,วิทยาเขตหลัก,50310121100101A,0,0,คณะแพทยศาสต์รมหาวิทยาลัยสยาม (สถาบันเอกชน),แพทยศาสตรบัณฑิต,,ภาษาไทย,0,20,101,20,58.8897,56.1182
กลุ่มสถาบันแพทยศาสตร์แห่ง ประเทศไทย,วิทยาเขตหลัก,50310122100101A,0,0,คณะแพทยศาสต์รมหาวิทยาลัยเวส เทิร์น (สถาบันเอกชน),แพทยศาสตรบัณฑิต,,ภาษาไทย,0,10,45,10,56.2725,53.2711
กลุ่มสถาบันแพทยศาสตร์แห่ง ประเทศไทย,วิทยาเขตหลัก,50310123100101A,0,0,คณะแพทยศาสตร์ศรีสวางควัฒน ราช วิทยาลัยจุฬาภรณ์,แพทยศาสตรบัณฑิต,,ภาษาไทย,0,14,330,14,70.9562,69.1464
กลุ่มสถาบันแพทยศาสตร์แห่ง ประเทศไทย,วิทยาเขตหลัก,50310124100101A,0,0,คณะแพทยศาสต์รมหาวิทยาลัยเกษตรศาสตร์,แพทยศาสตรบัณฑิต,,ภาษาไทย,0,28,773,28,72.3690,67.6109
กลุ่มสถาบันแพทยศาสตร์แห่ง ประเทศไทย,วิทยาเขตหลัก,50310125120101A,0,0,คณะทันตแพทยศาสต์รจุฬาลงกร์ณมหาวิทยาลัย,ทันตแพทยศาสตรบัณฑิต,,ภาษาไทย,0,53,424,53,86.1277,73.3253
กลุ่มสถาบันแพทยศาสตร์แห่ง ประเทศไทย,วิทยาเขตหลัก,50310126120101A,0,0,คณะทันตแพทยศาสต์รมหาวิทยาลัยมหิดล,ทันตแพทยศาสตรบัณฑิต,,ภาษาไทย,0,80,692,80,82.1991,70.6838
กลุ่มสถาบันแพทยศาสตร์แห่ง ประเทศไทย,วิทยาเขตหลัก,50310127120101A,0,0,คณะทันตแพทยศาสต์รมหาวิทยาลัยเชียงใหม่,ทันตแพทยศาสตรบัณฑิต,,ภาษาไทย,0,15,435,15,71.1109,67.9539
กลุ่มสถาบันแพทยศาสตร์แห่ง ประเทศไทย,วิทยาเขตหลัก,50310128120101A,0,0,คณะทันตแพทยศาสต์รมหาวิทยาลัยสงขลานครินทร์,ทันตแพทยศาสตรบัณฑิต,,ภาษาไทย,0,21,543,21,70.3233,65.9019
กลุ่มสถาบันแพทยศาสตร์แห่ง ประเทศไทย,วิทยาเขตหลัก,50310129120101A,0,0,คณะทันตแพทยศาสต์รมหาวิทยาลัย ศรีนครินทรวิโรฒ,ทันตแพทยศาสตรบัณฑิต,,ภาษาไทย,0,35,550,35,70.6403,68.4386
กลุ่มสถาบันแพทยศาสตร์แห่ง ประเทศไทย,วิทยาเขตหลัก,50310130120101A,0,0,คณะทันตแพทยศาสต์รมหาวิทยาลัยขอนแก่น,ทันตแพทยศาสตรบัณฑิต,,ภาษาไทย,0,10,471,10,70.5316,67.7069
กลุ่มสถาบันแพทยศาสตร์แห่ง ประเทศไทย,วิทยาเขตหลัก,50310131120101A,0,0,คณะทันตแพทยศาสต์รมหาวิทยาลัยธรรมศาสตร์,ทันตแพทยศาสตรบัณฑิต,,ภาษาไทย,0,30,442,30,71.9889,69.3856
กลุ่มสถาบันแพทยศาสตร์แห่ง ประเทศไทย,วิทยาเขตหลัก,50310132120101A,0,0,คณะทันตแพทยศาสต์รมหาวิทยาลัย นเรศวร,ทันตแพทยศาสตรบัณฑิต,,ภาษาไทย,0,53,891,53,67.7049,64.5366
กลุ่มสถาบันแพทยศาสตร์แห่ง ประเทศไทย,วิทยาเขตหลัก,50310133120101A,0,0,สำนักวิชาทันตแพทยศาสต์รมหาวิทยาลัยเทคโนโลยีสุรนารี,ทันตแพทยศาสตรบัณฑิต,,ภาษาไทย,0,26,483,26,65.3560,62.8844
กลุ่มสถาบันแพทยศาสตร์แห่ง ประเทศไทย,วิทยาเขตหลัก,50310134120101A,0,0,คณะทันตแพทยศาสต์รมหาวิทยาลัยเวสเทิร์น (สถาบันเอกชน),ทันตแพทยศาสตรบัณฑิต,,ภาษาไทย,0,20,15,8,50.5602,42.7772
กลุ่มสถาบันแพทยศาสตร์แห่ง ประเทศไทย,วิทยาเขตหลัก,50310135120101A,0,0,วิทยาลัยทันตแพทยศาสต์รมหาวิทยาลัยรังสิต (สถาบันเอกชน),ทันตแพทยศาสตรบัณฑิต,,ภาษาไทย,0,60,198,60,60.5588,52.8744
กลุ่มสถาบันแพทยศาสตร์แห่ง ประเทศไทย,วิทยาเขตหลัก,50310136140101A,0,0,คณะสัตวแพทยศาสต์รจุฬาลงกร์ณมหาวิทยาลัย,สัตวแพทยศาสตรบัณฑิต,,ภาษาไทย,0,110,720,110,74.2904,61.5523
กลุ่มสถาบันแพทยศาสตร์แห่ง ประเทศไทย,วิทยาเขตหลัก,50310137140101A,0,0,คณะสัตวแพทยศาสต์รมหาวิทยาลัยเกษตรศาสตร์,สัตวแพทยศาสตรบัณฑิต,,ภาษาไทย,0,34,491,34,70.2824,60.6862
กลุ่มสถาบันแพทยศาสตร์แห่ง ประเทศไทย,วิทยาเขตหลัก,50310138140101A,0,0,คณะสัตวแพทยศาสต์รมหาวิทยาลัยขอนแก่น,สัตวแพทยศาสตรบัณฑิต,,ภาษาไทย,0,35,378,35,60.9967,58.0535
กลุ่มสถาบันแพทยศาสตร์แห่ง ประเทศไทย,วิทยาเขตหลัก,50310139140101A,0,0,คณะสัตวแพทยศาสต์รมหาวิทยาลัยเชียงใหม่,สัตวแพทยศาสตรบัณฑิต,,ภาษาไทย,0,45,341,45,66.4717,58.1340
กลุ่มสถาบันแพทยศาสตร์แห่ง ประเทศไทย,วิทยาเขตหลัก,50310140140101A,0,0,คณะสัตวแพทยศาสต์รมหาวิทยาลัยมหิดล,สัตวแพทยศาสตรบัณฑิต,,ภาษาไทย,0,65,691,65,71.0064,59.7795
กลุ่มสถาบันแพทยศาสตร์แห่ง ประเทศไทย,วิทยาเขตหลัก,50310141140101A,0,0,คณะสัตวแพทยศาสต์รมหาวิทยาลัย มหาสารคาม,สัตวแพทยศาสตรบัณฑิต,,ภาษาไทย,0,25,225,25,58.3615,56.1749
กลุ่มสถาบันแพทยศาสตร์แห่ง ประเทศไทย,วิทยาเขตหลัก,50310142140101A,0,0,คณะสัตวแพทยศาสต์รมหาวิทยาลัย เทคโนโลยีราชมงคลตะวันออก,สัตวแพทยศาสตรบัณฑิต,,ภาษาไทย,0,15,181,15,57.9919,55.6873
กลุ่มสถาบันแพทยศาสตร์แห่ง ประเทศไทย,วิทยาเขตหลัก,50310143140101A,0,0,คณะสัตวแพทยศาสต์รมหาวิทยาลัย เทคโนโลยีราชมงคลศรีวิชัย,สัตวแพทยศาสตรบัณฑิต,,ภาษาไทย,0,10,141,10,56.8378,54.4568
กลุ่มสถาบันแพทยศาสตร์แห่ง ประเทศไทย,วิทยาเขตหลัก,50310144140101A,0,0,คณะสัตวแพทยศาสต์รมหาวิทยาลัยสงขลานครินทร์,สัตวแพทยศาสตรบัณฑิต,,ภาษาไทย,0,22,247,22,61.7058,57.4442
กลุ่มสถาบันแพทยศาสตร์แห่ง ประเทศไทย,วิทยาเขตหลัก,50310145140101A,0,0,คณะสัตวแพทยศาสต์รมหาวิทยาลัยเวสเทิร์น,สัตวแพทยศาสตรบัณฑิต,,ภาษาไทย,0,10,10,3,50.8112,43.5405
กลุ่มสถาบันแพทยศาสตร์แห่ง ประเทศไทย,วิทยาเขตหลัก,50310146130301A,0,0,คณะเภสัชศาสต์รจุฬาลงกร์ณมหาวิทยาลัย (สาขาวิชาการบริบาล ทางเภสัชกรรม),เภสัชศาสตรบัณฑิต(ภ.บ.),,ภาษาไทย,0,81,737,81,72.6658,63.5801
กลุ่มสถาบันแพทยศาสตร์แห่ง ประเทศไทย,วิทยาเขตหลัก,50310147130201A,0,0,คณะเภสัชศาสต์รจุฬาลงกร์ณมหาวิทยาลัย (สาขาวิชาเภสัชกรรมอุต สาหการ),เภสัชศาสตรบัณฑิต(ภ.บ.),,ภาษาไทย,0,76,856,76,72.4772,63.3013
กลุ่มสถาบันแพทยศาสตร์แห่ง ประเทศไทย,วิทยาเขตหลัก,50310148130101A,0,0,คณะเภสัชศาสต์รมหาวิทยาลัยมหิดล,เภสัชศาสตรบัณฑิต(ภ.บ.),,ภาษาไทย,0,115,1296,115,67.4182,62.2806
กลุ่มสถาบันแพทยศาสตร์แห่ง ประเทศไทย,วิทยาเขตหลัก,50310149130101A,0,0,คณะเภสัชศาสต์รมหาวิทยาลัยเชียงใหม่,เภสัชศาสตรบัณฑิต(ภ.บ.),,ภาษาไทย,0,95,1077,95,64.0930,60.3171
กลุ่มสถาบันแพทยศาสตร์แห่ง ประเทศไทย,วิทยาเขตหลัก,50310150130301A,0,0,คณะเภสัชศาสต์รมหาวิทยาลัย มหาสารคาม (สาขาวิชาการบริบาล ทางเภสัชกรรม),เภสัชศาสตรบัณฑิต(ภ.บ.),,ภาษาไทย,0,50,476,50,59.8791,56.6556
กลุ่มสถาบันแพทยศาสตร์แห่ง ประเทศไทย,วิทยาเขตหลัก,50310151130101A,0,0,คณะเภสัชศาสต์รมหาวิทยาลัยบูรพา,เภสัชศาสตรบัณฑิต(ภ.บ.),,ภาษาไทย,0,60,834,60,61.5932,56.9465
กลุ่มสถาบันแพทยศาสตร์แห่ง ประเทศไทย,วิทยาเขตหลัก,50310152130101A,0,0,คณะเภสัชศาสต์รมหาวิทยาลัยหัว เฉียวเฉลิมพระเกียริต(สถาบันเอกชน),เภสัชศาสตรบัณฑิต(ภ.บ.),,ภาษาไทย,0,35,186,35,56.7323,52.8924
กลุ่มสถาบันแพทยศาสตร์แห่ง ประเทศไทย,วิทยาเขตหลัก,50310153130301A,0,0,คณะเภสัชศาสต์รมหาวิทยาลัยพายัพ (สถาบันเอกชน) (สาขาวิชาการ บริบาลทางเภสัชกรรม),เภสัชศาสตรบัณฑิต(ภ.บ.),,ภาษาไทย,0,10,80,10,55.0931,52.5583
กลุ่มสถาบันแพทยศาสตร์แห่ง ประเทศไทย,วิทยาเขตหลัก,50310154130301A,0,0,คณะเภสัชศาสต์รมหาวิทยาลัย อุบลราชธานี (สาขาวิชาการบริบาล ทางเภสัชกรรม),เภสัชศาสตรบัณฑิต(ภ.บ.),,ภาษาไทย,0,10,278,10,59.9482,58.5484
กลุ่มสถาบันแพทยศาสตร์แห่ง ประเทศไทย,วิทยาเขตหลัก,50310155130201A,0,0,คณะเภสัชศาสต์รมหาวิทยาลัย อุบลราชธานี (สาขาวิชาเภสัชกรรมอุต สาหการ),เภสัชศาสตรบัณฑิต(ภ.บ.),,ภาษาไทย,0,10,263,10,59.1444,56.8079
กลุ่มสถาบันแพทยศาสตร์แห่ง ประเทศไทย,วิทยาเขตหลัก,50310156130101A,0,0,คณะเภสัชศาสต์รมหาวิทยาลัยเวส เทิร์น (สถาบันเอกชน),เภสัชศาสตรบัณฑิต(ภ.บ.),,ภาษาไทย,0,20,26,12,51.7316,44.8476
ราชวิทยาลัยจุฬาภรณ์,วิทยาเขตหลัก,10320101220302H,0,0,คณะแพทยศาสตร์ศรีสวางควัฒน,วิทยาศาสตรบัณฑิตสาขาวิชาวิทยาศาสต์รข้อมูลสุขภาพ,,,0,21,375,21,47.7343,36.3433
ราชวิทยาลัยจุฬาภรณ์,วิทยาเขตหลัก,10320102111701A,0,C0241,คณะพยาบาลศาสตร์อัครราชกุมารี,พยาบาลศาสตรบัณฑิต,โครงการศรัทธาจุฬา ภร์ณ(Admission),,0,28,52,28,45.3206,36.3259
ราชวิทยาลัยจุฬาภรณ์,วิทยาเขตหลัก,10320102111703E,0,C0281,คณะพยาบาลศาสตร์อัครราชกุมารี,พยาบาลศาสตรบัณฑิต(นานาชาติ),การรับแบบ Admission,,0,40,6,4,67.3694,50.3978
ราชวิทยาลัยจุฬาภรณ์,วิทยาเขตหลัก,10320102111703E,0,C0282,คณะพยาบาลศาสตร์อัครราชกุมารี,พยาบาลศาสตรบัณฑิต(นานาชาติ),การรับแบบ Admission,,0,9,0,0,0.0000,0.0000
ราชวิทยาลัยจุฬาภรณ์,วิทยาเขตหลัก,10320103111603A,0,C0341,คณะเทคโนโลยีวิทยาศาสตร์สุขภาพ,วิทยาศาสตรบัณฑิตสาขาวิชาฉุกเฉินการแพทย์,โครงการศรัทธาจุฬา ภรณ์,,0,14,82,14,60.6100,49.9700
ราชวิทยาลัยจุฬาภรณ์,วิทยาเขตหลัก,10320103111901A,0,C0341,คณะเทคโนโลยีวิทยาศาสตร์สุขภาพ,วิทยาศาสตรบัณฑิตสาขาวิชารังสีเทคนิค,โครงการศรัทธาจุฬา ภรณ์,,0,21,342,21,55.7262,51.4988
ราชวิทยาลัยจุฬาภรณ์,วิทยาเขตหลัก,10320103112002A,0,C0341,คณะเทคโนโลยีวิทยาศาสตร์สุขภาพ,วิทยาศาสตรบัณฑิตสาขาวิชาวิทยาศาสตร์การ เคลื่อนไหวและสุขภาพ,โครงการศรัทธาจุฬา ภรณ์,,0,13,33,13,50.7339,41.2334
ราชวิทยาลัยจุฬาภรณ์,วิทยาเขตหลัก,10320104112101A,0,C0441,คณะวิทยาศาสตร์,วิทยาศาสตรบัณฑิตสาขาวิชานวัตกรรม วิทยาศาสตร์การแพทย์,โครงการศรัทธาจุฬา ภรณ์,,0,20,180,20,57.9711,42.1482
ราชวิทยาลัยจุฬาภรณ์,วิทยาเขตหลัก,10320104211002A,0,C0441,คณะวิทยาศาสตร์,วิทยาศาสตรบัณฑิตสาขาวิชาเทคโนโลียอาหารทางการแพทย์และสุขภาพ,โครงการศรัทธาจุฬา ภรณ์,,0,24,65,24,47.5588,32.3954
ราชวิทยาลัยจุฬาภรณ์,วิทยาเขตหลัก,10320104300903A,0,C0441,คณะวิทยาศาสตร์,วิศวกรรมศาสตรบัณฑิตสาขาวิชาวิศวกรรมชีว การแพทย์,โครงการศรัทธาจุฬา ภรณ์,,0,20,49,20,57.9407,40.7198
มหาวิทยาลัยรามคำแหง,วิทยาเขตหลัก หัวหมาก,10340101300007A,0,0,คณะวิศวกรรมศาสตร์,หลักสูตรวิศวกรรมศาสตรบัณฑิตสาขาวิชา วิศวกรรมความปลอดภัยอาชีวอนามัยและ สิ่งแวดล้อม (วศ.บ. (วิศวกรรมความปลอดภัย อาชีวอนามัยและสิ่งแวดล้อม)),หลักสูตรวิศวกรรม ศาสตรบัณฑิตสาขาวิชาวิศวกรรม ความปลอดภัยอาชี วอนามัยและ สิ่งแวดล้อม (วศ.บ. (วิศวกรรมความ ปลอดภัยอาชีวอนา มัยและสิ่งแวดล้อม)),,0,50,150,48,98.0000,46.0000
มหาวิทยาลัยรามคำแหง,วิทยาเขตหลัก หัวหมาก,10340101300501A,0,0,คณะวิศวกรรมศาสตร์,หลักสูตรวิศวกรรมศาสตรบัณฑิตสาขาวิชา วิศวกรรมคอมพิวเตอ์ร(วศ.บ. (วิศวกรรม คอมพิวเตอร)์),หลักสูตรวิศวกรรม ศาสตรบัณฑิตสาขาวิชาวิศวกรรม คอมพิวเตอ์ร(วศ.บ. (วิศวกรรม คอมพิวเตอร)์),,0,80,375,81,99.7500,72.2500
มหาวิทยาลัยรามคำแหง,วิทยาเขตหลัก,10340101300506D,0,0,คณะวิศวกรรมศาสคร์,หลักสูตรวิศวกรรมศาสตรบัณฑิตสาขาวิชา วิศวกรรมคอมพิวเตอ์ร(วศ.บ. (วิศวกรรม คอมพิวเตอร)์) (ภาคภาษาอังกฤษ),หลักสูตรวิศวกรรม ศาสตรบัณฑิตสาขาวิชาวิศวกรรม คอมพิวเตอ์ร(วศ.บ. (วิศวกรรม คอมพิวเตอร)์) (ภาค ภาษาอังกฤษ),,0,80,38,11,92.2500,27.0000
มหาวิทยาลัยรามคำแหง,วิทยาเขตหลัก หัวหมาก,10340101302103A,0,0,คณะวิศวกรรมศาสตร์,หลักสูตรวิศวกรรมศาสตรบัณฑิตสาขาวิชา วิศวกรรมโยธา (วศ.บ. (วิศวกรรมโยธา)),หลักสูตรวิศวกรรม ศาสตรบัณฑิตสาขาวิชาวิศวกรรม โยธา (วศ.บ. (วิศวกรรมโยธา)),,0,80,264,77,99.5000,0.0000
มหาวิทยาลัยรามคำแหง,วิทยาเขตหลัก หัวหมาก,10340101303505A,0,0,คณะวิศวกรรมศาสตร์,หลักสูตรวิศวกรรมศาสตรบัณฑิตสาขาวิชา วิศวกรรมอุตสาหการ (วศ.บ. (วิศวกรรมอุตสา หการ)),หลักสูตรวิศวกรรม ศาสตรบัณฑิตสาขาวิชาวิศวกรรม อุตสาหการ (วศ.บ. (วิศวกรรมอุตสา หการ)),,0,80,104,16,96.5000,42.5000
มหาวิทยาลัยรามคำแหง,วิทยาเขตหลัก,10340102113001A,0,0,คณะทัศนมาตรศาสตร์,ทัศนมาตรศาสตรบัณฑิต,หลักสูตร ทัศนมาตรศาสตร บัณฑิต,,0,35,284,35,58.1382,49.9299
มหาวิทยาลัยรามคำแหง,วิทยาเขตหลัก หัวหมาก,10340103110701B,0,0,คณะวิทยาศาสตร์,หลักสูตรการแพทย์แผนไทยบัณฑิต,หลักสูตรการแพท์ยแผนไทยบัณฑิต,,0,50,338,50,94.0330,84.1440
มหาวิทยาลัยรามคำแหง,วิทยาเขตหลัก หัวหมาก,10340103111101A,0,0,คณะวิทยาศาสตร์,หลักสูตรวิทยาศาสตรบัณฑิตสาขาวิชาเคีมเครื่องสำอางและผลิตภัณฑ์ธรรมชาติ,หลักสูตรวิทยา ศาสตรบัณฑิตสาขาวิชาเคีมเครื่องสำอางและ ผลิตภัณฑ์ธรรมชาติ,,0,180,580,163,99.5000,0.0000
มหาวิทยาลัยรามคำแหง,วิทยาเขตหลัก หัวหมาก,10340103111901B,0,0,คณะวิทยาศาสตร์,หลักสูตรวิทยาศาสตรบัณฑิตสาขาวิชารังีสเทคนิค,หลักสูตรวิทยา ศาสตรบัณฑิตสาขาวิชารังสีเทคนิค,,0,40,837,40,53.6551,45.4941
มหาวิทยาลัยรามคำแหง,วิทยาเขตหลัก หัวหมาก,10340103210301A,0,0,คณะวิทยาศาสตร์,หลักสูตรวิทยาศาสตรบัณฑิตสาขาคณิตศาสตร์,หลักสูตรวิทยา ศาสตรบัณฑิตสาขา คณิตศาสตร์,,0,50,41,8,89.7500,66.2500
มหาวิทยาลัยรามคำแหง,วิทยาเขตหลัก หัวหมาก,10340103210401A,0,0,คณะวิทยาศาสตร์,หลักสูตรวิทยาศาสตรบัณฑิตสาขาวิชาเคมี,หลักสูตรวิทยา ศาสตรบัณฑิตสาขาวิชาเคมี,,0,50,53,11,84.1650,55.0545
มหาวิทยาลัยรามคำแหง,วิทยาเขตหลัก หัวหมาก,10340103210701A,0,0,คณะวิทยาศาสตร์,หลักสูตรวิทยาศาสตรบัณฑิตสาขาวิชาชีววิทยา,หลักสูตรวิทยา ศาสตรบัณฑิตสาขาวิชาชีววิทยา,,0,50,144,32,89.4053,57.9401
มหาวิทยาลัยรามคำแหง,วิทยาเขตหลัก หัวหมาก,10340103211001A,0,0,คณะวิทยาศาสตร์,หลักสูตรวิทยาศาสตรบัณฑิตสาขาวิชา เทคโนโลยีอาหาร,หลักสูตรวิทยา ศาสตรบัณฑิตสาขาวิชาเทคโนโลียอาหาร,,0,50,94,16,91.1835,0.0000
มหาวิทยาลัยรามคำแหง,วิทยาเขตหลัก หัวหมาก,10340103211201A,0,0,คณะวิทยาศาสตร์,หลักสูตรวิทยาศาสตรบัณฑิตสาขาวิชา เทคโนโลยีชีวภาพ,หลักสูตรวิทยา ศาสตรบัณฑิตสาขาวิชา เทคโนโลยีชีวภาพ,,0,30,35,8,80.2125,69.8618
มหาวิทยาลัยรามคำแหง,วิทยาเขตหลัก หัวหมาก,10340103212001A,0,0,คณะวิทยาศาสตร์,หลักสูตรวิทยาศาสตรบัณฑิตสาขาวิชา เทคโนโลยีอิเล็กทรอนิกส์,หลักสูตรวิทยา ศาสตรบัณฑิตสาขาวิชาเทคโนโลียอิเล็กทรอนิกส์,,0,50,25,7,89.9575,72.3370
มหาวิทยาลัยรามคำแหง,วิทยาเขตหลัก หัวหมาก,10340103212701A,0,0,คณะวิทยาศาสตร์,หลักสูตรวิทยาศาสตรบัณฑิตสาขาวิชาฟิสิกส์,หลักสูตรวิทยา ศาสตรบัณฑิตสาขาวิชาฟิสิกส์,,0,50,26,2,91.9663,53.9918
มหาวิทยาลัยรามคำแหง,วิทยาเขตหลัก หัวหมาก,10340103212801A,0,0,คณะวิทยาศาสตร์,หลักสูตรวิทยาศาสตรบัณฑิตสาขาวิชา เทคโนโลยีวัสดุ,หลักสูตรวิทยา ศาสตรบัณฑิตสาขาวิชาเทคโนโลียวัสดุ,,0,40,15,2,85.9176,59.9159
มหาวิทยาลัยรามคำแหง,วิทยาเขตหลัก หัวหมาก,10340103213101A,0,0,คณะวิทยาศาสตร์,หลักสูตรวิทยาศาสตรบัณฑิตสาขาวิชา วิทยาศาสตร์สิ่งแวดล้อม,หลักสูตรวิทยา ศาสตรบัณฑิตสาขาวิชา วิทยาศาสต์รสิ่งแวดล้อม,,0,60,49,10,88.5753,61.8008
มหาวิทยาลัยรามคำแหง,วิทยาเขตหลัก หัวหมาก,10340103220301A,0,0,คณะวิทยาศาสตร์,หลักสูตรวิทยาศาสตรบัณฑิตสาขาวิชา สถิติศาสตร์และวิทยาการจัดการข้อมูล,หลักสูตรวิทยา ศาสตรบัณฑิตสาขาวิชา สถิติศาสตร์และ วิทยาการจัดการ ข้อมูล,,0,55,26,5,96.2500,0.0000
มหาวิทยาลัยรามคำแหง,วิทยาเขตหลัก หัวหมาก,10340103500401A,0,0,คณะวิทยาศาสตร์,หลักสูตรวิทยาศาสตรบัณฑิตสาขาวิชา เทคโนโลยีการเกษตร,หลักสูตรวิทยา ศาสตรบัณฑิตสาขาวิชา เทคโนโลยีการเกษตร,,0,50,18,2,67.1241,57.5370
มหาวิทยาลัยรามคำแหง,วิทยาเขตหลัก,10340104112701A,A,0,คณะสาธารณสุขศาสตร์,หลักสูตรสาธารณสุขศาสตรบัณฑิต,หลักสูตร สาธารณสุขศาสตร บัณฑิต(สาธารณสุข ชุมชน),สาธารณสุข ชุมชน,0,30,29,5,52.0400,39.9950
มหาวิทยาลัยรามคำแหง,วิทยาเขตหลัก,10340105901601A,A,0,คณะสื่อสารมวลชน,หลักสูตรศิลปศาสตรบัณฑิตสาขาวิชา ภาพยนตร์ดิจิทัลและสื่อสร้างสรรค์,หลักสูตรศิลปศาสตร บัณฑิตสาขาวิชา ภาพยนตร์ดิจิทัล และสื่อสร้างสรรค์,ภาษาไทย,0,70,345,70,70.4102,56.5495
มหาวิทยาลัยรามคำแหง,วิทยาเขตหลัก,10340106800201A,0,0,คณะศิลปกรรมศาสตร์,หลักสูตรศิลปกรรมศาสตรบัณฑิตสาขาวิชา ดนตรีสากล,หลักสูตร ศิลปกรรมศาสตร บัณฑิตสาขาวิชา ดนตรีสากล,สาขาวิชา ดนตรีสากล,0,60,104,30,99.7500,0.0000
มหาวิทยาลัยรามคำแหง,วิทยาเขตหลัก,10340106800202A,A,A0001,คณะศิลปกรรมศาสตร์,หลักสูตรศิลปกรรมศาสตรบัณฑิตสาขาวิชา ดนตรีและนาฏกรรม,หลักสูตร ศิลปกรรมศาสตร บัณฑิตสาขาวิชา ดนตรีและนาฏกรรม เอกดนตรีไทย,วิชาเอก ดนตรีไทย,0,30,13,5,86.0000,67.2500
มหาวิทยาลัยรามคำแหง,วิทยาเขตหลัก,10340106800401A,A,A0002,คณะศิลปกรรมศาสตร์,หลักสูตรศิลปกรรมศาสตรบัณฑิตสาขาวิชา ดนตรีและนาฏกรรม,หลักสูตร ศิลปกรรมศาสตร บัณฑิตสาขาวิชา ดนตรีและนาฏกรรม เอกนาฏกรรมไทย,วิชาเอก นาฏกรรม ไทย,0,30,36,5,93.5000,0.0000
มหาวิทยาลัยรามคำแหง,วิทยาเขตหลัก,10340108901203A,0,0,คณะมนุษยศาสตร์,หลักสูตรศิลปศาสตรบัณฑิตสาขาวิชา สารสนเทศศาสตร์และบรรณารักษศาสตร์,หลักสูตรศิลปศาสตร บัณฑิตสาขาวิชา สารสนเทศศาสต์รและ บรรณารักษศาสตร์,สารสนเทศ ศาสตร์และ บรรณารักษศำสตร์,0,50,67,12,97.2500,64.7500
มหาวิทยาลัยรามคำแหง,วิทยาเขตหลัก,10340108901502A,0,0,คณะมนุษยศาสตร์,หลักสูตรศิลปศาสตรบัณฑิตสาขาวิชาปรัชญา,หลักสูตรศิลปศาสตร บัณฑิตสาขาวิชา ปรัชญา,ปรัชญา,0,100,109,30,98.0000,0.0000
มหาวิทยาลัยรามคำแหง,วิทยาเขตหลัก,10340108902401D,0,0,คณะมนุษยศาสตร์,หลักสูตรศิลปศาสตรบัณฑิตสาขาวิชาภาษา ตะวันตก (สเปน),หลักสูตรศิลปศาสตร บัณฑิตสาขาวิชา ภาษาตะวันตก (ภาษาสเปน),ภาษา ตะวันตก (ภาษาสเปน),0,70,73,19,87.0000,0.0000
มหาวิทยาลัยรามคำแหง,วิทยาเขตหลัก,10340108903504A,0,0,คณะมนุษยศาสตร์,หลักสูตรศิลปศาสตรบัณฑิตสาขาวิชาสังคม วิทยาและมานุษยวิทยา,หลักสูตรศิลปศาสตร บัณฑิตสาขาวิชา สังคมวิทยาและ มานุษยวิทยา,สังคมวิทยา และ มานุษยวิทยา,0,100,172,49,98.2500,0.0000
มหาวิทยาลัยรามคำแหง,วิทยาเขตหลัก หัวหมาก,10340109611101A,0,0,คณะเศรษฐศาสตร์,เศรษฐศาสตรบัณฑิต,หลักสูตร เศรษฐศาสตรบัณฑิต(ศ.บ.),,0,200,158,45,100.0000,56.0000
มหาวิทยาลัยรามคำแหง,วิทยาเขตหลัก,10340110610803E,0,0,สถาบันการศึกษานานาชาติ,บธ.บ. สาขาธุรกิจระดับโลกและความเป็น ผู้ประกอบการในยุคดิจิทัล (หลักสูตรนานาชาต)ิ,บธ.บ. สาขาธุรกิจ ระดับโลกและความ เป็นผู้ประกอบการ ในยุคดิจิทัล (หลักสูตรนานาชาต)ิ,,0,30,37,12,89.5498,41.2999
มหาวิทยาลัยรามคำแหง,วิทยาเขตหลัก,10340110901101E,0,0,สถาบันการศึกษานานาชาติ,ศศ.บ. สาขาสื่อและนวัตกรรมการสื่อสารระดับ โลก (หลักสูตรนานาชาต)ิ,ศศ.บ. สาขาสื่อและนวัตกรรมการสื่อสาร ระดับโลก (หลักสูตร นานาชาติ),,0,25,5,2,72.8333,63.6458
มหาวิทยาลัยรามคำแหง,วิทยาเขตหลัก,10340110902502E,0,0,สถาบันการศึกษานานาชาติ,ศศ.บ. สาขาภาษาอังกฤษ (หลักสูตรนานาชาต)ิ,ศศ.บ. สาขา ภาษาอังกฤษ (หลักสูตรนานาชาต)ิ,,0,50,6,0,0.0000,0.0000
มหาวิทยาลัยรามคำแหง,วิทยาเขตหลัก หัวหมาก,10340111610201A,A,0,คณะพัฒนาทรัพยากรมนุษย์,หลักสูตรศิลปศาสตรบัณฑิตสาขาวิชาการ พัฒนาทรัพยากรมนุษย์,หลักสูตรศิลปศาสตร บัณฑิตสาขาวิชา การพัฒนาทรัพยากร มนุษย์,ภาษาไทย,0,100,110,26,91.5000,0.0000
สถาบันเทคโนโลยีจิตรลดา,วิทยาเขตหลัก,10350101610801A,0,0,คณะบริหารธุรกิจ,บริหารธุรกิจบัณฑิตสาขาวิชาการจัดการ นวัตกรรมอาหาร,,,0,10,30,8,96.7500,62.5000
สถาบันเทคโนโลยีจิตรลดา,วิทยาเขตหลัก,10350101610802A,0,0,คณะบริหารธุรกิจ,บริหารธุรกิจบัณฑิตสาขาวิชาการประกอบการ ธุรกิจอาหาร,,,0,10,25,5,91.5000,62.0000
สถาบันเทคโนโลยีจิตรลดา,วิทยาเขตหลัก,10350102211501A,0,0,คณะเทคโนโลยีอุตสาหกรรม,เทคโนโลยีบัณฑิตสาขาวิชาวิศวกรรม เทคโนโลยีไฟฟ้า,,,0,10,42,10,100.0000,80.5000
สถาบันเทคโนโลยีจิตรลดา,วิทยาเขตหลัก,10350103300501A,0,0,คณะเทคโนโลยีดิจิทัล,วิศวกรรมศาสตรบัณฑิตสาขาวิชาวิศวกรรม คอมพิวเตอร์,,,0,10,2,0,0.0000,0.0000
สถาบันเทคโนโลยีจิตรลดา,วิทยาเขตหลัก,10350103900801A,0,0,คณะเทคโนโลยีดิจิทัล,ศิลปศาสตรบัณฑิตสาขาวิชาการออกแบบ ดิจิทัลและเทคโนโลยี,,,0,10,3,1,39.3366,39.3366
สถาบันเทคโนโลยีจิตรลดา,วิทยาเขตหลัก,10350104500401A,0,0,สำนักวิชาเกษตรนวัต,วิทยาศาสตรบัณฑิตสาขาวิชาเทคโนโลียเกษตรนวัต,,,0,10,16,2,72.0000,65.7500
มหาวิทยาลัยมหามกุฏราชวิทยาลัย,วิทยาเขตหลัก,10360101901501A,0,A0105,คณะศาสนาและปรัชญา,หลักสูตรศิลปศาสตรบัณฑิตสาขาวิชาพุทธ ศาสน์ศึกษา,ศิลปศาสตรบัณฑิตสาขาวิชาพุทธศาส์นศึกษา,,0,5,3,1,92.5000,92.5000
มหาวิทยาลัยมหามกุฏราชวิทยาลัย,วิทยาเขตหลัก,10360101901502A,0,A0103,คณะศาสนาและปรัชญา,หลักสูตรศิลปศาสตรบัณฑิตสาขาวิชาพุทธ ศาสตร์เพื่อการพัฒนา,ศิลปศาสตรบัณฑิตสาขาวิชาพุทธศาสต์รเพื่อการพัฒนา,,0,5,2,0,0.0000,0.0000
มหาวิทยาลัยมหามกุฏราชวิทยาลัย,วิทยาเขตหลัก,10360101901503A,0,A0106,คณะศาสนาและปรัชญา,หลักสูตรศิลปศาสตรบัณฑิตสาขาวิชาปรัชญา ศาสนาและวัฒนธรรม,หลักสูตรศิลปศาสตร บัณฑิตสาขาวิชา ปรัชญา ศาสนาและ วัฒนธรรม,,0,10,1,0,0.0000,0.0000
มหาวิทยาลัยมหามกุฏราชวิทยาลัย,วิทยาเขตหลัก,10360101901504A,0,A0107,คณะศาสนาและปรัชญา,หลักสูตรศิลปศาสตรบัณฑิตสาขาวิชาพุทธ ศาสนาและปรัชญา,หลักสูตรศิลปศาสตร บัณฑิตสาขาวิชา พุทธศาสนาและ ปรัชญา,,0,25,1,0,0.0000,0.0000
มหาวิทยาลัยมหามกุฏราชวิทยาลัย,วิทยาเขตหลัก,10360102902001A,0,A0101,คณะมนุษยศาสตร์,หลักสูตรศิลปศาสตรบัณฑิตสาขาวิชาภาษาไทย,-,,0,25,5,1,93.5000,93.5000
มหาวิทยาลัยมหามกุฏราชวิทยาลัย,วิทยาเขตหลัก,10360102902101A,0,A0101,คณะมนุษยศาสตร์,หลักสูตรศิลปศาสตรบัณฑิตสาขาวิชาภาษา บาลีสันสกฤต วิชาเอกพุทธศาสต์ร(บรรพชิต และบุคคลทั่วไป),-,,0,25,2,1,80.2500,80.2500
มหาวิทยาลัยมหามกุฏราชวิทยาลัย,วิทยาเขตหลัก,10360102902501A,0,A0102,คณะมนุษยศาสตร์,หลักสูตรศิลปศาสตรบัณฑิตสาขาวิชา ภาษาอังกฤษ,-,,0,25,7,3,99.5000,81.2500
มหาวิทยาลัยมหามกุฏราชวิทยาลัย,วิทยาเขตหลัก,10360103903201A,0,A0101,คณะสังคมศาสตร์,หลักสูตรรัฐศาสตรบัณฑิตสาขาวิชารัฐศาสตร์,หลักสูตรรัฐศาสตร บัณฑิตสาขาวิชา รัฐศาสตร์,,0,70,18,6,86.0000,54.7500
มหาวิทยาลัยมหามกุฏราชวิทยาลัย,วิทยาเขตหลัก,10360103903501A,0,A0101,คณะสังคมศาสตร์,หลักสูตรศิลปศาสตรบัณฑิตสาขาวิชาการ พัฒนาสังคม,ศิลปศาสตรบัณฑิตสาขาวิชาการพัฒนา สังคม,,0,20,5,1,66.5000,66.5000
มหาวิทยาลัยมหามกุฏราชวิทยาลัย,วิทยาเขตหลัก,10360103903701A,0,A0102,คณะสังคมศาสตร์,หลักสูตรสังคมสงเคราะห์ศาสตรบัณฑิตสาขาวิชาสังคมสงเคราะห์ศาสตร์,หลักสูตรสังคม สงเคราะห์ศาสตร บัณฑิต,,0,30,7,3,93.2500,71.7500
มหาวิทยาลัยมหามกุฏราชวิทยาลัย,วิทยาเขตหลัก,10360104702001A,0,A0103,คณะศึกษาศาสตร์,หลักสูตรศึกษาศาสตรบัณฑิตสาขาวิชาการ สอนภาษาไทย (4ปี),หลักสูตรศึกษา ศาสตรบัณฑิตสาขาวิชาการสอน ภาษาไทย,,0,60,29,11,94.0000,59.0000
มหาวิทยาลัยมหามกุฏราชวิทยาลัย,วิทยาเขตหลัก,10360104702002A,0,A0104,คณะศึกษาศาสตร์,หลักสูตรศึกษาศาสตรบัณฑิตสาขาวิชาการ สอนภาษาอังกฤษ (4ปี),หลักสูตรศึกษา ศาสตรบัณฑิตสาขาวิชาการสอน ภาษาอังกฤษ : ศษ.บ. (การสอน ภาษาอังกฤษ),,0,60,15,2,90.0000,82.5000
มหาวิทยาลัยมหามกุฏราชวิทยาลัย,วิทยาเขตหลัก,10360104702701A,0,A0105,คณะศึกษาศาสตร์,หลักสูตรศึกษาศาสตรบัณฑิตสาขาวิชาการ สอนสังคมศึกษา (4ปี),หลักสูตรศึกษา ศาสตรบัณฑิตสาขาวิชาการสอน สังคมศึกษา,,0,60,12,4,87.7500,59.0000
มหาวิทยาลัยมหามกุฏราชวิทยาลัย,วิทยาเขตมหา วชิราลงกรณราชวิทยาลัย,10360201901501A,0,A0201,คณะศาสนาและปรัชญา,หลักสูตรศิลปศาสตรบัณฑิตสาขาวิชาปรัชญา ศาสนาและวัฒนธรรม,ศิลปศาสตรบัณฑิตสาขาวิชาปรัชญา ศาสนาและวัฒนธรรม,,0,25,0,0,0.0000,0.0000
มหาวิทยาลัยมหามกุฏราชวิทยาลัย,วิทยาเขตมหา วชิราลงกรณราชวิทยาลัย,10360203903201A,0,A0202,คณะสังคมศาสตร์,หลักสูตรรัฐศาสตรบัณฑิตสาขาวิชารัฐศาสตร์,หลักสูตรรัฐศาสตร บัณฑิตสาขาวิชา รัฐศาสตร์,,0,60,10,3,88.2500,70.5000
มหาวิทยาลัยมหามกุฏราชวิทยาลัย,วิทยาเขตสิริน ธรราชวิทยาลัย,10360301901501A,0,A0301,คณะศาสนาและปรัชญา,หลักสูตรศิลปศาสตรบัณฑิตสาขาวิชาพุทธ ศาสตร์เพื่อการพัฒนา,โครงการ Admission by mytcas.com,,0,15,0,0,0.0000,0.0000
มหาวิทยาลัยมหามกุฏราชวิทยาลัย,วิทยาเขตสิริน ธรราชวิทยาลัย,10360303903201A,0,A0302,คณะสังคมศาสตร์,หลักสูตรรัฐศาสตรบัณฑิตสาขาวิชารัฐศาสตร์,โครงการธรรมรัฐ พัฒนาผู้นำยุคใหม่,,0,25,1,0,0.0000,0.0000
มหาวิทยาลัยมหามกุฏราชวิทยาลัย,วิทยาเขตอีสาน,10360402902501A,0,A0401,คณะมนุษยศาสตร์,หลักสูตรศิลปศาสตรบัณฑิตสาขาวิชา ภาษาอังกฤษ,หลักสูตรศิลปศาสตร บัณฑิตสาขาวิชา ภาษาอังกฤษ,,0,5,0,0,0.0000,0.0000
มหาวิทยาลัยมหามกุฏราชวิทยาลัย,วิทยาเขตอีสาน,10360403903101A,0,A0409,คณะสังคมศาสตร์,หลักสูตรรัฐประศาสนศาสตรบัณฑิตสาขาวิชา รัฐประศาสนศาสตร์,หลักสูตรรัฐ ประศาสนศาสต์รบัณฑิตสาขาวิชารัฐ ประศาสนศาสตร์,,0,5,3,1,89.2500,89.2500
มหาวิทยาลัยมหามกุฏราชวิทยาลัย,วิทยาเขตอีสาน,10360403903201A,0,A0405,คณะสังคมศาสตร์,หลักสูตรรัฐศาสตรบัณฑิตสาขาวิชารัฐศาสตร์,หลักสูตรรัฐศาสตร บัณฑิตสาขาวิชา รัฐศาสตร์,,0,5,2,0,0.0000,0.0000
มหาวิทยาลัยมหามกุฏราชวิทยาลัย,วิทยาเขตอีสาน,10360403903701A,0,A0407,คณะสังคมศาสตร์,หลักสูตรสังคมสงเคราะห์ศาสตรบัณฑิตสาขาวิชาสังคมสงเคราะห์ศาสตร์,หลักสูตรสังคม สงเคราะห์ศาสตร บัณฑิตสาขาวิชา สังคมสงเคราะห์ ศาสตร์,,0,5,4,2,87.0000,62.0000
มหาวิทยาลัยมหามกุฏราชวิทยาลัย,วิทยาเขตอีสาน,10360404700001A,0,A0403,คณะศึกษาศาสตร์,หลักสูตรศึกษาศาสตรบัณฑิตสาขาวิชาการ สอนพระพุทธศาสนา (4ปี),คณะศึกษาศาสต์รสาขาวิชาการสอน พระพุทธศาสนา,,0,5,0,0,0.0000,0.0000
มหาวิทยาลัยมหามกุฏราชวิทยาลัย,วิทยาเขตอีสาน,10360404700601A,0,A0406,คณะศึกษาศาสตร์,หลักสูตรศึกษาศาสตรบัณฑิตสาขาวิชา การศึกษาปฐมวัย (4ปี),คณะศึกษาศาสต์รสาขาวิชาการศึกษา ปฐมวัย,,0,5,13,3,92.2500,87.7500
มหาวิทยาลัยมหามกุฏราชวิทยาลัย,วิทยาเขตอีสาน,10360404702001A,0,A0404,คณะศึกษาศาสตร์,หลักสูตรศึกษาศาสตรบัณฑิตสาขาวิชาการ สอนภาษาไทย (4ปี),คณะศึกษาศาสต์รสาขาวิชาการสอน ภาษาไทย,,0,5,4,0,0.0000,0.0000
มหาวิทยาลัยมหามกุฏราชวิทยาลัย,วิทยาเขตอีสาน,10360404702002A,0,A0408,คณะศึกษาศาสตร์,หลักสูตรศึกษาศาสตรบัณฑิตสาขาวิชาการ สอนภาษาอังกฤษ (4ปี),หลักสูตรศึกษา ศาสตรบัณฑิตสาขาวิชาการสอน ภาษาอังกฤษ,,0,5,4,1,75.7500,75.7500
มหาวิทยาลัยมหามกุฏราชวิทยาลัย,วิทยาเขตอีสาน,10360404702701A,0,A0402,คณะศึกษาศาสตร์,หลักสูตรศึกษาศาสตรบัณฑิตสาขาวิชาการ สอนสังคมศึกษา (4ปี),หลักสูตรศึกษา ศาสตรบัณฑิตสาขาวิชาการสอน สังคมศึกษา (4ปี),,0,5,2,0,0.0000,0.0000
มหาวิทยาลัยมหามกุฏราชวิทยาลัย,วิทยาเขตล้านนา,10360501901501A,0,A0501,คณะศาสนาและปรัชญา,หลักสูตรศิลปศาสตรบัณฑิตสาขาวิชาพุทธ ศาสตร์เพื่อการพัฒนา,,,0,15,0,0,0.0000,0.0000
มหาวิทยาลัยมหามกุฏราชวิทยาลัย,วิทยาเขตล้านนา,10360502902501A,0,A0502,คณะมนุษยศาสตร์,หลักสูตรศิลปศาสตรบัณฑิตสาขาวิชา ภาษาอังกฤษ,สมัครสอบเข้า,,0,50,2,1,80.7500,80.7500
มหาวิทยาลัยมหามกุฏราชวิทยาลัย,วิทยาเขตล้านนา,10360503903201A,0,A0503,คณะสังคมศาสตร์,หลักสูตรรัฐศาสตรบัณฑิตสาขาวิชารัฐศาสตร์,รอบที่ 3 Admission,,0,70,3,0,0.0000,0.0000
มหาวิทยาลัยมหามกุฏราชวิทยาลัย,วิทยาเขตล้านนา,10360504702001A,0,A0504,คณะศึกษาศาสตร์,หลักสูตรศึกษาศาสตรบัณฑิตสาขาวิชาการ สอนภาษาไทย (4ปี),ระบบ mytcas.com,,0,60,14,7,90.7500,77.5000
มหาวิทยาลัยมหามกุฏราชวิทยาลัย,วิทยาเขตล้านนา,10360504702002A,0,A0505,คณะศึกษาศาสตร์,หลักสูตรศึกษาศาสตรบัณฑิตสาขาวิชาการ สอนภาษาอังกฤษ (4ปี),ศึกษาศาสตรบัณฑิต(การสอน ภาษาอังกฤษ),,0,60,0,0,0.0000,0.0000
มหาวิทยาลัยมหามกุฏราชวิทยาลัย,วิทยาเขตล้านนา,10360504702701A,0,A0506,คณะศึกษาศาสตร์,หลักสูตรศึกษาศาสตรบัณฑิตสาขาวิชาการ สอนสังคมศึกษา (4ปี),ศึกษาศาสตรบัณฑิต(การสอนสังคมศึกษา),,0,60,3,0,0.0000,0.0000
มหาวิทยาลัยมหามกุฏราชวิทยาลัย,วิทยาเขตศีรธรรมาโศกราช,10360601901501A,0,A0601,คณะศาสนาและปรัชญา,หลักสูตรศิลปศาสตรบัณฑิตสาขาวิชาพุทธ ศาสตร์เพื่อการพัฒนา,Admission,,0,5,0,0,0.0000,0.0000
มหาวิทยาลัยมหามกุฏราชวิทยาลัย,วิทยาเขตศีรธรรมาโศกราช,10360603903201A,0,A0602,คณะสังคมศาสตร์,หลักสูตรรัฐศาสตรบัณฑิตสาขาวิชารัฐศาสตร์,Admission,,0,10,1,1,100.0000,100.0000
มหาวิทยาลัยมหามกุฏราชวิทยาลัย,วิทยาเขตศีรธรรมาโศกราช,10360604702701A,0,A0603,คณะศึกษาศาสตร์,หลักสูตรศึกษาศาสตรบัณฑิตสาขาวิชาการ สอนสังคมศึกษา (4ปี),Admission,,0,5,3,1,80.2500,80.2500
มหาวิทยาลัยมหามกุฏราชวิทยาลัย,วิทยาเขต ร้อยเอ็ด,10360701901501A,0,A0701,คณะศาสนาและปรัชญา,หลักสูตรศิลปศาสตรบัณฑิตสาขาวิชาปรัชญา ศาสนาและวัฒนธรรม,สาขาวิชาปรัชญา ศาสนาและวัฒนธรรม,,0,25,0,0,0.0000,0.0000
มหาวิทยาลัยมหามกุฏราชวิทยาลัย,วิทยาเขต ร้อยเอ็ด,10360703903201A,0,A0702,คณะสังคมศาสตร์,หลักสูตรรัฐศาสตรบัณฑิตสาขาวิชารัฐศาสตร์,สาขาวิชารัฐศาสต์ร(หลักสูตรปรับปรุง พ.ศ. 2567),,0,70,1,0,0.0000,0.0000
มหาวิทยาลัยมหามกุฏราชวิทยาลัย,วิทยาเขต ร้อยเอ็ด,10360704700201A,0,A0703,คณะศึกษาศาสตร์,หลักสูตรศึกษาศาสตรบัณฑิตสาขาวิชาการ ประถมศึกษา (4ปี),สาขาวิชาการ ประถมศึกษา (4 ปี),,0,60,75,25,96.0000,60.5000
มหาวิทยาลัยมหามกุฏราชวิทยาลัย,วิทยาเขต ร้อยเอ็ด,10360704700601A,0,A0704,คณะศึกษาศาสตร์,หลักสูตรศึกษาศาสตรบัณฑิตสาขาวิชา การศึกษาปฐมวัย (4ปี),สาขาวิชาการศึกษา ปฐมวัย (4 ปี),,0,60,53,17,93.5000,59.2500
มหาวิทยาลัยมหามกุฏราชวิทยาลัย,วิทยาเขต ร้อยเอ็ด,10360704702001A,0,A0705,คณะศึกษาศาสตร์,หลักสูตรศึกษาศาสตรบัณฑิตสาขาวิชาการ สอนภาษาไทย (4ปี),สาขาวิชาการสอน ภาษาไทย (4 ปี),,0,60,12,1,91.0000,91.0000
มหาวิทยาลัยมหามกุฏราชวิทยาลัย,วิทยาเขต ร้อยเอ็ด,10360704702002A,0,A0706,คณะศึกษาศาสตร์,หลักสูตรศึกษาศาสตรบัณฑิตสาขาวิชาการ สอนภาษาอังกฤษ (4ปี),สาขาวิชาการสอน ภาษาอังกฤษ (4 ปี),,0,30,8,2,85.7500,78.2500
มหาวิทยาลัยมหามกุฏราชวิทยาลัย,วิทยาเขตศีรล้านช้าง,10360801901501A,0,A0802,คณะศาสนาและปรัชญา,หลักสูตรศิลปศาสตรบัณฑิตสาขาวิชาพุทธ ศาสตร์เพื่อการพัฒนา,รับผ่านระบบ Admission,,0,10,0,0,0.0000,0.0000
มหาวิทยาลัยมหามกุฏราชวิทยาลัย,วิทยาเขตศีรล้านช้าง,10360803903201A,0,A0801,คณะสังคมศาสตร์,หลักสูตรรัฐศาสตรบัณฑิตสาขาวิชารัฐศาสตร์,รับผ่านระบบ Admission,,0,20,0,0,0.0000,0.0000
มหาวิทยาลัยมหามกุฏราชวิทยาลัย,วิทยาเขตศีรล้านช้าง,10360804702001A,0,A0803,คณะศึกษาศาสตร์,หลักสูตรศึกษาศาสตรบัณฑิตสาขาวิชาการ สอนภาษาไทย (4ปี),รับผ่านระบบ Admission,,0,30,1,0,0.0000,0.0000
มหาวิทยาลัยมหามกุฏราชวิทยาลัย,วิทยาเขตศีรล้านช้าง,10360804702002A,0,A0804,คณะศึกษาศาสตร์,หลักสูตรศึกษาศาสตรบัณฑิตสาขาวิชาการ สอนภาษาอังกฤษ (4ปี),รับผ่านระบบ Admission,,0,20,0,0,0.0000,0.0000
มหาวิทยาลัยมหามกุฏราชวิทยาลัย,วิทยาเขตศีรล้านช้าง,10360804702701A,0,A0805,คณะศึกษาศาสตร์,หลักสูตรศึกษาศาสตรบัณฑิตสาขาวิชาการ สอนสังคมศึกษา (4ปี),รับผ่านระบบ Admission,,0,30,1,0,0.0000,0.0000
มหาวิทยาลัยมหามกุฏราชวิทยาลัย,วิทยาลัยศาสน ศาสต์รนครราชสีมา,10360902902501A,0,A0901,คณะมนุษยศาสตร์,หลักสูตรศิลปศาสตรบัณฑิตสาขาวิชา ภาษาอังกฤษเพื่อการสื่อสาร,ภาษาอังกฤษใน ศตวรรษที่ 21,,0,30,6,2,70.0000,49.5000
มหาวิทยาลัยมหามกุฏราชวิทยาลัย,วิทยาลัยศาสน ศาสต์รนครราชสีมา,10360903903201A,0,A0902,คณะสังคมศาสตร์,หลักสูตรรัฐศาสตรบัณฑิตสาขาวิชารัฐศาสตร์,โครงการสิงห์ธรรม รุ่น2,,0,40,9,0,0.0000,0.0000
มหาวิทยาลัยมหามกุฏราชวิทยาลัย,วิทยาลัยศาสน ศาสต์รนครราชสีมา,10360904700001A,0,A0903,คณะศึกษาศาสตร์,หลักสูตรศึกษาศาสตรบัณฑิตสาขาวิชาการ สอนพระพุทธศาสนา (4ปี),โครงการขยาย โอกาสทางการศึกษา / ส่งเสริมโอกาส ศึกษาต่อ รอบที่ 2,,0,30,3,0,0.0000,0.0000
มหาวิทยาลัยมหามกุฏราชวิทยาลัย,วิทยาลัยศาสน ศาสตร์ยโสธร,10361001901501A,0,A1001,คณะศาสนาและปรัชญา,หลักสูตรศิลปศาสตรบัณฑิตสาขาวิชาปรัชญา ศาสนาและวัฒนธรรม,หลักสูตรศิลปศาสตร บัณฑิตสาขาวิชา ปรัชญาศาสนาและ วัฒนธรรม คณะ ศาสนาและปรัชญา,,0,25,0,0,0.0000,0.0000
มหาวิทยาลัยมหามกุฏราชวิทยาลัย,วิทยาลัยศาสน ศาสตร์ยโสธร,10361003903201A,0,A1002,คณะสังคมศาสตร์,หลักสูตรรัฐศาสตรบัณฑิตสาขาวิชารัฐศาสตร์,รัฐศาสตรบัณฑิตสาขาวิชารัฐศาสต์รคณะสังคมศาสตร์,,0,50,1,0,0.0000,0.0000
มหาวิทยาลัยมหามกุฏราชวิทยาลัย,วิทยาลัยศาสน ศาสตร์ยโสธร,10361004702001A,0,A1003,คณะศึกษาศาสตร์,หลักสูตรศึกษาศาสตรบัณฑิตสาขาวิชาการ สอนภาษาไทย (4ปี),ศึกษาศาสตรบัณฑิตสาขาวิชาการสอน ภาษาไทย คณะ ศึกษาศาสตร์,,0,30,2,0,0.0000,0.0000
มหาวิทยาลัยมหามกุฏราชวิทยาลัย,วิทยาลัยศาสน ศาสตร์เฉลิม พระเกียริตกาฬสินธุ์,10361103903201A,0,A1101,คณะสังคมศาสตร์,หลักสูตรรัฐศาสตรบัณฑิตสาขาวิชารัฐศาสตร์,มมร.กาฬสินธุ์ 2568,,0,30,3,0,0.0000,0.0000
มหาวิทยาลัยมหามกุฏราชวิทยาลัย,วิทยาลัยศาสน ศาสตร์เฉลิม พระเกียริตกาฬสินธุ์,10361104700001A,0,A1102,คณะศึกษาศาสตร์,หลักสูตรศึกษาศาสตรบัณฑิตสาขาวิชาการ สอนพระพุทธศาสนา (4ปี),มมร.กาฬสินธุ์ 2568,,0,30,1,0,0.0000,0.0000
มหาวิทยาลัยมหามกุฏราชวิทยาลัย,วิทยาลัยศาสน ศาสตร์เฉลิม พระเกียริตกาฬสินธุ์,10361104702001A,0,A1103,คณะศึกษาศาสตร์,หลักสูตรศึกษาศาสตรบัณฑิตสาขาวิชาการ สอนภาษาไทย (4ปี),มมร.กาฬสินธุ์ 2568,,0,30,13,3,95.5000,77.7500
มหาวิทยาลัยมหามกุฏราชวิทยาลัย,วิทยาลัยศาสน ศาสตร์เฉลิม พระเกียริตกาฬสินธุ์,10361104702701A,0,A1104,คณะศึกษาศาสตร์,หลักสูตรศึกษาศาสตรบัณฑิตสาขาวิชาการ สอนสังคมศึกษา (4ปี),มมร.กาฬสินธุ์ 2568,,0,30,2,2,89.2500,85.0000
มหาวิทยาลัยมหาจุฬาลงกรณราชวิทยาลัย,วิทยาเขตหลัก พระนครศรีอยุธ ยา,10370101901501A,A,A0003,คณะพุทธศาสตร์,หลักสูตรมาตรฐาน,"นักเรียน ม.6 ที่กำลัง จะสำเร็จการศึกษา หรือสำเร็จการศึกษา แล้ว,กศน.,อาชีวะ ,เปรียญธรรม3 ประโยค",หลักสูตร พุทธศาสตร บัณฑิตสาขาวิชา พระพุทธศาส นา,0,50,2,0,0.0000,0.0000
มหาวิทยาลัยมหาจุฬาลงกรณราชวิทยาลัย,วิทยาเขตหลัก พระนครศรีอยุธ ยา,10370101901502A,A,A0008,คณะพุทธศาสตร์,หลักสูตรมาตรฐาน,"นักเรียน ม.6 ที่กำลัง จะสำเร็จการศึกษา หรือสำเร็จการศึกษา แล้ว,กศน.,อาชีวะ ,เปรียญธรรม3 ประโยค",หลักสูตร พุทธศาสตร บัณฑิตสาขาวิชา ศาสนาและ ปรัชญา,0,50,0,0,0.0000,0.0000
มหาวิทยาลัยมหาจุฬาลงกรณราชวิทยาลัย,วิทยาเขตหลัก พระนครศรีอยุธ ยา,10370101901503A,A,A0013,คณะพุทธศาสตร์,หลักสูตรมาตรฐาน,"นักเรียน ม.6 ที่กำลัง จะสำเร็จการศึกษา หรือสำเร็จการศึกษา แล้ว,กศน.,อาชีวะ ,เปรียญธรรม3 ประโยค",หลักสูตร พุทธศาสตร บัณฑิตสาขาวิชา บาลีสันสกฤต,0,25,1,0,0.0000,0.0000
มหาวิทยาลัยมหาจุฬาลงกรณราชวิทยาลัย,วิทยาเขตหลัก พระนครศรีอยุธ ยา,10370101901504A,A,A0018,คณะพุทธศาสตร์,หลักสูตรมาตรฐาน,"นักเรียน ม.6 ที่กำลัง จะสำเร็จการศึกษา หรือสำเร็จการศึกษา แล้ว,กศน.,อาชีวะ ,เปรียญธรรม3 ประโยค",หลักสูตร พุทธศาสตร บัณฑิตสาขาวิชา วิปัสสนา ภาวนา,0,50,0,0,0.0000,0.0000
มหาวิทยาลัยมหาจุฬาลงกรณราชวิทยาลัย,วิทยาเขตหลัก พระนครศรีอยุธ ยา,10370101901505D,A,A0023,คณะพุทธศาสตร์,หลักสูตรมาตรฐาน,"นักเรียน ม.6 ที่กำลัง จะสำเร็จการศึกษา หรือสำเร็จการศึกษา แล้ว,กศน.,อาชีวะ ,เปรียญธรรม3 ประโยค",หลักสูตร พุทธศาสตร บัณฑิตสาขาวิชา พระพุทธศาส นา (english program),0,100,0,0,0.0000,0.0000
มหาวิทยาลัยมหาจุฬาลงกรณราชวิทยาลัย,วิทยาเขตหลัก พระนครศรีอยุธ ยา,10370101901506D,A,A0028,คณะพุทธศาสตร์,หลักสูตรมาตรฐาน,"นักเรียน ม.6 ที่กำลัง จะสำเร็จการศึกษา หรือสำเร็จการศึกษา แล้ว,กศน.,อาชีวะ ,เปรียญธรรม3 ประโยค",หลักสูตร พุทธศาสตร บัณฑิตสาขาวิชา ศาสนาและ ปรัชญา (english program),0,50,1,0,0.0000,0.0000
มหาวิทยาลัยมหาจุฬาลงกรณราชวิทยาลัย,วิทยาเขตหลัก พระนครศรีอยุธ ยา,10370102701205A,A,A0053,คณะครุศาสตร์,หลักสูตรมาตรฐาน,"นักเรียน ม.6 ที่กำลัง จะสำเร็จการศึกษา หรือสำเร็จการศึกษา แล้ว,กศน.,อาชีวะ ,เปรียญธรรม3 ประโยค",หลักสูตร ครุศาสตร บัณฑิตสาขาวิชา จิตวิทยา และการ แนะแนว,0,30,37,16,98.2500,42.7500
มหาวิทยาลัยมหาจุฬาลงกรณราชวิทยาลัย,วิทยาเขตหลัก พระนครศรีอยุธ ยา,10370102701506A,A,A0058,คณะครุศาสตร์,หลักสูตรมาตรฐาน,"นักเรียน ม.6 ที่กำลัง จะสำเร็จการศึกษา หรือสำเร็จการศึกษา แล้ว,กศน.,อาชีวะ ,เปรียญธรรม3 ประโยค",หลักสูตร ครุศาสตร บัณฑิตสาขาวิชา เทคโนโลียสารสนเทศ,0,30,2,0,0.0000,0.0000
มหาวิทยาลัยมหาจุฬาลงกรณราชวิทยาลัย,วิทยาเขตหลัก พระนครศรีอยุธ ยา,10370102702002A,A,A0038,คณะครุศาสตร์,หลักสูตรมาตรฐาน,"นักเรียน ม.6 ที่กำลัง จะสำเร็จการศึกษา หรือสำเร็จการศึกษา แล้ว,กศน.,อาชีวะ ,เปรียญธรรม3 ประโยค",หลักสูตร ครุศาสตร บัณฑิตสาขาวิชา การสอน ภาษาอังกฤษ,0,60,8,3,97.6250,76.5000
มหาวิทยาลัยมหาจุฬาลงกรณราชวิทยาลัย,วิทยาเขตหลัก พระนครศรีอยุธ ยา,10370102702003A,A,A0043,คณะครุศาสตร์,หลักสูตรมาตรฐาน,"นักเรียน ม.6 ที่กำลัง จะสำเร็จการศึกษา หรือสำเร็จการศึกษา แล้ว,กศน.,อาชีวะ ,เปรียญธรรม3 ประโยค",หลักสูตร ครุศาสตร บัณฑิตสาขาวิชา การสอน ภาษาไทย,0,60,12,3,93.2500,56.1250
มหาวิทยาลัยมหาจุฬาลงกรณราชวิทยาลัย,วิทยาเขตหลัก พระนครศรีอยุธ ยา,10370102702007E,A,A0063,คณะครุศาสตร์,หลักสูตรมาตรฐาน,"นักเรียน ม.6 ที่กำลัง จะสำเร็จการศึกษา หรือสำเร็จการศึกษา แล้ว,กศน.,อาชีวะ ,เปรียญธรรม3 ประโยค",หลักสูตร ครุศาสตร บัณฑิตสาขาวิชา การสอน ภาษาอังกฤษ (หลักสูตร นานาชาติ),0,30,3,1,60.0000,60.0000
มหาวิทยาลัยมหาจุฬาลงกรณราชวิทยาลัย,วิทยาเขตหลัก พระนครศรีอยุธ ยา,10370102702701A,A,A0033,คณะครุศาสตร์,หลักสูตรมาตรฐาน,"นักเรียน ม.6 ที่กำลัง จะสำเร็จการศึกษา หรือสำเร็จการศึกษา แล้ว,กศน.,อาชีวะ ,เปรียญธรรม3 ประโยค",หลักสูตร ครุศาสตร บัณฑิตสาขาวิชา สังคมศึกษา,0,60,7,2,88.7500,80.0000
มหาวิทยาลัยมหาจุฬาลงกรณราชวิทยาลัย,วิทยาเขตหลัก พระนครศรีอยุธ ยา,10370102702704A,A,A0048,คณะครุศาสตร์,หลักสูตรมาตรฐาน,"นักเรียน ม.6 ที่กำลัง จะสำเร็จการศึกษา หรือสำเร็จการศึกษา แล้ว,กศน.,อาชีวะ ,เปรียญธรรม3 ประโยค",หลักสูตร ครุศาสตร บัณฑิตสาขาวิชา การสอน พระพุทธศาส นา,0,30,0,0,0.0000,0.0000
มหาวิทยาลัยมหาจุฬาลงกรณราชวิทยาลัย,วิทยาเขตหลัก พระนครศรีอยุธ ยา,10370103900703A,A,A0078,คณะมนุษยศาสตร์,หลักสูตรมาตรฐาน,"นักเรียน ม.6 ที่กำลัง จะสำเร็จการศึกษา หรือสำเร็จการศึกษา แล้ว,กศน.,อาชีวะ ,เปรียญธรรม3 ประโยค",หลักสูตร ศิลปศาสตร บัณฑิตสาขาวิชา จิตวิทยา,0,30,46,22,94.0000,31.2500
มหาวิทยาลัยมหาจุฬาลงกรณราชวิทยาลัย,วิทยาเขตหลัก พระนครศรีอยุธ ยา,10370103900704A,A,A0083,คณะมนุษยศาสตร์,หลักสูตรมาตรฐาน,"นักเรียน ม.6 ที่กำลัง จะสำเร็จการศึกษา หรือสำเร็จการศึกษา แล้ว,กศน.,อาชีวะ ,เปรียญธรรม3 ประโยค",หลักสูตร ศิลปศาสตร บัณฑิตสาขาวิชา พุทธจิตวิทยา,0,30,4,4,89.2500,64.8750
มหาวิทยาลัยมหาจุฬาลงกรณราชวิทยาลัย,วิทยาเขตหลัก พระนครศรีอยุธ ยา,10370103902001A,A,A0068,คณะมนุษยศาสตร์,หลักสูตรมาตรฐาน,"นักเรียน ม.6 ที่กำลัง จะสำเร็จการศึกษา หรือสำเร็จการศึกษา แล้ว,กศน.,อาชีวะ ,เปรียญธรรม3 ประโยค",หลักสูตร ศิลปศาสตร บัณฑิตสาขาวิชา ภาษาไทย,0,30,3,2,86.2500,83.6250
มหาวิทยาลัยมหาจุฬาลงกรณราชวิทยาลัย,วิทยาเขตหลัก พระนครศรีอยุธ ยา,10370103902502A,A,A0073,คณะมนุษยศาสตร์,หลักสูตรมาตรฐาน,"นักเรียน ม.6 ที่กำลัง จะสำเร็จการศึกษา หรือสำเร็จการศึกษา แล้ว,กศน.,อาชีวะ ,เปรียญธรรม3 ประโยค",หลักสูตร ศิลปศาสตร บัณฑิตสาขาวิชา ภาษาอังกฤษ,0,80,8,3,84.7500,72.1250
มหาวิทยาลัยมหาจุฬาลงกรณราชวิทยาลัย,วิทยาเขตหลัก พระนครศรีอยุธ ยา,10370103902505D,A,A0088,คณะมนุษยศาสตร์,หลักสูตรมาตรฐาน,"นักเรียน ม.6 ที่กำลัง จะสำเร็จการศึกษา หรือสำเร็จการศึกษา แล้ว,กศน.,อาชีวะ ,เปรียญธรรม3 ประโยค",หลักสูตร ศิลปศาสตร บัณฑิตสาขาวิชา ภาษาอังกฤษ (english program),0,100,3,1,99.1250,99.1250
มหาวิทยาลัยมหาจุฬาลงกรณราชวิทยาลัย,วิทยาเขตหลัก พระนครศรีอยุธ ยา,10370104610203A,A,A0103,คณะสังคมศาสตร์,หลักสูตรมาตรฐาน,"นักเรียน ม.6 ที่กำลัง จะสำเร็จการศึกษา หรือสำเร็จการศึกษา แล้ว,กศน.,อาชีวะ ,เปรียญธรรม3 ประโยค",หลักสูตร พุทธศาสตร บัณฑิตสาขาวิชา การจัดการ เชิงพุทธ,0,25,0,0,0.0000,0.0000
มหาวิทยาลัยมหาจุฬาลงกรณราชวิทยาลัย,วิทยาเขตหลัก พระนครศรีอยุธ ยา,10370104611104A,A,A0108,คณะสังคมศาสตร์,หลักสูตรมาตรฐาน,"นักเรียน ม.6 ที่กำลัง จะสำเร็จการศึกษา หรือสำเร็จการศึกษา แล้ว,กศน.,อาชีวะ ,เปรียญธรรม3 ประโยค",หลักสูตร เศรษฐศาสตร บัณฑิต,0,40,3,1,63.8750,63.8750
มหาวิทยาลัยมหาจุฬาลงกรณราชวิทยาลัย,วิทยาเขตหลัก พระนครศรีอยุธ ยา,10370104901005A,A,A0113,คณะสังคมศาสตร์,หลักสูตรมาตรฐาน,"นักเรียน ม.6 ที่กำลัง จะสำเร็จการศึกษา หรือสำเร็จการศึกษา แล้ว,กศน.,อาชีวะ ,เปรียญธรรม3 ประโยค",หลักสูตรนิติ ศาสตร บัณฑิต,0,50,4,0,0.0000,0.0000
มหาวิทยาลัยมหาจุฬาลงกรณราชวิทยาลัย,วิทยาเขตหลัก พระนครศรีอยุธ ยา,10370104901008O,A,A0128,คณะสังคมศาสตร์,หลักสูตรมาตรฐาน,ภาคบัณฑิตปริญญา ตรีใบที่ 2,หลักสูตรนิติ ศาสตร บัณฑิต(ภาคบัณฑิต),0,50,1,0,0.0000,0.0000
มหาวิทยาลัยมหาจุฬาลงกรณราชวิทยาลัย,วิทยาเขตหลัก พระนครศรีอยุธ ยา,10370104903102A,A,A0098,คณะสังคมศาสตร์,หลักสูตรมาตรฐาน,"นักเรียน ม.6 ที่กำลัง จะสำเร็จการศึกษา หรือสำเร็จการศึกษา แล้ว,กศน.,อาชีวะ ,เปรียญธรรม3 ประโยค",หลักสูตรรัฐ ประศาสนศา สตรบัณฑิต,0,30,2,1,48.2500,48.2500
มหาวิทยาลัยมหาจุฬาลงกรณราชวิทยาลัย,วิทยาเขตหลัก พระนครศรีอยุธ ยา,10370104903201A,A,A0093,คณะสังคมศาสตร์,หลักสูตรมาตรฐาน,"นักเรียน ม.6 ที่กำลัง จะสำเร็จการศึกษา หรือสำเร็จการศึกษา แล้ว,กศน.,อาชีวะ ,เปรียญธรรม3 ประโยค",หลักสูตร รัฐศาสตร บัณฑิต,0,45,15,7,81.3750,62.7500
มหาวิทยาลัยมหาจุฬาลงกรณราชวิทยาลัย,วิทยาเขตหลัก พระนครศรีอยุธ ยา,10370104903709A,A,A0133,คณะสังคมศาสตร์,หลักสูตรมาตรฐาน,"นักเรียน ม.6 ที่กำลัง จะสำเร็จการศึกษา หรือสำเร็จการศึกษา แล้ว,กศน.,อาชีวะ ,เปรียญธรรม3 ประโยค",หลักสูตรสง คม สงเคราะห์ศา สตรบัณฑิตสาขาวิชา สังคม สงเคราะห์ จิตเวช,0,30,13,7,97.2500,24.3750
มหาวิทยาลัยมหาจุฬาลงกรณราชวิทยาลัย,วิทยาเขตหลัก พระนครศรีอยุธ ยา,10370104904207A,A,A0123,คณะสังคมศาสตร์,หลักสูตรมาตรฐาน,"นักเรียน ม.6 ที่กำลัง จะสำเร็จการศึกษา หรือสำเร็จการศึกษา แล้ว,กศน.,อาชีวะ ,เปรียญธรรม3 ประโยค",หลักสูตร ศิลปศาสตร บัณฑิตสาขาวิชา การพัฒนา สังคม,0,30,2,0,0.0000,0.0000
มหาวิทยาลัยมหาจุฬาลงกรณราชวิทยาลัย,วิทยาเขตหลัก พระนครศรีอยุธ ยา,10370106901501E,A,A0138,วิทยาลัยพุทธศาสตร์นานาชาติ,หลักสูตรมาตรฐาน,"นักเรียน ม.6 ที่กำลัง จะสำเร็จการศึกษา หรือสำเร็จการศึกษา แล้ว,กศน.,อาชีวะ ,เปรียญธรรม3 ประโยค",หลักสูตร พุทธศาสตร บัณฑิตสาขาวิชา พระพุทธศาส นา (หลักสูตร นานาชาติ),0,30,0,0,0.0000,0.0000
มหาวิทยาลัยกรุงเทพ,วิทยาเขตหลัก,40510101610501A,0,A8888,คณะบัญชี,หลักสูตรบัญชีบัณฑิต,Admission,,0,29,38,13,96.0000,76.7500
มหาวิทยาลัยกรุงเทพ,วิทยาเขตหลัก,40510102610101A,0,A8888,คณะบริหารธุรกิจ,หลักสูตรบริหารธุรกิจบัณฑิตสาขาวิชาการเงิน,Admission,,0,8,9,2,85.0000,71.5000
มหาวิทยาลัยกรุงเทพ,วิทยาเขตหลัก,40510102610102A,0,A8888,คณะบริหารธุรกิจ,หลักสูตรบริหารธุรกิจบัณฑิตสาขาวิชาการ วางแผนการเงินและการลงทุน,Admission,,0,11,15,4,89.7500,66.5000
มหาวิทยาลัยกรุงเทพ,วิทยาเขตหลัก,40510102610201A,0,A8888,คณะบริหารธุรกิจ,หลักสูตรบริหารธุรกิจบัณฑิตสาขาวิชาการ จัดการ,Admission,,0,28,16,5,90.2500,50.2500
มหาวิทยาลัยกรุงเทพ,วิทยาเขตหลัก,40510102610202A,0,A8888,คณะบริหารธุรกิจ,หลักสูตรบริหารธุรกิจบัณฑิตสาขาวิชาการ จัดการธุรกิจระหว่างประเทศ,Admission,,0,34,16,2,84.0000,61.7500
มหาวิทยาลัยกรุงเทพ,วิทยาเขตหลัก,40510102610601A,0,A8888,คณะบริหารธุรกิจ,หลักสูตรบริหารธุรกิจบัณฑิตสาขาวิชา การตลาด,Admission,,0,31,16,4,80.0000,58.7500
มหาวิทยาลัยกรุงเทพ,วิทยาเขตหลัก,40510102610602A,0,A8888,คณะบริหารธุรกิจ,หลักสูตรบริหารธุรกิจบัณฑิตสาขาวิชา การตลาดดิจิทัล,Admission,,0,35,20,3,93.0000,63.5000
มหาวิทยาลัยกรุงเทพ,วิทยาเขตหลัก,40510102610603E,0,A8888,คณะบริหารธุรกิจ,หลักสูตรบริหารธุรกิจบัณฑิตสาขาวิชา การตลาด (หลักสูตรนานาชาต)ิ,Admission,,0,7,0,0,0.0000,0.0000
มหาวิทยาลัยกรุงเทพ,วิทยาเขตหลัก,40510102610801E,0,A8888,คณะบริหารธุรกิจ,หลักสูตรบริหารธุรกิจบัณฑิต(หลักสูตร นานาชาติ),Admission,,0,28,0,0,0.0000,0.0000
มหาวิทยาลัยกรุงเทพ,วิทยาเขตหลัก,40510102611001A,0,A8888,คณะบริหารธุรกิจ,หลักสูตรบริหารธุรกิจบัณฑิตสาขาวิชาการ จัดการโลจิสติกส์และโซ่อุปทาน,Admission,,0,29,21,3,96.5000,70.0000
มหาวิทยาลัยกรุงเทพ,วิทยาเขตหลัก,40510103800401A,0,A8888,คณะนิเทศศาสตร์,หลักสูตรศิลปบัณฑิตสาขาวิชาศิลปะการแสดง,Admission,,0,31,79,20,99.5000,61.0000
มหาวิทยาลัยกรุงเทพ,วิทยาเขตหลัก,40510103900801A,0,A8888,คณะนิเทศศาสตร์,หลักสูตรนิเทศศาสตรบัณฑิตสาขาวิชาการผลิต เนื้อหาสร้างสรรค์และประสบการณ์ดิจิทัล,Admission,,0,21,42,15,99.0000,63.0000
มหาวิทยาลัยกรุงเทพ,วิทยาเขตหลัก,40510103901101A,0,A8888,คณะนิเทศศาสตร์,หลักสูตรนิเทศศาสตรบัณฑิตสาขาวิชาการ สื่อสารและสื่อใหม่,Admission,,0,54,42,17,96.7500,52.7500
มหาวิทยาลัยกรุงเทพ,วิทยาเขตหลัก,40510103901102E,0,A8888,คณะนิเทศศาสตร์,หลักสูตรนิเทศศาสตรบัณฑิตสาขาวิชาการ ผลิตสื่อนวัตกรรม(หลักสูตรนานาชาต)ิ,Admission,,0,14,0,0,0.0000,0.0000
มหาวิทยาลัยกรุงเทพ,วิทยาเขตหลัก,40510103901103A,0,A8888,คณะนิเทศศาสตร์,หลักสูตรศิลปศาสตรบัณฑิตสาขาวิชาการผลิต อีเว้น์ทและการจัดการนิทรรศการและการ ประชุม,Admission,,0,52,89,28,96.2500,55.2500
มหาวิทยาลัยกรุงเทพ,วิทยาเขตหลัก,40510103901104E,0,A8888,คณะนิเทศศาสตร์,หลักสูตรนิเทศศาสตรบัณฑิตสาขาวิชาสื่อและการสื่อสาร (หลักสูตรนานาชาต)ิ,Admission,,0,6,0,0,0.0000,0.0000
มหาวิทยาลัยกรุงเทพ,วิทยาเขตหลัก,40510103903401A,0,A8888,คณะนิเทศศาสตร์,หลักสูตรนิเทศศาสตรบัณฑิตสาขาวิชา วิทยุกระจายเสียง วิทยุโทรทัศ์นและ การผลิต สื่อสตรีมมิ่ง,Admission,,0,50,40,16,96.5000,53.5000
มหาวิทยาลัยกรุงเทพ,วิทยาเขตหลัก,40510104901001A,0,A8888,คณะนิติศาสตร์,หลักสูตรนิติศาสตรบัณฑิต,Admission,,0,36,41,14,98.0000,59.5000
มหาวิทยาลัยกรุงเทพ,วิทยาเขตหลัก,40510105620101A,0,A8888,คณะมนุษยศาสตร์และการจัดการการ ท่องเที่ยว,หลักสูตรศิลปศาสตรบัณฑิตสาขาวิชาการ จัดการการโรงแรม,Admission,,0,28,11,3,87.5000,74.2500
มหาวิทยาลัยกรุงเทพ,วิทยาเขตหลัก,40510105620102A,0,A8888,คณะมนุษยศาสตร์และการจัดการการ ท่องเที่ยว,หลักสูตรศิลปศาสตรบัณฑิตสาขาวิชาการ จัดการการท่องเที่ยวและเรือสำราญ,Admission,,0,11,9,5,92.7500,58.7500
มหาวิทยาลัยกรุงเทพ,วิทยาเขตหลัก,40510105620103E,0,A8888,คณะมนุษยศาสตร์และการจัดการการ ท่องเที่ยว,หลักสูตรศิลปศาสตรบัณฑิตสาขาวิชาศิลปะ การประกอบและออกแบบอาหาร (หลักสูตร นานาชาติ),Admission,,0,8,0,0,0.0000,0.0000
มหาวิทยาลัยกรุงเทพ,วิทยาเขตหลัก,40510105620104A,0,A8888,คณะมนุษยศาสตร์และการจัดการการ ท่องเที่ยว,หลักสูตรศิลปศาสตรบัณฑิตสาขาวิชาศิลปะ การประกอบอาหารและการจัดการการบริการ ธุรกิจร้านอาหาร,Admission,,0,14,8,0,0.0000,0.0000
มหาวิทยาลัยกรุงเทพ,วิทยาเขตหลัก,40510105620105E,0,A8888,คณะมนุษยศาสตร์และการจัดการการ ท่องเที่ยว,หลักสูตรศิลปศาสตรบัณฑิตสาขาวิชาการ จัดการท่องเที่ยวและการบริการนานาชาติ (หลักสูตรนานาชาต)ิ,Admission,,0,14,0,0,0.0000,0.0000
มหาวิทยาลัยกรุงเทพ,วิทยาเขตหลัก,40510105620201A,0,A8888,คณะมนุษยศาสตร์และการจัดการการ ท่องเที่ยว,หลักสูตรศิลปศาสตรบัณฑิตสาขาวิชาการ จัดการธุรกิจสายการบิน,Admission,,0,28,22,4,85.2500,72.2500
มหาวิทยาลัยกรุงเทพ,วิทยาเขตหลัก,40510105901801A,0,A8888,คณะมนุษยศาสตร์และการจัดการการ ท่องเที่ยว,หลักสูตรศิลปศาสตรบัณฑิตสาขาวิชาภาษาจีน ธุรกิจ,Admission,,0,14,24,4,86.2500,67.5000
มหาวิทยาลัยกรุงเทพ,วิทยาเขตหลัก,40510105902501A,0,A8888,คณะมนุษยศาสตร์และการจัดการการ ท่องเที่ยว,หลักสูตรศิลปศาสตรบัณฑิตสาขาวิชา ภาษาอังกฤษ,Admission,,0,39,39,10,98.7500,65.2500
มหาวิทยาลัยกรุงเทพ,วิทยาเขตหลัก,40510105902502E,0,A8888,คณะมนุษยศาสตร์และการจัดการการ ท่องเที่ยว,หลักสูตรศิลปศาสตรบัณฑิตสาขาวิชา ภาษาอังกฤษธุรกิจ (หลักสูตรนานาชาต)ิ,Admission,,0,7,0,0,0.0000,0.0000
มหาวิทยาลัยกรุงเทพ,วิทยาเขตหลัก,40510106611101A,0,A8888,คณะเศรษฐศาสตร์และการลงทุน,หลักสูตรเศรษฐศาสตรบัณฑิต,Admission,,0,17,17,5,92.5000,51.7500
มหาวิทยาลัยกรุงเทพ,วิทยาเขตหลัก,40510107220101A,0,A8888,คณะเทคโนโลยีสารสนเทศและนวัตกรรม,หลักสูตรวิทยาศาสตรบัณฑิตสาขาวิชา เทคโนโลยีสารสนเทศ,Admission,,0,8,4,0,0.0000,0.0000
มหาวิทยาลัยกรุงเทพ,วิทยาเขตหลัก,40510107220201A,0,A8888,คณะเทคโนโลยีสารสนเทศและนวัตกรรม,หลักสูตรวิทยาศาสตรบัณฑิตสาขาวิชา วิทยาการคอมพิวเตอร์,Admission,,0,20,38,4,93.5000,57.0000
มหาวิทยาลัยกรุงเทพ,วิทยาเขตหลัก,40510107220501A,0,A8888,คณะเทคโนโลยีสารสนเทศและนวัตกรรม,หลักสูตรวิทยาศาสตรบัณฑิตสาขาวิชาเกม และสื่อเชิงโต้ตอบ,Admission,,0,21,31,6,88.5000,68.2500
มหาวิทยาลัยกรุงเทพ,วิทยาเขตหลัก,40510108800101A,0,A8888,คณะศิลปกรรมศาสตร์,หลักสูตรศิลปกรรมศาสตรบัณฑิตสาขาวิชา การออกแบบนิเทศศิลป์,Admission,,0,11,25,6,90.0000,63.2500
มหาวิทยาลัยกรุงเทพ,วิทยาเขตหลัก,40510108800102A,0,A8888,คณะศิลปกรรมศาสตร์,หลักสูตรศิลปกรรมศาสตรบัณฑิตสาขาวิชา การออกแบบแฟชั่น,Admission,,0,8,23,7,98.2500,60.7500
มหาวิทยาลัยกรุงเทพ,วิทยาเขตหลัก,40510108800103A,0,A8888,คณะศิลปกรรมศาสตร์,หลักสูตรศิลปกรรมศาสตรบัณฑิตสาขาวิชา ศิลปะและการออกแบบ,Admission,,0,14,20,1,93.2500,93.2500
มหาวิทยาลัยกรุงเทพ,วิทยาเขตหลัก,40510108800104E,0,A8888,คณะศิลปกรรมศาสตร์,หลักสูตรศิลปศาสตรบัณฑิตสาขาวิชาการ ออกแบบนิเทศศิลป์เชิงสร้างสรร์ค(หลักสูตร นานาชาติ),Admission,,0,8,0,0,0.0000,0.0000
มหาวิทยาลัยกรุงเทพ,วิทยาเขตหลัก,40510109300501A,0,A8888,คณะวิศวกรรมศาสตร์,หลักสูตรวิศวกรรมศาสตรบัณฑิตสาขาวิชา วิศวกรรมคอมพิวเตอร์และหุ่นยนต์,Admission,,0,12,38,11,94.2500,54.7500
มหาวิทยาลัยกรุงเทพ,วิทยาเขตหลัก,40510109301601A,0,A8888,คณะวิศวกรรมศาสตร์,หลักสูตรวิศวกรรมศาสตรบัณฑิตสาขาวิชา วิศวกรรมไฟฟ้า,Admission,,0,10,17,3,82.0000,61.0000
มหาวิทยาลัยกรุงเทพ,วิทยาเขตหลัก,40510109302601A,0,A8888,คณะวิศวกรรมศาสตร์,หลักสูตรวิศวกรรมศาสตรบัณฑิต(cid:9)สาขาวิชา วิศวกรรมมัลติมีเดียและเอ็นเตอร์เทนเมนต์,Admission,,0,8,4,1,79.7500,79.7500
มหาวิทยาลัยกรุงเทพ,วิทยาเขตหลัก,40510109303701A,0,A8888,คณะวิศวกรรมศาสตร์,หลักสูตรวิศวกรรมศาสตรบัณฑิตสาขาวิชา วิศวกรรมปัญญาประดิษฐ์และวิทยาการข้อมูล,Admission,,0,10,9,1,63.2500,63.2500
มหาวิทยาลัยกรุงเทพ,วิทยาเขตหลัก,40510110400501A,0,A8888,คณะสถาปัตยกรรมศาสตร์,หลักสูตรสถาปัตยกรรมศาสตรบัณฑิตสาขาวิชาสถาปัตยกรรม,Admission,,0,8,10,4,91.5000,72.2500
มหาวิทยาลัยกรุงเทพ,วิทยาเขตหลัก,40510110400701A,0,A8888,คณะสถาปัตยกรรมศาสตร์,หลักสูตรศิลปบัณฑิตสาขาวิชาสถาปัตยกรรม ภายใน,Admission,,0,8,15,3,81.2500,73.2500
มหาวิทยาลัยกรุงเทพ,วิทยาเขตหลัก,40510111900301A,0,A8888,คณะการสร้างเจ้าของธุรกิจและการ บริหารกิจการ,หลักสูตรบริหารธุรกิจบัณฑิตสาขาวิชาการเป็น เจ้าของธุรกิจ,Admission,,0,28,16,3,87.0000,58.7500
มหาวิทยาลัยกรุงเทพ,วิทยาเขตหลัก,40510111900302E,0,A8888,คณะการสร้างเจ้าของธุรกิจและการ บริหารกิจการ,หลักสูตรบริหารธุรกิจบัณฑิตสาขาวิชาการเป็น เจ้าของธุรกิจ (หลักสูตรนานาชาต)ิ,Admission,,0,8,0,0,0.0000,0.0000
มหาวิทยาลัยกรุงเทพ,วิทยาเขตหลัก,40510112900802A,0,A8888,คณะดิจิทัลมีเดียและศิลปะภาพยนตร์,หลักสูตรศิลปศาสตรบัณฑิตสาขาวิชาสื่อดิจิทัล,Admission,,0,24,22,3,88.2500,82.2500
มหาวิทยาลัยกรุงเทพ,วิทยาเขตหลัก,40510112901601A,0,A8888,คณะดิจิทัลมีเดียและศิลปะภาพยนตร์,หลักสูตรนิเทศศาสตรบัณฑิตสาขาวิชา ภาพยนตร์,Admission,,0,46,69,28,96.2500,60.7500
มหาวิทยาลัยกรุงเทพ,วิทยาเขตหลัก,40510112901602E,0,A8888,คณะดิจิทัลมีเดียและศิลปะภาพยนตร์,หลักสูตรศิลปศาสตรบัณฑิตสาขาวิชาการผลิต และธุรกิจภาพยนต์รซีรีส์ และเนื้อหาสากล (หลักสูตรนานาชาต)ิ,Admission,,0,7,0,0,0.0000,0.0000
มหาวิทยาลัยกรุงเทพ,วิทยาเขตหลัก,40510112901603A,0,A8888,คณะดิจิทัลมีเดียและศิลปะภาพยนตร์,หลักสูตรศิลปบัณฑิตสาขาวิชาการผลิตเสมือน และการออกแบบประสบการณ์โลกเสมือนจริง,Admission,,0,21,5,1,83.5000,83.5000
มหาวิทยาลัยศรีปทุม,วิทยาเขตหลัก,40540101300701A,0,0,คณะวิศวกรรมศาสต์ร(กทม.),วศ.บ. สาขาวิชาวิศวกรรมเครื่องกล,,,0,15,90,15,92.7500,75.5000
มหาวิทยาลัยศรีปทุม,วิทยาเขตหลัก,40540101301601A,0,0,คณะวิศวกรรมศาสต์ร(กทม.),วศ.บ. สาขาวิชาวิศวกรรมไฟฟ้า,,,0,20,117,20,97.0000,81.5000
มหาวิทยาลัยศรีปทุม,วิทยาเขตหลัก,40540101302101A,0,0,คณะวิศวกรรมศาสต์ร(กทม.),วศ.บ. สาขาวิชาวิศวกรรมโยธา,,,0,15,138,15,98.0000,87.5000
มหาวิทยาลัยศรีปทุม,วิทยาเขตหลัก,40540101302201A,0,0,คณะวิศวกรรมศาสต์ร(กทม.),วศ.บ. สาขาวิชาวิศวกรรมระบบราง,,,0,15,11,3,90.7500,75.5000
มหาวิทยาลัยศรีปทุม,วิทยาเขตหลัก,40540101302901A,0,0,คณะวิศวกรรมศาสต์ร(กทม.),วศ.บ. สาขาวิชาวิศวกรรมหุ่นยนต์และระบบ อัตโนมัติ,,,0,15,14,4,95.5000,68.5000
มหาวิทยาลัยศรีปทุม,วิทยาเขตหลัก,40540101303501A,0,0,คณะวิศวกรรมศาสต์ร(กทม.),วศ.บ. สาขาวิชาวิศวกรรมอุตสาหการและการ จัดการ,,,0,15,34,11,93.0000,65.2500
มหาวิทยาลัยศรีปทุม,วิทยาเขตหลัก,40540102610001A,0,0,คณะบริหารธุรกิจ (กทม.),บธ.บ. สาขาวิชาการบริหารและการจัดการ สมัยใหม่,,,0,15,106,15,99.0000,75.7500
มหาวิทยาลัยศรีปทุม,วิทยาเขตหลัก,40540102610601A,0,0,คณะบริหารธุรกิจ (กทม.),บธ.บ. สาขาวิชาการตลาดดิจิทัล,,,0,15,92,15,97.0000,78.7500
มหาวิทยาลัยศรีปทุม,วิทยาเขตหลัก,40540102610801A,0,0,คณะบริหารธุรกิจ (กทม.),บธ.บ. สาขาวิชาบริหารธุรกิจ,,,0,15,71,15,98.0000,71.5000
มหาวิทยาลัยศรีปทุม,วิทยาเขตหลัก,40540102610802A,0,0,คณะบริหารธุรกิจ (กทม.),บธ.บ. สาขาวิชาธุรกิจระหว่างประเทศ,,,j_01,10,43,2,98.0000,87.5000
มหาวิทยาลัยศรีปทุม,วิทยาเขตหลัก,40540102610803A,0,0,คณะบริหารธุรกิจ (กทม.),บธ.บ. สาขาวิชาธุรกิจระหว่างประเทศ (ธุรกิจ ระหว่างประเทศ +โลจิสติกส์นำเข้า-ส่งออก),,,j_01,10,75,8,96.5000,80.5000
มหาวิทยาลัยศรีปทุม,วิทยาเขตหลัก,40540103901001A,0,0,คณะนิติศาสต์ร(กทม.),น.บ.,,,0,20,110,20,97.0000,79.5000
มหาวิทยาลัยศรีปทุม,วิทยาเขตหลัก,40540104610501A,0,0,คณะบัญีช(กทม.),บช.บ.,,,0,15,137,15,100.0000,87.7500
มหาวิทยาลัยศรีปทุม,วิทยาเขตหลัก,40540105901801A,0,0,คณะศิลปศาสต์ร(กทม.),ศศ.บ. สาขาวิชาภาษาจีนสื่อสารธุรกิจ,,,0,15,62,15,98.2500,81.2500
มหาวิทยาลัยศรีปทุม,วิทยาเขตหลัก,40540105901901A,0,0,คณะศิลปศาสต์ร(กทม.),ศศ.บ. สาขาวิชาภาษาญี่ปุ่นเพื่อการสื่อสารธุรกิจ,,,0,15,85,15,99.0000,87.2500
มหาวิทยาลัยศรีปทุม,วิทยาเขตหลัก,40540105902501A,0,0,คณะศิลปศาสต์ร(กทม.),ศศ.บ. สาขาวิชาภาษาอังกฤษสื่อสารธุรกิจ,,,0,20,147,20,98.0000,77.7500
มหาวิทยาลัยศรีปทุม,วิทยาเขตหลัก,40540106800401A,0,0,คณะนิเทศศาสต์ร(กทม.),นศ.บ. สาขาวิชาสื่อสารการแสดง,,,0,15,118,16,97.0000,85.2500
มหาวิทยาลัยศรีปทุม,วิทยาเขตหลัก,40540106900101A,0,0,คณะนิเทศศาสต์ร(กทม.),นศ.บ. สาขาวิชาการออกแบบสื่อสารออนไลน์,,,0,15,50,15,94.5000,58.5000
มหาวิทยาลัยศรีปทุม,วิทยาเขตหลัก,40540106900102A,0,0,คณะนิเทศศาสต์ร(กทม.),นศ.บ. การสร้างสรรค์อีเวนต์และการจัดการ อุตสาหกรรมบันเทิง,,,0,15,113,15,98.2500,81.5000
มหาวิทยาลัยศรีปทุม,วิทยาเขตหลัก,40540106901601A,0,0,คณะนิเทศศาสต์ร(กทม.),นศ.บ. สาขาวิชาภาพยนตร์และสื่อดิจิทัล,,,0,15,125,15,96.2500,87.7500
มหาวิทยาลัยศรีปทุม,วิทยาเขตหลัก,40540107620101A,0,0,วิทยาลัยการบิน การท่องเที่ยว และ การบริการ (กทม.),ศศ.บ. สาขาวิชาการจัดการธุรกิจโรงแรมและการออกแบบประสบการณ์ท่องเที่ยว,,,0,15,57,10,86.7500,74.2500
มหาวิทยาลัยศรีปทุม,วิทยาเขตหลัก,40540107620102A,0,0,วิทยาลัยการบิน การท่องเที่ยว และ การบริการ (กทม.),ศศ.บ. สาขาวิชาการจัดการบริการธุรกิจเรือ สำราญ,,,0,15,48,9,89.0000,70.5000
มหาวิทยาลัยศรีปทุม,วิทยาเขตหลัก,40540107620201A,0,0,วิทยาลัยการบิน การท่องเที่ยว และ การบริการ (กทม.),ศศ.บ. สาขาวิชาธุรกิจการบิน,,,0,15,124,15,97.2500,89.2500
มหาวิทยาลัยศรีปทุม,วิทยาเขตหลัก,40540107620202A,0,0,วิทยาลัยการบิน การท่องเที่ยว และกา รบริกา (กทม.),วท.บ. สาขาวิชาการจัดการความปลอดภัยการ บิน,,,0,15,33,13,95.0000,0.0000
มหาวิทยาลัยศรีปทุม,วิทยาเขตหลัก,40540108400501A,0,0,คณะการออกแบบและสถาปัตยกรรม ศาสต์ร(กทม.),สถ.บ. สาขาวิชาสถาปัตยกรรม,,,0,15,44,8,83.0000,0.0000
มหาวิทยาลัยศรีปทุม,วิทยาเขตหลัก,40540108400701A,0,0,คณะการออกแบบและสถาปัตยกรรม ศาสต์ร(กทม.),ศป.บ. สาขาวิชาการออกแบบภายใน,,,0,15,49,9,71.5000,52.0000
มหาวิทยาลัยศรีปทุม,วิทยาเขตหลัก,40540109800101A,0,0,คณะดิจิทัลมีเดีย (กทม.),ศป.บ. สาขาวิชาการออกแบบอินเทอร์แอคทีฟ และเกม,,,0,30,61,9,95.2500,54.2500
มหาวิทยาลัยศรีปทุม,วิทยาเขตหลัก,40540109800102A,0,0,คณะดิจิทัลมีเดีย (กทม.),ศป.บ. สาขาวิชาการออกแบบกราฟิก,,,0,30,42,7,94.0000,51.7500
มหาวิทยาลัยศรีปทุม,วิทยาเขตหลัก,40540109800103A,0,0,คณะดิจิทัลมีเดีย (กทม.),ศป.บ. สาขาวิชาดิจิทัลอาร์ตส์,,,0,30,69,16,96.5000,0.0000
มหาวิทยาลัยศรีปทุม,วิทยาเขตหลัก,40540109800104A,0,0,คณะดิจิทัลมีเดีย (กทม.),ศป.บ. สาขาวิชาคอมพิวเตอร์แอนิเมชันและ วิชวลเอฟเฟกต์,,,0,30,50,12,91.2500,0.0000
มหาวิทยาลัยศรีปทุม,วิทยาเขตหลัก,40540110220101A,0,0,คณะเทคโนโลยีสารสนเทศ (กทม.),วท.บ. สาขาวิชาเทคโนโลยีสารสนเทศและการ สื่อสาร,,,0,15,33,10,93.0000,52.7500
มหาวิทยาลัยศรีปทุม,วิทยาเขตหลัก,40540110220201A,0,0,คณะเทคโนโลยีสารสนเทศ (กทม.),วท.บ. สาขาวิชาวิทยาการคอมพิวเตอร์และนวัตกรรมการพัฒนาซอฟต์แวร์,,,j_02,15,59,8,85.0000,40.0000
มหาวิทยาลัยศรีปทุม,วิทยาเขตหลัก,40540110220202A,0,0,คณะเทคโนโลยีสารสนเทศ (กทม.),วท.บ. สาขาวิชาวิทยาการคอมพิวเตอร์และนวัตกรรมการพัฒนาซอฟต์แว์ร(เลือก Software Full Stack Development),,,j_02,15,39,7,89.5000,0.0000
มหาวิทยาลัยศรีปทุม,วิทยาเขตหลัก,40540110300501A,0,0,คณะเทคโนโลยีสารสนเทศ (กทม.),วศ.บ. สาขาวิชาวิศวกรรมคอมพิวเตอร์,,,0,15,58,16,92.0000,0.0000
มหาวิทยาลัยศรีปทุม,วิทยาเขตหลัก,40540111212401A,0,0,คณะการสร้างเจ้าของธุรกิจ (กทม.),วท.บ. สาขาวิชาสหวิทยาการ เทคโนโลยีและนวัตกรรม,,,0,15,6,2,81.0000,76.2500
มหาวิทยาลัยศรีปทุม,วิทยาเขตหลัก,40540111610804A,0,0,คณะการสร้างเจ้าของธุรกิจ (กทม.),บธ.บ. สาขาวิชาการเป็นเจ้าของธุรกิจและ สร้างสรรค์นวัตกรรม,,,0,15,10,2,94.2500,67.2500
มหาวิทยาลัยศรีปทุม,วิทยาเขตหลัก,40540112611001A,0,0,วิทยาลัยโลจิสติกส์และซัพพลายเชน (กทม.),บธ.บ. สาขาวิชาการจัดการโลจิสติกส์และโซ่ อุปทาน,,,0,30,63,20,87.7500,59.0000
มหาวิทยาลัยศรีปทุม,วิทยาเขตหลัก,40540113610201E,0,0,วิทยาลัยนานาชาติ (กทม.),บธ.บ. (หลักสูตรนานาชาต)ิ,,,0,15,2,0,0.0000,0.0000
มหาวิทยาลัยศรีปทุม,วิทยาเขตหลัก,40540113620203E,0,0,วิทยาลัยนานาชาติ (กทม.),ศศ.บ. สาขาวิชาธุรกิจการบิน (หลักสูตร นานาชาติ),,,0,15,8,2,89.5000,66.2500
มหาวิทยาลัยศรีปทุม,วิทยาเขตชลบุรี,40540202610001A,0,0,คณะบริหารธุรกิจ (วิทยาเขตชลบุรี),บธ.บ. สาขาวิชาการบริหารและการจัดการ สมัยใหม่,,,0,15,30,6,80.2500,69.0000
มหาวิทยาลัยศรีปทุม,วิทยาเขตชลบุรี,40540202610601A,0,0,คณะบริหารธุรกิจ (วิทยาเขตชลบุรี),บธ.บ. สาขาวิชาการตลาดดิจิทัล,,,0,15,29,3,66.7500,63.0000
มหาวิทยาลัยศรีปทุม,วิทยาเขตชลบุรี,40540203901001A,0,0,คณะนิติศาสตร(์วิทยาเขตชลบุรี),น.บ.,,,0,15,47,15,88.0000,58.0000
มหาวิทยาลัยศรีปทุม,วิทยาเขตชลบุรี,40540204610501A,0,0,คณะบัญีช(วิทยาเขตชลบุรี),บช.บ.,,,0,20,21,4,95.2500,85.7500
มหาวิทยาลัยศรีปทุม,วิทยาเขตชลบุรี,40540205901801A,0,0,คณะศิลปศาสตร(์วิทยาเขตชลบุรี),ศศ.บ. สาขาวิชาภาษาจีนสื่อสารธุรกิจ,,,0,15,22,9,93.7500,0.0000
มหาวิทยาลัยศรีปทุม,วิทยาเขตชลบุรี,40540205902501A,0,0,คณะศิลปศาสตร(์วิทยาเขตชลบุรี),ศศ.บ. สาขาวิชาภาษาอังกฤษสื่อสารธุรกิจ,,,0,15,25,6,80.2500,0.0000
มหาวิทยาลัยศรีปทุม,วิทยาเขตชลบุรี,40540206900101A,0,0,คณะนิเทศศาสตร(์วิทยาเขตชลบุรี),นศ.บ. สาขาวิชาการออกแบบสื่อดิจิทัล,,,0,15,35,8,87.0000,64.0000
มหาวิทยาลัยศรีปทุม,วิทยาเขตชลบุรี,40540210220101A,0,0,คณะเทคโนโลยีสารสนเทศ (วิทยาเขต ชลบุรี),วท.บ. สาขาวิชาเทคโนโลยีสารสนเทศและการ สื่อสาร,,,0,15,13,1,79.7500,79.7500
มหาวิทยาลัยศรีปทุม,วิทยาเขตชลบุรี,40540212611001A,0,0,คณะโลจิสติกส์และซัพพลายเชน (วิทยาเขตชลบุรี),บธ.บ. สาขาวิชาการจัดการโลจิสติกส์และโซ่ อุปทาน,,,0,20,49,15,95.0000,51.5000
มหาวิทยาลัยศรีปทุม,วิทยาเขต ขอนแก่น,40540302610001A,0,0,คณะบริหารธุรกิจ (วิทยาเขตขอนแก่น),บธ.บ. สาขาวิชาการบริหารและการจัดการ สมัยใหม่,,,0,10,8,0,0.0000,0.0000
มหาวิทยาลัยศรีปทุม,วิทยาเขต ขอนแก่น,40540302610601A,0,0,คณะบริหารธุรกิจ (วิทยาเขตขอนแก่น),บธ.บ. สาขาวิชาการตลาดดิจิทัล,,,0,10,13,2,97.0000,59.7500
มหาวิทยาลัยศรีปทุม,วิทยาเขต ขอนแก่น,40540303901001A,0,0,คณะนิติศาสตร(์วิทยาเขตขอนแก่น),น.บ.,,,0,10,20,6,90.2500,65.7500
มหาวิทยาลัยศรีปทุม,วิทยาเขต ขอนแก่น,40540304610501A,0,0,คณะบัญีช(วิทยาเขตขอนแก่น),บช.บ.,,,0,10,11,2,96.2500,87.7500
มหาวิทยาลัยศรีปทุม,วิทยาเขต ขอนแก่น,40540305902501A,0,0,คณะศิลปศาสตร(์วิทยาเขตขอนแก่น),ศศ.บ. สาขาวิชาภาษาอังกฤษสื่อสารธุรกิจ,,,0,10,8,1,76.5000,76.5000
มหาวิทยาลัยศรีปทุม,วิทยาเขต ขอนแก่น,40540306800401A,0,0,คณะนิเทศศาสตร(์วิทยาเขตขอนแก่น),นศ.บ. สาขาวิชาสื่อสารการแสดง,,,0,10,17,5,77.2500,46.2500
มหาวิทยาลัยศรีปทุม,วิทยาเขต ขอนแก่น,40540306900101A,0,0,คณะนิเทศศาสตร(์วิทยาเขตขอนแก่น),นศ.บ. สาขาวิชาการออกแบบสื่อสารออนไลน์,,,0,10,7,1,92.0000,92.0000
มหาวิทยาลัยศรีปทุม,วิทยาเขต ขอนแก่น,40540306903401A,0,0,คณะนิเทศศาสตร(์วิทยาเขตขอนแก่น),นศ.บ. สาขาวิชาดิจิทัลทีวีและสื่อออนไลน์,,,0,10,7,1,63.2500,63.2500
มหาวิทยาลัยศรีปทุม,วิทยาเขต ขอนแก่น,40540307620101A,0,0,วิทยาลัยการบิน การท่องเที่ยว และ การบริการ (วิทยาเขตขอนแก่น),ศศ.บ. สาขาวิชาการจัดการธุรกิจโรงแรมและการออกแบบประสบการณ์ท่องเที่ยว,,,0,10,2,1,90.0000,90.0000
มหาวิทยาลัยศรีปทุม,วิทยาเขต ขอนแก่น,40540307620201A,0,0,วิทยาลัยการบิน การท่องเที่ยว และกา รบริกา (วิทยาเขตขอนแก่น),ศศ.บ. สาขาวิชาธุรกิจการบิน,,,0,10,14,2,88.7500,87.5000
มหาวิทยาลัยศรีปทุม,วิทยาเขต ขอนแก่น,40540310211601A,0,0,คณะเทคโนโลยีสารสนเทศ (วิทยาเขต ขอนแก่น),วท.บ. สาขาวิชาเทคโนโลยีมัลติมีเดีย,,,0,10,5,3,94.5000,0.0000
มหาวิทยาลัยศรีปทุม,วิทยาเขต ขอนแก่น,40540310212401A,0,0,คณะเทคโนโลยีสารสนเทศ (วิทยาเขต ขอนแก่น),ทล.บ. สาขาวิชานวัตกรรมธุรกิจดิจิทัล,,,0,10,1,1,88.5000,88.5000
มหาวิทยาลัยศรีปทุม,วิทยาเขต ขอนแก่น,40540312611001A,0,0,วิทยาลัยโลจิสติกส์และซัพพลายเชน (วิทยาเขตขอนแก่น),บธ.บ. สาขาวิชาการจัดการโลจิสติกส์และโซ่ อุปทาน,,,0,10,13,4,91.7500,57.0000
มหาวิทยาลัยหอการค้าไทย,วิทยาเขตหลัก,40560101610101A,0,A3021,คณะบริหารธุรกิจ,หลักสูตรบริหารธุรกิจบัณฑิต(การเงินการลงทุน),หลักสูตร บริหารธุรกิจบัณฑิต(การเงินการลงทุน),,0,125,100,27,97.5000,0.0000
มหาวิทยาลัยหอการค้าไทย,วิทยาเขตหลัก,40560101610201A,0,A3031,คณะบริหารธุรกิจ,หลักสูตรบริหารธุรกิจบัณฑิต(การจัดการ),หลักสูตร บริหารธุรกิจบัณฑิต(การจัดการ),,0,250,78,19,95.5000,0.0000
มหาวิทยาลัยหอการค้าไทย,วิทยาเขตหลัก,40560101610601A,0,A3001,คณะบริหารธุรกิจ,หลักสูตรบริหารธุรกิจบัณฑิต(การตลาด),หลักสูตร บริหารธุรกิจบัณฑิต(การตลาด),,0,125,123,39,97.0000,49.7500
มหาวิทยาลัยหอการค้าไทย,วิทยาเขตหลัก,40560101610602E,0,A3091,คณะบริหารธุรกิจ,หลักสูตรบริหารธุรกิจบัณฑิตหลักสูตร นานาชาติ (กลุ่มวิชาการตลาดดิจิทัล),หลักสูตร บริหารธุรกิจบัณฑิตหลักสูตรนานาชาติ (กลุ่มวิชาการตลาด ดิจิทัล),,0,50,0,0,0.0000,0.0000
มหาวิทยาลัยหอการค้าไทย,วิทยาเขตหลัก,40560101610701A,0,A3041,คณะบริหารธุรกิจ,หลักสูตรบริหารธุรกิจบัณฑิต(ธุรกิจดิจิทัลและนวัตกรรม),หลักสูตร บริหารธุรกิจบัณฑิต(ธุรกิจดิจิทัลและนวัตกรรม),,0,125,29,7,83.5000,45.2500
มหาวิทยาลัยหอการค้าไทย,วิทยาเขตหลัก,40560101610801A,0,A3011,คณะบริหารธุรกิจ,หลักสูตรบริหารธุรกิจบัณฑิต(การบริหารธุรกิจ ระหว่างประเทศ),หลักสูตร บริหารธุรกิจบัณฑิต(การบริหารธุรกิจ ระหว่างประเทศ),,0,125,63,20,95.2500,0.0000
มหาวิทยาลัยหอการค้าไทย,วิทยาเขตหลัก,40560101610802A,0,A3061,คณะบริหารธุรกิจ,หลักสูตรบริหารธุรกิจบัณฑิต(ธุรกิจเกมและอี สปอร์ต),หลักสูตร บริหารธุรกิจบัณฑิต(ธุรกิจเกมและอี สปอร์ต),,0,100,12,4,94.5000,78.0000
มหาวิทยาลัยหอการค้าไทย,วิทยาเขตหลัก,40560101611001A,0,A3051,คณะบริหารธุรกิจ,หลักสูตรบริหารธุรกิจบัณฑิต(การจัดการโลิจสติกส์),หลักสูตร บริหารธุรกิจบัณฑิต(การจัดการโลจิสติกส)์,,0,125,91,19,97.7500,0.0000
มหาวิทยาลัยหอการค้าไทย,วิทยาเขตหลัก,40560101800101E,0,A3002,คณะบริหารธุรกิจ,หลักสูตรบริหารธุรกิจบัณฑิตหลักสูตร นานาชาติ (กลุ่มวิชาการออกแบบปฏิสัมพันธ์),หลักสูตร บริหารธุรกิจบัณฑิตหลักสูตรนานาชาติ (กลุ่มวิชาการ ออกแบบปฏิสัมพันธ์),,0,50,0,0,0.0000,0.0000
มหาวิทยาลัยหอการค้าไทย,วิทยาเขตหลัก,40560101900301E,0,A3081,คณะบริหารธุรกิจ,หลักสูตรบริหารธุรกิจบัณฑิต(กลุ่มวิชาการ ประกอบการด้วยเทคโนโลยีขั้นสูง),หลักสูตร บริหารธุรกิจบัณฑิตหลักสูตรนานาชาติ (กลุ่มวิชาการ ประกอบการด้วย เทคโนโลยีขั้นสูง),,0,50,0,0,0.0000,0.0000
มหาวิทยาลัยหอการค้าไทย,วิทยาเขตหลัก,40560102610501A,0,B3001,คณะบัญชี,หลักสูตรบัญชีบัณฑิต,หลักสูตรบัญชีบัณฑิต,,0,600,255,93,100.0000,0.0000
มหาวิทยาลัยหอการค้าไทย,วิทยาเขตหลัก,40560103611101A,0,C3001,คณะเศรษฐศาสตร์,หลักสูตรเศรษฐศาสตรบัณฑิต,หลักสูตร เศรษฐศาสตรบัณฑิต,,0,200,43,11,95.2500,47.5000
มหาวิทยาลัยหอการค้าไทย,วิทยาเขตหลัก,40560104800401A,0,D3041,คณะมนุษยศาสตร์,หลักสูตรศิลปศาสตรบัณฑิต(ศิลปะและธุรกิจ การแสดง),หลักสูตรศิลปศาสตร บัณฑิต(ศิลปะและ ธุรกิจการแสดง),,0,50,24,6,77.2500,57.2500
มหาวิทยาลัยหอการค้าไทย,วิทยาเขตหลัก,40560104901701A,0,D3051,คณะมนุษยศาสตร์,หลักสูตรศิลปศาสตรบัณฑิต(ภาษาเกาหลี),หลักสูตรศิลปศาสตร บัณฑิต(ภาษาเกาหลี),,0,70,49,20,98.0000,0.0000
มหาวิทยาลัยหอการค้าไทย,วิทยาเขตหลัก,40560104901801A,0,D3031,คณะมนุษยศาสตร์,หลักสูตรศิลปศาสตรบัณฑิต(ภาษาจีน),หลักสูตรศิลปศาสตร บัณฑิต(ภาษาจีน),,0,70,56,16,97.2500,66.2500
มหาวิทยาลัยหอการค้าไทย,วิทยาเขตหลัก,40560104901901A,0,D3011,คณะมนุษยศาสตร์,หลักสูตรศิลปศาสตรบัณฑิต(ภาษาญี่ปุ่น),หลักสูตรศิลปศาสตร บัณฑิต(ภาษาญี่ปุ่น),,0,80,59,15,95.5000,63.5000
มหาวิทยาลัยหอการค้าไทย,วิทยาเขตหลัก,40560104902001A,0,D3021,คณะมนุษยศาสตร์,หลักสูตรศิลปศาสตรบัณฑิต(ภาษาไทยเพื่อ การสื่อสาร),หลักสูตรศิลปศาสตร บัณฑิต(ภาษาไทย เพื่อการสื่อสาร),,0,80,8,2,74.2500,73.5000
มหาวิทยาลัยหอการค้าไทย,วิทยาเขตหลัก,40560104902501A,0,D3001,คณะมนุษยศาสตร์,หลักสูตรศิลปศาสตรบัณฑิต(ภาษาอังกฤษเพื่อ อาชีพและการสื่อสารนานาชาติ),หลักสูตรศิลปศาสตร บัณฑิต(ภาษาอังกฤษเพื่อ อาชีพและการ สื่อสารนานาชาติ),,0,300,58,17,98.7500,45.2500
มหาวิทยาลัยหอการค้าไทย,วิทยาเขตหลัก,40560105110401A,0,E3101,คณะวิทยาศาสตร์และเทคโนโลยี,หลักสูตรวิทยาศาสตร์บัณฑิต(สหวิทยาการ),หลักสูตร วิทยาศาสตร์บัณฑิต(สหวิทยาการ),,0,25,5,2,87.5000,70.7500
มหาวิทยาลัยหอการค้าไทย,วิทยาเขตหลัก,40560105111101A,0,E3091,คณะวิทยาศาสตร์และเทคโนโลยี,หลักสูตรวิทยาศาสตร์บัณฑิต(บูรณาการ ส่งเสริมสุขภาพและความงาม),หลักสูตร วิทยาศาสตร์บัณฑิต(บูรณาการส่งเสริม สุขภาพและความงาม),,0,35,25,6,93.5000,63.7500
มหาวิทยาลัยหอการค้าไทย,วิทยาเขตหลัก,40560105210801A,0,E3051,คณะวิทยาศาสตร์และเทคโนโลยี,หลักสูตรเทคโนโลยีบัณฑิต(เทคโนโลยีดิจิทัล),หลักสูตรเทคโนโลียบัณฑิต(เทคโนโลียดิจิทัล),,0,25,3,0,0.0000,0.0000
มหาวิทยาลัยหอการค้าไทย,วิทยาเขตหลัก,40560105211001A,0,E3011,คณะวิทยาศาสตร์และเทคโนโลยี,หลักสูตรวิทยาศาสตรบัณฑิต(เทคโนโลยีการ อาหารและนวัตกรรม),หลักสูตรวิทยา ศาสตรบัณฑิต(เทคโนโลยีการ อาหารและนวัตกรรม),,0,40,8,0,0.0000,0.0000
มหาวิทยาลัยหอการค้าไทย,วิทยาเขตหลัก,40560105220101A,0,E3021,คณะวิทยาศาสตร์และเทคโนโลยี,หลักสูตรวิทยาศาสตรบัณฑิต(เทคโนโลียสารสนเทศ),หลักสูตรวิทยา ศาสตรบัณฑิต(เทคโนโลียสารสนเทศ),,0,60,10,3,91.7500,0.0000
มหาวิทยาลัยหอการค้าไทย,วิทยาเขตหลัก,40560105220201A,0,E3001,คณะวิทยาศาสตร์และเทคโนโลยี,หลักสูตรวิทยาศาสตรบัณฑิต(วิทยาการ คอมพิวเตอร)์,หลักสูตรวิทยา ศาสตรบัณฑิต(วิทยาการ คอมพิวเตอร)์,,0,60,30,7,95.0000,63.7500
มหาวิทยาลัยหอการค้าไทย,วิทยาเขตหลัก,40560105220201E,0,E3051,คณะวิทยาศาสตร์และเทคโนโลยี,หลักสูตรวิทยาศาสตร์บัณฑิต(กลุ่มวิชา วิทยาการคอมพิวเตอร์และเทคโนโลยีดิจิทัล),หลักสูตร วิทยาศาสตร์บัณฑิต(กลุ่มวิชาวิทยาการ คอมพิวเตอร์และเทคโนโลยีดิจิทัล),,0,50,0,0,0.0000,0.0000
มหาวิทยาลัยหอการค้าไทย,วิทยาเขตหลัก,40560105220202E,0,E3071,คณะวิทยาศาสตร์และเทคโนโลยี,หลักสูตรวิทยาศาสตร์บัณฑิต(กลุ่มวิชาความ ปลอดภัยทางไซเบอร์),หลักสูตร วิทยาศาสตร์บัณฑิต(กลุ่มวิชาความ ปลอดภัยทางไซเบอร์),,0,50,0,0,0.0000,0.0000
มหาวิทยาลัยหอการค้าไทย,วิทยาเขตหลัก,40560105220301E,0,E3061,คณะวิทยาศาสตร์และเทคโนโลยี,หลักสูตรวิทยาศาสตร์บัณฑิต(กลุ่มวิชา วิทยาการข้อมูล),หลักสูตร วิทยาศาสตร์บัณฑิต(กลุ่มวิชาวิทยาการ ข้อมูล),,0,50,0,0,0.0000,0.0000
มหาวิทยาลัยหอการค้าไทย,วิทยาเขตหลัก,40560105220501A,0,E3041,คณะวิทยาศาสตร์และเทคโนโลยี,หลักสูตรวิทยาศาสตรบัณฑิต(ดิจิทัลเกมซิมูเล ชัน),หลักสูตรวิทยา ศาสตรบัณฑิต(ดิจิทัลเกมซิมูเลชัน),,0,55,10,1,94.2500,94.2500
มหาวิทยาลัยหอการค้าไทย,วิทยาเขตหลัก,40560105300201A,0,E3031,คณะวิทยาศาสตร์และเทคโนโลยี,หลักสูตรวิทยาศาสตรบัณฑิต(วิศวกรรมการเงิน),หลักสูตรวิทยา ศาสตรบัณฑิต(วิศวกรรมการเงิน),,0,70,8,2,96.0000,91.5000
มหาวิทยาลัยหอการค้าไทย,วิทยาเขตหลัก,40560106901101A,0,F3001,คณะนิเทศศาสตร์,หลักสูตรนิเทศศาสตรบัณฑิต(นิเทศศาสต์รการตลาดดิจิทัล),หลักสูตรนิเทศศา สตรบัณฑิต(นิเทศ ศาสตร์การตลาด ดิจิทัล),,0,150,72,22,95.2500,0.0000
มหาวิทยาลัยหอการค้าไทย,วิทยาเขตหลัก,40560106901102A,0,F3021,คณะนิเทศศาสตร์,หลักสูตรนิเทศศาสตรบัณฑิต(ภาพยนตร์ดิจิทัล),หลักสูตรนิเทศศา สตรบัณฑิต(ภาพยนตร์ดิจิทัล),,0,150,106,33,89.0000,0.0000
มหาวิทยาลัยหอการค้าไทย,วิทยาเขตหลัก,40560106903401A,0,F3011,คณะนิเทศศาสตร์,หลักสูตรนิเทศศาสตรบัณฑิต(การกระจาย เสียงแพร่ภาพและสตรีมมิ่ง),หลักสูตรนิเทศศา สตรบัณฑิต(การ กระจายเสียงแพ่รภาพและสตรีมมิ่ง),,0,150,22,7,91.7500,55.7500
มหาวิทยาลัยหอการค้าไทย,วิทยาเขตหลัก,40560107300501A,0,G3001,คณะวิศวกรรมศาสตร์,หลักสูตรวิศวกรรมศาสตรบัณฑิต(วิศวกรรม คอมพิวเตอร์และปัญญาประดิษฐ์),หลักสูตรวิศวกรรม ศาสตรบัณฑิต(วิศวกรรม คอมพิวเตอร์และ ปัญญาประดิษฐ์),,0,60,31,5,94.2500,0.0000
มหาวิทยาลัยหอการค้าไทย,วิทยาเขตหลัก,40560107301601A,0,G3011,คณะวิศวกรรมศาสตร์,หลักสูตรวิศวกรรมศาสตรบัณฑิต(วิศวกรรมไฟฟ้าและพลังงาน),หลักสูตรวิศวกรรม ศาสตรบัณฑิต(วิศวกรรมไฟฟ้าและ พลังงาน),,0,60,15,7,87.5000,0.0000
มหาวิทยาลัยหอการค้าไทย,วิทยาเขตหลัก,40560107302401A,0,G3021,คณะวิศวกรรมศาสตร์,หลักสูตรวิศวกรรมศาสตรบัณฑิต(วิศวกรรมโล จิสติกส)์,หลักสูตรวิศวกรรม ศาสตรบัณฑิต(วิศวกรรมโลจิสติกส์),,0,60,24,3,90.7500,80.5000
มหาวิทยาลัยหอการค้าไทย,วิทยาเขตหลัก,40560108901001A,0,H3001,คณะนิติศาสตร์,หลักสูตรนิติศาสตรบัณฑิต,หลักสูตรนิติศาสตร บัณฑิต,,0,300,45,15,94.2500,0.0000
มหาวิทยาลัยหอการค้าไทย,วิทยาเขตหลัก,40560109610501E,0,I3011,วิทยาลัยนานาชาติเพื่อการจัดการ,บัญชีบัณฑิตหลักสูตรนานาชาติ,บัญชีบัณฑิตหลักสูตรนานาชาติ,,0,50,6,0,0.0000,0.0000
มหาวิทยาลัยหอการค้าไทย,วิทยาเขตหลัก,40560109610801E,0,I3001,วิทยาลัยนานาชาติเพื่อการจัดการ,บริหารธุรกิจบัณฑิตนานาชาติ (การ บริหารธุรกิจระหว่างประเทศ),บริหารธุรกิจบัณฑิตนานาชาติ (การ บริหารธุรกิจระหว่าง ประเทศ),,0,60,2,1,87.5000,87.5000
มหาวิทยาลัยหอการค้าไทย,วิทยาเขตหลัก,40560109620101E,0,I3021,วิทยาลัยนานาชาติเพื่อการจัดการ,บริหารธุรกิจบัณฑิตหลักสูตรนานาชาติ (การ จัดการธุรกิจการบริการ),บริหารธุรกิจบัณฑิตหลักสูตรนานาชาติ (การจัดการธุรกิจ การบริการ),,0,50,2,1,81.7500,81.7500
มหาวิทยาลัยหอการค้าไทย,วิทยาเขตหลัก,40560110900301A,0,J3001,วิทยาลัยผู้ประกอบการ,หลักสูตรบริหารธุรกิจบัณฑิต(การประกอบการ),หลักสูตร บริหารธุรกิจบัณฑิต(การประกอบการ),,0,100,12,2,89.5000,68.2500
มหาวิทยาลัยหอการค้าไทย,วิทยาเขตหลัก,40560111610201A,0,K3031,คณะการท่องเที่ยวและอุตสาหกรรม บริการ,หลักสูตรศิลปศาสตรบัณฑิต(การผลิตและการ จัดการอีเว้นท)์,หลักสูตรศิลปศาสตร บัณฑิต(การผลิต และการจัดการีอเว้นท์),,0,230,106,44,97.5000,50.2500
มหาวิทยาลัยหอการค้าไทย,วิทยาเขตหลัก,40560111620101A,0,K3001,คณะการท่องเที่ยวและอุตสาหกรรม บริการ,หลักสูตรบริหารธุรกิจบัณฑิต(การจัดการการ โรงแรม),หลักสูตร บริหารธุรกิจบัณฑิต(การจัดการการ โรงแรม),,0,60,18,3,98.0000,64.7500
มหาวิทยาลัยหอการค้าไทย,วิทยาเขตหลัก,40560111620102A,0,K3011,คณะการท่องเที่ยวและอุตสาหกรรม บริการ,หลักสูตรศิลปศาสตรบัณฑิต(การจัดการการ ท่องเที่ยวและนวัตกรรมบริการ),หลักสูตรศิลปศาสตร บัณฑิต(การจัดการ การท่องเที่ยวและนวัตกรรมบริการ),,0,50,12,0,0.0000,0.0000
มหาวิทยาลัยหอการค้าไทย,วิทยาเขตหลัก,40560111620103A,0,K3041,คณะการท่องเที่ยวและอุตสาหกรรม บริการ,หลักสูตรบริหารธุรกิจบัณฑิต(ศิลปะการ ประกอบอาหารและการจัดการภัตตาคาร),หลักสูตร บริหารธุรกิจบัณฑิต(ศิลปะการประกอบ อาหารและการ จัดการภัตตาคาร),,0,70,18,2,84.5000,70.7500
มหาวิทยาลัยหอการค้าไทย,วิทยาเขตหลัก,40560111620201A,0,K3021,คณะการท่องเที่ยวและอุตสาหกรรม บริการ,หลักสูตรศิลปศาสตรบัณฑิต(การจัดการธุรกิจ การบิน),หลักสูตรศิลปศาสตร บัณฑิต(การจัดการ ธุรกิจการบิน),,0,100,55,16,96.0000,57.7500
มหาวิทยาลัยหอการค้าไทย,วิทยาเขตหลัก,40560112700601A,0,L3001,คณะการศึกษาปฐมวัย,หลักสูตรศึกษาศาสตรบัณฑิต(การศึกษาปฐมวัย),หลักสูตรศึกษา ศาสตรบัณฑิต(การศึกษาปฐมวัย),,0,15,66,15,64.1888,49.9148
มหาวิทยาลัยหอการค้าไทย,วิทยาเขตหลัก,40560113800101A,0,M3001,คณะศิลปะและการออกแบบดิจิทัล,หลักสูตรศิลปกรรมศาสตรบัณฑิต(ดิจิทัลอาร์ต),หลักสูตร ศิลปกรรมศาสตร บัณฑิต(ดิจิทัลอาร์ต),,0,50,55,13,97.7500,47.0000
มหาวิทยาลัยหอการค้าไทย,วิทยาเขตหลัก,40560114111701A,0,N3001,คณะพยาบาลศาสตร์,หลักสูตรพยาบาลศาสตรบัณฑิต,หลักสูตรพยาบาลศา สตรบัณฑิต,,0,20,535,20,99.2500,94.7500
มหาวิทยาลัยคริสเตียน,วิทยาเขตหลัก,40590101300901A,0,0,คณะวิทยาศาสตร์สุขภาพ,วิศวกรรมศาสตรบัณฑิตสาขาวิชาวิศวกรรมชีว การแพทย์,,,0,20,0,0,0.0000,0.0000
มหาวิทยาลัยคริสเตียน,วิทยาเขตหลัก,40590102211601A,0,0,คณะสหวิทยาการ,วิทยาศาสตรบัณฑิตสาขาวิชาการออกแบบ กราฟิกและมัลติมีเดีย,,,0,20,0,0,0.0000,0.0000
มหาวิทยาลัยคริสเตียน,วิทยาเขตหลัก,40590103610201A,0,0,คณะสหวิทยาการ,บริหารธุรกิจบัณฑิตสาขาวิชาการจัดการ บริการสุขภาพ,,,0,20,0,0,0.0000,0.0000
มหาวิทยาลัยคริสเตียน,วิทยาเขตหลัก,40590104620101A,0,0,คณะสหวิทยาการ,ศิลปศาสตรบัณฑิตสาขาวิชาการจัดการ ท่องเที่ยวและบริการ,,,0,20,0,0,0.0000,0.0000
มหาวิทยาลัยเทคโนโลยีมหานคร,วิทยาเขตหลัก,40610111112901A,A,0,สหเวชศาสต์รสาธารณสุขศาสต์รเทคนิคการแพท์ยพยาบาลศาสต์รวิทยาศาสตร์การกีฬา,วท.บ.การพยาบาลสัตว์,,วท.บ.การ พยาบาลสัตว์,0,50,194,50,42.7032,30.7973
มหาวิทยาลัยเทคโนโลยีมหานคร,วิทยาเขตหลัก,40610114140101A,A,0,สัตวแพทยศาสตร์,สพ.บ.สัตวแพทยศาสตร์,,สพ.บ.สัตว แพทยศาสตร์,0,55,463,55,59.9874,51.4820
มหาวิทยาลัยเทคโนโลยีมหานคร,วิทยาเขตหลัก,40610130300501A,A,0,วิศวกรรมศาสตร์,วศ.บ. วิศวกรรมคอมพิวเตอร์และ ปัญญาประดิษฐ์,,วศ.บ. วิศวกรรม คอมพิวเตอ์รและ ปัญญาประดิ ษฐ์,0,50,19,3,53.1195,16.0000
มหาวิทยาลัยเทคโนโลยีมหานคร,วิทยาเขตหลัก,40610130300702A,A,0,วิศวกรรมศาสตร์,วศ.บ. วิศวกรรมเครื่องกล,,วศ.บ. วิศวกรรมเครื่ องกล,0,50,10,2,43.1995,36.2385
มหาวิทยาลัยเทคโนโลยีมหานคร,วิทยาเขตหลัก,40610130301703A,A,0,วิศวกรรมศาสตร์,วศ.บ. วิศวกรรมไฟฟ้ากำลัง,,วศ.บ. วิศวกรรมไฟ ฟ้ากำลัง,0,50,16,8,58.0500,9.6000
มหาวิทยาลัยเทคโนโลยีมหานคร,วิทยาเขตหลัก,40610130301804A,A,0,วิศวกรรมศาสตร์,วศ.บ. วิศวกรรมไฟฟ้าสื่อสารและอิเล็กทรอนิกส์,,วศ.บ. วิศวกรรมไฟ ฟ้าสื่อสาร และ อิเล็กทรอนิก ส์,0,50,1,0,0.0000,0.0000
มหาวิทยาลัยเทคโนโลยีมหานคร,วิทยาเขตหลัก,40610130301905A,A,0,วิศวกรรมศาสตร์,วศ.บ. วิศวกรรมเมคคาทรอนิกส์และออโตเมชัน,,วศ.บ. วิศวกรรม เมคคาทรอ นิกส์และออ โตเมชัน,0,50,4,0,0.0000,0.0000
มหาวิทยาลัยเทคโนโลยีมหานคร,วิทยาเขตหลัก,40610130302106A,A,0,วิศวกรรมศาสตร์,วศ.บ. วิศวกรรมโยธา,,วศ.บ. วิศวกรรม โยธา,0,50,20,8,46.0600,27.2930
มหาวิทยาลัยเทคโนโลยีมหานคร,วิทยาเขตหลัก,40610130302307A,A,0,วิศวกรรมศาสตร์,วศ.บ. วิศวกรรมควบคุมอุตสาหกรรมและ เครื่องมือวัด,,วศ.บ. วิศวกรรม ควบคุม อุตสาหกรรม และ เครื่องมือวัด,0,50,1,0,0.0000,0.0000
มหาวิทยาลัยเทคโนโลยีมหานคร,วิทยาเขตหลัก,40610161610801A,A,0,บริหารธุรกิจ พาณิชยศาสต์รการบัญีชและเศรษฐศาสตร์,บธ.บ.บริหารธุรกิจเพื่อเศรษฐกิจดิจิทัล,,บธ.บ. บริหารธุรกิจ เพื่อ เศรษฐกิจ ดิจิทัล,0,50,10,2,40.7235,29.1925
มหาวิทยาลัยรังสิต,วิทยาเขตหลัก,40680101901701A,0,0,วิทยาลัยศิลปศาสตร์,ศศ.บ.ภาษาและวัฒนธรรมเกาหลี,,,0,70,43,16,65.4990,28.8230
มหาวิทยาลัยรังสิต,วิทยาเขตหลัก,40680101901801A,0,0,วิทยาลัยศิลปศาสตร์,ศศ.บ.ภาษาจีน,,,0,30,47,6,50.6320,36.3870
มหาวิทยาลัยรังสิต,วิทยาเขตหลัก,40680101901901A,0,0,วิทยาลัยศิลปศาสตร์,ศศ.บ.ภาษาญี่ปุ่น,,,0,30,62,12,59.2010,31.4080
มหาวิทยาลัยรังสิต,วิทยาเขตหลัก,40680101902001A,0,0,วิทยาลัยศิลปศาสตร์,ศศ.บ.ภาษาไทยเพื่อการสื่อสาร,,,0,30,14,3,55.5530,37.7700
มหาวิทยาลัยรังสิต,วิทยาเขตหลัก,40680101902401A,0,0,วิทยาลัยศิลปศาสตร์,ศศ.บ.ภาษาฝรั่งเศส,,,0,30,11,3,49.1860,41.7820
มหาวิทยาลัยรังสิต,วิทยาเขตหลัก,40680101902501A,0,0,วิทยาลัยศิลปศาสตร์,ศศ.บ.ภาษาอังกฤษ,,,0,70,114,24,60.4720,36.5270
มหาวิทยาลัยรังสิต,วิทยาเขตหลัก,40680102610101A,0,0,คณะบริหารธุรกิจ,บธ.บ.การเงินและการลงทุน,,,0,60,67,19,54.7006,20.6166
มหาวิทยาลัยรังสิต,วิทยาเขตหลัก,40680102610201A,0,0,คณะบริหารธุรกิจ,บธ.บ.การจัดการ,,,0,80,39,9,50.5496,21.4794
มหาวิทยาลัยรังสิต,วิทยาเขตหลัก,40680102610601A,0,0,คณะบริหารธุรกิจ,บธ.บ.การตลาดดิจิทัลและนวัตกรรมค้าปลีก,,,0,80,74,17,46.7526,0.0000
มหาวิทยาลัยรังสิต,วิทยาเขตหลัก,40680102610701A,0,0,คณะบริหารธุรกิจ,บธ.บ.ธุรกิจดิจิทัล,,,0,60,7,1,0.0000,0.0000
มหาวิทยาลัยรังสิต,วิทยาเขตหลัก,40680102610801A,0,0,คณะบริหารธุรกิจ,บธ.บ.การบริหารธุรกิจระหว่างประเทศ,,,0,60,50,13,50.7662,27.6480
มหาวิทยาลัยรังสิต,วิทยาเขตหลัก,40680102610802A,0,0,คณะบริหารธุรกิจ,บธ.บ.การเป็นผู้ประกอบการ,,,0,60,35,9,45.1202,11.2000
มหาวิทยาลัยรังสิต,วิทยาเขตหลัก,40680102610803A,0,0,คณะบริหารธุรกิจ,บธ.บ.การบริหารธุรกิจเกษตรและอาหาร,,,0,50,8,0,0.0000,0.0000
มหาวิทยาลัยรังสิต,วิทยาเขตหลัก,40680102611001A,0,0,คณะบริหารธุรกิจ,บธ.บ.การจัดการโลจิสติกส์และซัพพลายเชน,,,0,80,62,14,55.1706,29.6666
มหาวิทยาลัยรังสิต,วิทยาเขตหลัก,40680103111701A,0,0,คณะพยาบาลศาสตร์,พย.บ.,,,0,50,370,50,50.6703,41.2702
มหาวิทยาลัยรังสิต,วิทยาเขตหลัก,40680104900401A,0,0,วิทยาลัยนิเทศศาสตร์,นศ.บ.การสร้างสรรค์อีเว้นท์และการ ประชาสัมพันธ์ดิจิทัล,,,0,50,39,8,54.5830,28.4230
มหาวิทยาลัยรังสิต,วิทยาเขตหลัก,40680104900601A,0,0,วิทยาลัยนิเทศศาสตร์,นศ.บ.การโฆษณาและสื่อสร้างสรรค์,,,0,50,33,3,51.7120,39.4260
มหาวิทยาลัยรังสิต,วิทยาเขตหลัก,40680104901101A,0,0,วิทยาลัยนิเทศศาสตร์,นศ.บ.สื่อสารการแสดง,,,0,50,109,32,63.6560,0.0000
มหาวิทยาลัยรังสิต,วิทยาเขตหลัก,40680104901101E,0,0,วิทยาลัยนิเทศศาสตร์,นศ.บ.,,,0,30,6,1,25.6030,25.6030
มหาวิทยาลัยรังสิต,วิทยาเขตหลัก,40680104901102A,0,0,วิทยาลัยนิเทศศาสตร์,นศ.บ.การสื่อสารการตลาดดิจิทัลและแบรนด์ดิ้ง,,,0,50,49,11,55.4410,34.1640
มหาวิทยาลัยรังสิต,วิทยาเขตหลัก,40680104901103A,0,0,วิทยาลัยนิเทศศาสตร์,นศ.บ.มัลติมีเดีย,,,0,50,16,6,61.3110,36.2500
มหาวิทยาลัยรังสิต,วิทยาเขตหลัก,40680104901104A,0,0,วิทยาลัยนิเทศศาสตร์,นศ.บ.นิเทศศาสตร์การกีฬา,,,0,50,24,4,46.0750,0.0000
มหาวิทยาลัยรังสิต,วิทยาเขตหลัก,40680104901601A,0,0,วิทยาลัยนิเทศศาสตร์,นศ.บ.การภาพยนตร์ดิจิทัล,,,0,50,102,38,65.6960,0.0000
มหาวิทยาลัยรังสิต,วิทยาเขตหลัก,40680104903401A,0,0,วิทยาลัยนิเทศศาสตร์,นศ.บ.วิทยุและโทรทัศน์มัลติแพลตฟอร์ม,,,0,50,6,2,44.9920,41.5470
มหาวิทยาลัยรังสิต,วิทยาเขตหลัก,40680104903802A,0,0,วิทยาลัยนิเทศศาสตร์,นศ.บ.การเขียนบทและการกำกับภาพยนต์รและซีรี่ส์,,,0,50,60,11,53.1110,36.5040
มหาวิทยาลัยรังสิต,วิทยาเขตหลัก,40680104903803A,0,0,วิทยาลัยนิเทศศาสตร์,นศ.บ.การสร้างสรรค์คอนเทนต์ดิจิทัล,,,0,50,23,7,58.6670,0.0000
มหาวิทยาลัยรังสิต,วิทยาเขตหลัก,40680106800101A,0,0,วิทยาลัยการออกแบบ,ศล.บ.การออกแบบภายใน,,,0,30,8,2,50.4398,43.4956
มหาวิทยาลัยรังสิต,วิทยาเขตหลัก,40680106800102A,0,0,วิทยาลัยการออกแบบ,ศล.บ.ศิลปะภาพถ่ายและมีเดียอาร์ต,,,0,30,9,2,47.7775,43.8071
มหาวิทยาลัยรังสิต,วิทยาเขตหลัก,40680106800103A,0,0,วิทยาลัยการออกแบบ,ศล.บ.การออกแบบนิเทศศิลป์,,,0,30,8,0,0.0000,0.0000
มหาวิทยาลัยรังสิต,วิทยาเขตหลัก,40680106800104A,0,0,วิทยาลัยการออกแบบ,ศล.บ.ออกแบบผลิตภัณฑ์สร้างสรรค์,,,0,30,1,0,0.0000,0.0000
มหาวิทยาลัยรังสิต,วิทยาเขตหลัก,40680106800105A,0,0,วิทยาลัยการออกแบบ,ศล.บ.แฟชั่นดีไซน์,,,0,30,27,3,43.7867,11.7558
มหาวิทยาลัยรังสิต,วิทยาเขตหลัก,40680107110101A,0,0,คณะกายภาพบำบัดและเวชศาสต์รการกีฬา,วท.บ.กายภาพบำบัด,,,0,40,357,40,55.6872,48.7366
มหาวิทยาลัยรังสิต,วิทยาเขตหลัก,40680107112001A,0,0,คณะกายภาพบำบัดและเวชศาสต์รการกีฬา,วท.บ. วิทยาศาสตร์การออกกำลังกายและ สมรรถภาพทางการกีฬา,,,0,60,215,60,64.5164,46.1108
มหาวิทยาลัยรังสิต,วิทยาเขตหลัก,40680107112501A,0,0,คณะกายภาพบำบัดและเวชศาสต์รการกีฬา,วท.บ.ชรัณสุขศาสตร์,,,0,30,105,30,63.5970,39.4470
มหาวิทยาลัยรังสิต,วิทยาเขตหลัก,40680108111301A,0,0,คณะเทคนิคการแพทย์,วท.บ.เทคนิคการแพทย์,,,0,50,453,50,46.2916,38.5944
มหาวิทยาลัยรังสิต,วิทยาเขตหลัก,40680110400501A,0,0,คณะสถาปัตยกรรมศาสตร์,สถ.บ.,,,0,50,39,8,60.5000,37.0000
มหาวิทยาลัยรังสิต,วิทยาเขตหลัก,40680111300501A,0,0,วิทยาลัยวิศวกรรมศาสตร์,วศ.บ.วิศวกรรมคอมพิวเตอร์,,,0,30,59,21,39.3665,11.1750
มหาวิทยาลัยรังสิต,วิทยาเขตหลัก,40680111300601A,0,0,วิทยาลัยวิศวกรรมศาสตร์,วศ.บ.วิศวกรรมเคมี,,,0,30,34,10,31.1082,12.6664
มหาวิทยาลัยรังสิต,วิทยาเขตหลัก,40680111300701A,0,0,วิทยาลัยวิศวกรรมศาสตร์,วศ.บ.วิศวกรรมเครื่องกล,,,0,30,33,8,33.3750,0.0000
มหาวิทยาลัยรังสิต,วิทยาเขตหลัก,40680111301601A,0,0,วิทยาลัยวิศวกรรมศาสตร์,วศ.บ.วิศวกรรมไฟฟ้า,,,0,30,47,9,29.7580,24.1830
มหาวิทยาลัยรังสิต,วิทยาเขตหลัก,40680111302001A,0,0,วิทยาลัยวิศวกรรมศาสตร์,วศ.บ.วิศวกรรมยานยนต์สมัยใหม่และมอเตอ์รสปอร์ต,,,0,30,12,4,23.6080,0.0000
มหาวิทยาลัยรังสิต,วิทยาเขตหลัก,40680111302101A,0,0,วิทยาลัยวิศวกรรมศาสตร์,วศ.บ.วิศวกรรมโยธา,,,0,30,72,25,33.3750,0.0000
มหาวิทยาลัยรังสิต,วิทยาเขตหลัก,40680111303501A,0,0,วิทยาลัยวิศวกรรมศาสตร์,วศ.บ.วิศวกรรมอุตสาหการ,,,0,30,18,5,33.4330,27.8415
มหาวิทยาลัยรังสิต,วิทยาเขตหลัก,40680113112101A,0,0,คณะวิทยาศาสตร์,วท.บ.วิทยาศาสตร์ชีวการแพทย์,,,0,30,160,30,63.8000,51.3880
มหาวิทยาลัยรังสิต,วิทยาเขตหลัก,40680114220101A,0,0,วิทยาลัยนวัตกรรมดิจิทัลเทคโนโลยี,วท.บ.นวัตกรรมดิจิทัลและปัญญาประดิษฐ์,,,0,30,7,3,45.2750,40.1376
มหาวิทยาลัยรังสิต,วิทยาเขตหลัก,40680114220102A,0,0,วิทยาลัยนวัตกรรมดิจิทัลเทคโนโลยี,วท.บ.คอมพิวเตอร์เกมและอีสปอร์ต,,,0,30,31,5,32.7256,11.6982
มหาวิทยาลัยรังสิต,วิทยาเขตหลัก,40680114220103A,0,0,วิทยาลัยนวัตกรรมดิจิทัลเทคโนโลยี,วท.บ.การวางแผนการเงินด้วยเทคโนโลียปัญญาประดิษฐ์,,,0,30,3,0,0.0000,0.0000
มหาวิทยาลัยรังสิต,วิทยาเขตหลัก,40680114220104A,0,0,วิทยาลัยนวัตกรรมดิจิทัลเทคโนโลยี,วท.บ.เทคโนโลยีสร้างสรรค์และสื่อสังคม ออนไลน์,,,0,30,2,0,0.0000,0.0000
มหาวิทยาลัยรังสิต,วิทยาเขตหลัก,40680114220201A,0,0,วิทยาลัยนวัตกรรมดิจิทัลเทคโนโลยี,วท.บ.วิทยาการคอมพิวเตอร์,,,0,30,23,4,38.9119,11.7558
มหาวิทยาลัยรังสิต,วิทยาเขตหลัก,40680115220101E,0,0,วิทยาลัยนานาชาติ,วท.บ.เทคโนโลยีสารสนเทศและการสื่อสาร,,,0,30,0,0,0.0000,0.0000
มหาวิทยาลัยรังสิต,วิทยาเขตหลัก,40680115610801E,0,0,วิทยาลัยนานาชาติ,บธ.บ.ธุรกิจระหว่างประเทศ,,,0,50,4,0,0.0000,0.0000
มหาวิทยาลัยรังสิต,วิทยาเขตหลัก,40680116620101A,0,0,วิทยาลัยการท่องเที่ยวและอุตสาหกรรมการบริการ,ศศ.บ.นวัตกรรมการท่องเที่ยว โรงแรม และไมซ์,,,0,40,14,1,42.8600,42.8600
มหาวิทยาลัยรังสิต,วิทยาเขตหลัก,40680116620101E,0,0,วิทยาลัยการท่องเที่ยวและอุตสาหกรรมการบริการ,ศศ.บ.การท่องเที่ยว การบริการ และกีฬา,,,0,20,7,1,33.8440,33.8440
มหาวิทยาลัยรังสิต,วิทยาเขตหลัก,40680116620102A,0,0,วิทยาลัยการท่องเที่ยวและอุตสาหกรรมการบริการ,ทล.บ.ศิลปะและเทคโนโลยีการประกอบอาหาร,,,0,40,5,2,40.7030,26.6660
มหาวิทยาลัยรังสิต,วิทยาเขตหลัก,40680116620201A,0,0,วิทยาลัยการท่องเที่ยวและอุตสาหกรรมการบริการ,บธ.บ.การจัดการธุรกิจการบินและการขนส่ง,,,0,40,48,15,48.1820,0.0000
มหาวิทยาลัยรังสิต,วิทยาเขตหลัก,40680117901001A,0,0,คณะนิติศาสตร์,น.บ.,,,0,60,153,54,56.8720,25.8050
มหาวิทยาลัยรังสิต,วิทยาเขตหลัก,40680118611101A,0,0,คณะเศรษฐศาสตร์,ศ.บ.เศรษฐกิจดิจิทัล,,,0,40,23,9,49.2985,12.7750
มหาวิทยาลัยรังสิต,วิทยาเขตหลัก,40680119110501A,0,0,วิทยาลัยการแพทย์แผนตะวันออก,พจ.บ.,,,0,30,142,30,54.5434,33.8225
มหาวิทยาลัยรังสิต,วิทยาเขตหลัก,40680119110601A,0,0,วิทยาลัยการแพทย์แผนตะวันออก,วท.บ.นวัตกรรมผลิตภัณฑ์และเวชสำอาง สมุนไพร,,,0,30,8,2,59.4138,18.2635
มหาวิทยาลัยรังสิต,วิทยาเขตหลัก,40680119110701A,0,0,วิทยาลัยการแพทย์แผนตะวันออก,พท.บ.,,,0,30,91,30,46.9543,24.6804
มหาวิทยาลัยรังสิต,วิทยาเขตหลัก,40680120800201A,0,0,วิทยาลัยดนตรี,ดศ.บ.,,,0,20,32,11,57.1567,0.0000
มหาวิทยาลัยรังสิต,วิทยาเขตหลัก,40680121903601A,0,0,วิทยาลัยผู้นำและนวัตกรรมสังคม,ศศ.บ.ผู้นำทางสังคมธุรกิจและการเมือง,,,0,50,6,2,48.4480,37.3605
มหาวิทยาลัยรังสิต,วิทยาเขตหลัก,40680122610501A,0,0,คณะบัญชี,บช.บ.,,,0,50,105,28,49.2135,22.2330
มหาวิทยาลัยรังสิต,วิทยาเขตหลัก,40680126620202A,0,0,สถาบันการบิน,วท.บ.นักบินพาณิชย์,,,0,20,9,1,28.9250,28.9250
มหาวิทยาลัยรังสิต,วิทยาเขตหลัก,40680130611101E,0,0,คณะการทูตและการต่างประเทศ,ศศ.บ.ความสัมพันธ์ระหว่างประเทศและการ พัฒนา,,,0,20,45,11,69.0725,0.0000
มหาวิทยาลัยรังสิต,วิทยาเขตหลัก,40680132610801D,0,0,วิทยาลัยนานาชาติจีน,บธ.บ.,,,0,30,6,3,53.9450,39.7220
มหาวิทยาลัยรังสิต,วิทยาเขตหลัก,40680134800107A,0,0,คณะดิจิทัลอาร์ต,ศล.บ.คอมพิวเตอร์อาร์ต,,,0,20,15,4,46.9533,0.0000
มหาวิทยาลัยรังสิต,วิทยาเขตหลัก,40680135903201A,0,0,คณะรัฐศาสตร์,ร.บ.,,,0,50,75,21,49.4965,27.3135
มหาวิทยาลัยรังสิต,วิทยาเขตหลัก,40680136500401A,0,0,คณะนวัตกรรมเกษตร,ทล.บ.นวัตกรรมเกษตร,,,0,30,6,2,60.9328,50.4468
มหาวิทยาลัยรังสิต,วิทยาเขตหลัก,40680137211001A,0,0,คณะเทคโนโลยีอาหาร,วท.บ.เทคโนโลยีอาหาร,,,0,50,63,17,79.2813,43.7552
มหาวิทยาลัยรังสิต,วิทยาเขตหลัก,40680137211002A,0,0,คณะเทคโนโลยีอาหาร,ทล.บ.ธุรกิจอาหาร,,,0,50,17,0,0.0000,0.0000
มหาวิทยาลัยรังสิต,วิทยาเขตหลัก,40680139112701A,0,0,คณะอาชญาวิทยาและการบริหารงาน ยุติธรรม,วท.บ.อาชญาวิทยาและนิติวิทยาศาสตร์,,,0,30,214,30,68.7510,54.5320
มหาวิทยาลัยรังสิต,วิทยาเขตหลัก,40680139903501A,0,0,คณะอาชญาวิทยาและการบริหารงาน ยุติธรรม,ศศ.บ.อาชญาวิทยาและงานยุติธรรม,,,0,50,107,35,59.8200,0.0000
มหาวิทยาลัยรังสิต,วิทยาเขตหลัก,40680140111901A,0,0,คณะรังสีเทคนิค,วท.บ.รังสีเทคนิค,,,0,30,331,30,41.5270,36.3192
มหาวิทยาลัยรังสิต,วิทยาเขตหลัก,40680141300901A,0,0,วิทยาลัยวิศวกรรมชีวการแพทย์,วศ.บ.วิศวกรรมชีวการแพทย์,,,0,50,136,50,41.4878,24.9166
มหาวิทยาลัยรังสิต,วิทยาเขตหลัก,40680142702801A,0,0,วิทยาลัยการกีฬา,วท.บ.กีฬากอล์ฟ,,,0,40,7,3,38.9180,28.5670
มหาวิทยาลัยหัวเฉียวเฉลิมพระเกียรติ,วิทยาเขตหลัก,40730101111701A,0,0,คณะพยาบาลศาสตร์,หลักสูตรพยาบาลศาสตรบัณฑิต,หลักสูตรพยาบาลศา สตรบัณฑิต,,0,65,257,65,49.6353,34.2484
มหาวิทยาลัยหัวเฉียวเฉลิมพระเกียรติ,วิทยาเขตหลัก,40730102903701A,0,0,คณะสังคมสงเคราะห์ศาสตร์และ สวัสดิการสังคม,หลักสูตรสังคมสงเคราะห์ศาสตรบัณฑิต,หลักสูตรสังคม สงเคราะห์ศาสตร บัณฑิต,,0,100,45,7,88.7500,71.2500
มหาวิทยาลัยหัวเฉียวเฉลิมพระเกียรติ,วิทยาเขตหลัก,40730103902501A,0,0,คณะศิลปศาสตร์,หลักสูตรศิลปศาสตรบัณฑิต(ภาษาอังกฤษ),หลักสูตรศิลปศาสตร บัณฑิต(ภาษาอังกฤษ),,0,100,59,19,96.7500,62.7500
มหาวิทยาลัยหัวเฉียวเฉลิมพระเกียรติ,วิทยาเขตหลัก,40730103902502I,0,0,คณะศิลปศาสตร์,หลักสูตรศิลปศาสตรบัณฑิต(ภาษาอังกฤษและ ภาษาจีน),หลักสูตรศิลปศาสตร บัณฑิต(ภาษาอังกฤษ- ภาษาจีน),,0,100,28,3,98.2500,85.7500
มหาวิทยาลัยหัวเฉียวเฉลิมพระเกียรติ,วิทยาเขตหลัก,40730104610501A,0,0,คณะบริหารธุรกิจ,หลักสูตรบัญชีบัณฑิต,หลักสูตรบัญชีบัณฑิต,,0,100,51,15,99.2500,62.7500
มหาวิทยาลัยหัวเฉียวเฉลิมพระเกียรติ,วิทยาเขตหลัก,40730104610805A,0,0,คณะบริหารธุรกิจ,หลักสูตรบริหารธุรกิจบัณฑิต,หลักสูตร บริหารธุรกิจบัณฑิต,,0,100,46,8,84.0000,50.0000
มหาวิทยาลัยหัวเฉียวเฉลิมพระเกียรติ,วิทยาเขตหลัก,40730104610806A,0,0,คณะบริหารธุรกิจ,หลักสูตรบริหารธุรกิจบัณฑิต(ธุรกิจจีน),หลักสูตร บริหารธุรกิจบัณฑิต,,0,100,58,16,99.0000,62.0000
มหาวิทยาลัยหัวเฉียวเฉลิมพระเกียรติ,วิทยาเขตหลัก,40730104610807A,0,0,คณะบริหารธุรกิจ,หลักสูตรบริหารธุรกิจบัณฑิต(การจัดการธุรกิจ การบิน),หลักสูตร บริหารธุรกิจบัณฑิต(การจัดการธุรกิจ การบิน),,0,100,22,2,85.7500,84.2500
มหาวิทยาลัยหัวเฉียวเฉลิมพระเกียรติ,วิทยาเขตหลัก,40730104611004A,0,0,คณะบริหารธุรกิจ,หลักสูตรบริหารธุรกิจบัณฑิต(การจัดการโลิจสติกส์และโซ่อุปทาน),หลักสูตร บริหารธุรกิจบัณฑิต(การจัดการโลิจสติกส์และโซ่อุปทาน),,0,100,56,10,85.2500,54.2500
มหาวิทยาลัยหัวเฉียวเฉลิมพระเกียรติ,วิทยาเขตหลัก,40730105112103A,0,0,คณะวิทยาศาสตร์และเทคโนโลยี,หลักสูตรวิทยาศาสตรบัณฑิต(วิทยาศาสต์รการแพทย์),หลักสูตรวิทยา ศาสตรบัณฑิต(วิทยาศาสต์รการแพทย์),,0,100,220,75,100.0000,60.7500
มหาวิทยาลัยหัวเฉียวเฉลิมพระเกียรติ,วิทยาเขตหลัก,40730105213702A,0,0,คณะวิทยาศาสตร์และเทคโนโลยี,หลักสูตรวิทยาศาสตรบัณฑิต(ปัญญาประดิษฐ์),หลักสูตรวิทยา ศาสตรบัณฑิต(ปัญญาประดิษฐ์),,0,100,6,1,96.2500,96.2500
มหาวิทยาลัยหัวเฉียวเฉลิมพระเกียรติ,วิทยาเขตหลัก,40730105220201A,0,0,คณะวิทยาศาสตร์และเทคโนโลยี,หลักสูตรวิทยาศาสตรบัณฑิต(วิทยาการ คอมพิวเตอร)์,หลักสูตรวิทยา ศาสตรบัณฑิต(วิทยาการ คอมพิวเตอร)์,,0,100,19,1,74.7500,74.7500
มหาวิทยาลัยหัวเฉียวเฉลิมพระเกียรติ,วิทยาเขตหลัก,40730105302904I,0,0,คณะวิทยาศาสตร์และเทคโนโลยี,หลักสูตรวิทยาศาสตรบัณฑิต(วิทยาการ หุ่นยนต์สุขภาพ),หลักสูตรวิทยา ศาสตรบัณฑิต(วิทยาการหุ่นยน์ตสุขภาพ),,0,50,6,0,0.0000,0.0000
มหาวิทยาลัยหัวเฉียวเฉลิมพระเกียรติ,วิทยาเขตหลัก,40730107111301A,0,0,คณะเทคนิคการแพทย์,หลักสูตรวิทยาศาสตรบัณฑิต(เทคนิคการแพทย์),หลักสูตรวิทยา ศาสตรบัณฑิต(เทคนิคการแพทย์),,0,50,313,50,47.0454,36.0038
มหาวิทยาลัยหัวเฉียวเฉลิมพระเกียรติ,วิทยาเขตหลัก,40730108110101A,0,0,คณะกายภาพบำบัด,หลักสูตรวิทยาศาสตรบัณฑิต(กายภาพบำบัด),หลักสูตรวิทยา ศาสตรบัณฑิต(กายภาพบำบัด),,0,50,334,50,54.1090,46.8748
มหาวิทยาลัยหัวเฉียวเฉลิมพระเกียรติ,วิทยาเขตหลัก,40730109110305A,0,0,คณะสาธารณสุขศาสตร์และสิงแวดล้อม,หลักสูตรวิทยาศาสตรบัณฑิต(การจัดการและ บรรเทาสาธารณภัย),หลักสูตรวิทยา ศาสตรบัณฑิต(การ จัดการและบรรเทา สาธารณภัย),,0,100,29,6,79.7500,52.2500
มหาวิทยาลัยหัวเฉียวเฉลิมพระเกียรติ,วิทยาเขตหลัก,40730109110403A,0,0,คณะสาธารณสุขศาสตร์และสิงแวดล้อม,หลักสูตรการจัดการบัณฑิต(การบริการทาง การแพทย์),หลักสูตรการจัดการ บัณฑิต(การบริการ ทางการแพทย์),,0,100,85,23,94.0000,64.0000
มหาวิทยาลัยหัวเฉียวเฉลิมพระเกียรติ,วิทยาเขตหลัก,40730109112404A,0,0,คณะสาธารณสุขศาสตร์และสิงแวดล้อม,หลักสูตรวิทยาศาสตรบัณฑิต(การจัดการเวช ระเบียนและสถิติโรงพยาบาล),หลักสูตรวิทยา ศาสตรบัณฑิต(การ จัดการเวชระเบียน และสถิติโรงพยาบาล),,0,100,158,50,98.2500,48.5000
มหาวิทยาลัยหัวเฉียวเฉลิมพระเกียรติ,วิทยาเขตหลัก,40730109112701A,0,0,คณะสาธารณสุขศาสตร์และสิงแวดล้อม,หลักสูตรวิทยาศาสตรบัณฑิต(อาชีวอนามัย และความปลอดภัย),หลักสูตรวิทยา ศาสตรบัณฑิต(อาชี วอนามัยและความ ปลอดภัย),,0,100,106,29,34.1100,0.0000
มหาวิทยาลัยหัวเฉียวเฉลิมพระเกียรติ,วิทยาเขตหลัก,40730109112702A,0,0,คณะสาธารณสุขศาสตร์และสิงแวดล้อม,หลักสูตรสาธารณสุขศาสตรบัณฑิต(สาธารณสุขชุมชน),หลักสูตร สาธารณสุขศาสตร บัณฑิต(สาธารณสุข ชุมชน),,0,100,78,24,36.3576,21.0422
มหาวิทยาลัยหัวเฉียวเฉลิมพระเกียรติ,วิทยาเขตหลัก,40730111110501A,0,0,คณะการแพทย์แผนจีน,หลักสูตรการแพทย์แผนจีนบัณฑิต,หลักสูตรการแพท์ยแผนจีนบัณฑิต,,0,100,76,43,48.6616,0.0000
มหาวิทยาลัยหัวเฉียวเฉลิมพระเกียรติ,วิทยาเขตหลัก,40730112901001A,0,0,คณะนิติศาสตร์,หลักสูตรนิติศาสตรบัณฑิต,หลักสูตรนิติศาสตร บัณฑิต,,0,100,50,14,90.5000,55.2500
มหาวิทยาลัยหัวเฉียวเฉลิมพระเกียรติ,วิทยาเขตหลัก,40730113901101A,0,0,คณะนิเทศศาสตร์,หลักสุตรนิเทศศาสตรบัณฑิต,หลักสุตรนิเทศศา สตรบัณฑิต,,0,100,39,14,92.5000,52.7500
มหาวิทยาลัยหัวเฉียวเฉลิมพระเกียรติ,วิทยาเขตหลัก,40730115901801A,0,0,วิทยาลัยจีนศึกษา,หลักสูตรศิลปศาสตรบัณฑิต(ภาษาและ วัฒนธรรมจีน),หลักสูตรศิลปศาสตร บัณฑิต(ภาษาและ วัฒนธรรมจีน),,0,100,52,13,98.7500,63.2500
มหาวิทยาลัยหัวเฉียวเฉลิมพระเกียรติ,วิทยาเขตหลัก,40730115901802A,0,0,วิทยาลัยจีนศึกษา,หลักสูตรศิลปศาสตรบัณฑิต(ภาษาจีนธุรกิจ),หลักสูตรศิลปศาสตร บัณฑิต(ภาษาจีน ธุรกิจ),,0,100,81,27,96.5000,58.2500
มหาวิทยาลัยหัวเฉียวเฉลิมพระเกียรติ,วิทยาเขตหลัก,40730115901803A,0,0,วิทยาลัยจีนศึกษา,หลักสูตรศิลปศาสตรบัณฑิต(จีนศึกษา),หลักสูตรศิลปศาสตร บัณฑิต(จีนศึกษา),,0,100,25,8,97.0000,57.7500
มหาวิทยาลัยธุรกิจบัณฑิตย์,วิทยาเขตหลัก,41030101610101A,0,0,วิทยาลัยบริหารธุรกิจนวัตกรรมและการบัญชี,หลักสูตรบริหารธุรกิจบัณฑิตสาขาวิชาการเงิน การลงทุน และเทคโนโลยีการเงิน,,,0,50,16,4,97.2500,80.5000
มหาวิทยาลัยธุรกิจบัณฑิตย์,วิทยาเขตหลัก,41030101610201A,0,0,วิทยาลัยบริหารธุรกิจนวัตกรรมและการบัญชี,หลักสูตรบริหารธุรกิจบัณฑิตสาขาวิชาการ จัดการ,,,0,100,18,3,80.2500,58.7500
มหาวิทยาลัยธุรกิจบัณฑิตย์,วิทยาเขตหลัก,41030101610501A,0,0,วิทยาลัยบริหารธุรกิจนวัตกรรมและการบัญชี,หลักสูตรบัญชีบัณฑิต,,,0,250,14,7,91.2500,60.5000
มหาวิทยาลัยธุรกิจบัณฑิตย์,วิทยาเขตหลัก,41030101610601A,0,0,วิทยาลัยบริหารธุรกิจนวัตกรรมและการบัญชี,หลักสูตรบริหารธุรกิจบัณฑิตสาขาวิชา การตลาดและการสร้างแบรนด์ในยุคดิจิทัล,,,0,300,23,8,95.0000,62.7500
มหาวิทยาลัยธุรกิจบัณฑิตย์,วิทยาเขตหลัก,41030101610801A,0,0,วิทยาลัยบริหารธุรกิจนวัตกรรมและการบัญชี,หลักสูตรบริหารธุรกิจบัณฑิตสาขาวิชาธุรกิจ ระหว่างประเทศ,,,0,100,10,2,57.0000,0.0000
มหาวิทยาลัยธุรกิจบัณฑิตย์,วิทยาเขตหลัก,41030101610901A,0,0,วิทยาลัยบริหารธุรกิจนวัตกรรมและการบัญชี,หลักสูตรเทคโนโลยีบัณฑิตสาขาวิชาระบบ สารสนเทศเพื่อธุรกิจดิจิทัล,,,0,80,0,0,0.0000,0.0000
มหาวิทยาลัยธุรกิจบัณฑิตย์,วิทยาเขตหลัก,41030101611001A,0,0,วิทยาลัยบริหารธุรกิจนวัตกรรมและการบัญชี,หลักสูตรบริหารธุรกิจบัณฑิตสาขาวิชาการ จัดการโลจิสติกส์และโซ่อุปทาน,,,0,200,11,3,73.2500,56.2500
มหาวิทยาลัยธุรกิจบัณฑิตย์,วิทยาเขตหลัก,41030102220101A,0,0,วิทยาลัยวิศวกรรมศาสตร์และเทคโนโลยี,หลักสูตรวิทยาศาสตรบัณฑิตสาขาวิชา เทคโนโลยีสารสนเทศและปัญญาประดิษฐ์,,,0,40,4,0,0.0000,0.0000
มหาวิทยาลัยธุรกิจบัณฑิตย์,วิทยาเขตหลัก,41030102300501A,0,0,วิทยาลัยวิศวกรรมศาสตร์และเทคโนโลยี,หลักสูตรวิศวกรรมศาสตรบัณฑิตสาขาวิชา วิศวกรรมคอมพิวเตอร์,,,0,30,9,3,81.5000,67.7500
มหาวิทยาลัยธุรกิจบัณฑิตย์,วิทยาเขตหลัก,41030102302001A,0,0,วิทยาลัยวิศวกรรมศาสตร์และเทคโนโลยี,หลักสูตรวิศวกรรมศาสตรบัณฑิตสาขาวิชา วิศวกรรมยานยนต์สมัยใหม่,,,0,40,10,1,68.7500,68.7500
มหาวิทยาลัยธุรกิจบัณฑิตย์,วิทยาเขตหลัก,41030102302401A,0,0,วิทยาลัยวิศวกรรมศาสตร์และเทคโนโลยี,หลักสูตรวิศวกรรมศาสตรบัณฑิตสาขาวิชา วิศวกรรมโลจิสติกส์,,,0,40,5,1,71.0000,71.0000
มหาวิทยาลัยธุรกิจบัณฑิตย์,วิทยาเขตหลัก,41030103111101A,0,0,วิทยาลัยการแพทย์แบบบูรณาการ,หลักสูตรวิทยาศาสตรบัณฑิตสาขาวิชาบูรณา การสุขภาพและความงาม,,,0,80,24,8,82.0000,0.0000
มหาวิทยาลัยธุรกิจบัณฑิตย์,วิทยาเขตหลัก,41030104620201A,0,0,วิทยาลัยการพัฒนาและฝึกอบรมด้าน การบิน,หลักสูตรศิลปศาสตรบัณฑิตสาขาวิชาธุรกิจ การบิน,,,0,100,24,7,94.5000,71.7500
มหาวิทยาลัยธุรกิจบัณฑิตย์,วิทยาเขตหลัก,41030104620202A,0,0,วิทยาลัยการพัฒนาและฝึกอบรมด้าน การบิน,หลักสูตรศิลปศาสตรบัณฑิตสาขาวิชาการ จัดการเทคโนโลยีการบินและการอำนวยการบิน,,,0,50,2,1,69.5000,69.5000
มหาวิทยาลัยธุรกิจบัณฑิตย์,วิทยาเขตหลัก,41030105211601A,0,0,วิทยาลัยครีเอทีฟดีไซ์นแอน์ดเอ็น เตอร์เทนเมนต์เทคโนโลยี,หลักสูตรวิทยาศาสตรบัณฑิตสาขาวิชาการ ออกแบบเชิงโต้ตอบและการพัฒนาเกม,,,0,100,7,0,0.0000,0.0000
มหาวิทยาลัยธุรกิจบัณฑิตย์,วิทยาเขตหลัก,41030105211602A,0,0,วิทยาลัยครีเอทีฟดีไซ์นแอน์ดเอ็น เตอร์เทนเมนต์เทคโนโลยี,หลักสูตรศิลปศาสตรบัณฑิตอินเทอร์แอคทีฟ ดิจิทัลอาร์ต,,,0,60,9,3,59.2500,0.0000
มหาวิทยาลัยธุรกิจบัณฑิตย์,วิทยาเขตหลัก,41030106901001A,0,0,คณะนิติศาสตร์ปรีดี พนมยงค์,หลักสูตรนิติศาสตรบัณฑิต,,,0,100,10,1,75.5000,75.5000
มหาวิทยาลัยธุรกิจบัณฑิตย์,วิทยาเขตหลัก,41030107901701A,G,0,คณะศิลปศาสตร์,หลักสูตรศิลปศาสตรบัณฑิตสาขาวิชาภาษา ตะวันออกเพื่อธุรกิจ,,วิชาเอก ภาษาเกาหลี,0,30,8,2,99.5000,89.5000
มหาวิทยาลัยธุรกิจบัณฑิตย์,วิทยาเขตหลัก,41030107901801A,0,0,คณะศิลปศาสตร์,หลักสูตรศิลปศาสตรบัณฑิตสาขาวิชาภาษาจีน ธุรกิจ,,,0,80,13,3,94.7500,0.0000
มหาวิทยาลัยธุรกิจบัณฑิตย์,วิทยาเขตหลัก,41030107901901A,H,0,คณะศิลปศาสตร์,หลักสูตรศิลปศาสตรบัณฑิตสาขาวิชาภาษา ตะวันออกเพื่อธุรกิจ,,วิชาเอก ภาษาญี่ปุ่น,0,30,16,3,93.2500,78.0000
มหาวิทยาลัยธุรกิจบัณฑิตย์,วิทยาเขตหลัก,41030107902502A,0,0,คณะศิลปศาสตร์,หลักสูตรศิลปศาสตรบัณฑิตสาขาวิชา ภาษาอังกฤษธุรกิจ,,,0,90,9,4,82.0000,62.0000
มหาวิทยาลัยธุรกิจบัณฑิตย์,วิทยาเขตหลัก,41030108800404A,0,0,คณะนิเทศศาสตร์,หลักสูตรนิเทศศาสตรบัณฑิตสาขาวิชาการ สื่อสารการแสดงดิจิทัล,,,0,40,14,2,80.0000,75.0000
มหาวิทยาลัยธุรกิจบัณฑิตย์,วิทยาเขตหลัก,41030108900101A,0,0,คณะนิเทศศาสตร์,หลักสูตรนิเทศศาสตรบัณฑิตสาขาวิชาการ สื่อสารการตลาดดิจิทัล,,,0,50,6,2,63.0000,44.2500
มหาวิทยาลัยธุรกิจบัณฑิตย์,วิทยาเขตหลัก,41030108900301A,0,0,คณะนิเทศศาสตร์,หลักสูตรนิเทศศาสตรบัณฑิตสาขาวิชาการ สร้างสรรค์อีเวนต์และการจัดการอุตสาหกรรม บันเทิง,,,0,60,5,1,80.0000,80.0000
มหาวิทยาลัยธุรกิจบัณฑิตย์,วิทยาเขตหลัก,41030108901601A,0,0,คณะนิเทศศาสตร์,หลักสูตรนิเทศศาสตรบัณฑิตสาขาวิชา ภาพยนตร์และสื่อดิจิทัล,,,0,120,15,2,97.5000,64.0000
มหาวิทยาลัยธุรกิจบัณฑิตย์,วิทยาเขตหลัก,41030108903401A,I,0,คณะนิเทศศาสตร์,หลักสูตรนิเทศศาสตรบัณฑิตสาขาวิชาการ สร้างสรรค์ดิจิทัลคอนเทนต์และสื่อ,,กลุ่มวิชาการ สร้างสรร์คดิจิทัลคอน เทนต์,0,80,1,1,65.7500,65.7500
มหาวิทยาลัยธุรกิจบัณฑิตย์,วิทยาเขตหลัก,41030108903402A,J,0,คณะนิเทศศาสตร์,หลักสูตรนิเทศศาสตรบัณฑิตสาขาวิชาการ สร้างสรรค์ดิจิทัลคอนเทนต์และสื่อ,,กลุ่มวิชาการ สร้างสรรค์สื่อ,0,80,0,0,0.0000,0.0000
มหาวิทยาลัยธุรกิจบัณฑิตย์,วิทยาเขตหลัก,41030108903403A,K,0,คณะนิเทศศาสตร์,หลักสูตรนิเทศศาสตรบัณฑิตสาขาวิชาการ สร้างสรรค์ดิจิทัลคอนเทนต์และสื่อ,,กลุ่มวิชาการ สร้างอินฟูลเอนเซอร์,0,80,3,1,82.5000,82.5000
มหาวิทยาลัยธุรกิจบัณฑิตย์,วิทยาเขตหลัก,41030109211602A,D,0,คณะศิลปกรรมศาสตร์,หลักสูตรศิลปกรรมศาสตรบัณฑิตสาขาวิชา การออกแบบเชิงสร้างสรรค์,,วิชาเอกการ ออกแบบ กราฟิก ดิจิทัลและ ภาพประกอบ,0,33,8,0,0.0000,0.0000
มหาวิทยาลัยธุรกิจบัณฑิตย์,วิทยาเขตหลัก,41030109800101A,E,0,คณะศิลปกรรมศาสตร์,หลักสูตรศิลปกรรมศาสตรบัณฑิตสาขาวิชา การออกแบบเชิงสร้างสรรค์,,วิชาเอกการ ออกแบบ สภาพแวดล้อ มภายใน,0,33,4,2,90.0000,0.0000
มหาวิทยาลัยธุรกิจบัณฑิตย์,วิทยาเขตหลัก,41030109800102A,F,0,คณะศิลปกรรมศาสตร์,หลักสูตรศิลปกรรมศาสตรบัณฑิตสาขาวิชา การออกแบบเชิงสร้างสรรค์,,วิชาเอกการ ออกแบบ และธุรกิจ แฟชั่น,0,34,13,3,91.2500,64.2500
มหาวิทยาลัยธุรกิจบัณฑิตย์,วิทยาเขตหลัก,41030110903101A,0,0,คณะรัฐประศาสนศาสตร์,หลักสูตรรัฐประศาสนศาสตรบัณฑิต,,,0,130,13,3,75.5000,64.2500
มหาวิทยาลัยธุรกิจบัณฑิตย์,วิทยาเขตหลัก,41030111620101A,0,0,คณะการท่องเที่ยวและการโรงแรม,หลักสูตรศิลปศาสตรบัณฑิตสาขาวิชาการ ท่องเที่ยวและธุรกิจอีเวนต์,,,0,70,10,3,94.0000,72.2500
มหาวิทยาลัยธุรกิจบัณฑิตย์,วิทยาเขตหลัก,41030111620102A,0,0,คณะการท่องเที่ยวและการโรงแรม,หลักสูตรศิลปศาสตรบัณฑิตสาขาวิชาการ โรงแรมและธุรกิจอาหาร,,,0,125,3,0,0.0000,0.0000
มหาวิทยาลัยธุรกิจบัณฑิตย์,วิทยาเขตหลัก,41030111800103A,0,0,คณะการท่องเที่ยวและการโรงแรม,หลักสูตรศิลปศาสตรบัณฑิตสาขาวิชาศิลปะ การประกอบอาหาร,,,0,40,1,1,87.2500,87.2500
มหาวิทยาลัยธุรกิจบัณฑิตย์,วิทยาเขตหลัก,41030112110701A,0,0,วิทยาลัยเฮลท์แอนด์เวลเนส,หลักสูตรวิทยาศาสตรบัณฑิตสาขาวิชา การแพทย์แผนไทย,,,0,40,9,0,0.0000,0.0000
มหาวิทยาลัยธุรกิจบัณฑิตย์,วิทยาเขตหลัก,41030112111102A,0,0,วิทยาลัยเฮลท์แอนด์เวลเนส,หลักสูตรวิทยาศาสตรบัณฑิตสาขาวิชา วิทยาศาสตร์เครื่องสำอางและผลิตภัณฑ์เสริม อาหาร,,,0,50,23,7,92.2500,61.2500
มหาวิทยาลัยธุรกิจบัณฑิตย์,วิทยาเขตหลัก,41030113110101A,0,0,คณะกายภาพบำบัด,หลักสูตรกายภาพบำบัดบัณฑิต,,,0,50,181,50,99.2500,86.2500
มหาวิทยาลัยธุรกิจบัณฑิตย์,วิทยาเขตหลัก,41030114112001A,0,0,คณะวิทยาศาสตร์การกีฬาสุขภาพ,หลักสูตรวิทยาศาสตรบัณฑิตสาขาวิชา วิทยาศาสตร์การกีฬาและการออกกำลังกาย,,,0,80,37,14,81.2500,0.0000
มหาวิทยาลัยอีสเทิร์นเอเชีย,วิทยาเขตหลัก,41120101301601C,A,0,คณะวิศวกรรมศาสตร์,วศ.บ. วิศวกรรมไฟฟ้าและพลังงาน,,ภาษาไทย,0,40,1,1,62.5000,62.5000
มหาวิทยาลัยอีสเทิร์นเอเชีย,วิทยาเขตหลัก,41120101303501C,A,0,คณะวิศวกรรมศาสตร์,วศ.บ. วิศวกรรมอุตสาหการ,,ภาษาไทย,0,50,0,0,0.0000,0.0000
มหาวิทยาลัยอีสเทิร์นเอเชีย,วิทยาเขตหลัก,41120102610801C,A,0,คณะบริหารธุรกิจ,บธ.บ.,,ภาษาไทย,0,100,0,0,0.0000,0.0000
มหาวิทยาลัยอีสเทิร์นเอเชีย,วิทยาเขตหลัก,41120102610802D,A,0,คณะบริหารธุรกิจ,บธ.บ.,,ภาษาไทย,0,100,0,0,0.0000,0.0000
มหาวิทยาลัยอีสเทิร์นเอเชีย,วิทยาเขตหลัก,41120105620101C,A,0,คณะศิลปศาสตร์,ศศ.บ. การท่องเที่ยว,,ภาษาไทย,0,80,2,1,0.0000,0.0000
มหาวิทยาลัยอีสเทิร์นเอเชีย,วิทยาเขตหลัก,41120105904401C,A,0,คณะศิลปศาสตร์,ศศ.บ. ภาษาต่างประเทศเพื่อการสื่อสารทาง ธุรกิจ,,ภาษาไทย,0,50,1,0,0.0000,0.0000
มหาวิทยาลัยอีสเทิร์นเอเชีย,วิทยาเขตหลัก,41120109220101C,A,0,คณะเทคโนโลยีสารสนเทศ,วท.บ. เทคโนโลยีสารสนเทศ,,ภาษาไทย,0,50,0,0,0.0000,0.0000
มหาวิทยาลัยอีสเทิร์นเอเชีย,วิทยาเขตหลัก,41120113620201C,A,0,คณะการบิน,วท.บ. การบิน,,ภาษาไทย,0,250,6,1,94.5000,94.5000
มหาวิทยาลัยอีสเทิร์นเอเชีย,วิทยาเขตหลัก,41120114112701C,A,0,คณะสาธารณสุขศาสตร์,ส.บ. สาธารณสุขชุมชน,,ภาษาไทย,0,60,4,1,80.0000,80.0000
วิทยาลัยเซนต์หลุยส์,หลัก,41150101111701A,0,0,พยาบาลศาสตร์,พย.บ. พยาบาลศาสตรบัณฑิต,,,0,40,170,40,54.8141,44.7460
วิทยาลัยเซนต์หลุยส์,หลัก,41150102900701A,0,0,จิตวิทยา,วท.บ. วิทยาศาสตรบัณฑิตสาขาวิชาจิตวิทยา,,,0,40,47,24,65.2332,38.1858
วิทยาลัยเซนต์หลุยส์,หลัก,41150105110101A,0,0,กายภาพบำบัด,กภ.บ. กายภาพบำบัดบัณฑิต,,,0,40,134,40,55.1642,41.2976
วิทยาลัยดุสิตธานี,วิทยาเขตหลัก,41170101620101A,0,0,คณะการจัดการบริการ,บธ.บ. สาขาวิชาการจัดการโรงแรม,,,0,20,3,0,0.0000,0.0000
วิทยาลัยดุสิตธานี,วิทยาเขตหลัก,41170101620102E,0,0,คณะการจัดการบริการ,บธ.บ. สาขาวิชาการจัดการการบริการ (หลักสูตรนานาชาต)ิ,,,0,20,0,0,0.0000,0.0000
วิทยาลัยดุสิตธานี,วิทยาเขตหลัก,41170102610201A,0,0,คณะศิลปะการประกอบอาหาร,บธ.บ. สาขาวิชาศิลปะการประกอบอาหาร,,,0,20,9,0,0.0000,0.0000
วิทยาลัยดุสิตธานี,วิทยาเขตหลัก,41170102610202I,0,0,คณะศิลปะการประกอบอาหาร,บธ.บ. สาขาวิชาศิลปะการประกอบอาหาร อย่างมืออาชีพ (หลักสูตรนานาชาต)ิ,,,0,20,0,0,0.0000,0.0000
มหาวิทยาลัยนานาชาติเอเชีย- แปซิฟิก,สระบุรี,41290102902501A,0,0,คณะศิลปศาสตร์และมนุษยศาสตร์,ศิลปศาสตรบัณฑิตสาขาวิชาภาษาอังกฤษเพื่อ การสื่อสารในงานอาชีพ,,,0,30,0,0,0.0000,0.0000
มหาวิทยาลัยนานาชาติเอเชีย- แปซิฟิก,สระบุรี,41290102902501E,0,0,คณะศิลปศาสตร์และมนุษยศาสตร์,ศิลปศาสตรบัณฑิตสาขาวิชาภาษาอังกฤษเพื่อ วัตถุประสงค์ทางวิชาชีพ,,,0,15,1,0,0.0000,0.0000
มหาวิทยาลัยนานาชาติเอเชีย- แปซิฟิก,สระบุรี,41290103610501A,0,0,คณะบริหารธุรกิจ,บัญชีบัณฑิต,,,0,20,0,0,0.0000,0.0000
มหาวิทยาลัยนานาชาติเอเชีย- แปซิฟิก,สระบุรี,41290103610801E,0,0,คณะบริหารธุรกิจ,บริหารธุรกิจบัณฑิต,,,0,15,1,0,0.0000,0.0000
มหาวิทยาลัยนานาชาติเอเชีย- แปซิฟิก,สระบุรี,41290104700201E,0,0,คณะศึกษาศาสตร์,ศึกษาศาสตรบัณฑิตสาขาวิชาการประถมศึกษา,,,0,15,0,0,0.0000,0.0000
มหาวิทยาลัยนานาชาติเอเชีย- แปซิฟิก,สระบุรี,41290105220101E,0,0,คณะเทคโนโลยีสารสนเทศ,วิทยาศาสตรบัณฑิตสาขาวิชาเทคโนโลียสารสนเทศ,,,0,15,1,1,0.0000,0.0000
มหาวิทยาลัยนานาชาติเอเชีย- แปซิฟิก,สระบุรี,41290106210701E,0,0,คณะวิทยาศาสตร์,วิทยาศาสตรบัณฑิตสาขาวิชาวิทยาศาสต์รชีวภาพ,,,0,15,0,0,0.0000,0.0000
มหาวิทยาลัยนานาชาติเอเชีย- แปซิฟิก,สระบุรี,41290107901501E,0,0,คณะศาสนศึกษา,ศิลปศาสตรบัณฑิตสาขาวิชาคริสตศาสนศึกษา,,,0,10,0,0,0.0000,0.0000
มหาวิทยาลัยนานาชาติเอเชีย- แปซิฟิก,กรุงเทพ,41290201111701A,0,0,คณะพยาบาลศาสตร์มิชชั่น,พยาบาลศาสตรบัณฑิต,,,0,40,180,40,38.5570,29.4533
มหาวิทยาลัยนานาชาติเอเชีย- แปซิฟิก,กรุงเทพ,41290201111701E,0,0,คณะพยาบาลศาสตร์มิชชั่น,พยาบาลศาสตรบัณฑิต,,,0,15,23,11,27.8985,17.9420
มหาวิทยาลัยหาดใหญ่,วิทยาเขตหลัก,41300100112701A,0,0,คณะวิทยาศาตร์และเทคโนโลยี,สาธารณสุขบัณฑิต(ส.บ.) (สาธารณสุขชุมชน),,สาธารณสุข,0,20,77,20,90.7500,72.0000
มหาวิทยาลัยหาดใหญ่,วิทยาเขตหลัก,41300100112702A,0,0,คณะวิทยาศาตร์และเทคโนโลยี,วิทยาศาสตรบัณฑิต(วท.บ.) (อาชีวอนามัยและ ความปลอดภัย),,อาชีวอนา มัยและ ความ ปลอดภัย,0,20,31,11,97.0000,50.2500
มหาวิทยาลัยหาดใหญ่,วิทยาเขตหลัก,41300100220101A,0,0,คณะวิทยาศาตร์และเทคโนโลยี,วิทยาศาสตรบัณฑิต(วท.บ.) (เทคโนโลียสารสนเทศ),,เทคโนโลียสารสนเทศ,0,5,1,0,0.0000,0.0000
มหาวิทยาลัยหาดใหญ่,วิทยาเขตหลัก,41300100610201A,0,0,คณะบริหารธุรกิจ,บริหารธุรกิจบัณฑิต(บธ.บ.) (การจัดการ),,การจัดการ,0,20,16,5,88.2500,55.7500
มหาวิทยาลัยหาดใหญ่,วิทยาเขตหลัก,41300100610506A,0,0,คณะบริหารธุรกิจ,บัญชีบัณฑิต(บช.บ.),,การบัญชี,0,20,16,3,78.5000,55.7500
มหาวิทยาลัยหาดใหญ่,วิทยาเขตหลัก,41300100610602A,0,0,คณะบริหารธุรกิจ,บริหารธุรกิจบัณฑิต(บธ.บ.)(การตลาด),,การตลาด,0,25,5,1,91.2500,91.2500
มหาวิทยาลัยหาดใหญ่,วิทยาเขตหลัก,41300100610804A,0,0,คณะบริหารธุรกิจ,บริหารธุรกิจบัณฑิต(บธ.บ.) (ผู้ประกอบการ ฐานนวัตกรรมและการออกแบบ),,ผู้ประกอบกา รฐาน นวัตกรรม และการ ออกแบบ),0,10,4,1,64.0000,64.0000
มหาวิทยาลัยหาดใหญ่,วิทยาเขตหลัก,41300100610808E,0,0,วิทยาลัยนานาชาติดิษยศริน,บริหารธุรกิจบัณฑิต(บธ.บ.) (การจัดการธุรกิจ ระหว่างประเทศ),,การจัดการ ธุรกิจ ระหว่าง ประเทศ,0,5,2,0,0.0000,0.0000
มหาวิทยาลัยหาดใหญ่,วิทยาเขตหลัก,41300100620105A,0,0,คณะบริหารธุรกิจ,บริหารธุรกิจบัณฑิต(บธ.บ.) (การเป็น ผู้ประกอบการท่องเที่ยวและบริการดิจิทัล),,การเป็น ผู้ประกอบกา รการท่อง เที่ยวและ บริการดิจิทัล,0,10,11,3,89.7500,60.5000
มหาวิทยาลัยหาดใหญ่,วิทยาเขตหลัก,41300100620207E,0,0,วิทยาลัยนานาชาติดิษยศริน,ศิลปศาสตรบัณฑิต(ศศ.บ.)(อุตสาหกรรมการ ท่องเที่ยว),,อุตสาหกรรม การท่องเที่ยว,0,5,4,0,0.0000,0.0000
มหาวิทยาลัยหาดใหญ่,วิทยาเขตหลัก,41300100700204A,0,0,คณะศึกษาศาสตร์และศิลปศาสตร์,ศึกษาศาสตรบัณฑิต(ศษ.บ.)(การประถมศึกษา),,การ ประถมศึกษา,0,10,103,10,98.2500,89.0000
มหาวิทยาลัยหาดใหญ่,วิทยาเขตหลัก,41300100701207A,0,0,คณะศึกษาศาสตร์และศิลปศาสตร์,ศึกษาศาสตรบัณฑิต(ศษ.บ.)(จิตวิทยาการแนะ แนวและให้คำปรึกษา),,จิตวิทยา การแนะ แนวและให้ คำปรึกษา,0,10,0,0,0.0000,0.0000
มหาวิทยาลัยหาดใหญ่,วิทยาเขตหลัก,41300100702001A,0,0,คณะศึกษาศาสตร์และศิลปศาสตร์,ศึกษาศาสตรบัณฑิต(ศษ.บ.) (ภาษาไทย),,ภาษาไทย,0,10,45,10,94.2500,82.2500
มหาวิทยาลัยหาดใหญ่,วิทยาเขตหลัก,41300100702002E,0,0,วิทยาลัยนานาชาติดิษยศริน,ศึกษาศาสตรบัณฑิต(ศษ.บ.)(ภาษาอังกฤษ),,ภาษาอังกฤษ,0,5,10,5,95.2500,71.0000
มหาวิทยาลัยหาดใหญ่,วิทยาเขตหลัก,41300100702705A,0,0,คณะศึกษาศาสตร์และศิลปศาสตร์,ศึกษาศาสตรบัณฑิต(ศษ.บ.)(สังคมศึกษา),,สังคมศึกษา,0,10,32,10,88.2500,71.5000
มหาวิทยาลัยหาดใหญ่,วิทยาเขตหลัก,41300100703806A,0,0,คณะศึกษาศาสตร์และศิลปศาสตร์,ศึกษาศาสตรบัณฑิต(ศษ.บ.)(วิทยาศาสตร์ทั่วไป),,วิทยาศาสต์รทั่วไป,0,10,0,0,0.0000,0.0000
มหาวิทยาลัยหาดใหญ่,วิทยาเขตหลัก,41300100800201A,0,0,คณะศึกษาศาสตร์และศิลปศาสตร์,ดุริยางคศาสตรบัณฑิต(ดศ.บ.) (ดนตรีสากล),,ดนตรีสากล,0,5,11,1,83.7500,83.7500
มหาวิทยาลัยหาดใหญ่,วิทยาเขตหลัก,41300100900201A,0,0,คณะรัฐศาสตร์,รัฐศาสตรบัณฑิต(การเมืองการปกครอง),,การเมือง การปกครอง,0,10,15,4,78.0000,71.0000
มหาวิทยาลัยหาดใหญ่,วิทยาเขตหลัก,41300100900202A,0,0,คณะรัฐศาสตร์,รัฐประศาสนศาสตรบัณฑิต(การบริหารจัดการ ท้องถิ่น),,การบริหาร จัดการ ท้องถิ่น,0,10,13,6,83.5000,54.2500
มหาวิทยาลัยหาดใหญ่,วิทยาเขตหลัก,41300100900801A,0,0,คณะนิเทศศาสตร์,ศิลปกรรมศาสตรบัณฑิต(ศป.บ.)(ดิจิทัลมีเดีย ดีไซน์),,ดิจิทัลมีเดีย ดีไซน์,0,20,6,2,86.0000,67.7500
มหาวิทยาลัยหาดใหญ่,วิทยาเขตหลัก,41300100901001A,0,0,คณะนิติศาสตร์,นิติศาสตรบัณฑิต(น.บ.),,นิติศาสตร์,0,20,17,5,79.5000,69.0000
มหาวิทยาลัยหาดใหญ่,วิทยาเขตหลัก,41300100901101A,0,0,คณะนิเทศศาสตร์,นิเทศศาสตรบัณฑิต(นศ.บ.) (การสื่อสารและ สื่อดิจิทัล),,การสื่อสาร และสื่อดิจิทัล,0,20,5,1,93.5000,93.5000
มหาวิทยาลัยราชภัฏชัยภูมิ,วิทยาเขตหลัก,21420101110404A,0,0,คณะศิลปศาสตร์และวิทยาศาสตร์,ส.บ. วิชาเอกการจัดการสุขภาพผู้สูงอายุ,,วิชาเอกการ จัดการ สุขภาพ ผู้สูงอายุ,0,10,21,9,93.0000,0.0000
มหาวิทยาลัยราชภัฏชัยภูมิ,วิทยาเขตหลัก,21420101220201A,0,0,คณะศิลปศาสตร์และวิทยาศาสตร์,วท.บ. สาขาวิทยาการคอมพิวเตอร์,,วิทยาการ คอมพิวเตอร์,0,10,25,5,71.5000,55.7500
มหาวิทยาลัยราชภัฏชัยภูมิ,วิทยาเขตหลัก,21420101300314A,0,0,คณะศิลปศาสตร์และวิทยาศาสตร์,วศ.บ. สาขาวิชาวิศวกรรมการผลิตและระบบ อัตโนมัติ,,วิศวกรรม การผลิต และระบบ อัตโนมัติ,0,10,9,1,86.5000,86.5000
มหาวิทยาลัยราชภัฏชัยภูมิ,วิทยาเขตหลัก,21420101300713A,0,0,คณะศิลปศาสตร์และวิทยาศาสตร์,วศ.บ. สาขาวิชาวิศวกรรมเครื่องกล,,วิศวกรรมเครื่ องกล,0,10,15,4,82.2500,51.0000
มหาวิทยาลัยราชภัฏชัยภูมิ,วิทยาเขตหลัก,21420101302415A,0,0,คณะศิลปศาสตร์และวิทยาศาสตร์,วศ.บ. สาขาวิชาวิศวกรรมอุตสาหการและโลิจสติกส์,,วิศวกรรม อุตสาหการ และโลิจสติกส์,0,10,20,5,90.0000,0.0000
มหาวิทยาลัยราชภัฏชัยภูมิ,วิทยาเขตหลัก,21420101610809A,A,0,คณะศิลปศาสตร์และวิทยาศาสตร์,บธ.บ. สาขาวิชาบริหารธุรกิจ วิชาเอกการจัดการ,,วิชาเอกการ จัดการ,0,10,21,8,93.7500,0.0000
มหาวิทยาลัยราชภัฏชัยภูมิ,วิทยาเขตหลัก,21420101610810A,C,0,คณะศิลปศาสตร์และวิทยาศาสตร์,บธ.บ. สาขาวิชาบริหารธุรกิจ วิชาเอกธุรกิจ ดิจิทัล,,วิชาเอก ธุรกิจดิจิทัล,0,10,14,4,91.2500,76.2500
มหาวิทยาลัยราชภัฏชัยภูมิ,วิทยาเขตหลัก,21420101620112A,0,0,คณะศิลปศาสตร์และวิทยาศาสตร์,บธ.บ. การเป็นผู้ประกอบการสตาร์ทอัพด้าน การท่องเที่ยวและโรงแรม,,การเป็น ผู้ประกอบกา รสตาร์ทอัพ ด้านการ ท่องเที่ยว และโรงแรม,0,10,36,10,88.0000,0.0000
มหาวิทยาลัยราชภัฏชัยภูมิ,วิทยาเขตหลัก,21420101800102A,0,0,คณะศิลปศาสตร์และวิทยาศาสตร์,ศป.บ. สาขาวิชาศิลปะและนวัตกรรมการ ออกแบบ,,ศิลปะและนวัตกรรม การออกแบบ,0,10,10,3,74.7500,55.0000
มหาวิทยาลัยราชภัฏชัยภูมิ,วิทยาเขตหลัก,21420101901007A,0,0,คณะศิลปศาสตร์และวิทยาศาสตร์,น.บ. สาขาวิชานิติศาสตร์,,นิติศาสตร์,0,20,38,8,82.7500,57.5000
มหาวิทยาลัยราชภัฏชัยภูมิ,วิทยาเขตหลัก,21420101903105A,0,0,คณะศิลปศาสตร์และวิทยาศาสตร์,รป.บ. สาขาวิชารัฐประศาสนศาสตร์,,รัฐ ประศาสน ศาสตร์,0,20,17,8,86.0000,51.0000
มหาวิทยาลัยราชภัฏชัยภูมิ,วิทยาเขตหลัก,21420101903206A,0,0,คณะศิลปศาสตร์และวิทยาศาสตร์,ร.บ. สาขาวิชารัฐศาสตร์,,รัฐศาสตร์,0,20,34,11,91.2500,47.0000
มหาวิทยาลัยราชภัฏชัยภูมิ,วิทยาเขตหลัก,21420101903508A,0,0,คณะศิลปศาสตร์และวิทยาศาสตร์,ศศ.บ. สาขาวิชาสหวิทยาการเพื่อการพัฒนา ท้องถิ่น,,สหวิทยาการ เพื่อการ พัฒนา ท้องถิ่น,0,10,8,2,84.0000,75.0000
มหาวิทยาลัยราชภัฏชัยภูมิ,วิทยาเขตหลัก,21420102111701A,0,0,คณะพยาบาลศาสตร์,พย.บ. หลักสูตรพยาบาลศาสตรบัณฑิต,,พยาบาล ศาสตร์,0,5,363,5,62.5458,59.5844
มหาวิทยาลัยราชภัฏชัยภูมิ,วิทยาเขตหลัก,21420103700212A,0,0,คณะครุศาสตร์และการพัฒนามนุษย์,ค.บ. วิชาเอกการประถมศึกษา,,วิชาเอกการ ประถมศึกษา,0,10,176,10,58.6336,51.3995
มหาวิทยาลัยราชภัฏชัยภูมิ,วิทยาเขตหลัก,21420103700604A,0,0,คณะครุศาสตร์และการพัฒนามนุษย์,ค.บ. วิชาเอกการศึกษาปฐมวัย,,วิชาเอก การศึกษา ปฐมวัย,0,5,224,6,87.0000,86.0000
มหาวิทยาลัยราชภัฏชัยภูมิ,วิทยาเขตหลัก,21420103700805A,0,0,คณะครุศาสตร์และการพัฒนามนุษย์,ค.บ. วิชาเอกคณิตศาสตร์,,วิชาเอก คณิตศาสตร์,0,5,45,5,60.5750,53.8250
มหาวิทยาลัยราชภัฏชัยภูมิ,วิทยาเขตหลัก,21420103700906A,0,0,คณะครุศาสตร์และการพัฒนามนุษย์,ค.บ. วิชาเอกคอมพิวเตอร์ศึกษา,,วิชาเอก คอมพิวเตอ์รศึกษา,0,10,23,9,79.0000,0.0000
มหาวิทยาลัยราชภัฏชัยภูมิ,วิทยาเขตหลัก,21420103702008A,0,0,คณะครุศาสตร์และการพัฒนามนุษย์,ค.บ. วิชาเอกภาษาอังกฤษ,,วิชาเอก ภาษาอังกฤษ,0,10,55,10,76.2800,62.7100
มหาวิทยาลัยราชภัฏชัยภูมิ,วิทยาเขตหลัก,21420103702009A,0,0,คณะครุศาสตร์และการพัฒนามนุษย์,ค.บ. วิชาเอกภาษาไทย,,วิชาเอก ภาษาไทย,0,10,99,11,75.5000,69.0000
มหาวิทยาลัยราชภัฏชัยภูมิ,วิทยาเขตหลัก,21420103702410A,0,0,คณะครุศาสตร์และการพัฒนามนุษย์,ค.บ. วิชาเอกวิทยาศาสตร์ทั่วไป,,วิชาเอก วิทยาศาสต์รทั่วไป,0,10,16,6,53.4220,10.2280
มหาวิทยาลัยราชภัฏชัยภูมิ,วิทยาเขตหลัก,21420103702502A,0,0,คณะครุศาสตร์และการพัฒนามนุษย์,ค.บ. วิชาเอกศิลปศึกษา,,วิชาเอก ศิลปศึกษา,0,10,11,4,73.0000,56.0000
มหาวิทยาลัยราชภัฏชัยภูมิ,วิทยาเขตหลัก,21420103702711A,0,0,คณะครุศาสตร์และการพัฒนามนุษย์,ค.บ. วิชาเอกสังคมศึกษา,,วิชาเอก สังคมศึกษา,0,15,52,15,50.9140,43.4989
มหาวิทยาลัยราชภัฏชัยภูมิ,วิทยาเขตหลัก,21420103702807A,0,0,คณะครุศาสตร์และการพัฒนามนุษย์,ค.บ. วิชาเอกพลศึกษา,,วิชาเอกพล ศึกษา,0,5,96,6,82.0000,80.0000
มหาวิทยาลัยราชภัฏชัยภูมิ,วิทยาเขตหลัก,21420103703303A,0,0,คณะครุศาสตร์และการพัฒนามนุษย์,ค.บ. วิชาเอกอุตสาหกรรมศิลป์,,วิชาเอก อุตสาหกรรม ศิลป์,0,15,6,1,57.0000,57.0000
มหาวิทยาลัยราชภัฏชัยภูมิ,วิทยาเขตหลัก,21420103703601A,0,0,คณะครุศาสตร์และการพัฒนามนุษย์,ค.บ. วิชาเอกคหกรรมศาสตร์,,วิชาเอกค หกรรม ศาสตร์,0,10,15,7,82.0000,0.0000
มหาวิทยาลัยราชภัฏเชียงใหม่,เชียงใหม่,21440101700201A,0,0,คณะครุศาสตร์,ครุศาสตรบัณฑิตสาขาวิชาการประถมศึกษา,,,0,9,411,9,78.2080,75.6288
มหาวิทยาลัยราชภัฏเชียงใหม่,เชียงใหม่,21440101700601A,0,0,คณะครุศาสตร์,ครุศาสตรบัณฑิตสาขาวิชาการศึกษาปฐมวัย,,,0,8,258,8,74.6856,72.9164
มหาวิทยาลัยราชภัฏเชียงใหม่,เชียงใหม่,21440101700701A,0,0,คณะครุศาสตร์,ครุศาสตรบัณฑิตสาขาวิชาการศึกษาพิเศษ,,,0,10,122,10,74.5436,68.7492
มหาวิทยาลัยราชภัฏเชียงใหม่,เชียงใหม่,21440101700801A,0,0,คณะครุศาสตร์,ครุศาสตรบัณฑิตสาขาวิชาคณิตศาสตร์,,,0,28,168,28,79.8108,71.3732
มหาวิทยาลัยราชภัฏเชียงใหม่,เชียงใหม่,21440101700901A,0,0,คณะครุศาสตร์,ครุศาสตรบัณฑิตสาขาวิชาคอมพิวเตอร์ศึกษา,,,0,36,178,36,74.9252,51.8776
มหาวิทยาลัยราชภัฏเชียงใหม่,เชียงใหม่,21440101701001A,0,0,คณะครุศาสตร์,ครุศาสตรบัณฑิตสาขาวิชาเคมี,,,0,29,123,29,74.7568,52.7340
มหาวิทยาลัยราชภัฏเชียงใหม่,เชียงใหม่,21440101701201A,0,0,คณะครุศาสตร์,ครุศาสตรบัณฑิตสาขาวิชาจิตวิทยาการศึกษา และการแนะแนว,,,0,6,179,6,76.7756,71.7840
มหาวิทยาลัยราชภัฏเชียงใหม่,เชียงใหม่,21440101701301A,0,0,คณะครุศาสตร์,ครุศาสตรบัณฑิตสาขาวิชาชีววิทยา,,,0,54,177,45,74.3232,33.0000
มหาวิทยาลัยราชภัฏเชียงใหม่,เชียงใหม่,21440101701401A,0,0,คณะครุศาสตร์,ครุศาสตรบัณฑิตสาขาวิชาเกษตรศาสตร์,,,0,12,57,12,68.9368,26.0684
มหาวิทยาลัยราชภัฏเชียงใหม่,เชียงใหม่,21440101701801A,0,0,คณะครุศาสตร์,ครุศาสตรบัณฑิตสาขาวิชาฟิสิกส์,,,0,31,74,17,71.4404,54.4344
มหาวิทยาลัยราชภัฏเชียงใหม่,เชียงใหม่,21440101702001A,0,0,คณะครุศาสตร์,ครุศาสตรบัณฑิตสาขาวิชาภาษาจีน,,,0,30,106,30,69.8640,47.4184
มหาวิทยาลัยราชภัฏเชียงใหม่,เชียงใหม่,21440101702002A,0,0,คณะครุศาสตร์,ครุศาสตรบัณฑิตสาขาวิชาภาษาไทย,,,0,19,231,19,79.8328,73.1836
มหาวิทยาลัยราชภัฏเชียงใหม่,เชียงใหม่,21440101702003A,0,0,คณะครุศาสตร์,ครุศาสตรบัณฑิตสาขาวิชาภาษาอังกฤษ,,,0,25,126,25,79.9760,67.8240
มหาวิทยาลัยราชภัฏเชียงใหม่,เชียงใหม่,21440101702501A,0,0,คณะครุศาสตร์,ครุศาสตรบัณฑิตสาขาวิชาดนตรีศึกษา,,,0,6,49,6,66.6796,59.4992
มหาวิทยาลัยราชภัฏเชียงใหม่,เชียงใหม่,21440101702502A,0,0,คณะครุศาสตร์,ครุศาสตรบัณฑิตสาขาวิชานาฏศิลป์ศึกษา,,,0,26,60,16,72.4832,18.0180
มหาวิทยาลัยราชภัฏเชียงใหม่,เชียงใหม่,21440101702503A,0,0,คณะครุศาสตร์,ครุศาสตรบัณฑิตสาขาวิชาศิลปศึกษา,,,0,23,69,14,68.6296,41.7108
มหาวิทยาลัยราชภัฏเชียงใหม่,เชียงใหม่,21440101702701A,0,0,คณะครุศาสตร์,ครุศาสตรบัณฑิตสาขาวิชาสังคมศึกษา,,,0,26,160,26,74.9632,67.0124
มหาวิทยาลัยราชภัฏเชียงใหม่,เชียงใหม่,21440101702801A,0,0,คณะครุศาสตร์,ครุศาสตรบัณฑิตสาขาวิชาพลศึกษา,,,0,6,163,6,73.2892,66.1056
มหาวิทยาลัยราชภัฏเชียงใหม่,เชียงใหม่,21440101703301A,0,0,คณะครุศาสตร์,ครุศาสตรบัณฑิตสาขาวิชาอุตสาหกรรมศิลป์,,,0,26,30,10,66.2200,41.3976
มหาวิทยาลัยราชภัฏเชียงใหม่,เชียงใหม่,21440101703801A,0,0,คณะครุศาสตร์,ครุศาสตรบัณฑิตสาขาวิชาวิทยาศาสตร์ทั่วไป,,,0,47,130,39,72.2592,33.3188
มหาวิทยาลัยราชภัฏเชียงใหม่,เชียงใหม่,21440101900701A,A,0,คณะครุศาสตร์,ศิลปศาสตรบัณฑิตสาขาวิชาจิตวิทยา,,จิตวิทยา การปรึกษา,0,23,187,23,99.8500,91.0500
มหาวิทยาลัยราชภัฏเชียงใหม่,เชียงใหม่,21440101900701A,B,0,คณะครุศาสตร์,ศิลปศาสตรบัณฑิตสาขาวิชาจิตวิทยา,,จิตวิทยา องค์การ,0,49,186,49,98.8000,71.5000
มหาวิทยาลัยราชภัฏเชียงใหม่,เชียงใหม่,21440102620101A,0,0,คณะมนุษยศาสตร์และสังคมศษสตร์,ศิลปศาสตรบัณฑิตสาขาวิชาการท่องเที่ยวและ การโรงแรม,,,0,67,265,67,99.7500,73.8500
มหาวิทยาลัยราชภัฏเชียงใหม่,เชียงใหม่,21440102800101A,0,0,คณะมนุษยศาสตร์และสังคมศษสตร์,ศิลปกรรมศาสตรบัณฑิตสาขาวิชาศิลปะและการออกแบบ,,,0,25,106,24,98.9000,26.9500
มหาวิทยาลัยราชภัฏเชียงใหม่,เชียงใหม่,21440102800201A,0,0,คณะมนุษยศาสตร์และสังคมศษสตร์,ศิลปกรรมศาสตรบัณฑิตสาขาวิชาดนตรีสากล,,,0,23,45,22,98.9500,33.0500
มหาวิทยาลัยราชภัฏเชียงใหม่,เชียงใหม่,21440102800401A,0,0,คณะมนุษยศาสตร์และสังคมศษสตร์,ศิลปกรรมศาสตรบัณฑิตสาขาวิชา ศิลปะการแสดง,,,0,31,110,23,96.1000,16.0000
มหาวิทยาลัยราชภัฏเชียงใหม่,เชียงใหม่,21440102901001A,0,0,คณะมนุษยศาสตร์และสังคมศษสตร์,นิติศาสตรบัณฑิตสาขาวิชานิติศาสตร์,,,0,44,224,45,98.5500,93.5000
มหาวิทยาลัยราชภัฏเชียงใหม่,เชียงใหม่,21440102901201A,0,0,คณะมนุษยศาสตร์และสังคมศษสตร์,ศิลปศาสตรบัณฑิตสาขาวิชาสารสนเทศศาสตร์,,,0,54,38,10,92.7000,24.8500
มหาวิทยาลัยราชภัฏเชียงใหม่,เชียงใหม่,21440102901701A,0,0,คณะมนุษยศาสตร์และสังคมศษสตร์,ศิลปศาสตรบัณฑิตสาขาวิชาภาษาเกาหลี,,,0,85,58,21,99.8000,24.1500
มหาวิทยาลัยราชภัฏเชียงใหม่,เชียงใหม่,21440102901801A,0,0,คณะมนุษยศาสตร์และสังคมศษสตร์,ศิลปศาสตรบัณฑิตสาขาวิชาภาษาจีน,,,0,30,113,30,99.9500,95.9000
มหาวิทยาลัยราชภัฏเชียงใหม่,เชียงใหม่,21440102901901A,0,0,คณะมนุษยศาสตร์และสังคมศษสตร์,ศิลปศาสตรบัณฑิตสาขาวิชาภาษาญี่ปุ่น,,,0,70,93,37,99.1500,22.4500
มหาวิทยาลัยราชภัฏเชียงใหม่,เชียงใหม่,21440102902001A,0,0,คณะมนุษยศาสตร์และสังคมศษสตร์,ศิลปศาสตรบัณฑิตสาขาวิชาภาษาไทย,,,0,32,135,32,98.5000,87.4000
มหาวิทยาลัยราชภัฏเชียงใหม่,เชียงใหม่,21440102902501A,0,0,คณะมนุษยศาสตร์และสังคมศษสตร์,ศิลปศาสตรบัณฑิตสาขาวิชาภาษาอังกฤษ,,,0,40,154,40,100.0000,82.8500
มหาวิทยาลัยราชภัฏเชียงใหม่,เชียงใหม่,21440102902502A,0,0,คณะมนุษยศาสตร์และสังคมศษสตร์,ศิลปศาสตรบัณฑิตสาขาวิชาภาษาอังกฤษเพื่อ ธุรกิจบริการ,,,0,64,163,57,99.1500,22.1500
มหาวิทยาลัยราชภัฏเชียงใหม่,เชียงใหม่,21440102903001A,0,0,คณะมนุษยศาสตร์และสังคมศษสตร์,วิทยาศาสตรบัณฑิตสาขาวิชาภูมิศาสตร์และ ภูมิสารสนเทศ,,,0,46,38,9,89.6500,38.5000
มหาวิทยาลัยราชภัฏเชียงใหม่,เชียงใหม่,21440102903101A,0,0,คณะมนุษยศาสตร์และสังคมศษสตร์,รัฐประศาสนศาสตรบัณฑิตสาขาวิชารัฐ ประศาสนศาสตร์,,,0,35,141,35,98.2000,91.6000
มหาวิทยาลัยราชภัฏเชียงใหม่,เชียงใหม่,21440102904001A,0,0,คณะมนุษยศาสตร์และสังคมศษสตร์,ศิลปศาสตรบัณฑิตสาขาวิชาประวัติศาสต์รและมรดกวัฒนธรรม,,,0,48,65,20,99.1500,51.7000
มหาวิทยาลัยราชภัฏเชียงใหม่,เชียงใหม่,21440102904201A,0,0,คณะมนุษยศาสตร์และสังคมศษสตร์,ศิลปศาสตรบัณฑิตสาขาวิชาการพัฒนาชุมชน,,,0,55,121,47,97.1000,31.0500
มหาวิทยาลัยราชภัฏเชียงใหม่,เชียงใหม่,21440103110701A,0,0,คณะวิทยาศาสตร์และเทคโนโลยี,การแพทย์แผนไทยบัณฑิตสาขาวิชาการแพท์ยแผนไทย,,,0,30,30,16,41.3815,7.2500
มหาวิทยาลัยราชภัฏเชียงใหม่,เชียงใหม่,21440103112701A,0,0,คณะวิทยาศาสตร์และเทคโนโลยี,สาธารณสุขศาสตรบัณฑิตสาขาวิชา สาธารณสุขชุมชน,,,0,10,318,10,99.4500,98.2500
มหาวิทยาลัยราชภัฏเชียงใหม่,เชียงใหม่,21440103112702A,0,0,คณะวิทยาศาสตร์และเทคโนโลยี,วิทยาศาสตรบัณฑิตสาขาวิชาอาชีวอนามัย และความปลอดภัย,,,0,29,156,29,99.6500,95.9500
มหาวิทยาลัยราชภัฏเชียงใหม่,เชียงใหม่,21440103210301A,0,0,คณะวิทยาศาสตร์และเทคโนโลยี,วิทยาศาสตรบัณฑิตสาขาวิชาคณิตศาสตร์,,,0,44,24,10,98.4500,32.3500
มหาวิทยาลัยราชภัฏเชียงใหม่,เชียงใหม่,21440103210401A,0,0,คณะวิทยาศาสตร์และเทคโนโลยี,วิทยาศาสตรบัณฑิตสาขาวิชาเคมี,,,0,44,27,4,93.0500,46.5000
มหาวิทยาลัยราชภัฏเชียงใหม่,เชียงใหม่,21440103210701A,0,0,คณะวิทยาศาสตร์และเทคโนโลยี,วิทยาศาสตรบัณฑิตสาขาวิชาชีววิทยา,,,0,44,73,24,98.3000,20.6500
มหาวิทยาลัยราชภัฏเชียงใหม่,เชียงใหม่,21440103211701A,0,0,คณะวิทยาศาสตร์และเทคโนโลยี,วิทยาศาสตรบัณฑิตสาขาวิชาเทคโนโลยีวิศกร รมการก่อสร้าง,,,0,29,41,17,98.9500,27.1500
มหาวิทยาลัยราชภัฏเชียงใหม่,เชียงใหม่,21440103212101A,0,0,คณะวิทยาศาสตร์และเทคโนโลยี,เทคโนโลยีบัณฑิตสาขาวิชาเทคโนโลียอุตสาหกรรม,,,0,37,32,10,89.6500,57.6500
มหาวิทยาลัยราชภัฏเชียงใหม่,เชียงใหม่,21440103213101A,0,0,คณะวิทยาศาสตร์และเทคโนโลยี,วิทยาศาสตรบัณฑิตสาขาวิชาวิทยาศาสต์รสิ่งแวดล้อม,,,0,76,33,6,96.9000,79.1000
มหาวิทยาลัยราชภัฏเชียงใหม่,เชียงใหม่,21440103213301A,0,0,คณะวิทยาศาสตร์และเทคโนโลยี,วิทยาศาสตรบัณฑิตสาขาวิชาวิทยาการข้อมูล เชิงสถิติ,,,0,42,9,2,41.1500,39.3000
มหาวิทยาลัยราชภัฏเชียงใหม่,เชียงใหม่,21440103220101A,0,0,คณะวิทยาศาสตร์และเทคโนโลยี,วิทยาศาสตรบัณฑิตสาขาวิชาเทคโนโลียคอมพิวเตอร์และดิจิทัล,,,0,41,73,14,93.3500,53.7000
มหาวิทยาลัยราชภัฏเชียงใหม่,เชียงใหม่,21440103220102A,0,0,คณะวิทยาศาสตร์และเทคโนโลยี,วิทยาศาสตรบัณฑิตสาขาวิชาเทคโนโลียสารสนเทศ,,,0,36,39,12,98.4500,51.2000
มหาวิทยาลัยราชภัฏเชียงใหม่,เชียงใหม่,21440103220201A,0,0,คณะวิทยาศาสตร์และเทคโนโลยี,วิทยาศาสตรบัณฑิตสาขาวิชาวิทยาการ คอมพิวเตอร์,,,0,44,95,31,96.9500,23.3500
มหาวิทยาลัยราชภัฏเชียงใหม่,เชียงใหม่,21440103302101A,0,0,คณะวิทยาศาสตร์และเทคโนโลยี,วิศวกรรมศาสตรบัณฑิตสาขาวิชาวิศวกรรม โยธา,,,0,29,24,11,26.5000,18.5000
มหาวิทยาลัยราชภัฏเชียงใหม่,เชียงใหม่,21440103400501A,0,0,คณะวิทยาศาสตร์และเทคโนโลยี,วิทยาศาสตรบัณฑิตสาขาวิชาเทคโนโลียสถาปัตยกรรม,,,0,29,79,20,98.5500,36.6500
มหาวิทยาลัยราชภัฏเชียงใหม่,เชียงใหม่,21440103500301A,A,0,คณะวิทยาศาสตร์และเทคโนโลยี,วิทยาศาสตรบัณฑิตสาขาวิชาคหกรรมศาสตร์,,การ ออกแบบ แฟชั่นและ สิ่งทอ,0,25,28,7,98.4000,35.2500
มหาวิทยาลัยราชภัฏเชียงใหม่,เชียงใหม่,21440103500301A,B,0,คณะวิทยาศาสตร์และเทคโนโลยี,วิทยาศาสตรบัณฑิตสาขาวิชาคหกรรมศาสตร์,,อาหารและ โภชนาการ,0,28,74,28,99.6500,38.4000
มหาวิทยาลัยราชภัฏเชียงใหม่,เชียงใหม่,21440103800101A,0,0,คณะวิทยาศาสตร์และเทคโนโลยี,วิทยาศาสตรบัณฑิตสาขาวิชาการออกแบบ สร้างสรรค์,,,0,27,25,7,92.9000,29.0500
มหาวิทยาลัยราชภัฏเชียงใหม่,เชียงใหม่,21440104610201A,0,0,คณะวิทยาการจัดการ,บริหารธุรกิจบัณฑิตสาขาวิชาการจัดการ,,,0,50,156,50,98.7500,69.4500
มหาวิทยาลัยราชภัฏเชียงใหม่,เชียงใหม่,21440104610401A,0,0,คณะวิทยาการจัดการ,บริหารธุรกิจบัณฑิตสาขาวิชาการจัดการ ทรัพยากรมนุษย์,,,0,51,94,22,97.7500,35.8000
มหาวิทยาลัยราชภัฏเชียงใหม่,เชียงใหม่,21440104610501A,0,0,คณะวิทยาการจัดการ,บัญชีบัญฑิตการบัญชี,,,0,37,167,37,99.8000,92.8000
มหาวิทยาลัยราชภัฏเชียงใหม่,เชียงใหม่,21440104610601A,0,0,คณะวิทยาการจัดการ,บริหารธุรกิจบัณฑิตสาขาวิชาการตลาด,,,0,81,236,81,98.1500,40.0000
มหาวิทยาลัยราชภัฏเชียงใหม่,เชียงใหม่,21440104610701A,A,0,คณะวิทยาการจัดการ,บริหารธุรกิจบัณฑิตสาขาวิชาธุรกิจดิจิทัล,,พาณิช์ยดิจิทัล,0,36,64,7,90.6500,36.5500
มหาวิทยาลัยราชภัฏเชียงใหม่,เชียงใหม่,21440104610701A,B,0,คณะวิทยาการจัดการ,บริหารธุรกิจบัณฑิตสาขาวิชาธุรกิจดิจิทัล,,เทคโนโลียธุรกิจดิจิทัล,0,16,60,17,98.4000,80.0000
มหาวิทยาลัยราชภัฏเชียงใหม่,เชียงใหม่,21440104610801A,0,0,คณะวิทยาการจัดการ,บริหารธุรกิจบัณฑิตสาขาวิชาการเป็น ผู้ประกอบการ,,,0,83,198,54,98.3000,20.9500
มหาวิทยาลัยราชภัฏเชียงใหม่,เชียงใหม่,21440104610802A,0,0,คณะวิทยาการจัดการ,บริหารธุรกิจบัณฑิตสาขาวิชาธุรกิจระหว่าง ประเทศ,,,0,39,133,36,99.1500,8.0000
มหาวิทยาลัยราชภัฏเชียงใหม่,เชียงใหม่,21440104611101A,0,0,คณะวิทยาการจัดการ,เศรษฐศาสตรบัณฑิตสาขาวิชาเศรษฐศาสตร์,,,0,36,106,35,93.0500,25.4500
มหาวิทยาลัยราชภัฏเชียงใหม่,เชียงใหม่,21440104901101A,0,0,คณะวิทยาการจัดการ,นิเทศศาสตรบัณฑิตสาขาวิชานิเทศศาสตร์,,,0,74,270,74,98.8000,85.7500
มหาวิทยาลัยราชภัฏเชียงใหม่,เชียงใหม่,21440105211001A,0,0,คณะเทคโนโลยีการเกษตร,วิทยาศาสตรบัณฑิตสาขาวิชาวิทยาศาสตร์และเทคโนโลยีการอาหาร,,,0,41,31,4,97.5500,50.0000
มหาวิทยาลัยราชภัฏเชียงใหม่,เชียงใหม่,21440105500201A,0,0,คณะเทคโนโลยีการเกษตร,วิทยาศาสตรบัณฑิตสาขาวิชาเกษตรศาสตร์,,,0,34,17,4,95.9500,81.7500
มหาวิทยาลัยราชภัฏเชียงใหม่,เชียงใหม่,21440105501201A,0,0,คณะเทคโนโลยีการเกษตร,วิทยาศาสตรบัณฑิตสาขาวิชาสัตวศาสตร์,,,0,29,123,29,97.5000,57.1500
มหาวิทยาลัยราชภัฏเชียงใหม่,เชียงใหม่,21440107610301E,0,0,วิทยาลัยนานาชาติ,บริหารธุรกิจบัณฑิตสาขาวิชาการจัดการธุรกิจ นานาชาติ (หลักสูตรนานาชาต)ิ,,,0,87,29,10,91.2000,29.3500
มหาวิทยาลัยราชภัฏเชียงใหม่,เชียงใหม่,21440107620201E,0,0,วิทยาลัยนานาชาติ,บริหารธุรกิจบัณฑิตสาขาวิชาการจัดการธุรกิจ การบิน (หลักสูตรนานาชาต)ิ,,,0,77,133,46,99.2500,26.0500
มหาวิทยาลัยราชภัฏเชียงใหม่,เชียงใหม่,21440107901801E,0,0,วิทยาลัยนานาชาติ,ศิลปศาสตรบัณฑิตสาขาวิชาภาษาจีนธุรกิจ (หลักสูตรนานาชาต)ิ,,,0,59,91,41,99.4000,32.9000
มหาวิทยาลัยราชภัฏเชียงใหม่,เชียงใหม่,21440107902001E,0,0,วิทยาลัยนานาชาติ,ศิลปศาสตรบัณฑิตสาขาวิชาภาษาไทยเพื่อการ สื่อสารทางธุรกิจ (หลักสูตรนานาชาต)ิ,,,0,4,11,2,95.1000,8.0000
มหาวิทยาลัยราชภัฏเชียงใหม่,เชียงใหม่,21440107902501E,0,0,วิทยาลัยนานาชาติ,ศิลปศาสตรบัณฑิตสาขาวิชาภาษาอังกฤษเพื่อ การสื่อสารระหว่างประเทศ (หลักสูตรนานาชาต)ิ,,,0,114,89,37,98.9500,30.1500
มหาวิทยาลัยราชภัฏเชียงใหม่,แม่ฮ่องสอน,21440206112701A,0,0,วิทยาลัยแม่ฮ่องสอน,สาธารณสุขศาสตรบัณฑิตสาขาวิชา สาธารณสุขชุมชน,,,0,27,148,27,99.0000,92.9000
มหาวิทยาลัยราชภัฏเชียงใหม่,แม่ฮ่องสอน,21440206610201A,0,0,วิทยาลัยแม่ฮ่องสอน,บริหารธุรกิจบัณฑิตสาขาวิชาการจัดการ,,,0,33,9,6,97.4500,72.0000
มหาวิทยาลัยราชภัฏเชียงใหม่,แม่ฮ่องสอน,21440206620101A,0,0,วิทยาลัยแม่ฮ่องสอน,ศิลปศาสตรบัณฑิตสาขาวิชาการท่องเที่ยวและ การโรงแรม,,,0,37,12,1,90.8500,90.8500
มหาวิทยาลัยราชภัฏเชียงใหม่,แม่ฮ่องสอน,21440206700201A,0,0,วิทยาลัยแม่ฮ่องสอน,ครุศาสตรบัณฑิตสาขาวิชาการประถมศึกษา,,,0,6,96,6,73.9100,70.1952
มหาวิทยาลัยราชภัฏเชียงใหม่,แม่ฮ่องสอน,21440206700601A,0,0,วิทยาลัยแม่ฮ่องสอน,ครุศาสตรบัณฑิตสาขาวิชาการศึกษาปฐมวัย,,,0,13,135,13,72.3896,65.6108
มหาวิทยาลัยราชภัฏเชียงใหม่,แม่ฮ่องสอน,21440206700901A,0,0,วิทยาลัยแม่ฮ่องสอน,ครุศาสตรบัณฑิตสาขาวิชาคอมพิวเตอร์,,,0,32,11,1,44.8032,44.8032
มหาวิทยาลัยราชภัฏเชียงใหม่,แม่ฮ่องสอน,21440206702003A,0,0,วิทยาลัยแม่ฮ่องสอน,ครุศาสตรบัณฑิตสาขาวิชาภาษาอังกฤษ,,,0,30,38,18,67.7656,13.4800
มหาวิทยาลัยราชภัฏธนบุรี,กรุงเทพฯ,21460101700801A,0,0,คณะครุศาสตร์,ครุศาสตรบัณฑิตสาขาวิชาคณิตศาสตร์,,,0,20,162,20,81.1255,74.9248
มหาวิทยาลัยราชภัฏธนบุรี,กรุงเทพฯ,21460101703801A,0,0,คณะครุศาสตร์,ครุศาสตรบัณฑิตสาขาวิชาวิทยาศาสตร์ทั่วไป,,,0,30,70,23,78.4679,15.4500
มหาวิทยาลัยราชภัฏธนบุรี,กรุงเทพฯ,21460103610501A,0,0,คณะวิทยาการจัดการ,บัญชีบัณฑิต,,,0,10,188,10,96.7500,87.5000
มหาวิทยาลัยราชภัฏธนบุรี,สมุทรปราการ,21460201700601A,0,0,คณะครุศาสตร์,ครุศาสตรบัณฑิตสาขาวิชาการศึกษาปฐมวัย,,,0,25,32,15,76.4138,63.4748
มหาวิทยาลัยราชภัฏธนบุรี,สมุทรปราการ,21460203610501A,0,0,คณะวิทยาการจัดการ,บัญชีบัณฑิต,,,0,10,25,8,96.7500,69.5000
มหาวิทยาลัยราชภัฏนครราชสีมา,หลัก,21480101700201A,0,0,คณะครุศาสตร์,หลักสูตรครุศาสตรบัณฑิต(การประถมศึกษา),,,0,6,304,6,65.1244,62.0833
มหาวิทยาลัยราชภัฏนครราชสีมา,หลัก,21480101700601A,0,0,คณะครุศาสตร์,หลักสูตรครุศาสตรบัณฑิต(การศึกษาปฐมวัย),,,0,7,131,7,57.9646,52.4612
มหาวิทยาลัยราชภัฏนครราชสีมา,หลัก,21480101700701A,0,0,คณะครุศาสตร์,หลักสูตรครุศาสตรบัณฑิต(การศึกษาพิเศษ),,,0,11,130,11,68.7775,62.1250
มหาวิทยาลัยราชภัฏนครราชสีมา,หลัก,21480101700801A,0,0,คณะครุศาสตร์,หลักสูตรครุศาสตรบัณฑิต(คณิตศาสตร)์,,,0,35,213,35,51.4128,38.6465
มหาวิทยาลัยราชภัฏนครราชสีมา,หลัก,21480101700901A,0,0,คณะครุศาสตร์,หลักสูตรครุศาสตรบัณฑิต(คอมพิวเตอร์ศึกษา),,,0,27,94,27,56.5000,44.1500
มหาวิทยาลัยราชภัฏนครราชสีมา,หลัก,21480101701001A,0,0,คณะครุศาสตร์,หลักสูตรครุศาสตรบัณฑิต(เคม)ี,,,0,22,46,19,46.9050,24.7492
มหาวิทยาลัยราชภัฏนครราชสีมา,หลัก,21480101701201A,0,0,คณะครุศาสตร์,หลักสูตรครุศาสตรบัณฑิต(จิตวิทยาการ ปรึกษาและการแนะแนว),,,0,2,70,2,64.4700,63.7550
มหาวิทยาลัยราชภัฏนครราชสีมา,หลัก,21480101701301A,0,0,คณะครุศาสตร์,หลักสูตรครุศาสตรบัณฑิต(ชีววิทยา),,,0,6,59,6,73.4300,69.1400
มหาวิทยาลัยราชภัฏนครราชสีมา,หลัก,21480101701501A,0,0,คณะครุศาสตร์,หลักสูตรครุศาสตรบัณฑิต(เทคโนโลยีและ สื่อสารการศึกษา),,,0,,0,0,0.0000,0.0000
มหาวิทยาลัยราชภัฏนครราชสีมา,หลัก,21480101701801A,0,0,คณะครุศาสตร์,หลักสูตรครุศาสตรบัณฑิต(ฟิสิกส์),,,0,26,64,23,53.5000,27.9000
มหาวิทยาลัยราชภัฏนครราชสีมา,หลัก,21480101702001A,0,0,คณะครุศาสตร์,หลักสูตรครุศาสตรบัณฑิต(ภาษาไทย),,,0,5,137,5,63.6750,60.7750
มหาวิทยาลัยราชภัฏนครราชสีมา,หลัก,21480101702003A,0,0,คณะครุศาสตร์,หลักสูตรครุศาสตรบัณฑิต(ภาษาจีน),,,0,16,95,16,80.8000,66.7500
มหาวิทยาลัยราชภัฏนครราชสีมา,หลัก,21480101702401A,0,0,คณะครุศาสตร์,หลักสูตรครุศาสตรบัณฑิต(วิทยาศาสตร์ทั่วไป),,,0,15,160,15,68.5400,64.4100
มหาวิทยาลัยราชภัฏนครราชสีมา,หลัก,21480101702501A,0,0,คณะครุศาสตร์,หลักสูตรครุศาสตรบัณฑิต(ศิลปศึกษา),,,0,20,40,12,75.0008,25.0500
มหาวิทยาลัยราชภัฏนครราชสีมา,หลัก,21480101702502A,0,0,คณะครุศาสตร์,หลักสูตรครุศาสตรบัณฑิต(นาฏศิลป์ไทย),,,0,17,35,17,47.7000,15.1500
มหาวิทยาลัยราชภัฏนครราชสีมา,หลัก,21480101702503A,A,0,คณะครุศาสตร์,หลักสูตรครุศาสตรบัณฑิต(ดนตรีศึกษา),,แขนงวิชา ดนตรีไทย,0,5,4,2,41.6000,15.6500
มหาวิทยาลัยราชภัฏนครราชสีมา,หลัก,21480101702504A,B,0,คณะครุศาสตร์,หลักสูตรครุศาสตรบัณฑิต(ดนตรีศึกษา),,แขนงวิชา ดนตีรตะวันตก,0,5,12,5,41.4500,12.0500
มหาวิทยาลัยราชภัฏนครราชสีมา,หลัก,21480101702701A,0,0,คณะครุศาสตร์,หลักสูตรครุศาสตรบัณฑิต(สังคมศึกษา),,,0,11,156,11,74.9132,71.3554
มหาวิทยาลัยราชภัฏนครราชสีมา,หลัก,21480101702702A,0,0,คณะครุศาสตร์,หลักสูตรครุศาสตรบัณฑิต(พระพุทธศาสนา),,,0,4,117,4,70.0500,67.2000
มหาวิทยาลัยราชภัฏนครราชสีมา,หลัก,21480101702801A,0,0,คณะครุศาสตร์,หลักสูตรครุศาสตรบัณฑิต(พลศึกษา),,,0,7,170,7,57.4000,54.1500
มหาวิทยาลัยราชภัฏนครราชสีมา,หลัก,21480101703301A,A,0,คณะครุศาสตร์,หลักสูตรครุศาสตร์อุตสาหกรรมบัณฑิต(อุตสาหกรรมศิลป์),,วิชาเอก โยธาและ การก่อสร้าง,0,2,48,2,97.0000,94.5000
มหาวิทยาลัยราชภัฏนครราชสีมา,หลัก,21480101703302A,B,0,คณะครุศาสตร์,หลักสูตรครุศาสตร์อุตสาหกรรมบัณฑิต(อุตสาหกรรมศิลป์),,วิชาเอกไฟฟ้า,0,2,55,2,94.0000,93.5000
มหาวิทยาลัยราชภัฏนครราชสีมา,หลัก,21480101703303A,C,0,คณะครุศาสตร์,หลักสูตรครุศาสตร์อุตสาหกรรมบัณฑิต(อุตสาหกรรมศิลป์),,วิชาเอก หัตถศิลป์,0,16,34,16,92.5000,60.2500
มหาวิทยาลัยราชภัฏนครราชสีมา,หลัก,21480102800101A,0,0,คณะมนุษยศาสตร์และสังคมศาสตร์,หลักสูตรศิลปกรรมศาสตรบัณฑิต(ออกแบบ นิเทศศิลป์),,,0,13,41,13,90.2500,47.2500
มหาวิทยาลัยราชภัฏนครราชสีมา,หลัก,21480102800301A,0,0,คณะมนุษยศาสตร์และสังคมศาสตร์,หลักสูตรศิลปกรรมศาสตรบัณฑิต(ทัศนศิลป์),,,0,6,31,6,55.3148,24.3750
มหาวิทยาลัยราชภัฏนครราชสีมา,หลัก,21480102901001A,0,0,คณะมนุษยศาสตร์และสังคมศาสตร์,หลักสูตรนิติศาสตรบัณฑิต(นิติศาสตร)์,,,0,33,120,33,73.2250,48.0500
มหาวิทยาลัยราชภัฏนครราชสีมา,หลัก,21480102901201A,0,0,คณะมนุษยศาสตร์และสังคมศาสตร์,หลักสูตรศิลปศาสตรบัณฑิต(สารสนเทศ ศาสตร์และการจัดการแหล่งเรียนร)ู้,,,0,19,45,14,87.5000,0.0000
มหาวิทยาลัยราชภัฏนครราชสีมา,หลัก,21480102901801A,0,0,คณะมนุษยศาสตร์และสังคมศาสตร์,หลักสูตรศิลปศาสตรบัณฑิต(ภาษาจีน),,,0,5,93,5,99.0000,94.2500
มหาวิทยาลัยราชภัฏนครราชสีมา,หลัก,21480102901901A,0,0,คณะมนุษยศาสตร์และสังคมศาสตร์,หลักสูตรศิลปศาสตรบัณฑิต(ภาษาญี่ปุ่น),,,0,5,25,5,93.7500,86.2500
มหาวิทยาลัยราชภัฏนครราชสีมา,หลัก,21480102902001A,0,0,คณะมนุษยศาสตร์และสังคมศาสตร์,หลักสูตรศิลปศาสตรบัณฑิต(ภาษาไทย),,,0,5,64,5,96.7500,95.0000
มหาวิทยาลัยราชภัฏนครราชสีมา,หลัก,21480102902501A,0,0,คณะมนุษยศาสตร์และสังคมศาสตร์,หลักสูตรศิลปศาสตรบัณฑิต(ภาษาอังกฤษ),,,0,5,84,5,75.8885,73.4545
มหาวิทยาลัยราชภัฏนครราชสีมา,หลัก,21480102902502A,0,0,คณะมนุษยศาสตร์และสังคมศาสตร์,หลักสูตรศิลปศาสตรบัณฑิต(ภาษาอังกฤษ ธุรกิจ),,,0,11,113,11,98.7500,88.5000
มหาวิทยาลัยราชภัฏนครราชสีมา,หลัก,21480102903101A,0,0,คณะมนุษยศาสตร์และสังคมศาสตร์,หลักสูตรรัฐประศาสนศาสตรบัณฑิต(รัฐ ประศาสนศาสตร)์,,,0,5,100,6,98.0000,92.2500
มหาวิทยาลัยราชภัฏนครราชสีมา,หลัก,21480102903201A,0,0,คณะมนุษยศาสตร์และสังคมศาสตร์,หลักสูตรรัฐศาสตรบัณฑิต(รัฐศาสตร)์,,,0,10,71,10,72.5320,58.3655
มหาวิทยาลัยราชภัฏนครราชสีมา,หลัก,21480102903501A,0,0,คณะมนุษยศาสตร์และสังคมศาสตร์,หลักสูตรศิลปศาสตรบัณฑิต(นวัตกรรมการ พัฒนาสังคม),,,0,24,68,22,68.1755,18.3215
มหาวิทยาลัยราชภัฏนครราชสีมา,หลัก,21480103610101A,0,0,คณะวิทยาการจัดการ,หลักสูตรบริหารธุรกิจบัณฑิต(การเงิน),,,0,22,75,22,99.5000,55.2500
มหาวิทยาลัยราชภัฏนครราชสีมา,หลัก,21480103610203A,A,0,คณะวิทยาการจัดการ,หลักสูตรบริหารธุรกิจบัณฑิต(การจัดการ),,การเป็น ผู้ประกอบกา รสมัยใหม่,0,20,131,20,93.0000,71.7500
มหาวิทยาลัยราชภัฏนครราชสีมา,หลัก,21480103610204A,B,0,คณะวิทยาการจัดการ,หลักสูตรบริหารธุรกิจบัณฑิต(การจัดการ),,การจัดการ ทั่วไป,0,46,160,46,95.7500,65.7500
มหาวิทยาลัยราชภัฏนครราชสีมา,หลัก,21480103610401A,0,0,คณะวิทยาการจัดการ,หลักสูตรบริหารธุรกิจบัณฑิต(การจัดการ ทรัพยากรมนุษย์),,,0,19,96,19,90.0000,65.2500
มหาวิทยาลัยราชภัฏนครราชสีมา,หลัก,21480103610501A,0,0,คณะวิทยาการจัดการ,หลักสูตรบัญชีบัณฑิต(การบัญชี),,,0,5,128,5,99.7500,94.2500
มหาวิทยาลัยราชภัฏนครราชสีมา,หลัก,21480103610601A,0,0,คณะวิทยาการจัดการ,หลักสูตรบริหารธุรกิจบัณฑิต(การตลาด),,,0,10,93,10,99.0000,83.5000
มหาวิทยาลัยราชภัฏนครราชสีมา,หลัก,21480103610701A,0,0,คณะวิทยาการจัดการ,หลักสูตรบริหารธุรกิจบัณฑิต(คอมพิวเตอ์รธุรกิจ),,,0,52,103,48,93.7500,52.2500
มหาวิทยาลัยราชภัฏนครราชสีมา,หลัก,21480103611001A,0,0,คณะวิทยาการจัดการ,หลักสูตรบริหารธุรกิจบัณฑิต(การจัดการโลิจสติกส์และโซ่อุปทาน),,,0,5,82,6,95.7500,92.2500
มหาวิทยาลัยราชภัฏนครราชสีมา,หลัก,21480103611104A,C,0,คณะวิทยาการจัดการ,หลักสูตรเศรษฐศาสตรบัณฑิต(เศรษฐศาสตร)์,,เศรษฐศาสต์รธุรกิจ,0,10,26,7,88.5000,77.2500
มหาวิทยาลัยราชภัฏนครราชสีมา,หลัก,21480103620101A,0,0,คณะวิทยาการจัดการ,หลักสูตรศิลปศาสตรบัณฑิต(การจัดการ โรงแรมและนวัตกรรมการบริการ),,,0,5,67,5,81.7337,69.3080
มหาวิทยาลัยราชภัฏนครราชสีมา,หลัก,21480103620102A,0,0,คณะวิทยาการจัดการ,หลักสูตรศิลปศาสตรบัณฑิต(การจัดการ ท่องเที่ยว การจัดประชุมและนิทรรศการ),,,0,17,121,17,88.0000,72.7500
มหาวิทยาลัยราชภัฏนครราชสีมา,หลัก,21480103901103A,C,0,คณะวิทยาการจัดการ,หลักสูตรนิเทศศาสตรบัณฑิต(นิเทศศาสตร)์,,นิเทศ ศาสตร์ดิจิทัล,0,,0,0,0.0000,0.0000
มหาวิทยาลัยราชภัฏนครราชสีมา,หลัก,21480104112001A,0,0,คณะวิทยาศาสตร์และเทคโนโลยี,หลักสูตรวิทยาศาสตรบัณฑิต(วิทยาศาสตร์การ กีฬาและการออกกำลังกาย),,,0,10,123,10,97.0000,87.5000
มหาวิทยาลัยราชภัฏนครราชสีมา,หลัก,21480104112901A,0,0,คณะวิทยาศาสตร์และเทคโนโลยี,หลักสูตรวิทยาศาสตรบัณฑิต(เทคนิคการสัตว แพทย์),,,0,5,103,5,99.7500,92.5000
มหาวิทยาลัยราชภัฏนครราชสีมา,หลัก,21480104210401A,0,0,คณะวิทยาศาสตร์และเทคโนโลยี,หลักสูตรวิทยาศาสตรบัณฑิต(เคม)ี,,,0,15,49,11,87.2500,63.5000
มหาวิทยาลัยราชภัฏนครราชสีมา,หลัก,21480104210701A,0,0,คณะวิทยาศาสตร์และเทคโนโลยี,หลักสูตรวิทยาศาสตรบัณฑิต(ชีววิทยา),,,0,8,21,8,62.6489,29.9800
มหาวิทยาลัยราชภัฏนครราชสีมา,หลัก,21480104210801A,0,0,คณะวิทยาศาสตร์และเทคโนโลยี,หลักสูตรวิทยาศาสตรบัณฑิต(เทคโนโลยีดิจิทัล มีเดีย),,,0,5,55,5,70.9679,54.6000
มหาวิทยาลัยราชภัฏนครราชสีมา,หลัก,21480104211001A,0,0,คณะวิทยาศาสตร์และเทคโนโลยี,หลักสูตรวิทยาศาสตรบัณฑิต(เทคโนโลยีอาหาร),,,0,22,17,7,49.1250,26.6250
มหาวิทยาลัยราชภัฏนครราชสีมา,หลัก,21480104212301A,0,0,คณะวิทยาศาสตร์และเทคโนโลยี,หลักสูตรวิทยาศาสตรบัณฑิต(ภูมิศาสตร์และ ภูมิสารสนเทศ),,,0,6,8,3,41.3615,23.2733
มหาวิทยาลัยราชภัฏนครราชสีมา,หลัก,21480104212701A,0,0,คณะวิทยาศาสตร์และเทคโนโลยี,หลักสูตรวิทยาศาสตรบัณฑิต(ฟิสิกส์),,,0,19,2,0,0.0000,0.0000
มหาวิทยาลัยราชภัฏนครราชสีมา,หลัก,21480104213101A,0,0,คณะวิทยาศาสตร์และเทคโนโลยี,หลักสูตรวิทยาศาสตรบัณฑิต(วิทยาศาสตร์และเทคโนโลยีสิ่งแวดล้อม),,,0,10,40,10,65.7330,50.9060
มหาวิทยาลัยราชภัฏนครราชสีมา,หลัก,21480104213301A,0,0,คณะวิทยาศาสตร์และเทคโนโลยี,หลักสูตรวิทยาศาสตรบัณฑิต(สถิติประยุก์ตและวิทยาการข้อมูล),,,0,24,10,0,0.0000,0.0000
มหาวิทยาลัยราชภัฏนครราชสีมา,หลัก,21480104220101A,0,0,คณะวิทยาศาสตร์และเทคโนโลยี,หลักสูตรวิทยาศาสตรบัณฑิต(เทคโนโลียสารสนเทศ),,,0,10,39,10,35.9129,16.1250
มหาวิทยาลัยราชภัฏนครราชสีมา,หลัก,21480104220201A,0,0,คณะวิทยาศาสตร์และเทคโนโลยี,หลักสูตรวิทยาศาสตรบัณฑิต(วิทยาการ คอมพิวเตอร)์,,,0,7,73,7,71.2525,51.0300
มหาวิทยาลัยราชภัฏนครราชสีมา,หลัก,21480104220301A,0,0,คณะวิทยาศาสตร์และเทคโนโลยี,หลักสูตรวิทยาศาสตรบัณฑิต(ระบบสารสนเทศ เพื่อการจัดการ),,,0,11,22,5,57.0110,0.0000
มหาวิทยาลัยราชภัฏนครราชสีมา,หลัก,21480104500201A,0,0,คณะวิทยาศาสตร์และเทคโนโลยี,หลักสูตรวิทยาศาสตรบัณฑิต(เกษตรศาสตร)์,,,0,2,21,2,52.4528,46.8722
มหาวิทยาลัยราชภัฏนครราชสีมา,หลัก,21480104500301A,0,0,คณะวิทยาศาสตร์และเทคโนโลยี,หลักสูตรวิทยาศาสตรบัณฑิต(คหกรรมศาสตร)์,,,0,5,27,5,95.0000,86.2500
มหาวิทยาลัยราชภัฏนครราชสีมา,หลัก,21480105301601A,0,0,คณะ เทคโนโลยีอุตสาหกรรม,หลักสูตรวิศวกรรมศาสตรบัณฑิต(วิศวกรรมไฟฟ้าอุตสาหกรรม),,,0,11,76,11,90.5000,74.5000
มหาวิทยาลัยราชภัฏนครราชสีมา,หลัก,21480105302101A,0,0,คณะ เทคโนโลยีอุตสาหกรรม,หลักสูตรวิศวกรรมศาสตรบัณฑิต(วิศวกรรม การก่อสร้าง ขนส่งและโลจิสติกส)์,,,0,25,121,26,90.7500,70.2500
มหาวิทยาลัยราชภัฏนครราชสีมา,หลัก,21480105303501A,0,0,คณะ เทคโนโลยีอุตสาหกรรม,หลักสูตรวิศวกรรมศาสตรบัณฑิต(วิศวกรรม การจัดการอุตสาหกรรม),,,0,2,50,2,87.7500,79.5000
มหาวิทยาลัยราชภัฏนครราชสีมา,หลัก,21480105400501A,0,0,คณะ เทคโนโลยีอุตสาหกรรม,หลักสูตรสถาปัตยกรรมศาสตรบัณฑิต(สถาปัตยกรรม (5ปี)),,,0,6,45,6,66.1664,47.0296
มหาวิทยาลัยราชภัฏนครราชสีมา,หลัก,21480105800101A,0,0,คณะ เทคโนโลยีอุตสาหกรรม,หลักสูตรอุตสาหกรรมศาสตรบัณฑิต(ออกแบบ ผลิตภัณฑ์อุตสาหกรรม),,,0,29,18,2,51.7212,46.0500
มหาวิทยาลัยราชภัฏนครราชสีมา,หลัก,21480108112701A,0,0,คณะสาธารณสุขศาสตร์,หลักสูตรสาธารณสุขศาสตรบัณฑิต(สาธารณสุขชุมชน),,,0,5,108,5,63.4490,56.5255
มหาวิทยาลัยราชภัฏนครราชสีมา,หลัก,21480108112702A,0,0,คณะสาธารณสุขศาสตร์,หลักสูตรวิทยาศาสตรบัณฑิต(อาชีวอนามัย และความปลอดภัย),,,0,2,147,2,73.1500,72.0100
มหาวิทยาลัยราชภัฏนครราชสีมา,หลัก,21480108112703A,0,0,คณะสาธารณสุขศาสตร์,หลักสูตรวิทยาศาสตรบัณฑิต(อนามัย สิ่งแวดล้อม),,,0,25,138,25,98.2500,87.0000
มหาวิทยาลัยราชภัฏพระนคร,หลัก,21500101110801A,0,0,คณะวิทยาศาสตร์และเทคโนโลยี,พทป.บ. 4 ปี การแพทย์แผนไทยประยุกต์บัณฑิต,,,0,15,77,15,46.0327,36.4747
มหาวิทยาลัยราชภัฏพระนคร,หลัก,21500101111101A,0,0,คณะวิทยาศาสตร์และเทคโนโลยี,วท.บ. 4 ปี วิทยาศาสตร์เครื่องสำอาง,,,0,5,73,5,96.7500,85.2500
มหาวิทยาลัยราชภัฏพระนคร,หลัก,21500101112701A,0,0,คณะวิทยาศาสตร์และเทคโนโลยี,ส.บ. 4 ปี สาธารณสุขศาสตร์,,,0,10,260,10,96.7500,93.2500
มหาวิทยาลัยราชภัฏพระนคร,หลัก,21500101210101A,0,0,คณะวิทยาศาสตร์และเทคโนโลยี,วท.บ. 4 ปี การจัดการสิ่งแวดล้อมและทรัพยากรธรรมชาติ,,,0,5,96,5,93.2500,80.5000
มหาวิทยาลัยราชภัฏพระนคร,หลัก,21500101210301A,0,0,คณะวิทยาศาสตร์และเทคโนโลยี,วท.บ.4 ปี คณิตศาสตร์,,,0,5,15,3,91.7500,87.7500
มหาวิทยาลัยราชภัฏพระนคร,หลัก,21500101211001A,0,0,คณะวิทยาศาสตร์และเทคโนโลยี,วท.บ. 4 ปี เทคโนโลยีอาหารและความเป็น ผู้ประกอบการสมัยใหม่,,,0,5,40,5,91.7500,82.0000
มหาวิทยาลัยราชภัฏพระนคร,หลัก,21500101213501A,0,0,คณะวิทยาศาสตร์และเทคโนโลยี,วท.บ. 4 ปี เทคโนโลยีผลิตภัณฑ์ชีวภาพกับการ ประกอบธุรกิจ,,,0,5,34,5,83.7500,69.0000
มหาวิทยาลัยราชภัฏพระนคร,หลัก,21500101220101A,0,0,คณะวิทยาศาสตร์และเทคโนโลยี,วท.บ. 4 ปี เทคโนโลยีสารสนเทศ,,,0,10,75,10,90.5000,77.7500
มหาวิทยาลัยราชภัฏพระนคร,หลัก,21500101220201A,0,0,คณะวิทยาศาสตร์และเทคโนโลยี,วท.บ. 4 ปี วิทยาการคอมพิวเตอร์,,,0,6,98,6,98.5000,93.5000
มหาวิทยาลัยราชภัฏพระนคร,หลัก,21500101500401A,0,0,คณะวิทยาศาสตร์และเทคโนโลยี,วท.บ.4 ปี เทคโนโลยีการเกษตรสมัยใหม่,,,0,15,17,7,83.7500,45.7500
มหาวิทยาลัยราชภัฏพระนคร,หลัก,21500101800501A,0,0,คณะวิทยาศาสตร์และเทคโนโลยี,ศศ.บ.4 ปี การประกอบอาหารและการบริการ อาหาร,,,0,10,50,10,93.2500,69.2500
มหาวิทยาลัยราชภัฏพระนคร,หลัก,21500101900801A,0,0,คณะวิทยาศาสตร์และเทคโนโลยี,วท.บ. 4 ปี คอมพิวเตอร์แอนิเมชันและมัลติมีเดีย,,,0,10,141,10,99.5000,91.5000
มหาวิทยาลัยราชภัฏพระนคร,หลัก,21500102700201A,0,0,วิทยาลัยการฝึกหัดครู,ค.บ. 4 ปี การประถมศึกษา,,,0,15,1329,13,99.5000,97.0000
มหาวิทยาลัยราชภัฏพระนคร,หลัก,21500102700601A,0,0,วิทยาลัยการฝึกหัดครู,ค.บ. 4 ปี การศึกษาปฐมวัย,,,0,10,573,8,96.7500,95.2500
มหาวิทยาลัยราชภัฏพระนคร,หลัก,21500102700801A,0,0,วิทยาลัยการฝึกหัดครู,ค.บ. 4 ปี คณิตศาสตร์,,,0,30,230,25,99.5000,94.0000
มหาวิทยาลัยราชภัฏพระนคร,หลัก,21500102700901A,0,0,วิทยาลัยการฝึกหัดครู,ค.บ. 4 ปี เทคโนโลยีดิจิทัลและคอมพิวเตอ์รศึกษา,,,0,15,50,15,92.5000,77.0000
มหาวิทยาลัยราชภัฏพระนคร,หลัก,21500102702001A,0,0,วิทยาลัยการฝึกหัดครู,ค.บ. 4 ปี ภาษาไทย,,,0,15,345,14,99.0000,95.2500
มหาวิทยาลัยราชภัฏพระนคร,หลัก,21500102702401A,0,0,วิทยาลัยการฝึกหัดครู,ค.บ.4 ปี การสอนวิทยาศาสตร์และเทคโนโลยี,,,0,10,83,10,70.4872,62.4500
มหาวิทยาลัยราชภัฏพระนคร,หลัก,21500102702501A,0,0,วิทยาลัยการฝึกหัดครู,ค.บ. 4 ปี ดนตรีศึกษา,,,0,10,29,10,91.2500,75.2500
มหาวิทยาลัยราชภัฏพระนคร,หลัก,21500102702502A,0,0,วิทยาลัยการฝึกหัดครู,ค.บ. 4 ปี นาฏศิลป์ศึกษา,,,0,15,30,8,97.7500,77.0000
มหาวิทยาลัยราชภัฏพระนคร,หลัก,21500102702701A,0,0,วิทยาลัยการฝึกหัดครู,ค.บ. 4 ปี สังคมศึกษา,,,0,15,197,15,98.0000,91.0000
มหาวิทยาลัยราชภัฏพระนคร,หลัก,21500102702801A,0,0,วิทยาลัยการฝึกหัดครู,ค.บ.4 ปี พลศึกษา,,,0,15,366,15,97.0000,93.0000
มหาวิทยาลัยราชภัฏพระนคร,หลัก,21500102703801A,0,0,วิทยาลัยการฝึกหัดครู,ค.บ. 4 ปี วิทยาศาสตร์ทั่วไป,,,0,20,109,20,96.0000,88.0000
มหาวิทยาลัยราชภัฏพระนคร,หลัก,21500103800101A,0,0,คณะมนุษยศาสตร์และสังคมศาสตร์,ศป.บ. 4 ปี การออกแบบ,,,0,10,84,10,89.5000,78.0000
มหาวิทยาลัยราชภัฏพระนคร,หลัก,21500103800201A,0,0,คณะมนุษยศาสตร์และสังคมศาสตร์,ดศ.บ. 4 ปี ดุริยางคศิลป์ตะวันตก,,,0,10,36,10,88.5000,46.7500
มหาวิทยาลัยราชภัฏพระนคร,หลัก,21500103800401A,0,0,คณะมนุษยศาสตร์และสังคมศาสตร์,ศล.บ. 4 ปี นาฏศิลป์และการละคร,,,0,4,45,4,85.2500,79.5000
มหาวิทยาลัยราชภัฏพระนคร,หลัก,21500103901001A,0,0,คณะมนุษยศาสตร์และสังคมศาสตร์,น.บ. 4 ปี นิติศาสตร์,,,0,40,146,41,96.0000,74.2500
มหาวิทยาลัยราชภัฏพระนคร,หลัก,21500103901501A,0,0,คณะมนุษยศาสตร์และสังคมศาสตร์,ศศ.บ.4 ปี พุทธศาสตร์เพื่อการพัฒนาท้องถิ่น,,,0,5,12,2,77.5000,76.5000
มหาวิทยาลัยราชภัฏพระนคร,หลัก,21500103901801A,0,0,คณะมนุษยศาสตร์และสังคมศาสตร์,ศศ.บ. 4 ปี ภาษาจีนธุรกิจ,,,0,10,122,10,98.2500,90.5000
มหาวิทยาลัยราชภัฏพระนคร,หลัก,21500103902001A,0,0,คณะมนุษยศาสตร์และสังคมศาสตร์,ศศ.บ. 4 ปี ภาษาไทย,,,0,10,118,11,98.7500,88.2500
มหาวิทยาลัยราชภัฏพระนคร,หลัก,21500103902501A,0,0,คณะมนุษยศาสตร์และสังคมศาสตร์,ศศ.บ. 4 ปี ภาษาอังกฤษ,,,0,10,120,10,97.2500,92.0000
มหาวิทยาลัยราชภัฏพระนคร,หลัก,21500103902502A,0,0,คณะมนุษยศาสตร์และสังคมศาสตร์,ศศ.บ. 4 ปี ภาษาอังกฤษธุรกิจเพื่อการสื่อสาร นานาชาติ,,,0,5,78,5,95.7500,91.0000
มหาวิทยาลัยราชภัฏพระนคร,หลัก,21500103903001A,0,0,คณะมนุษยศาสตร์และสังคมศาสตร์,วท.บ. 4 ปี ภูมิศาสตร์และภูมิสารสนเทศ,,,0,4,24,4,95.7500,81.0000
มหาวิทยาลัยราชภัฏพระนคร,หลัก,21500103903101A,0,0,คณะมนุษยศาสตร์และสังคมศาสตร์,รป.บ. 4 ปี รัฐประศาสนศาสตร์,,,0,10,74,10,88.2500,82.2500
มหาวิทยาลัยราชภัฏพระนคร,หลัก,21500103903201A,0,0,คณะมนุษยศาสตร์และสังคมศาสตร์,ร.บ. 4 ปี รัฐศาสตร์,,,0,10,126,10,98.5000,88.2500
มหาวิทยาลัยราชภัฏพระนคร,หลัก,21500103904201A,0,0,คณะมนุษยศาสตร์และสังคมศาสตร์,ศศ.บ. 4 ปี การพัฒนาชุมชน,,,0,5,42,5,89.7500,82.0000
มหาวิทยาลัยราชภัฏพระนคร,หลัก,21500104610201A,0,0,คณะวิทยาการจัดการ,บธ.บ.4 ปี การจัดการทั่วไป,,,0,10,143,10,95.5000,82.0000
มหาวิทยาลัยราชภัฏพระนคร,หลัก,21500104610202A,0,0,คณะวิทยาการจัดการ,บธ.บ. 4 ปี การจัดการธุรกิจการค้าสมัยใหม่,,,0,5,44,5,97.5000,84.5000
มหาวิทยาลัยราชภัฏพระนคร,หลัก,21500104610401A,0,0,คณะวิทยาการจัดการ,บธ.บ.4 ปี การจัดการและการพัฒนาทรัพยากร มนุษย์,,,0,3,54,3,96.2500,88.7500
มหาวิทยาลัยราชภัฏพระนคร,หลัก,21500104610501A,0,0,คณะวิทยาการจัดการ,บช.บ.4 ปี บัญชีบัณฑิต,,,0,10,217,10,99.0000,95.7500
มหาวิทยาลัยราชภัฏพระนคร,หลัก,21500104610601A,0,0,คณะวิทยาการจัดการ,บธ.บ.4 ปี การตลาด,,,0,5,94,6,92.7500,85.7500
มหาวิทยาลัยราชภัฏพระนคร,หลัก,21500104611101A,0,0,คณะวิทยาการจัดการ,ศ.บ. 4 ปี เศรษฐศาสตร์ธุรกิจดิจิทัล,,,0,3,64,3,93.2500,87.2500
มหาวิทยาลัยราชภัฏพระนคร,หลัก,21500104620101A,0,0,คณะวิทยาการจัดการ,ศศ.บ.4 ปี การท่องเที่ยวและการโรงแรม,,,0,10,173,10,99.2500,89.7500
มหาวิทยาลัยราชภัฏพระนคร,หลัก,21500104620101C,0,0,คณะวิทยาการจัดการ,ศศ.บ.4 ปี การท่องเที่ยว (หลักสูตรสองภาษา),,,0,3,58,3,96.5000,92.2500
มหาวิทยาลัยราชภัฏพระนคร,หลัก,21500104901101A,0,0,คณะวิทยาการจัดการ,นศ.บ.4 ปี นิเทศศาสตร์,,,0,20,280,20,97.0000,84.5000
มหาวิทยาลัยราชภัฏพระนคร,หลัก,21500105211701A,0,0,คณะเทคโนโลยีอุตสาหกรรม,วท.บ.4 ปี เทคโนโลยีวิศวกรรมโยธา,,,0,3,62,3,96.0000,92.7500
มหาวิทยาลัยราชภัฏพระนคร,หลัก,21500105212101A,0,0,คณะเทคโนโลยีอุตสาหกรรม,วท.บ. 4 ปี เทคโนโลยีการจัดการอุตสาหกรรม,,,0,2,46,2,92.0000,90.0000
มหาวิทยาลัยราชภัฏพระนคร,หลัก,21500105212201A,0,0,คณะเทคโนโลยีอุตสาหกรรม,ทล.บ.4 ปี เทคโนโลยีอุตสาหการ,,,0,2,36,2,81.0000,78.7500
มหาวิทยาลัยราชภัฏพระนคร,หลัก,21500105220102A,0,0,คณะเทคโนโลยีอุตสาหกรรม,วท.บ. 4 ปี การจัดการเทคโนโลยีดิจิทัลและ สารสนเทศ,,,0,10,82,10,84.7500,72.7500
มหาวิทยาลัยราชภัฏพระนคร,หลัก,21500105301601A,0,0,คณะเทคโนโลยีอุตสาหกรรม,วศ.บ. 4 ปี เทคโนโลยีวิศวกรรมไฟฟ้า,,,0,5,92,5,99.7500,89.5000
มหาวิทยาลัยราชภัฏพระนคร,หลัก,21500105303401A,0,0,คณะเทคโนโลยีอุตสาหกรรม,วศ.บ. 4 ปี วิศวกรรมอิเล็กทรอนิกส์อัจฉริยะ และคอมพิวเตอร์,,,0,5,30,5,91.0000,83.0000
มหาวิทยาลัยราชภัฏพระนคร,หลัก,21500105400201A,0,0,คณะเทคโนโลยีอุตสาหกรรม,วท.บ. 4 ปี ออกแบบผลิตภัณฑ์อุตสาหกรรม,,,0,5,36,5,79.2500,69.7500
มหาวิทยาลัยราชภัฏพระนคร,หลัก,21500105400501A,0,0,คณะเทคโนโลยีอุตสาหกรรม,สถ.บ. 5 ปี สถาปัตยกรรม,,,0,10,76,10,90.7500,75.7500
มหาวิทยาลัยราชภัฏพระนคร,หลัก,21500105610201A,0,0,คณะเทคโนโลยีอุตสาหกรรม,ทล.บ.4 ปี การบริหารทรัพย์สินและเทคโนโลียอาคาร,,,0,5,62,5,94.2500,76.2500
มหาวิทยาลัยราชภัฏพระนคร,หลัก,21500105611001A,0,0,คณะเทคโนโลยีอุตสาหกรรม,วท.บ. 4 ปี การจัดการโลจิสติกส์,,,0,30,238,31,95.2500,81.7500
มหาวิทยาลัยราชภัฏพิบูลสงคราม,วิทยาเขตหลัก,21520101112701A,0,0,คณะวิทยาศาสตร์และเทคโนโลยี,หลักสูตรสาธารณสุขศาสตรบัณฑิตสาขาวิชา สาธารณสุขศาสตร์,,,0,4,126,4,98.7500,93.7500
มหาวิทยาลัยราชภัฏพิบูลสงคราม,วิทยาเขตหลัก,21520101210301A,0,0,คณะวิทยาศาสตร์และเทคโนโลยี,หลักสูตรวิทยาศาสตรบัณฑิตสาขาวิชา คณิตศาสตร์,,,0,25,14,4,88.7500,67.2500
มหาวิทยาลัยราชภัฏพิบูลสงคราม,วิทยาเขตหลัก,21520101210401A,0,0,คณะวิทยาศาสตร์และเทคโนโลยี,หลักสูตรวิทยาศาสตรบัณฑิตสาขาวิชาเคมี,,,0,35,9,2,87.2500,84.5000
มหาวิทยาลัยราชภัฏพิบูลสงคราม,วิทยาเขตหลัก,21520101210501A,0,0,คณะวิทยาศาสตร์และเทคโนโลยี,หลักสูตรวิทยาศาสตรบัณฑิตสาขาวิชาจุล ชีววิทยา,,,0,10,33,8,91.7500,66.0000
มหาวิทยาลัยราชภัฏพิบูลสงคราม,วิทยาเขตหลัก,21520101210701A,0,0,คณะวิทยาศาสตร์และเทคโนโลยี,หลักสูตรวิทยาศาสตรบัณฑิตสาขาวิชาชีววิทยา,,,0,20,29,3,83.0000,76.2500
มหาวิทยาลัยราชภัฏพิบูลสงคราม,วิทยาเขตหลัก,21520101211901A,0,0,คณะวิทยาศาสตร์และเทคโนโลยี,หลักสูตรวิทยาศาสตรบัณฑิตสาขาวิชา วิทยาศาสตร์สิ่งแวดล้อม,,,0,30,13,3,83.5000,63.0000
มหาวิทยาลัยราชภัฏพิบูลสงคราม,วิทยาเขตหลัก,21520101212701A,0,0,คณะวิทยาศาสตร์และเทคโนโลยี,หลักสูตรวิทยาศาสตรบัณฑิตสาขาวิชาฟิสิกส์,,,0,30,6,0,0.0000,0.0000
มหาวิทยาลัยราชภัฏพิบูลสงคราม,วิทยาเขตหลัก,21520101220101A,0,0,คณะวิทยาศาสตร์และเทคโนโลยี,หลักสูตรวิทยาศาสตรบัณฑิตสาขาวิชา เทคโนโลยีสารสนเทศ,,,0,30,30,6,84.0000,0.0000
มหาวิทยาลัยราชภัฏพิบูลสงคราม,วิทยาเขตหลัก,21520101220201A,0,0,คณะวิทยาศาสตร์และเทคโนโลยี,หลักสูตรวิทยาศาสตรบัณฑิตสาขาวิชา วิทยาการคอมพิวเตอร์,,,0,65,22,4,77.2500,56.0000
มหาวิทยาลัยราชภัฏพิบูลสงคราม,วิทยาเขตหลัก,21520101500301A,0,0,คณะวิทยาศาสตร์และเทคโนโลยี,หลักสูตรศิลปศาสตรบัณฑิตสาขาวิชาคหกรรม ศาสตร์,,,0,40,21,9,94.5000,60.5000
มหาวิทยาลัยราชภัฏพิบูลสงคราม,วิทยาเขตหลัก,21520102700001A,A,0,คณะครุศาสตร์,หลักสูตรครุศาสตรบัณฑิตสาขาวิชาการศึกษา วิชาเอกการประถมศึกษา,,วิชาเอกการ ประถมศึกษา,0,1,175,1,90.2500,90.2500
มหาวิทยาลัยราชภัฏพิบูลสงคราม,วิทยาเขตหลัก,21520102700001A,B,0,คณะครุศาสตร์,หลักสูตรครุศาสตรบัณฑิตสาขาวิชาการศึกษา วิชาเอกการศึกษาปฐมวัย,,วิชาเอก การศึกษา ปฐมวัย,0,,0,0,0.0000,0.0000
มหาวิทยาลัยราชภัฏพิบูลสงคราม,วิทยาเขตหลัก,21520102700001A,C,0,คณะครุศาสตร์,หลักสูตรครุศาสตรบัณฑิตสาขาวิชาการศึกษา วิชาเอกการศึกษาพิเศษ,,วิชาเอก การศึกษา พิเศษ,0,,0,0,0.0000,0.0000
มหาวิทยาลัยราชภัฏพิบูลสงคราม,วิทยาเขตหลัก,21520102700001A,D,0,คณะครุศาสตร์,หลักสูตรครุศาสตรบัณฑิตสาขาวิชาการศึกษา วิชาเอกคณิตศาสตร์,,วิชาเอก คณิตศาสตร์,0,,0,0,0.0000,0.0000
มหาวิทยาลัยราชภัฏพิบูลสงคราม,วิทยาเขตหลัก,21520102700001A,E,0,คณะครุศาสตร์,หลักสูตรครุศาสตรบัณฑิตสาขาวิชาการศึกษา วิชาเอกจิตวิทยาและการแนะแนว,,วิชาเอก จิตวิทยา และการ แนะแนว,0,,0,0,0.0000,0.0000
มหาวิทยาลัยราชภัฏพิบูลสงคราม,วิทยาเขตหลัก,21520102700001A,F,0,คณะครุศาสตร์,หลักสูตรครุศาสตรบัณฑิตสาขาวิชาการศึกษา วิชาเอกภาษาไทย,,วิชาเอก ภาษาไทย,0,1,121,1,89.6250,89.6250
มหาวิทยาลัยราชภัฏพิบูลสงคราม,วิทยาเขตหลัก,21520102700001A,G,0,คณะครุศาสตร์,หลักสูตรครุศาสตรบัณฑิตสาขาวิชาการศึกษา วิชาเอกภาษาอังกฤษ,,วิชาเอก ภาษาอังกฤษ,0,2,47,2,91.8750,87.8750
มหาวิทยาลัยราชภัฏพิบูลสงคราม,วิทยาเขตหลัก,21520102700001A,H,0,คณะครุศาสตร์,หลักสูตรครุศาสตรบัณฑิตสาขาวิชาการศึกษา วิชาเอกวิทยาศาสตร์ทั่วไป,,วิชาเอก วิทยาศาสต์รทั่วไป,0,11,48,11,87.5000,81.8750
มหาวิทยาลัยราชภัฏพิบูลสงคราม,วิทยาเขตหลัก,21520102700001A,I,0,คณะครุศาสตร์,หลักสูตรครุศาสตรบัณฑิตสาขาวิชาการศึกษา วิชาเอกดนตรีและนาฏศิลป์ศึกษา,,วิชาเอก ดนตรีและ นาฏศิล์ปศึกษา,0,2,6,0,0.0000,0.0000
มหาวิทยาลัยราชภัฏพิบูลสงคราม,วิทยาเขตหลัก,21520102700001A,J,0,คณะครุศาสตร์,หลักสูตรครุศาสตรบัณฑิตสาขาวิชาการศึกษา วิชาเอกสังคมศึกษา,,วิชาเอก สังคมศึกษา,0,1,48,1,89.5000,89.5000
มหาวิทยาลัยราชภัฏพิบูลสงคราม,วิทยาเขตหลัก,21520102700001A,K,0,คณะครุศาสตร์,หลักสูตรครุศาสตรบัณฑิตสาขาวิชาการศึกษา วิชาเอกพลศึกษา,,วิชาเอกพล ศึกษา,0,2,64,2,87.7500,86.1250
มหาวิทยาลัยราชภัฏพิบูลสงคราม,วิทยาเขตหลัก,21520103800201A,0,0,คณะมนุษยศาสตร์และสังคมศาสตร์,หลักสูตรศิลปกรรมศาสตรบัณฑิตสาขาวิชา ดนตรี,,,0,30,14,6,77.2500,0.0000
มหาวิทยาลัยราชภัฏพิบูลสงคราม,วิทยาเขตหลัก,21520103901201A,0,0,คณะมนุษยศาสตร์และสังคมศาสตร์,หลักสูตรศิลปศาสตรบัณฑิตสาขาวิชา สารสนเทศศาสตร์,,,0,30,7,0,0.0000,0.0000
มหาวิทยาลัยราชภัฏพิบูลสงคราม,วิทยาเขตหลัก,21520103901801A,0,0,คณะมนุษยศาสตร์และสังคมศาสตร์,หลักสูตรศิลปศาสตรบัณฑิตสาขาวิชาภาษาจีน,,,0,35,39,18,98.2500,64.2500
มหาวิทยาลัยราชภัฏพิบูลสงคราม,วิทยาเขตหลัก,21520103901802A,0,0,คณะมนุษยศาสตร์และสังคมศาสตร์,หลักสูตรศิลปศาสตรบัณฑิตสาขาวิชาภาษาจีน ธุรกิจ,,,0,3,28,3,95.5000,93.5000
มหาวิทยาลัยราชภัฏพิบูลสงคราม,วิทยาเขตหลัก,21520103901901A,0,0,คณะมนุษยศาสตร์และสังคมศาสตร์,หลักสูตรศิลปศาสตรบัณฑิตสาขาวิชา ภาษาญี่ปุ่น,,,0,15,26,7,86.0000,57.2500
มหาวิทยาลัยราชภัฏพิบูลสงคราม,วิทยาเขตหลัก,21520103902001A,0,0,คณะมนุษยศาสตร์และสังคมศาสตร์,หลักสูตรศิลปศาสตรบัณฑิตสาขาวิชาภาษาไทย,,,0,20,54,20,97.2500,54.7500
มหาวิทยาลัยราชภัฏพิบูลสงคราม,วิทยาเขตหลัก,21520103902501A,0,0,คณะมนุษยศาสตร์และสังคมศาสตร์,หลักสูตรศิลปศาสตรบัณฑิตสาขาวิชา ภาษาอังกฤษ,,,0,40,88,19,94.2500,62.5000
มหาวิทยาลัยราชภัฏพิบูลสงคราม,วิทยาเขตหลัก,21520103902502A,0,0,คณะมนุษยศาสตร์และสังคมศาสตร์,หลักสูตรศิลปศาสตรบัณฑิตสาขาวิชา ภาษาอังกฤษธุรกิจ,,,0,7,37,3,92.2500,82.5000
มหาวิทยาลัยราชภัฏพิบูลสงคราม,วิทยาเขตหลัก,21520104610201A,0,0,คณะวิทยาการจัดการ,หลักสูตรบริหารธุรกิจบัณฑิตสาขาวิชาการ จัดการ,,,0,50,95,26,96.5000,0.0000
มหาวิทยาลัยราชภัฏพิบูลสงคราม,วิทยาเขตหลัก,21520104610401A,0,0,คณะวิทยาการจัดการ,หลักสูตรบริหารธุรกิจบัณฑิตสาขาวิชาการ จัดการทรัพยากรมนุษย์และองค์การ,,,0,50,47,7,85.2500,0.0000
มหาวิทยาลัยราชภัฏพิบูลสงคราม,วิทยาเขตหลัก,21520104610501A,0,0,คณะวิทยาการจัดการ,หลักสูตรบัญชีบัณฑิต,,,0,15,106,15,94.5000,84.2500
มหาวิทยาลัยราชภัฏพิบูลสงคราม,วิทยาเขตหลัก,21520104610601A,0,0,คณะวิทยาการจัดการ,หลักสูตรบริหารธุรกิจบัณฑิตสาขาวิชา การตลาดเชิงสร้างสรรค์และดิจิทัล,,,0,22,94,15,89.0000,0.0000
มหาวิทยาลัยราชภัฏพิบูลสงคราม,วิทยาเขตหลัก,21520104610701A,0,0,คณะวิทยาการจัดการ,หลักสูตรบริหารธุรกิจบัณฑิตสาขาวิชา เทคโนโลยีธุรกิจดิจิทัล,,,0,40,61,17,90.2500,0.0000
มหาวิทยาลัยราชภัฏพิบูลสงคราม,วิทยาเขตหลัก,21520104610801A,0,0,คณะวิทยาการจัดการ,หลักสูตรบริหารธุรกิจบัณฑิตสาขาวิชาธุรกิจ การค้าสมัยใหม่,,,0,30,105,25,89.2500,0.0000
มหาวิทยาลัยราชภัฏพิบูลสงคราม,วิทยาเขตหลัก,21520104611101A,0,0,คณะวิทยาการจัดการ,หลักสูตรเศรษฐศาสตรบัณฑิตสาขาวิชา เศรษฐศาสตร์ธุรกิจและภาครัฐ,,,0,40,48,11,92.0000,0.0000
มหาวิทยาลัยราชภัฏพิบูลสงคราม,วิทยาเขตหลัก,21520104620101A,0,0,คณะวิทยาการจัดการ,หลักสูตรศิลปศาสตรบัณฑิตสาขาวิชาการ ท่องเที่ยวและบริการยุคดิจิทัล,,,0,40,57,10,96.5000,55.7500
มหาวิทยาลัยราชภัฏพิบูลสงคราม,วิทยาเขตหลัก,21520104620102A,0,0,คณะวิทยาการจัดการ,หลักสูตรศิลปศาสตรบัณฑิตสาขาวิชาการ จัดการการท่องเที่ยวระหว่างประเทศ,,,0,25,53,17,93.5000,53.5000
มหาวิทยาลัยราชภัฏพิบูลสงคราม,วิทยาเขตหลัก,21520104901101A,0,0,คณะวิทยาการจัดการ,หลักสูตรนิเทศศาสตรบัณฑิตสาขาวิชานิเทศ ศาสตร์,,,0,55,74,24,93.5000,50.2500
มหาวิทยาลัยราชภัฏพิบูลสงคราม,วิทยาเขตหลัก,21520105111101A,0,0,คณะเทคโนโลยีการเกษตรและอาหาร,หลักสูตรวิทยาศาสตรบัณฑิตสาขาวิชาพัฒนา ผลิตภัณฑ์เพื่อสุขภาพและเครื่องสำอาง,,,0,60,71,17,93.7500,0.0000
มหาวิทยาลัยราชภัฏพิบูลสงคราม,วิทยาเขตหลัก,21520105211001A,0,0,คณะเทคโนโลยีการเกษตรและอาหาร,หลักสูตรวิทยาศาสตรบัณฑิตสาขาวิชา วิทยาศาสตร์และเทคโนโลยีการอาหาร,,,0,40,24,2,89.5000,44.0000
มหาวิทยาลัยราชภัฏพิบูลสงคราม,วิทยาเขตหลัก,21520105500201A,A,0,คณะเทคโนโลยีการเกษตรและอาหาร,หลักสูตรวิทยาศาสตรบัณฑิตสาขาวิชา เกษตรศาสต์รวิชาเอกการจัดการทรัพยากร เกษตรและสิ่งแวดล้อม,,วิชาเอกการ จัดการ ทรัพยากร เกษตรและ สิ่งแวดล้อม,0,45,7,0,0.0000,0.0000
มหาวิทยาลัยราชภัฏพิบูลสงคราม,วิทยาเขตหลัก,21520105500201A,B,0,คณะเทคโนโลยีการเกษตรและอาหาร,หลักสูตรวิทยาศาสตรบัณฑิตสาขาวิชา เกษตรศาสต์รวิชาเอกพืชศาสตร์,,วิชาเอกพืช ศาสตร์,0,45,6,0,0.0000,0.0000
มหาวิทยาลัยราชภัฏพิบูลสงคราม,วิทยาเขตหลัก,21520105500401A,0,0,คณะเทคโนโลยีการเกษตรและอาหาร,หลักสูตรวิทยาศาสตรบัณฑิตสาขาวิชา นวัตกรรมและเทคโนโลยีเพิ่มมูลค่าผลพลอยได้ ทางการเกษตร,,,0,30,2,0,0.0000,0.0000
มหาวิทยาลัยราชภัฏพิบูลสงคราม,วิทยาเขตหลัก,21520105501201A,A,0,คณะเทคโนโลยีการเกษตรและอาหาร,หลักสูตรวิทยาศาสตรบัณฑิตสาขาวิชาสัตว ศาสตร์และการเพาะเลี้ยงสัตว์น้ำ วิชาเอกสัตว ศาสตร์,,วิชาเอกสัตว ศาสตร์,0,30,15,8,92.0000,0.0000
มหาวิทยาลัยราชภัฏพิบูลสงคราม,วิทยาเขตหลัก,21520105501201A,B,0,คณะเทคโนโลยีการเกษตรและอาหาร,หลักสูตรวิทยาศาสตรบัณฑิตสาขาวิชาสัตว ศาสตร์และการเพาะเลี้ยงสัตว์น้ำ วิชาเอกการ เพาะเลี้ยงสัตว์น้ำ,,วิชาเอกการ เพาะเลี้ยง สัตว์น้ำ,0,30,9,1,76.5000,76.5000
มหาวิทยาลัยราชภัฏพิบูลสงคราม,วิทยาเขตหลัก,21520106300301A,0,0,คณะเทคโนโลยีอุตสาหกรรม,หลักสูตรวิศวกรรมศาสตรบัณฑิตสาขาวิชา วิศวกรรมการผลิต,,,0,25,19,5,92.0000,62.0000
มหาวิทยาลัยราชภัฏพิบูลสงคราม,วิทยาเขตหลัก,21520106300501A,0,0,คณะเทคโนโลยีอุตสาหกรรม,หลักสูตรวิศวกรรมศาสตรบัณฑิตสาขาวิชา วิศวกรรมคอมพิวเตอร์,,,0,35,40,8,95.0000,65.0000
มหาวิทยาลัยราชภัฏพิบูลสงคราม,วิทยาเขตหลัก,21520106300701A,0,0,คณะเทคโนโลยีอุตสาหกรรม,หลักสูตรวิศวกรรมศาสตรบัณฑิตสาขาวิชา วิศวกรรมเครื่องกล,,,0,25,22,8,90.5000,63.0000
มหาวิทยาลัยราชภัฏพิบูลสงคราม,วิทยาเขตหลัก,21520106302101A,0,0,คณะเทคโนโลยีอุตสาหกรรม,หลักสูตรวิศวกรรมศาสตรบัณฑิตสาขาวิชา วิศวกรรมโยธา,,,0,2,30,2,91.5000,90.7500
มหาวิทยาลัยราชภัฏพิบูลสงคราม,วิทยาเขตหลัก,21520106302401A,0,0,คณะเทคโนโลยีอุตสาหกรรม,หลักสูตรวิศวกรรมศาสตรบัณฑิตสาขาวิชา วิศวกรรมโลจิสติกส์,,,0,50,84,20,93.0000,58.5000
มหาวิทยาลัยราชภัฏพิบูลสงคราม,วิทยาเขตหลัก,21520106303401A,0,0,คณะเทคโนโลยีอุตสาหกรรม,หลักสูตรวิศวกรรมศาสตรบัณฑิตสาขาวิชา วิศวกรรมไฟฟ้าสื่อสารและอิเล็กทรอนิกส์,,,0,20,28,9,90.2500,51.5000
มหาวิทยาลัยราชภัฏพิบูลสงคราม,วิทยาเขตหลัก,21520106400501A,0,0,คณะเทคโนโลยีอุตสาหกรรม,หลักสูตรสถาปัตยกรรมศาสตรบัณฑิตสาขาวิชาสถาปัตยกรรม,,,0,25,11,0,0.0000,0.0000
มหาวิทยาลัยราชภัฏพิบูลสงคราม,วิทยาเขตหลัก,21520106800101A,A,0,คณะเทคโนโลยีอุตสาหกรรม,หลักสูตรศิลปกรรมศาสตรบัณฑิตสาขาวิชา ศิลปะและการออกแบบ วิชาเอกเครื่องปั้นดินเผา,,วิชาเอก เครื่องปั้นดินเ ผา,0,40,7,1,0.0000,0.0000
มหาวิทยาลัยราชภัฏพิบูลสงคราม,วิทยาเขตหลัก,21520106800101A,B,0,คณะเทคโนโลยีอุตสาหกรรม,หลักสูตรศิลปกรรมศาสตรบัณฑิตสาขาวิชา ศิลปะและการออกแบบ วิชาเอกออกแบบ ผลิตภัณฑ์,,วิชาเอก ออกแบบ ผลิตภัณฑ์,0,40,21,8,83.5000,57.2500
มหาวิทยาลัยราชภัฏพิบูลสงคราม,วิทยาเขตหลัก,21520107901001A,0,0,คณะสังคมศาสตร์และการพัฒนา ท้องถิ่น,หลักสูตรนิติศาสตรบัณฑิตสาขาวิชานิติศาสตร์,,,0,,0,0,0.0000,0.0000
มหาวิทยาลัยราชภัฏพิบูลสงคราม,วิทยาเขตหลัก,21520107903101A,A,0,คณะสังคมศาสตร์และการพัฒนา ท้องถิ่น,หลักสูตรรัฐประศาสนศาสตรบัณฑิตสาขาวิชา รัฐประศาสนศาสต์รวิชาเอกการบริหารจัดการ ภาครัฐ,,วิชาเอกการ บริหาร จัดการภาครัฐ,0,10,59,10,93.5000,82.5000
มหาวิทยาลัยราชภัฏพิบูลสงคราม,วิทยาเขตหลัก,21520107903101A,B,0,คณะสังคมศาสตร์และการพัฒนา ท้องถิ่น,หลักสูตรรัฐประศาสนศาสตรบัณฑิตสาขาวิชา รัฐประศาสนศาสต์รวิชาเอกการปกครองท้องถิ่น,,วิชาเอกการ ปกครอง ท้องถิ่น,0,10,68,10,96.7500,77.2500
มหาวิทยาลัยราชภัฏพิบูลสงคราม,วิทยาเขตหลัก,21520107903201A,0,0,คณะสังคมศาสตร์และการพัฒนา ท้องถิ่น,หลักสูตรรัฐศาสตรบัณฑิตสาขาวิชารัฐศาสตร์,,,0,16,100,16,95.5000,82.2500
มหาวิทยาลัยราชภัฏพิบูลสงคราม,วิทยาเขตหลัก,21520107903701A,0,0,คณะสังคมศาสตร์และการพัฒนา ท้องถิ่น,หลักสูตรสังคมสงเคราะห์ศาสตรบัณฑิตสาขาวิชาสังคมสงเคราะห์ศาสตร์,,,0,15,37,8,92.0000,68.7500
มหาวิทยาลัยราชภัฏพิบูลสงคราม,วิทยาเขตหลัก,21520107904201A,0,0,คณะสังคมศาสตร์และการพัฒนา ท้องถิ่น,หลักสตรศิลปศาสตรบัณฑิตสาขาวิชาการ พัฒนาชุมชน,,,0,70,81,30,93.7500,0.0000
มหาวิทยาลัยราชภัฏพิบูลสงคราม,วิทยาเขตหลัก,21520108111701A,0,0,คณะพยาบาลศาสตร์,หลักสูตรพยาบาลศาสตรบัณฑิต,,,0,,0,0,0.0000,0.0000
มหาวิทยาลัยราชภัฏวไลย อลงกร์ณในพระบรมราชูปถัมภ์,วิทยาเขตหลัก,21530112900701A,0,0,คณะมนุษยศาสตร์และสังคมศาสตร์,หลักสูตรศิลปศาสตรบัณฑิตสาขาวิชาจิตวิทยา,,,0,80,322,80,99.5000,82.0000
มหาวิทยาลัยราชภัฏวไลย อลงกร์ณในพระบรมราชูปถัมภ์,วิทยาเขตหลัก,21530112901001A,0,0,คณะมนุษยศาสตร์และสังคมศาสตร์,หลักสูตรนิติศาสตรบัณฑิต,,,0,30,57,21,98.5000,47.2500
มหาวิทยาลัยราชภัฏวไลย อลงกร์ณในพระบรมราชูปถัมภ์,วิทยาเขตหลัก,21530112902001A,0,0,มนุษยศาสตร์และสังคมศาสตร์,หลักสูตรศิลปศาสตรบัณฑิตสาขาวิชาภาษาไทย,,,0,30,47,14,92.0000,54.7500
มหาวิทยาลัยราชภัฏวไลย อลงกร์ณในพระบรมราชูปถัมภ์,วิทยาเขตหลัก,21530112902501A,0,0,คณะมนุษยศาสตร์และสังคมศาสตร์,หลักสูตรศิลปศาสตรบัณฑิตสาขาวิชา ภาษาอังกฤษ,,,0,20,44,14,97.5000,65.0000
มหาวิทยาลัยราชภัฏวไลย อลงกร์ณในพระบรมราชูปถัมภ์,วิทยาเขตหลัก,21530112902502A,0,0,คณะมนุษยศาสตร์และสังคมศาสตร์,หลักสูตรศิลปศาสตรบัณฑิตสาขาวิชา ภาษาอังกฤษธุรกิจ,,,0,20,28,6,90.7500,60.0000
มหาวิทยาลัยราชภัฏวไลย อลงกร์ณในพระบรมราชูปถัมภ์,วิทยาเขตหลัก,21530112903201A,0,0,คณะมนุษยศาสตร์และสังคมศาสตร์,หลักสูตรรัฐศาสตรบัณฑิตสาขาวิชารัฐศาสตร์,,,0,30,46,9,93.7500,66.0000
มหาวิทยาลัยราชภัฏสงขลา,สงขลา,21640101701201A,0,0,คณะครุศาสตร์,ค.บ. จิตวิทยาการปรึกษาและการแนะแนว,,,0,2,812,2,91.7500,91.3750
มหาวิทยาลัยราชภัฏสงขลา,สงขลา,21640101702801A,0,0,คณะครุศาสตร์,ค.บ. พลศึกษา,,,0,7,430,7,89.4000,85.8000
มหาวิทยาลัยราชภัฏสงขลา,สงขลา,21640102702003A,0,0,คณะมนุษยศาสตร์และสังคมศาสตร์,ค.บ. ภาษาจีน,,,0,12,38,12,72.8310,43.9164
มหาวิทยาลัยราชภัฏสงขลา,สงขลา,21640102900501A,0,0,คณะมนุษยศาสตร์และสังคมศาสตร์,ศศ.บ. อินโดนีเซีย-มาเลเซียศึกษาเพื่องาน ระหว่างประเทศ,,,0,30,94,30,92.0000,67.7500
มหาวิทยาลัยราชภัฏสงขลา,สงขลา,21640102901401A,0,0,คณะมนุษยศาสตร์และสังคมศาสตร์,ศศ.บ. ประวัติศาสตร์เพื่อการสื่อสารสังคม,,,0,20,46,20,56.1784,22.5552
มหาวิทยาลัยราชภัฏสงขลา,สงขลา,21640102902001A,0,0,คณะมนุษยศาสตร์และสังคมศาสตร์,ศศ.บ. ภาษาไทย,,,0,5,731,5,98.2500,96.2500
มหาวิทยาลัยราชภัฏสงขลา,สงขลา,21640102902501A,0,0,คณะมนุษยศาสตร์และสังคมศาสตร์,ศศ.บ. ภาษาอังกฤษ,,,0,10,406,10,99.7500,93.7500
มหาวิทยาลัยราชภัฏสงขลา,สงขลา,21640102902502A,0,0,คณะมนุษยศาสตร์และสังคมศาสตร์,ศศ.บ. ภาษาอังกฤษเพื่อธุรกิจบริการ,,,0,20,72,20,60.8828,38.9552
มหาวิทยาลัยราชภัฏสงขลา,สงขลา,21640102903001A,0,0,คณะมนุษยศาสตร์และสังคมศาสตร์,วท.บ. ภูมิสารสนเทศ,,,0,30,132,30,86.2500,65.5000
มหาวิทยาลัยราชภัฏสงขลา,สงขลา,21640102903101A,A,0,คณะมนุษยศาสตร์และสังคมศาสตร์,รป.บ. รัฐประศาสนศาสตร์,,นโยบาย สาธารณะ,0,20,181,20,53.8592,42.4000
มหาวิทยาลัยราชภัฏสงขลา,สงขลา,21640102903101A,B,0,คณะมนุษยศาสตร์และสังคมศาสตร์,รป.บ. รัฐประศาสนศาสตร์,,การจัดการ ปกครอง ท้องถิ่น,0,20,359,20,55.9776,49.4604
มหาวิทยาลัยราชภัฏสงขลา,สงขลา,21640102903101A,C,0,คณะมนุษยศาสตร์และสังคมศาสตร์,รป.บ. รัฐประศาสนศาสตร์,,การ บริหารงาน ยุติธรรม,0,25,225,25,49.8716,43.8980
มหาวิทยาลัยราชภัฏสงขลา,สงขลา,21640102903601A,0,0,คณะมนุษยศาสตร์และสังคมศาสตร์,ศศ.บ. สวัสดิการสังคม,,,0,35,230,35,96.5000,73.5000
มหาวิทยาลัยราชภัฏสงขลา,สงขลา,21640102904201A,0,0,คณะมนุษยศาสตร์และสังคมศาสตร์,ศศ.บ. การพัฒนาชุมชน,,,0,25,371,25,95.2500,87.2500
มหาวิทยาลัยราชภัฏสงขลา,สงขลา,21640103112501A,0,0,คณะวิทยาศาสตร์และเทคโนโลยี,วท.บ. สุขภาพและความงาม,,,0,9,77,9,95.7500,80.5000
มหาวิทยาลัยราชภัฏสงขลา,สงขลา,21640103112701A,0,0,คณะวิทยาศาสตร์และเทคโนโลยี,ส.บ. สาธารณสุขชุมชน,,,0,20,403,21,99.0000,94.2500
มหาวิทยาลัยราชภัฏสงขลา,สงขลา,21640103210301A,0,0,คณะวิทยาศาสตร์และเทคโนโลยี,วท.บ. คณิตศาสตร์,,,0,15,217,16,97.5000,93.0000
มหาวิทยาลัยราชภัฏสงขลา,สงขลา,21640103210401A,0,0,คณะวิทยาศาสตร์และเทคโนโลยี,วท.บ. เคมี,,,0,20,81,20,95.0000,71.2500
มหาวิทยาลัยราชภัฏสงขลา,สงขลา,21640103210501A,0,0,คณะวิทยาศาสตร์และเทคโนโลยี,วท.บ. จุลชีววิทยา,,,0,15,61,15,96.5000,74.0000
มหาวิทยาลัยราชภัฏสงขลา,สงขลา,21640103210701A,0,0,คณะวิทยาศาสตร์และเทคโนโลยี,วท.บ. ชีววิทยา,,,0,25,67,16,94.5000,53.0000
มหาวิทยาลัยราชภัฏสงขลา,สงขลา,21640103211201A,0,0,คณะวิทยาศาสตร์และเทคโนโลยี,วท.บ. เทคโนโลยีชีวภาพ,,,0,30,7,1,82.2500,82.2500
มหาวิทยาลัยราชภัฏสงขลา,สงขลา,21640103212701A,0,0,คณะวิทยาศาสตร์และเทคโนโลยี,วท.บ. ฟิสิกส์ประยุกต์,,,0,20,19,5,89.5000,54.2500
มหาวิทยาลัยราชภัฏสงขลา,สงขลา,21640103213101A,0,0,คณะวิทยาศาสตร์และเทคโนโลยี,วท.บ. วิทยาศาสตร์สิ่งแวดล้อม,,,0,30,87,30,88.2500,57.2500
มหาวิทยาลัยราชภัฏสงขลา,สงขลา,21640103220101A,0,0,คณะวิทยาศาสตร์และเทคโนโลยี,วท.บ. เทคโนโลยีสารสนเทศและนวัตกรรม ดิจิทัล,,,0,20,75,16,95.5000,53.0000
มหาวิทยาลัยราชภัฏสงขลา,สงขลา,21640103220201A,0,0,คณะวิทยาศาสตร์และเทคโนโลยี,วท.บ. วิทยาการคอมพิวเตอร์,,,0,9,117,9,95.0000,81.0000
มหาวิทยาลัยราชภัฏสงขลา,สงขลา,21640103500301A,0,0,คณะวิทยาศาสตร์และเทคโนโลยี,วท.บ. คหกรรมศาสตร์,,,0,10,30,10,87.2500,61.0000
มหาวิทยาลัยราชภัฏสงขลา,สงขลา,21640103500401A,0,0,คณะวิทยาศาสตร์และเทคโนโลยี,ทล.บ. นวัตกรรมการเกษตรเพื่อความยงั่ยืน,,,0,26,17,3,63.0000,50.7500
มหาวิทยาลัยราชภัฏสงขลา,สงขลา,21640104610201A,0,0,คณะวิทยาการจัดการ,บธ.บ. การจัดการ,,,0,40,223,41,94.0000,67.0000
มหาวิทยาลัยราชภัฏสงขลา,สงขลา,21640104610301A,0,0,คณะวิทยาการจัดการ,กจ.บ. ผู้ประกอบการท้องถิ่น,,,0,10,104,10,97.7500,72.5000
มหาวิทยาลัยราชภัฏสงขลา,สงขลา,21640104610401A,0,0,คณะวิทยาการจัดการ,บธ.บ. การบริหารทรัพยากรมนุษย์,,,0,40,226,40,92.0000,66.5000
มหาวิทยาลัยราชภัฏสงขลา,สงขลา,21640104610501A,0,0,คณะวิทยาการจัดการ,บช.บ. บัญชี,,,0,30,335,32,97.2500,86.0000
มหาวิทยาลัยราชภัฏสงขลา,สงขลา,21640104610601A,0,0,คณะวิทยาการจัดการ,บธ.บ. การตลาด,,,0,30,120,30,91.5000,57.2500
มหาวิทยาลัยราชภัฏสงขลา,สงขลา,21640104610701A,0,0,คณะวิทยาการจัดการ,บธ.บ. คอมพิวเตอร์ธุรกิจ,,,0,50,105,50,89.5000,35.7500
มหาวิทยาลัยราชภัฏสงขลา,สงขลา,21640104611101A,0,0,คณะวิทยาการจัดการ,ศ.บ. เศรษฐศาสตร์ธุรกิจ,,,0,5,64,5,89.2500,76.5000
มหาวิทยาลัยราชภัฏสงขลา,สงขลา,21640104620101A,0,0,คณะวิทยาการจัดการ,กจ.บ. การจัดการธุรกิจท่องเที่ยวและการบริการ,,,0,40,193,40,92.0000,58.2500
มหาวิทยาลัยราชภัฏสงขลา,สงขลา,21640104901101A,0,0,คณะวิทยาการจัดการ,นศ.บ. นิเทศศาสตร์,,,0,40,128,40,99.0000,52.2500
มหาวิทยาลัยราชภัฏสงขลา,สงขลา,21640105500201A,A,0,คณะเทคโนโลยีการเกษตร,วท.บ. เกษตรศาสตร์,,เกษตรศาสตร์,0,5,45,5,85.7500,69.0000
มหาวิทยาลัยราชภัฏสงขลา,สงขลา,21640105500301A,A,0,คณะเทคโนโลยีการเกษตร,ทล.บ. นวัตกรรมอาหารและการจัดการธุรกิจ (หลักสูตรสหวิทยาการ),,นวัตกรรม อาหารและ การจัดการ ธุรกิจ (หลักสูตร สหวิทยาการ),0,20,46,13,92.5000,42.0000
มหาวิทยาลัยราชภัฏสงขลา,สงขลา,21640105500302A,A,0,คณะเทคโนโลยีการเกษตร,วท.บ. เทคโนโลยีอุตสาหกรรมอาหาร,,เทคโนโลียอุตสาหกรรม อาหาร,0,10,40,7,91.0000,43.2500
มหาวิทยาลัยราชภัฏสงขลา,สงขลา,21640105501201A,0,0,คณะเทคโนโลยีการเกษตร,ทล.บ. เทคโนโลยีการผลิตสัตว์,,,0,15,34,10,87.5000,49.7500
มหาวิทยาลัยราชภัฏสงขลา,สงขลา,21640105501202A,A,0,คณะเทคโนโลยีการเกษตร,วท.บ. เทคโนโลยีการผลิตสัตว์น้ำ,,เทคโนโลียการผลิต สัตว์น้ำ,0,5,48,5,77.2500,61.7500
มหาวิทยาลัยราชภัฏสงขลา,สงขลา,21640105501301A,0,0,คณะเทคโนโลยีการเกษตร,ทล.บ. เทคโนโลยีการผลิตพืช,,,0,10,35,10,83.5000,51.7500
มหาวิทยาลัยราชภัฏสงขลา,สงขลา,21640106800101A,0,0,คณะศิลปกรรมศาสตร์,ศป.บ. การออกแบบ,,,0,15,109,15,90.5000,77.0000
มหาวิทยาลัยราชภัฏสงขลา,สงขลา,21640106800201A,0,0,คณะศิลปกรรมศาสตร์,ศป.บ. ดนตรีไทยและดนตรีพื้นบ้าน,,,0,10,6,1,57.2500,57.2500
มหาวิทยาลัยราชภัฏสงขลา,สงขลา,21640106800202A,0,0,คณะศิลปกรรมศาสตร์,ดศ.บ. ดุริยางคศิลป์ตะวันตก,,,0,,0,0,0.0000,0.0000
มหาวิทยาลัยราชภัฏสงขลา,สงขลา,21640106800301A,0,0,คณะศิลปกรรมศาสตร์,ศป.บ. ทัศนศิลป์,,,0,15,41,13,47.7500,0.0000
มหาวิทยาลัยราชภัฏสงขลา,สงขลา,21640106800401A,0,0,คณะศิลปกรรมศาสตร์,ศป.บ. นาฏศิลป์และการแสดง,,,0,,0,0,0.0000,0.0000
มหาวิทยาลัยราชภัฏสงขลา,สงขลา,21640107212201A,0,0,คณะเทคโนโลยีอุตสาหกรรม,ทล.บ. เทคโนโลยีอุตสาหการ,,,0,15,28,11,89.2500,52.7500
มหาวิทยาลัยราชภัฏสงขลา,สงขลา,21640107212202A,0,0,คณะเทคโนโลยีอุตสาหกรรม,อส.บ. เทคโนโลยีการผลิต,,,0,20,76,20,92.2500,42.7500
มหาวิทยาลัยราชภัฏสงขลา,สงขลา,21640107302401A,0,0,คณะเทคโนโลยีอุตสาหกรรม,วศ.บ. วิศวกรรมโลจิสติกส์,,,0,4,113,5,99.5000,96.2500
มหาวิทยาลัยสวนดุสิต,หลัก,11650101112101A,0,0,คณะวิทยาศาสตร์และเทคโนโลยี,หลักสูตรวิทยาศาสตรบัณฑิตสาขาวิชา วิทยาศาสตร์การแพทย์,,,0,30,57,24,44.8600,36.3123
มหาวิทยาลัยสวนดุสิต,หลัก,11650101112701A,0,0,คณะวิทยาศาสตร์และเทคโนโลยี,หลักสูตรวิทยาศาสตรบัณฑิตสาขาวิชาอาชีวอ นามัยและความปลอดภัย,,,0,30,230,30,58.3554,52.2478
มหาวิทยาลัยสวนดุสิต,หลัก,11650101112702A,0,0,คณะวิทยาศาสตร์และเทคโนโลยี,หลักสูตรวิทยาศาสตรบัณฑิตสาขาวิชาอนามัย สิ่งแวดล้อมและสาธารณภัย,,,0,30,1019,30,77.9855,71.6350
มหาวิทยาลัยสวนดุสิต,หลัก,11650101211201A,0,0,คณะวิทยาศาสตร์และเทคโนโลยี,หลักสูตรวิทยาศาสตรบัณฑิตสาขาวิชา อุตสาหกรรมชีวภาพเพื่อธุรกิจ,,,0,30,79,27,51.9094,37.1564
มหาวิทยาลัยสวนดุสิต,หลัก,11650101220101A,0,0,คณะวิทยาศาสตร์และเทคโนโลยี,หลักสูตรเทคโนโลยีบัณฑิตสาขาวิชาเทคโนโลียสารสนเทศ,,,0,50,78,33,77.2915,27.7500
มหาวิทยาลัยสวนดุสิต,หลัก,11650101220201A,0,0,คณะวิทยาศาสตร์และเทคโนโลยี,หลักสูตรวิทยาศาสตรบัณฑิตสาขาวิชา วิทยาการคอมพิวเตอร์,,,0,50,72,16,48.9160,29.9848
มหาวิทยาลัยสวนดุสิต,หลัก,11650101220202A,0,S0001,คณะวิทยาศาสตร์และเทคโนโลยี,หลักสูตรวิทยาศาสตรบัณฑิตสาขาวิชาความ มั่นคงปลอดภัยไซเบอร์,มัธยมศึกษาตอน ปลาย (ม.6),,1001,30,60,19,44.9586,28.1541
มหาวิทยาลัยสวนดุสิต,หลัก,11650101220202A,0,S0002,คณะวิทยาศาสตร์และเทคโนโลยี,หลักสูตรวิทยาศาสตรบัณฑิตสาขาวิชาความ มั่นคงปลอดภัยไซเบอร์,ประกาศนียบัตร วิชาชีพ (ปวช.),,1001,30,3,1,29.0595,29.0595
มหาวิทยาลัยสวนดุสิต,หลัก,11650101703801A,0,0,คณะวิทยาศาสตร์และเทคโนโลยี,หลักสูตรศึกษาศาสตรบัณฑิตสาขาวิชา วิทยาศาสตร์ทั่วไป,,,0,20,12,4,49.7581,3.7500
มหาวิทยาลัยสวนดุสิต,หลัก,11650102700201A,0,0,คณะครุศาสตร์,หลักสูตรศึกษาศาสตรบัณฑิตสาขาวิชาการ ประถมศึกษา,,,0,20,816,20,75.9482,70.0266
มหาวิทยาลัยสวนดุสิต,หลัก,11650102700601A,0,0,คณะครุศาสตร์,หลักสูตรศึกษาศาสตรบัณฑิตสาขาวิชา การศึกษาปฐมวัย,,,0,20,72,20,68.0126,57.0216
มหาวิทยาลัยสวนดุสิต,หลัก,11650103800101A,0,0,คณะมนุษยศาสตร์และสังคมศาสตร์,หลักสูตรศิลปศาสตรบัณฑิตสาขาวิชาการ ออกแบบศิลปะสร้างสรรค์ด้วยปัญญาประดิษฐ์,,,0,30,16,5,49.8500,43.0500
มหาวิทยาลัยสวนดุสิต,หลัก,11650103900101A,0,0,คณะมนุษยศาสตร์และสังคมศาสตร์,หลักสูตรศิลปศาสตรบัณฑิตสาขาวิชาภาษา และการสื่อสาร,,,0,40,165,39,68.8625,56.3131
มหาวิทยาลัยสวนดุสิต,หลัก,11650103900701A,0,0,คณะมนุษยศาสตร์และสังคมศาสตร์,หลักสูตรศิลปศาสตรบัณฑิตสาขาวิชาจิตวิทยา อุตสาหกรรมและองค์การ,,,0,30,510,30,67.1715,60.7947
มหาวิทยาลัยสวนดุสิต,หลัก,11650103901801A,0,0,คณะมนุษยศาสตร์และสังคมศาสตร์,หลักสูตรศิลปศาสตรบัณฑิตสาขาวิชาภาษาจีน เพื่อการสื่อสาร,,,0,30,296,30,63.8885,55.4765
มหาวิทยาลัยสวนดุสิต,หลัก,11650103902001A,0,0,คณะมนุษยศาสตร์และสังคมศาสตร์,หลักสูตรศิลปศาสตรบัณฑิตสาขาวิชาภาษา และวัฒนธรรมไทย,,,0,50,240,51,54.1000,42.6500
มหาวิทยาลัยสวนดุสิต,หลัก,11650103902501A,0,0,คณะมนุษยศาสตร์และสังคมศาสตร์,หลักสูตรศิลปศาสตรบัณฑิตสาขาวิชา ภาษาอังกฤษเพื่อการสื่อสาร,,,0,40,441,40,65.8224,56.6664
มหาวิทยาลัยสวนดุสิต,หลัก,11650103902502A,0,0,คณะมนุษยศาสตร์และสังคมศาสตร์,หลักสูตรศิลปศาสตรบัณฑิตสาขาวิชา ภาษาอังกฤษและภาษาเกาหลีเพื่อการสื่อสาร ข้ามวัฒนธรรม,,,0,50,305,50,62.4720,47.8815
มหาวิทยาลัยสวนดุสิต,หลัก,11650106610201A,0,0,คณะวิทยาการจัดการ,หลักสูตรการจัดการบัณฑิต,,,0,50,440,50,76.1220,62.7890
มหาวิทยาลัยสวนดุสิต,หลัก,11650106610501A,0,0,คณะวิทยาการจัดการ,หลักสูตรบัญชีบัณฑิต,,,0,70,848,70,89.2337,79.7041
มหาวิทยาลัยสวนดุสิต,หลัก,11650106610601A,0,0,คณะวิทยาการจัดการ,หลักสูตรบริหารธุรกิจบัณฑิตสาขาวิชา การตลาดและการสร้างแบรนด์บุคคล,,,0,70,492,70,84.5426,74.1938
มหาวิทยาลัยสวนดุสิต,หลัก,11650106610801A,0,0,คณะวิทยาการจัดการ,หลักสูตรบริหารธุรกิจบัณฑิตสาขาวิชาธุรกิจ ระหว่างประเทศ ธุรกิจจีน-อาเซียน (แผนการ เรียนที่ 1),,,0,40,148,40,63.2507,45.9844
มหาวิทยาลัยสวนดุสิต,หลัก,11650106610802A,0,0,คณะวิทยาการจัดการ,หลักสูตรบริหารธุรกิจบัณฑิตสาขาวิชา เลขานุการทางการแพทย์,,,0,40,172,40,72.5499,57.1339
มหาวิทยาลัยสวนดุสิต,หลัก,11650106610803A,0,0,คณะวิทยาการจัดการ,หลักสูตรบริหารธุรกิจบัณฑิตสาขาวิชาธุรกิจ สร้างสรรค์และเทคโนโลยีดิจิทัล,,,0,70,497,70,74.0615,62.5675
มหาวิทยาลัยสวนดุสิต,หลัก,11650106610804A,0,0,คณะวิทยาการจัดการ,หลักสูตรบริหารธุรกิจบัณฑิตสาขาวิชา บริหารธุรกิจ,,,0,120,951,120,80.9512,67.9760
มหาวิทยาลัยสวนดุสิต,หลัก,11650106610805A,0,0,คณะวิทยาการจัดการ,หลักสูตรบริหารธุรกิจบัณฑิตสาขาวิชาธุรกิจ ระหว่างประเทศ ธุรกิจจีน-อาเซียน (แผนการ เรียนที่ 2),,,0,30,113,30,63.9501,45.8994
มหาวิทยาลัยสวนดุสิต,หลัก,11650106800401A,0,0,คณะวิทยาการจัดการ,หลักสูตรศิลปศาสตรบัณฑิตสาขาวิชาการเต้น และการแสดงสร้างสรรค์เพื่อธุรกิจบันเทิง,,,0,60,136,60,62.1554,38.2284
มหาวิทยาลัยสวนดุสิต,หลัก,11650106901101A,0,0,คณะวิทยาการจัดการ,หลักสูตรนิเทศศาสตรบัณฑิตสาขาวิชานิเทศ ศาสตร์นวัตกรรมและการเป็นผู้ประกอบการ ธุรกิจ,,,0,70,571,70,76.4325,66.2300
มหาวิทยาลัยสวนดุสิต,หลัก,11650106901102A,0,0,คณะวิทยาการจัดการ,หลักสูตรนิเทศศาสตรบัณฑิตสาขาวิชาการ สื่อสารดิจิทัลและการสร้างสรรค์คอนเทนต์,,,0,70,684,70,77.8240,68.9760
มหาวิทยาลัยสวนดุสิต,หลัก,11650110111801A,0,0,โรงเรียนการเรือน,หลักสูตรวิทยาศาสตรบัณฑิตสาขาวิชา โภชนาการและการประกอบอาหารเพื่อสุขภาพ และการชะลอวัย,,,0,40,196,40,57.7082,38.6328
มหาวิทยาลัยสวนดุสิต,หลัก,11650110211001A,0,0,โรงเรียนการเรือน,หลักสูตรวิทยาศาสตรบัณฑิตสาขาวิชา นวัตกรรมเทคโนโลยีเพื่อผู้ประกอบการอาหาร,,,0,40,241,40,62.4564,48.6941
มหาวิทยาลัยสวนดุสิต,หลัก,11650110211002A,0,0,โรงเรียนการเรือน,หลักสูตรวิทยาศาสตรบัณฑิตสาขาวิชา เทคโนโลยีการประกอบอาหารและการบริการ,,,0,40,156,40,60.9697,43.5042
มหาวิทยาลัยสวนดุสิต,หลัก,11650110500301A,0,0,โรงเรียนการเรือน,หลักสูตรศิลปศาสตรบัณฑิตสาขาวิชาคหกรรม ศาสตร์,,,0,30,148,30,57.5209,39.9358
มหาวิทยาลัยสวนดุสิต,หลัก,11650110610301A,0,0,โรงเรียนการเรือน,หลักสูตรศิลปศาสตรบัณฑิตสาขาวิชาการ จัดการธุรกิจบริการอาหารและศิลปะการ ประกอบอาหาร,,,0,40,146,40,70.2904,50.3109
มหาวิทยาลัยสวนดุสิต,หลัก,11650111620101A,0,0,โรงเรียนการท่องเที่ยวและการบริการ,หลักสูตรศิลปศาสตรบัณฑิตสาขาวิชา ผู้ประกอบการธุรกิจบริการและการท่องเที่ยว,,,0,30,504,30,88.2666,80.0000
มหาวิทยาลัยสวนดุสิต,หลัก,11650111620102A,0,0,โรงเรียนการท่องเที่ยวและการบริการ,หลักสูตรศิลปศาสตรบัณฑิตสาขาวิชาการ ท่องเที่ยวและมัคคุเทศก์,,,0,60,242,60,90.8666,69.7332
มหาวิทยาลัยสวนดุสิต,หลัก,11650111620103A,0,0,โรงเรียนการท่องเที่ยวและการบริการ,หลักสูตรศิลปศาสตรบัณฑิตสาขาวิชาธุรกิจการ โรงแรม,,,0,60,548,63,92.7332,80.2666
มหาวิทยาลัยสวนดุสิต,หลัก,11650111620104A,0,0,โรงเรียนการท่องเที่ยวและการบริการ,หลักสูตรศิลปศาสตรบัณฑิตสาขาวิชาการ จัดการไมซ์และอีเวนต์,,,0,20,289,20,90.4666,79.3332
มหาวิทยาลัยสวนดุสิต,หลัก,11650111620201A,0,0,โรงเรียนการท่องเที่ยวและการบริการ,หลักสูตรศิลปศาสตรบัณฑิตสาขาวิชาธุรกิจ การบิน,,,0,30,553,31,89.0000,81.8000
มหาวิทยาลัยสวนดุสิต,หลัก,11650113901001A,0,0,โรงเรียนกฎหมายและการเมือง,หลักสูตรนิติศาสตรบัณฑิต,,,0,20,478,20,73.9280,67.0550
มหาวิทยาลัยสวนดุสิต,หลัก,11650113903101A,0,0,โรงเรียนกฎหมายและการเมือง,หลักสูตรรัฐประศาสนศาสตรบัณฑิต,,,0,20,302,20,69.8300,60.3070
มหาวิทยาลัยสวนดุสิต,หลัก,11650113903201A,0,0,โรงเรียนกฎหมายและการเมือง,หลักสูตรรัฐศาสตรบัณฑิต,,,0,20,458,20,71.7965,63.1730
มหาวิทยาลัยสวนดุสิต,สุพรรณบุรี,11650201213501A,0,0,คณะวิทยาศาสตร์และเทคโนโลยี,หลักสูตรวิทยาศาสตรบัณฑิตสาขาวิชา วิทยาศาสตร์เครื่องสำอาง,,,0,30,121,30,55.6142,46.4723
มหาวิทยาลัยสวนดุสิต,สุพรรณบุรี,11650202700201A,0,0,คณะครุศาสตร์,หลักสูตรศึกษาศาสตรบัณฑิตสาขาวิชาการ ประถมศึกษา,,,0,5,288,5,77.1874,73.8483
มหาวิทยาลัยสวนดุสิต,สุพรรณบุรี,11650202700601A,0,0,คณะครุศาสตร์,หลักสูตรศึกษาศาสตรบัณฑิตสาขาวิชา การศึกษาปฐมวัย,,,0,5,3,1,61.2391,61.2391
มหาวิทยาลัยสวนดุสิต,สุพรรณบุรี,11650210211002A,0,0,โรงเรียนการเรือน,หลักสูตรวิทยาศาสตรบัณฑิตสาขาวิชา เทคโนโลยีการประกอบอาหารและการบริการ,,,0,30,27,7,60.9301,31.5617
มหาวิทยาลัยสวนดุสิต,สุพรรณบุรี,11650210500301A,0,0,โรงเรียนการเรือน,หลักสูตรศิลปศาสตรบัณฑิตสาขาวิชาคหกรรม ศาสตร์,,,0,20,11,1,20.3750,20.3750
มหาวิทยาลัยสวนดุสิต,นครนายก,11650302700201A,0,0,คณะครุศาสตร์,หลักสูตรศึกษาศาสตรบัณฑิตสาขาวิชาการ ประถมศึกษา,,,0,5,53,5,61.3895,56.7374
มหาวิทยาลัยสวนดุสิต,นครนายก,11650302700601A,0,0,คณะครุศาสตร์,หลักสูตรศึกษาศาสตรบัณฑิตสาขาวิชา การศึกษาปฐมวัย,,,0,15,6,0,0.0000,0.0000
มหาวิทยาลัยสวนดุสิต,ตรัง,11650410211002A,0,0,โรงเรียนการเรือน,หลักสูตรวิทยาศาสตรบัณฑิตสาขาวิชา เทคโนโลยีการประกอบอาหารและการบริการ,,,0,30,12,2,64.1884,35.8759
มหาวิทยาลัยสวนดุสิต,ลำปาง,11650502700201A,0,0,คณะครุศาสตร์,หลักสูตรศึกษาศาสตรบัณฑิตสาขาวิชาการ ประถมศึกษา,,,0,15,207,15,76.3283,69.5757
มหาวิทยาลัยสวนดุสิต,ลำปาง,11650502700601A,0,0,คณะครุศาสตร์,หลักสูตรศึกษาศาสตรบัณฑิตสาขาวิชา การศึกษาปฐมวัย,,,0,20,3,0,0.0000,0.0000
มหาวิทยาลัยสวนดุสิต,ลำปาง,11650510211002A,0,0,โรงเรียนการเรือน,หลักสูตรวิทยาศาสตรบัณฑิตสาขาวิชา เทคโนโลยีการประกอบอาหารและการบริการ,,,0,30,16,1,52.0851,52.0851
มหาวิทยาลัยสวนดุสิต,ลำปาง,11650511620201A,0,0,โรงเรียนการท่องเที่ยวและการบริการ,หลักสูตรศิลปศาสตรบัณฑิตสาขาวิชาธุรกิจ การบิน,,,0,30,55,20,83.8666,55.2000
มหาวิทยาลัยสวนดุสิต,หัวหิน,11650611620201A,0,0,โรงเรียนการท่องเที่ยวและการบริการ,หลักสูตรศิลปศาสตรบัณฑิตสาขาวิชาธุรกิจ การบิน,,,0,20,195,20,92.8666,75.8666
มหาวิทยาลัยราชภัฏสวนสุนันทา,หลัก,21660101700201A,0,0,คณะครุศาสตร์,ค.บ.ประถมศึกษา,,,0,15,1157,15,88.7088,84.8082
มหาวิทยาลัยราชภัฏสวนสุนันทา,หลัก,21660101700601A,0,0,คณะครุศาสตร์,ค.บ.การศึกษาปฐมวัย,,,0,10,606,10,87.0538,83.9584
มหาวิทยาลัยราชภัฏสวนสุนันทา,หลัก,21660101700801A,0,0,คณะครุศาสตร์,ค.บ.คณิตศาสตร์,,,0,15,378,15,86.6976,84.9162
มหาวิทยาลัยราชภัฏสวนสุนันทา,หลัก,21660101700901A,0,0,คณะครุศาสตร์,ค.บ.คอมพิวเตอร์ศึกษา,,,0,50,139,50,81.9894,66.9254
มหาวิทยาลัยราชภัฏสวนสุนันทา,หลัก,21660101702001A,0,0,คณะครุศาสตร์,ค.บ.ภาษาไทย,,,0,10,455,10,90.9356,85.3988
มหาวิทยาลัยราชภัฏสวนสุนันทา,หลัก,21660101702002A,0,0,คณะครุศาสตร์,ค.บ.ภาษาอังกฤษ,,,0,20,328,20,91.2420,85.1444
มหาวิทยาลัยราชภัฏสวนสุนันทา,หลัก,21660101702701A,0,0,คณะครุศาสตร์,ค.บ.สังคมศึกษา,,,0,10,333,10,85.2558,83.0298
มหาวิทยาลัยราชภัฏสวนสุนันทา,หลัก,21660101703801A,0,0,คณะครุศาสตร์,ค.บ.วิทยาศาสตร์ทั่วไป,,,0,40,259,40,85.9850,79.1788
มหาวิทยาลัยราชภัฏสวนสุนันทา,หลัก,21660102112702A,0,0,คณะวิทยาศาสตร์และเทคโนโลยี,วท.บ.นิติวิทยาศาสตร์,,,0,40,441,40,98.7500,93.1250
มหาวิทยาลัยราชภัฏสวนสุนันทา,หลัก,21660102210402A,0,0,คณะวิทยาศาสตร์และเทคโนโลยี,วท.บ.เคมี,,,0,40,56,20,98.0000,56.1250
มหาวิทยาลัยราชภัฏสวนสุนันทา,หลัก,21660102210502A,0,0,คณะวิทยาศาสตร์และเทคโนโลยี,วท.บ.จุลชีววิทยา,,,0,40,131,40,97.7500,73.5000
มหาวิทยาลัยราชภัฏสวนสุนันทา,หลัก,21660102210702A,0,0,คณะวิทยาศาสตร์และเทคโนโลยี,วท.บ.ชีววิทยา,,,0,40,176,40,98.5000,78.1250
มหาวิทยาลัยราชภัฏสวนสุนันทา,หลัก,21660102210819A,0,0,คณะวิทยาศาสตร์และเทคโนโลยี,วท.บ.นวัตกรรมดิจิทัลและคอนเทน์ต(นวัตกรรมดิจิทัล),,,0,40,75,17,92.0000,61.2500
มหาวิทยาลัยราชภัฏสวนสุนันทา,หลัก,21660102210820A,0,0,คณะวิทยาศาสตร์และเทคโนโลยี,วท.บ.นวัตกรรมดิจิทัลและคอนเทนต(์ดิจิทัล คอนเทนต์),,,0,30,83,28,96.5000,52.3750
มหาวิทยาลัยราชภัฏสวนสุนันทา,หลัก,21660102211001A,0,0,คณะวิทยาศาสตร์และเทคโนโลยี,วท.บ.วิทยาศาสตร์และเทคโนโลยีการอาหาร,,,0,30,189,30,94.3750,78.1250
มหาวิทยาลัยราชภัฏสวนสุนันทา,หลัก,21660102211002A,0,0,คณะวิทยาศาสตร์และเทคโนโลยี,วท.บ.นวัตกรรมอาหารและเชฟมืออาชีพ,,,0,50,184,50,98.1250,65.3750
มหาวิทยาลัยราชภัฏสวนสุนันทา,หลัก,21660102213102A,0,0,คณะวิทยาศาสตร์และเทคโนโลยี,วท.บ.วิทยาศาสตร์สิ่งแวดล้อม,,,0,40,86,24,95.0000,52.3750
มหาวิทยาลัยราชภัฏสวนสุนันทา,หลัก,21660102220102A,0,0,คณะวิทยาศาสตร์และเทคโนโลยี,วท.บ.เทคโนโลยีสารสนเทศ,,,0,70,198,62,97.7500,45.0000
มหาวิทยาลัยราชภัฏสวนสุนันทา,หลัก,21660102220202A,0,0,คณะวิทยาศาสตร์และเทคโนโลยี,วท.บ.วิทยาการคอมพิวเตอร์,,,0,70,245,70,98.0000,69.2500
มหาวิทยาลัยราชภัฏสวนสุนันทา,หลัก,21660102220302A,0,0,คณะวิทยาศาสตร์และเทคโนโลยี,วท.บ.การจัดการข้อมูล,,,0,40,14,2,74.8750,68.1250
มหาวิทยาลัยราชภัฏสวนสุนันทา,หลัก,21660102500302A,0,0,คณะวิทยาศาสตร์และเทคโนโลยี,วท.บ.คหกรรมศาสตร์,,,0,70,149,66,99.0000,56.3750
มหาวิทยาลัยราชภัฏสวนสุนันทา,หลัก,21660103610107A,0,0,คณะวิทยาการจัดการ,บธ.บ.บริหารธุรกิจ(การเงินและการลงทุน),,,0,60,283,60,99.5000,76.8750
มหาวิทยาลัยราชภัฏสวนสุนันทา,หลัก,21660103610207A,0,0,คณะวิทยาการจัดการ,บธ.บ.บริหารธุรกิจ(การจัดการธุรกิจบริการ),,,0,80,517,80,97.3750,81.1250
มหาวิทยาลัยราชภัฏสวนสุนันทา,หลัก,21660103610307A,0,0,คณะวิทยาการจัดการ,บธ.บ.บริหารธุรกิจ(การประกอบการธุรกิจ),,,0,80,391,80,98.1250,71.5000
มหาวิทยาลัยราชภัฏสวนสุนันทา,หลัก,21660103610407A,0,0,คณะวิทยาการจัดการ,บธ.บ.บริหารธุรกิจ(การบริหารทรัพยากรมนุษย์),,,0,80,319,80,95.7500,69.8750
มหาวิทยาลัยราชภัฏสวนสุนันทา,หลัก,21660103610508A,0,0,คณะวิทยาการจัดการ,บช.บ.บัญชี,,,0,140,621,141,99.6250,89.6250
มหาวิทยาลัยราชภัฏสวนสุนันทา,หลัก,21660103610607A,0,0,คณะวิทยาการจัดการ,บธ.บ.บริหารธุรกิจ(การตลาด),,,0,160,513,160,98.3750,80.7500
มหาวิทยาลัยราชภัฏสวนสุนันทา,หลัก,21660103610807A,0,0,คณะวิทยาการจัดการ,บธ.บ.บริหารธุรกิจ(ธุรกิจระหว่างประเทศ),,,0,100,456,100,97.8750,77.6250
มหาวิทยาลัยราชภัฏสวนสุนันทา,หลัก,21660103611118A,0,0,คณะวิทยาการจัดการ,ศ.บ.เศรษฐศาสตร์ธุรกิจ,,,0,40,188,40,98.0000,66.8750
มหาวิทยาลัยราชภัฏสวนสุนันทา,หลัก,21660104901803A,0,0,คณะมนุษยศาสตร์และสังคมศาสตร์,ศศ.บ.ภาษาจีน,,,0,40,308,41,99.3750,94.7500
มหาวิทยาลัยราชภัฏสวนสุนันทา,หลัก,21660104901903A,0,0,คณะมนุษยศาสตร์และสังคมศาสตร์,ศศ.บ.ภาษาญี่ปุ่น,,,0,50,225,51,98.8750,91.1250
มหาวิทยาลัยราชภัฏสวนสุนันทา,หลัก,21660104902003A,0,0,คณะมนุษยศาสตร์และสังคมศาสตร์,ศศ.บ.ภาษาไทย,,,0,50,344,50,97.0000,89.6250
มหาวิทยาลัยราชภัฏสวนสุนันทา,หลัก,21660104902503A,0,0,คณะมนุษยศาสตร์และสังคมศาสตร์,ศศ.บ.ภาษาอังกฤษ,,,0,30,387,30,99.5000,96.0000
มหาวิทยาลัยราชภัฏสวนสุนันทา,หลัก,21660104902504A,0,0,คณะมนุษยศาสตร์และสังคมศาสตร์,ศศ.บ.ภาษาอังกฤษธุรกิจ,,,0,80,522,80,99.5000,88.1250
มหาวิทยาลัยราชภัฏสวนสุนันทา,หลัก,21660104903002A,0,0,คณะมนุษยศาสตร์และสังคมศาสตร์,วท.บ.ภูมิศาสตร์และภูมิสารสนเทศ,,,0,40,105,40,96.5000,55.2500
มหาวิทยาลัยราชภัฏสวนสุนันทา,หลัก,21660104904203A,0,0,คณะมนุษยศาสตร์และสังคมศาสตร์,ศศ.บ.การจัดการพัฒนาสังคมและวัฒนธรรม,,,0,50,180,50,97.2500,71.2500
มหาวิทยาลัยราชภัฏสวนสุนันทา,หลัก,21660105112702A,0,0,คณะวิศวกรรมศาสตร์และเทคโนโลียอุตสาหกรรม,วท.บ.เทคโนโลยีความปลอดภัยและอาชีวอนามัย,,,0,90,365,92,98.5000,87.7500
มหาวิทยาลัยราชภัฏสวนสุนันทา,หลัก,21660105211502A,0,0,คณะวิศวกรรมศาสตร์และเทคโนโลียอุตสาหกรรม,วท.บ.เทคโนโลยีไฟฟ้า,,,0,40,240,40,98.7500,77.8750
มหาวิทยาลัยราชภัฏสวนสุนันทา,หลัก,21660105211602A,0,0,คณะวิศวกรรมศาสตร์และเทคโนโลียอุตสาหกรรม,อบ.บ.การออกแบบกราฟิกและมัลติมีเดีย,,,0,70,148,53,98.3750,52.5000
มหาวิทยาลัยราชภัฏสวนสุนันทา,หลัก,21660105212103A,0,0,คณะวิศวกรรมศาสตร์และเทคโนโลียอุตสาหกรรม,วท.บ.การจัดการอสังหาริมทรัพย์และทรัพยากรอาคาร,,,0,30,70,19,94.3750,51.1250
มหาวิทยาลัยราชภัฏสวนสุนันทา,หลัก,21660105300016A,0,0,คณะวิศวกรรมศาสตร์และเทคโนโลียอุตสาหกรรม,วศ.บ.การจัดการวิศวกรรม,,,0,30,177,30,94.2500,74.5000
มหาวิทยาลัยราชภัฏสวนสุนันทา,หลัก,21660105300516A,0,0,คณะวิศวกรรมศาสตร์และเทคโนโลียอุตสาหกรรม,วศ.บ.วิศวกรรมคอมพิวเตอร์,,,0,90,285,90,98.6250,76.2500
มหาวิทยาลัยราชภัฏสวนสุนันทา,หลัก,21660105302916A,0,0,คณะวิศวกรรมศาสตร์และเทคโนโลียอุตสาหกรรม,วศ.บ.วิศวกรรมหุ่นยนต์,,,0,30,64,24,99.1250,56.0000
มหาวิทยาลัยราชภัฏสวนสุนันทา,หลัก,21660105800121A,0,0,คณะวิศวกรรมศาสตร์และเทคโนโลียอุตสาหกรรม,อบ.บ.การออกแบบผลิตภัณฑ์บรรจุภัณฑ์และนวัตกรรม,,,0,30,43,8,89.0000,56.1250
มหาวิทยาลัยราชภัฏสวนสุนันทา,หลัก,21660105800122A,0,0,คณะวิศวกรรมศาสตร์และเทคโนโลียอุตสาหกรรม,อบ.บ.การออกแบบนิทรรศการและสื่อ สร้างสรรค์,,,0,30,53,9,91.5000,53.6250
มหาวิทยาลัยราชภัฏสวนสุนันทา,หลัก,21660106800106A,0,0,คณะศิลปกรรมศาสตร์,ศป.บ.การออกแบบนิเทศศิลป์,,,0,80,215,80,98.1250,70.5000
มหาวิทยาลัยราชภัฏสวนสุนันทา,หลัก,21660106800107A,0,0,คณะศิลปกรรมศาสตร์,ศป.บ.การออกแบบแฟชั่นและสไตล์ลิ่ง,,,0,50,161,50,98.8750,70.7500
มหาวิทยาลัยราชภัฏสวนสุนันทา,หลัก,21660106800109A,0,0,คณะศิลปกรรมศาสตร์,ศป.บ.การออกแบบและนวัตกรรมดิจิทัล,,,0,50,141,27,97.6250,56.1250
มหาวิทยาลัยราชภัฏสวนสุนันทา,หลัก,21660106800206A,0,0,คณะศิลปกรรมศาสตร์,ศป.บ.ดนตรี,,,0,50,110,50,96.8750,65.5000
มหาวิทยาลัยราชภัฏสวนสุนันทา,หลัก,21660106800306A,0,0,คณะศิลปกรรมศาสตร์,ศป.บ.จิตรกรรม,,,0,50,140,46,97.7500,58.3750
มหาวิทยาลัยราชภัฏสวนสุนันทา,หลัก,21660106800406A,0,0,คณะศิลปกรรมศาสตร์,ศป.บ.นาฏศิลป์ไทย,,,0,50,81,39,96.6250,50.8750
มหาวิทยาลัยราชภัฏสวนสุนันทา,หลัก,21660106800407A,0,0,คณะศิลปกรรมศาสตร์,ศป.บ.ศิลปะการแสดงและความเป็น ผู้ประกอบการสร้างสรรค์,,,0,20,197,20,96.8750,92.6250
มหาวิทยาลัยราชภัฏสวนสุนันทา,หลัก,21660109610209A,0,0,วิทยาลัยนวัตกรรมและการจัดการ,บธ.บ.การจัดการคุณภาพ,,,0,30,22,7,97.7500,56.5000
มหาวิทยาลัยราชภัฏสวนสุนันทา,หลัก,21660109610210A,0,0,วิทยาลัยนวัตกรรมและการจัดการ,บธ.บ.การจัดการอีสปอร์ตและธุรกิจเกม (ธุรกิจ และการจัดการแข่งขันอีสปอร์ต),,,0,60,114,44,93.8750,54.1250
มหาวิทยาลัยราชภัฏสวนสุนันทา,หลัก,21660109610211A,0,0,วิทยาลัยนวัตกรรมและการจัดการ,บธ.บ.การจัดการอีสปอร์ตและธุรกิจเกม (การ ออกแบบสื่อสร้างสรรค์และเกม),,,0,40,116,24,93.8750,64.2500
มหาวิทยาลัยราชภัฏสวนสุนันทา,หลัก,21660109610212C,0,0,วิทยาลัยนวัตกรรมและการจัดการ,บธ.บ.นวัตกรรมการจัดการ,,,0,50,10,1,58.1250,58.1250
มหาวิทยาลัยราชภัฏสวนสุนันทา,หลัก,21660109610607A,0,0,วิทยาลัยนวัตกรรมและการจัดการ,บธ.บ.การตลาดดิจิทัล,,,0,70,265,70,98.3750,54.1250
มหาวิทยาลัยราชภัฏสวนสุนันทา,หลัก,21660110400517A,0,0,วิทยาลัยสถาปัตยกรรมศาสตร์,สถ.บ.สถาปัตยกรรม,,,0,70,187,70,97.6250,71.2500
มหาวิทยาลัยราชภัฏสวนสุนันทา,หลัก,21660110400717A,0,0,วิทยาลัยสถาปัตยกรรมศาสตร์,สถ.บ.สถาปัตยกรรมภายใน,,,0,70,198,70,97.2500,56.3750
มหาวิทยาลัยราชภัฏสวนสุนันทา,หลัก,21660111610807C,0,0,วิทยาลัยการจัดการอุตสาหกรรมบริการ,บธ.บ.ธุรกิจระหว่างประเทศ,,,0,50,41,15,86.7500,46.8750
มหาวิทยาลัยราชภัฏสวนสุนันทา,หลัก,21660111620103A,0,0,วิทยาลัยการจัดการอุตสาหกรรมบริการ,ศศ.บ.การจัดการอุตสาหกรรมท่องเที่ยวและ บริการ,,,0,120,439,120,98.5000,73.2500
มหาวิทยาลัยราชภัฏสวนสุนันทา,หลัก,21660111620103C,0,0,วิทยาลัยการจัดการอุตสาหกรรมบริการ,บธ.บ.การจัดการการท่องเที่ยว โรงแรมและอี เวนต์,,,0,50,260,50,97.1250,72.6250
มหาวิทยาลัยราชภัฏสวนสุนันทา,หลัก,21660111620104A,0,0,วิทยาลัยการจัดการอุตสาหกรรมบริการ,ศศ.บ.การจัดการโรงแรมและธุรกิจที่พัก,,,0,120,258,93,97.8750,48.0000
มหาวิทยาลัยราชภัฏสวนสุนันทา,หลัก,21660111620203E,0,0,วิทยาลัยการจัดการอุตสาหกรรมบริการ,ศศ.บ.ธุรกิจการบิน,,,0,50,220,50,96.2500,73.6250
มหาวิทยาลัยราชภัฏสวนสุนันทา,หลัก,21660115903110A,0,0,วิทยาลัยการเมืองและการปกครอง,รป.บ.รัฐประศาสนศาสตร(์การปกครองท้องถิ่น),,,0,70,340,70,98.2500,75.0000
มหาวิทยาลัยราชภัฏสวนสุนันทา,หลัก,21660115903112A,0,0,วิทยาลัยการเมืองและการปกครอง,รป.บ.รัฐประศาสนศาสตร(์การบริหารภาครัฐ และเอกชน),,,0,70,365,70,99.5000,78.3750
มหาวิทยาลัยราชภัฏสวนสุนันทา,หลัก,21660115903113A,0,0,วิทยาลัยการเมืองและการปกครอง,รป.บ.การบริหารงานตำรวจ,,,0,40,383,40,98.6250,90.1250
มหาวิทยาลัยราชภัฏสวนสุนันทา,หลัก,21660115903215A,0,0,วิทยาลัยการเมืองและการปกครอง,ร.บ.รัฐศาสตร(์การเมืองการปกครอง),,,0,120,553,120,98.5000,79.2500
มหาวิทยาลัยราชภัฏสวนสุนันทา,หลัก,21660115903216A,0,0,วิทยาลัยการเมืองและการปกครอง,ร.บ.รัฐศาสตร(์ความสัมพันธ์ระหว่างประเทศ),,,0,70,217,70,95.8750,73.3750
มหาวิทยาลัยราชภัฏสวนสุนันทา,หลัก,21660116901011A,0,0,คณะนิติศาสตร์,น.บ.นิติศาสตร์,,,0,75,606,75,99.8750,91.1250
มหาวิทยาลัยราชภัฏสวนสุนันทา,ศูนย์การศึกษา จังหวัดระนอง,21661818611007A,0,0,ศูนย์การศึกษาจังหวัดระนอง,บธ.บ.การจัดการโลจิสติก์ส(ศูนย์การศึกษา จังหวัดระนอง),,,0,30,13,4,93.3750,79.7500
มหาวิทยาลัยราชภัฏสวนสุนันทา,ศูนย์การศึกษา จังหวัดระนอง,21661818901011A,0,0,ศูนย์การศึกษาจังหวัดระนอง,น.บ.นิติศาสต์ร(ศูนย์การศึกษาจังหวัดระนอง),,,0,30,4,3,91.8750,86.7500
มหาวิทยาลัยราชภัฏสวนสุนันทา,ศูนย์การศึกษา จังหวัดระนอง,21661818903215A,0,0,ศูนย์การศึกษาจังหวัดระนอง,ร.บ.รัฐศาสต์ร(ศูนย์การศึกษาจังหวัดระนอง),,,0,35,7,1,93.6250,93.6250
มหาวิทยาลัยราชภัฏสวนสุนันทา,ศูนย์การศึกษา จังหวัดรอุดรธานี,21662424610207A,0,0,ศูนย์การศึกษาจังหวัดรอุดรธานี,บธ.บ.การจัดการการค้า (ศูนย์การศึกษาจังหวัด อุดรธานี),,,0,30,2,2,88.8750,70.5000
มหาวิทยาลัยราชภัฏสวนสุนันทา,ศูนย์การศึกษา จังหวัดรอุดรธานี,21662424611007A,0,0,ศูนย์การศึกษาจังหวัดรอุดรธานี,บธ.บ.การจัดการโลจิสติกส์และโซ่อุปทาน (ศูนย์การศึกษาจังหวัดอุดรธาน)ี,,,0,30,28,5,86.5000,72.6250
มหาวิทยาลัยราชภัฏสวนสุนันทา,ศูนย์การศึกษา จังหวัดรอุดรธานี,21662424903215A,0,0,ศูนย์การศึกษาจังหวัดรอุดรธานี,ร.บ.รัฐศาสต์ร(ศูนย์การศึกษาจังหวัดอุดรธาน)ี,,,0,30,10,1,81.2500,81.2500
มหาวิทยาลัยราชภัฏสวนสุนันทา,วิทยาเขต นครปฐม จังหวัดนครปฐม,21662502112002A,0,0,คณะวิทยาศาสตร์และเทคโนโลยี,วท.บ.วิทยาศาสตร์การกีฬาและสุขภาพ (วิทยา เขตนครปฐม),,,0,90,380,90,95.8750,82.3750
มหาวิทยาลัยราชภัฏสวนสุนันทา,วิทยาเขต นครปฐม จังหวัดนครปฐม,21662508610209A,0,0,วิทยาลัยโลจิสติกส์และซัพพลายเชน,บธ.บ.การจัดการซัพพลายเชนธุรกิจ(การจัดการ การขนส่ง) (วิทยาเขตนครปฐม),,,0,50,246,50,96.7500,65.7500
มหาวิทยาลัยราชภัฏสวนสุนันทา,วิทยาเขต นครปฐม จังหวัดนครปฐม,21662508610210A,0,0,วิทยาลัยโลจิสติกส์และซัพพลายเชน,บธ.บ.การจัดการซัพพลายเชนธุรกิจ(การจัดการ ขนส่งสินค้าทางอากาศ) (วิทยาเขตนครปฐม),,,0,60,188,60,97.8750,64.6250
มหาวิทยาลัยราชภัฏสวนสุนันทา,วิทยาเขต นครปฐม จังหวัดนครปฐม,21662508610307A,0,0,วิทยาลัยโลจิสติกส์และซัพพลายเชน,บธ.บ.การจัดการซัพพลายเชนธุรกิจ(ธุรกิจ พาณิชยนาวี) (วิทยาเขตนครปฐม),,,0,200,679,200,99.1250,79.3750
มหาวิทยาลัยราชภัฏสวนสุนันทา,วิทยาเขต นครปฐม จังหวัดนครปฐม,21662508611007A,0,0,วิทยาลัยโลจิสติกส์และซัพพลายเชน,บธ.บ.การจัดการโลจิสติก์ส(วิทยาเขตนครปฐม),,,0,90,250,90,99.0000,54.7500
มหาวิทยาลัยราชภัฏสวนสุนันทา,วิทยาเขต นครปฐม จังหวัดนครปฐม,21662508611007E,0,0,วิทยาลัยโลจิสติกส์และซัพพลายเชน,บธ.บ.การจัดการโลจิสติก์ส(หลักสูตร นานาชาติ) (วิทยาเขตนครปฐม),,,0,20,12,6,96.3750,66.2500
มหาวิทยาลัยราชภัฏสวนสุนันทา,วิทยาเขต นครปฐม จังหวัดนครปฐม,21662508611009A,0,0,วิทยาลัยโลจิสติกส์และซัพพลายเชน,บธ.บ.การจัดการโลจิสติกส์สำหรับธุรกิจ ออนไลน์(วิทยาเขตนครปฐม),,,0,15,41,12,90.2500,45.5000
มหาวิทยาลัยราชภัฏสวนสุนันทา,วิทยาเขต นครปฐม จังหวัดนครปฐม,21662513900404A,0,0,วิทยาลัยนิเทศศาสตร์,นศ.บ.นิเทศศาสตร(์การประชาสัมพันธ์และการ สื่อสารองค์กรมุ่งดิจิทัล) (วิทยาเขตนครปฐม),,,0,50,29,5,86.2500,55.7500
มหาวิทยาลัยราชภัฏสวนสุนันทา,วิทยาเขต นครปฐม จังหวัดนครปฐม,21662513900604A,0,0,วิทยาลัยนิเทศศาสตร์,นศ.บ.นิเทศศาสตร(์การโฆษณาและการสื่อสาร การตลาด) (วิทยาเขตนครปฐม),,,0,50,122,36,94.8750,56.0000
มหาวิทยาลัยราชภัฏสวนสุนันทา,วิทยาเขต นครปฐม จังหวัดนครปฐม,21662513900804A,0,0,วิทยาลัยนิเทศศาสตร์,นศ.บ.นิเทศศาสตร์ดิจิทัล (วิทยาเขตนครปฐม),,,0,50,82,21,95.7500,58.0000
มหาวิทยาลัยราชภัฏสวนสุนันทา,วิทยาเขต นครปฐม จังหวัดนครปฐม,21662513901604A,0,0,วิทยาลัยนิเทศศาสตร์,นศ.บ.นิเทศศาสตร(์ภาพยนตร์และสื่อดิจิทัล) (วิทยาเขตนครปฐม),,,0,100,357,100,100.0000,80.5000
มหาวิทยาลัยราชภัฏสวนสุนันทา,วิทยาเขต นครปฐม จังหวัดนครปฐม,21662513903404A,0,0,วิทยาลัยนิเทศศาสตร์,นศ.บ.นิเทศศาสตร(์วิทยุกระจายเสียง วิทุยโทรทัศ์นและสื่อสตรีมมิ่ง) (วิทยาเขตนครปฐม),,,0,50,63,22,99.7500,55.1250
มหาวิทยาลัยราชภัฏสวนสุนันทา,วิทยาเขต นครปฐม จังหวัดนครปฐม,21662513903804A,0,0,วิทยาลัยนิเทศศาสตร์,นศ.บ.นิเทศศาสตร(์คอนเทนต์และงานข่าว ดิจิทัล) (วิทยาเขตนครปฐม),,,0,50,75,19,95.3750,46.2500
มหาวิทยาลัยราชภัฏสวนสุนันทา,วิทยาเขต นครปฐม จังหวัดนครปฐม,21662515903110A,0,0,วิทยาลัยการเมืองและการปกครอง,รป.บ.รัฐประศาสนศาสตร(์การปกครองท้องถิ่น) (วิทยาเขตนครปฐม),,,0,70,55,16,90.6250,55.5000
มหาวิทยาลัยราชภัฏสวนสุนันทา,วิทยาเขต นครปฐม จังหวัดนครปฐม,21662515903112A,0,0,วิทยาลัยการเมืองและการปกครอง,รป.บ.รัฐประศาสนศาสตร(์การบริหารภาครัฐ และเอกชน) (วิทยาเขตนครปฐม),,,0,70,90,25,93.8750,59.8750
มหาวิทยาลัยราชภัฏสวนสุนันทา,วิทยาเขต นครปฐม จังหวัดนครปฐม,21662515903113A,0,0,วิทยาลัยการเมืองและการปกครอง,รป.บ.การบริหารงานตำรวจ (วิทยาเขตนครปฐม),,,0,160,130,64,99.1250,54.6250
มหาวิทยาลัยราชภัฏสวนสุนันทา,วิทยาเขต นครปฐม จังหวัดนครปฐม,21662515903215A,0,0,วิทยาลัยการเมืองและการปกครอง,ร.บ.รัฐศาสตร(์การเมืองการปกครอง) (วิทยา เขตนครปฐม),,,0,120,122,43,98.1250,54.0000
มหาวิทยาลัยราชภัฏสวนสุนันทา,ศูนย์การศึกษา จังหวัด สมุทรสงคราม,21662612111712A,0,0,วิทยาลัยพยาบาลและสุขภาพ,พย.บ.พยาบาลศาสต์ร(ศูนย์การศึกษาจังหวัด สมุทรสงคราม),,,0,20,1218,20,42.7009,38.9933
มหาวิทยาลัยราชภัฏสวนสุนันทา,วิทยาเขต สมุทรสงคราม จังหวัด สมุทรสงคราม,21662614110303A,0,0,วิทยาลัยสหเวชศาสตร์,วท.บ.การบริการทางการแพทย์และสาธารณสุข (วิทยาเขตสมุทรสงคราม),,,0,20,81,20,97.0000,73.1250
มหาวิทยาลัยราชภัฏสวนสุนันทา,วิทยาเขต สมุทรสงคราม จังหวัด สมุทรสงคราม,21662614110805A,0,0,วิทยาลัยสหเวชศาสตร์,พทป.บ.การแพทย์แผนไทยประยุกต์(วิทยาเขต สมุทรสงคราม),,,0,30,141,30,97.8750,83.8750
มหาวิทยาลัยราชภัฏสวนสุนันทา,วิทยาเขต สมุทรสงคราม จังหวัด สมุทรสงคราม,21662614112102A,0,0,วิทยาลัยสหเวชศาสตร์,วท.บ.วิทยาศาสตร์การแพทย์และนวัตกรรม สมุนไพร(วิทยาเขตสมุทรสงคราม),,,0,30,43,24,94.8750,53.3750
มหาวิทยาลัยราชภัฏสวนสุนันทา,วิทยาเขต สมุทรสงคราม จังหวัด สมุทรสงคราม,21662614112514A,0,0,วิทยาลัยสหเวชศาสตร์,ส.บ.สาธารณสุขศาสตร์และการส่งเสริมสุขภาพ (วิทยาเขตสมุทรสงคราม),,,0,60,130,60,96.0000,63.6250
มหาวิทยาลัยราชภัฏสวนสุนันทา,วิทยาเขต สมุทรสงคราม จังหวัด สมุทรสงคราม,21662614112714A,0,0,วิทยาลัยสหเวชศาสตร์,ส.บ.สาธารณสุขชุมชน(วิทยาเขตสมุทรสงคราม),,,0,60,105,60,97.2500,62.8750
มหาวิทยาลัยราชภัฏอุบลราชธานี,วิทยาเขตหลัก,21710101112101A,0,0,คณะวิทยาศาสตร์,วท.บ.วิทยาศาสตร์การกีฬาและการออกกำลัง กาย,,วิทยาศาสต์รการกีฬา และการ ออกกำลังกาย,0,10,120,10,97.0000,87.5000
มหาวิทยาลัยราชภัฏอุบลราชธานี,วิทยาเขตหลัก,21710101210304A,0,0,คณะวิทยาศาสตร์,วท.บ.คณิตศาสตร์,,คณิตศาสตร์,0,10,41,10,99.5000,82.7500
มหาวิทยาลัยราชภัฏอุบลราชธานี,วิทยาเขตหลัก,21710101210408A,0,0,คณะวิทยาศาสตร์,วท.บ.เคมี,,เคมี,0,30,31,8,100.0000,0.0000
มหาวิทยาลัยราชภัฏอุบลราชธานี,วิทยาเขตหลัก,21710101210505A,0,0,คณะวิทยาศาสตร์,วท.บ.จุลชีววิทยา,,จุลชีววิทยา,0,10,36,3,84.7500,74.2500
มหาวิทยาลัยราชภัฏอุบลราชธานี,วิทยาเขตหลัก,21710101210706A,0,0,คณะวิทยาศาสตร์,วท.บ.ชีววิทยา,,ชีววิทยา,0,10,48,10,89.2500,67.7500
มหาวิทยาลัยราชภัฏอุบลราชธานี,วิทยาเขตหลัก,21710101213107A,0,0,คณะวิทยาศาสตร์,วท.บ.วิทยาศาสตร์สิ่งแวดล้อม,,วิทยาศาสต์รสิ่งแวดล้อม,0,12,20,4,90.2500,0.0000
มหาวิทยาลัยราชภัฏอุบลราชธานี,วิทยาเขตหลัก,21710101701072A,0,0,คณะวิทยาศาสตร์,ค.บ.เคมี,,เคมี,0,30,21,8,84.7625,64.3625
มหาวิทยาลัยราชภัฏอุบลราชธานี,วิทยาเขตหลัก,21710101701373A,0,0,คณะวิทยาศาสตร์,ค.บ.ชีววิทยา,,ชีววิทยา,0,5,36,5,82.7875,75.9375
มหาวิทยาลัยราชภัฏอุบลราชธานี,วิทยาเขตหลัก,21710101701879A,0,0,คณะวิทยาศาสตร์,ค.บ.ฟิสิกส์,,ฟิสิกส์,0,9,11,1,76.9875,76.9875
มหาวิทยาลัยราชภัฏอุบลราชธานี,วิทยาเขตหลัก,21710102700215A,0,0,คณะครุศาสตร์,ค.บ.การประถมศึกษา,,การ ประถมศึกษา,0,3,242,3,91.9625,89.9000
มหาวิทยาลัยราชภัฏอุบลราชธานี,วิทยาเขตหลัก,21710102700614A,0,0,คณะครุศาสตร์,ค.บ.การศึกษาปฐมวัย,,การศึกษา ปฐมวัย,0,3,153,3,89.3625,88.3375
มหาวิทยาลัยราชภัฏอุบลราชธานี,วิทยาเขตหลัก,21710102700716A,0,0,คณะครุศาสตร์,ค.บ.การศึกษาพิเศษ,,การศึกษา พิเศษ,0,1,28,1,89.3875,89.3875
มหาวิทยาลัยราชภัฏอุบลราชธานี,วิทยาเขตหลัก,21710102700813A,0,0,คณะครุศาสตร์,ค.บ.คณิตศาสตร์,,คณิตศาสตร์,0,2,196,2,79.4500,79.3727
มหาวิทยาลัยราชภัฏอุบลราชธานี,วิทยาเขตหลัก,21710102700917A,0,0,คณะครุศาสตร์,ค.บ.คอมพิวเตอร์ศึกษา,,คอมพิวเตอ์รศึกษา,0,31,63,25,80.5375,30.2375
มหาวิทยาลัยราชภัฏอุบลราชธานี,วิทยาเขตหลัก,21710102701518A,0,0,คณะครุศาสตร์,ค.บ.เทคโนโลยีดิจิทัลเพื่อการศึกษา,,เทคโนโลียดิจิทัลเพื่อ การศึกษา,0,5,40,5,83.3500,70.6500
มหาวิทยาลัยราชภัฏอุบลราชธานี,วิทยาเขตหลัก,21710102702009A,0,0,คณะครุศาสตร์,ค.บ.ภาษาอังกฤษ,,ภาษาอังกฤษ,0,11,122,11,80.1430,73.1000
มหาวิทยาลัยราชภัฏอุบลราชธานี,วิทยาเขตหลัก,21710102702412A,0,0,คณะครุศาสตร์,ค.บ.วิทยาศาสตร์ทั่วไป,,วิทยาศาสต์รทั่วไป,0,18,45,18,80.3666,61.2166
มหาวิทยาลัยราชภัฏอุบลราชธานี,วิทยาเขตหลัก,21710102702711A,0,0,คณะครุศาสตร์,ค.บ.สังคมศึกษา,,สังคมศึกษา,0,1,94,1,89.8375,89.8375
มหาวิทยาลัยราชภัฏอุบลราชธานี,วิทยาเขตหลัก,21710102702810A,0,0,คณะครุศาสตร์,ค.บ.พลศึกษา,,พลศึกษา,0,3,104,3,84.2125,82.6375
มหาวิทยาลัยราชภัฏอุบลราชธานี,วิทยาเขตหลัก,21710103620126A,0,0,คณะมนุษยศาสตร์และสังคมศาสตร์,ศศ.บ.การจัดการการท่องเที่ยวและการบริการ,,การจัดการ การ ท่องเที่ยว และการ บริการ,0,20,54,16,96.2500,0.0000
มหาวิทยาลัยราชภัฏอุบลราชธานี,วิทยาเขตหลัก,21710103620167A,0,0,คณะมนุษยศาสตร์และสังคมศาสตร์,ศศ.บ.ธุรกิจโรงแรมและที่พัก,,ธุรกิจ โรงแรมและ ที่พัก,0,20,41,8,93.2500,55.5000
มหาวิทยาลัยราชภัฏอุบลราชธานี,วิทยาเขตหลัก,21710103701787A,0,0,คณะมนุษยศาสตร์และสังคมศาสตร์,ค.บ.ภาษาอังกฤษและบรรณารักษ์ศึกษา,,ภาษาอังกฤษ และ บรรณารัก์ษศึกษา,0,6,18,6,83.0750,71.0750
มหาวิทยาลัยราชภัฏอุบลราชธานี,วิทยาเขตหลัก,21710103702574A,0,0,คณะมนุษยศาสตร์และสังคมศาสตร์,ค.บ.ดนตรีศึกษา,,ดนตรีศึกษา,0,4,6,1,78.4000,78.4000
มหาวิทยาลัยราชภัฏอุบลราชธานี,วิทยาเขตหลัก,21710103800230A,0,0,คณะมนุษยศาสตร์และสังคมศาสตร์,ศป.บ.ดนตรี,,ดนตรี,0,10,17,5,82.5000,50.5000
มหาวิทยาลัยราชภัฏอุบลราชธานี,วิทยาเขตหลัก,21710103800328A,0,0,คณะมนุษยศาสตร์และสังคมศาสตร์,ศป.บ.ทัศนศิลป์,,ทัศนศิลป์,0,10,15,2,87.5000,85.5000
มหาวิทยาลัยราชภัฏอุบลราชธานี,วิทยาเขตหลัก,21710103800429A,0,0,คณะมนุษยศาสตร์และสังคมศาสตร์,ศป.บ.นาฏศิลป์และการละคร,,นาฏศิล์ปและการละคร,0,10,27,5,86.2500,0.0000
มหาวิทยาลัยราชภัฏอุบลราชธานี,วิทยาเขตหลัก,21710103900227A,0,0,คณะมนุษยศาสตร์และสังคมศาสตร์,รป.บ.การปกครองท้องถิ่น,,การ ปกครอง ท้องถิ่น,0,30,50,10,93.2500,0.0000
มหาวิทยาลัยราชภัฏอุบลราชธานี,วิทยาเขตหลัก,21710103900281A,0,0,คณะมนุษยศาสตร์และสังคมศาสตร์,ร.บ.การเมืองการปกครอง,,การเมือง การปกครอง,0,30,70,20,95.7500,50.2500
มหาวิทยาลัยราชภัฏอุบลราชธานี,วิทยาเขตหลัก,21710103901824A,0,0,คณะมนุษยศาสตร์และสังคมศาสตร์,ศศ.บ.ภาษาจีน,,ภาษาจีน,0,15,23,8,91.7500,55.0000
มหาวิทยาลัยราชภัฏอุบลราชธานี,วิทยาเขตหลัก,21710103902019A,0,0,คณะมนุษยศาสตร์และสังคมศาสตร์,ศศ.บ.ภาษาไทย,,ภาษาไทย,0,30,139,31,99.0000,87.5000
มหาวิทยาลัยราชภัฏอุบลราชธานี,วิทยาเขตหลัก,21710103902520A,0,0,คณะมนุษยศาสตร์และสังคมศาสตร์,ศศ.บ.ภาษาอังกฤษ,,ภาษาอังกฤษ,0,40,86,30,97.7500,51.7500
มหาวิทยาลัยราชภัฏอุบลราชธานี,วิทยาเขตหลัก,21710103902522A,0,0,คณะมนุษยศาสตร์และสังคมศาสตร์,ศศ.บ.ภาษาอังกฤษธุรกิจ,,ภาษาอังกฤษ ธุรกิจ,0,20,45,14,98.0000,53.0000
มหาวิทยาลัยราชภัฏอุบลราชธานี,วิทยาเขตหลัก,21710103903164A,0,0,คณะมนุษยศาสตร์และสังคมศาสตร์,รป.บ.รัฐประศาสนศาสตร์,,รัฐ ประศาสน ศาสตร์,0,30,85,23,92.2500,34.2500
มหาวิทยาลัยราชภัฏอุบลราชธานี,วิทยาเขตหลัก,21710103903525A,0,0,คณะมนุษยศาสตร์และสังคมศาสตร์,ศศ.บ.การพัฒนาชุมชน,,การพัฒนา ชุมชน,0,10,28,10,85.0000,0.0000
มหาวิทยาลัยราชภัฏอุบลราชธานี,วิทยาเขตหลัก,21710104610235A,0,0,คณะบริหารธุรกิจและการจัดการ,บธ.บ.การจัดการธุรกิจดิจิทัล,,การจัดการ ธุรกิจดิจิทัล,0,15,33,6,97.0000,58.7500
มหาวิทยาลัยราชภัฏอุบลราชธานี,วิทยาเขตหลัก,21710104610236A,0,0,คณะบริหารธุรกิจและการจัดการ,บธ.บ.การจัดการทั่วไป,,การจัดการ ทั่วไป,0,15,73,15,92.0000,65.7500
มหาวิทยาลัยราชภัฏอุบลราชธานี,วิทยาเขตหลัก,21710104610237A,0,0,คณะบริหารธุรกิจและการจัดการ,บธ.บ.การจัดการธุรกิจระหว่างประเทศ,,การจัดการ ธุรกิจ ระหว่าง ประเทศ,0,20,28,5,74.7500,0.0000
มหาวิทยาลัยราชภัฏอุบลราชธานี,วิทยาเขตหลัก,21710104610271A,0,0,คณะบริหารธุรกิจและการจัดการ,บธ.บ.การจัดการการค้าและการเป็น ผู้ประกอบการ,,การจัดการ การค้าและ การเป็น ผู้ประกอบกา ร,0,15,18,4,83.2500,0.0000
มหาวิทยาลัยราชภัฏอุบลราชธานี,วิทยาเขตหลัก,21710104610395A,0,0,คณะบริหารธุรกิจและการจัดการ,บธ.บ.การจัดการกีฬาและเอ็นเตอร์เทนเมนต์,,การจัดการ กีฬาและเอ็น เตอร์เทน เมนต์,0,20,8,1,35.2500,35.2500
มหาวิทยาลัยราชภัฏอุบลราชธานี,วิทยาเขตหลัก,21710104610532A,0,0,คณะบริหารธุรกิจและการจัดการ,บธ.บ.การบัญชี,,การบัญชี,0,20,85,20,98.7500,72.5000
มหาวิทยาลัยราชภัฏอุบลราชธานี,วิทยาเขตหลัก,21710104610538A,0,0,คณะบริหารธุรกิจและการจัดการ,บช.บ.หลักสูตรบัญชีบัณฑิต,,หลักสูตร บัญชีบัณฑิต,0,10,60,10,86.5000,74.5000
มหาวิทยาลัยราชภัฏอุบลราชธานี,วิทยาเขตหลัก,21710104610586A,0,0,คณะบริหารธุรกิจและการจัดการ,บธ.บ.การบัญีช(ต่อเนื่อง),,การบัญีช(ต่อเนื่อง),0,40,1,1,89.0000,89.0000
มหาวิทยาลัยราชภัฏอุบลราชธานี,วิทยาเขตหลัก,21710104610633A,0,0,คณะบริหารธุรกิจและการจัดการ,บธ.บ.การตลาด,,การตลาด,0,15,58,15,94.7500,45.2500
มหาวิทยาลัยราชภัฏอุบลราชธานี,วิทยาเขตหลัก,21710104901131A,0,0,คณะบริหารธุรกิจและการจัดการ,ศศ.บ.นิเทศศาสตร์,,นิเทศศาสตร์,0,20,30,12,93.5000,52.2500
มหาวิทยาลัยราชภัฏอุบลราชธานี,วิทยาเขตหลัก,21710105110489A,0,0,คณะเทคโนโลยีอุตสาหกรรม,วท.บ.การจัดการโลจิสติกส์และซัพพลายเซน,,การ จัดการโลิจสติก์สและซัพ พลายเซน,0,10,68,11,86.5000,69.7500
มหาวิทยาลัยราชภัฏอุบลราชธานี,วิทยาเขตหลัก,21710105211498A,0,0,คณะเทคโนโลยีอุตสาหกรรม,วท.บ.เทคโนโลยีการจัดการพลังงานใหม่,,เทคโนโลียการจัด การพลังงาน ใหม่,0,5,3,0,0.0000,0.0000
มหาวิทยาลัยราชภัฏอุบลราชธานี,วิทยาเขตหลัก,21710105211584A,0,0,คณะเทคโนโลยีอุตสาหกรรม,วท.บ.เทคโนโลยีไฟฟ้า,,เทคโนโลียไฟฟ้า,0,20,23,12,93.7500,0.0000
มหาวิทยาลัยราชภัฏอุบลราชธานี,วิทยาเขตหลัก,21710105211657A,0,0,คณะเทคโนโลยีอุตสาหกรรม,วท.บ.เทคโนโลยีมัลติมีเดียและแอนิเมชัน,,เทคโนโลียมัลติมีเดีย และ แอนิเมชัน,0,10,17,3,81.0000,69.5000
มหาวิทยาลัยราชภัฏอุบลราชธานี,วิทยาเขตหลัก,21710105211783A,0,0,คณะเทคโนโลยีอุตสาหกรรม,วท.บ.เทคโนโลยีโยธาและสถาปัตยกรรม,,เทคโนโลียโยธาและ สถาปัตยกรร ม,0,5,24,5,95.0000,72.5000
มหาวิทยาลัยราชภัฏอุบลราชธานี,วิทยาเขตหลัก,21710105212085A,0,0,คณะเทคโนโลยีอุตสาหกรรม,วท.บ. เทคโนโลยีอิเล็กทรอนิกส์และออโตเมชัน,,เทคโนโลียอิเล็กทรอนิก ส์และออโต เมชัน,0,5,1,1,0.0000,0.0000
มหาวิทยาลัยราชภัฏอุบลราชธานี,วิทยาเขตหลัก,21710105212141A,0,0,คณะเทคโนโลยีอุตสาหกรรม,วท.บ.เทคโนโลยีคอมพิวเตอร์,,เทคโนโลียคอมพิวเตอร์,0,5,11,4,81.5000,59.2500
มหาวิทยาลัยราชภัฏอุบลราชธานี,วิทยาเขตหลัก,21710105212169A,0,0,คณะเทคโนโลยีอุตสาหกรรม,วท.บ.การจัดการอุตสาหกรรมและนวัตกรรม CWIE,,การจัดการ อุตสาหกรรม และนวัตกรรม CWIE,0,5,4,1,82.5000,82.5000
มหาวิทยาลัยราชภัฏอุบลราชธานี,วิทยาเขตหลัก,21710105212196A,0,0,คณะเทคโนโลยีอุตสาหกรรม,วท.บ.เทคโนโลยีคอมพิวเตอ์ร(ต่อเนื่อง),,เทคโนโลียคอมพิวเตอ์ร(ต่อเนื่อง),0,10,0,0,0.0000,0.0000
มหาวิทยาลัยราชภัฏอุบลราชธานี,วิทยาเขตหลัก,21710105220140A,0,0,คณะเทคโนโลยีอุตสาหกรรม,วท.บ.เทคโนโลยีสารสนเทศ,,เทคโนโลียสารสนเทศ,0,5,8,5,92.2500,69.5000
มหาวิทยาลัยราชภัฏอุบลราชธานี,วิทยาเขตหลัก,21710105220256A,0,0,คณะเทคโนโลยีอุตสาหกรรม,วท.บ.วิทยาการคอมพิวเตอร์,,วิทยาการ คอมพิวเตอร์,0,10,14,6,73.5000,51.0000
มหาวิทยาลัยราชภัฏอุบลราชธานี,วิทยาเขตหลัก,21710105220397A,0,0,คณะเทคโนโลยีอุตสาหกรรม,วท.บ.ปัญญาประดิษฐ์ประยุกต์,,ปัญญาประดิ ษฐ์ประยุกต์,0,10,4,0,0.0000,0.0000
มหาวิทยาลัยราชภัฏอุบลราชธานี,วิทยาเขตหลัก,21710105220458A,0,0,คณะเทคโนโลยีอุตสาหกรรม,วท.บ.วิศวกรรมซอฟต์แวร์,,วิศวกรรม ซอฟต์แวร์,0,10,9,2,71.5000,64.2500
มหาวิทยาลัยราชภัฏอุบลราชธานี,วิทยาเขตหลัก,21710105220592A,0,0,คณะเทคโนโลยีอุตสาหกรรม,วท.บ.เทคโนโลยีเกม,,เทคโนโลียเกม,0,5,19,3,86.2500,0.0000
มหาวิทยาลัยราชภัฏอุบลราชธานี,วิทยาเขตหลัก,21710105300590A,0,0,คณะเทคโนโลยีอุตสาหกรรม,วศ.บ.วิศวกรรมคอมพิวเตอร์และเครือข่าย,,วิศวกรรม คอมพิวเตอ์รและเครือข่าย,0,5,24,5,97.5000,63.7500
มหาวิทยาลัยราชภัฏอุบลราชธานี,วิทยาเขตหลัก,21710105400293A,0,0,คณะเทคโนโลยีอุตสาหกรรม,วท.บ.การออกแบบและกราฟิก,,การ ออกแบบ และกราฟิก,0,5,8,1,92.7500,92.7500
มหาวิทยาลัยราชภัฏอุบลราชธานี,วิทยาเขตหลัก,21710106111846A,0,0,คณะเกษตรศาสตร์,วท.บ.เทคโนโลยีอาหาร,,เทคโนโลียอาหาร,0,10,9,3,85.7500,66.5000
มหาวิทยาลัยราชภัฏอุบลราชธานี,วิทยาเขตหลัก,21710106111849A,0,0,คณะเกษตรศาสตร์,วท.บ.ธุรกิจอาหารและโภชนาการ,,ธุรกิจอาหาร และ โภชนาการ,0,10,13,3,69.7500,42.5000
มหาวิทยาลัยราชภัฏอุบลราชธานี,วิทยาเขตหลัก,21710106213248A,0,0,คณะเกษตรศาสตร์,วท.บ.สัตวศาสตร์,,สัตวศาสตร์,0,10,46,10,95.5000,77.7500
มหาวิทยาลัยราชภัฏอุบลราชธานี,วิทยาเขตหลัก,21710106500147A,0,0,คณะเกษตรศาสตร์,วท.บ.เกษตรศาสตร์,,เกษตรศาสตร์,0,10,4,2,77.0000,53.2500
มหาวิทยาลัยราชภัฏอุบลราชธานี,วิทยาเขตหลัก,21710106501194A,0,0,คณะเกษตรศาสตร์,วท.บ.เทคโนโลยีการผลิตและการจัดการสินค้า เกษตร,,เทคโนโลียการผลิต และการ จัดการสินค้า เกษตร,0,10,8,1,68.5000,68.5000
มหาวิทยาลัยราชภัฏอุบลราชธานี,วิทยาเขตหลัก,21710107901050A,0,0,คณะนิติศาสตร์,น.บ.หลักสูตรนิติศาสตรบัณฑิต,,หลักสูตรนิติ ศาสตร บัณฑิต,0,40,105,41,97.0000,0.0000
มหาวิทยาลัยราชภัฏอุบลราชธานี,วิทยาเขตหลัก,21710108110399A,0,0,คณะแพทย์แผนไทยและแพท์ยทางเลือก,วท.บ.การจัดการธุรกิจสุขภาพเพื่อการท่องเที่ยว,,การจัดการ ธุรกิจสุขภาพ เพื่อการ ท่องเที่ยว,0,40,17,4,95.5000,61.0000
มหาวิทยาลัยราชภัฏอุบลราชธานี,วิทยาเขตหลัก,21710108110752A,0,0,คณะแพทย์แผนไทยและแพท์ยทางเลือก,พท.บ.การแพทย์แผนไทย,,การแพท์ยแผนไทย,0,10,161,11,99.7500,93.5000
มหาวิทยาลัยราชภัฏอุบลราชธานี,วิทยาเขตหลัก,21710108111188A,0,0,คณะแพทย์แผนไทยและแพท์ยทางเลือก,วท.บ.วิทยาศาสตร์เครื่องสำอางและสปา,,วิทยาศาสต์รเครื่องสำอาง และสปา,0,10,83,10,97.7500,87.2500
มหาวิทยาลัยราชภัฏอุบลราชธานี,วิทยาเขตหลัก,21710109112753A,0,0,คณะสาธารณสุขศาสตร์,ส.บ.สาธารณสุขชุมชน,,สาธารณสุข ชุมชน,0,17,220,17,99.7500,93.7500
มหาวิทยาลัยราชภัฏอุบลราชธานี,วิทยาเขตหลัก,21710109112754A,0,0,คณะสาธารณสุขศาสตร์,วท.บ.อาชีวอนามัยและความปลอดภัย,,อาชีวอนา มัยและ ความ ปลอดภัย,0,6,163,8,97.7500,96.5000
มหาวิทยาลัยราชภัฏอุบลราชธานี,วิทยาเขตหลัก,21710110111755A,0,0,คณะพยาบาลศาสตร์,พย.บ.พยาบาลศาสตร์,,พยาบาล ศาสตร์,0,20,715,20,58.3450,53.8669
มหาวิทยาลัยราชภัฏอุบลราชธานี,วิทยาเขตหลัก,21710111211657A,0,0,คณะวิทยาการคอมพิวเตอร์,วท.บ.เทคโนโลยีมัลติมีเดียและแอนิเมชัน,,เทคโนโลียมัลติมีเดีย และ แอนิเมชัน,0,10,21,4,69.2500,0.0000
มหาวิทยาลัยราชภัฏอุบลราชธานี,วิทยาเขตหลัก,21710111220256A,0,0,คณะวิทยาการคอมพิวเตอร์,วท.บ.วิทยาการคอมพิวเตอร์,,วิทยาการ คอมพิวเตอร์,0,10,23,6,91.5000,0.0000
มหาวิทยาลัยราชภัฏอุบลราชธานี,วิทยาเขตหลัก,21710111220458A,0,0,คณะวิทยาการคอมพิวเตอร์,วท.บ.วิศวกรรมซอฟต์แวร์,,วิศวกรรม ซอฟต์แวร์,0,5,11,3,95.7500,85.7500
มหาวิทยาลัยราชภัฏบ้านสมเด็จเจ้าพระยา,วิทยาเขตหลัก,21740101700201A,0,0,คณะครุศาสตร์,หลักสูตรครุศาสตรบัณฑิตสาขาวิชาการ ประถมศึกษา,,,0,5,456,5,79.8996,78.4878
มหาวิทยาลัยราชภัฏบ้านสมเด็จเจ้าพระยา,วิทยาเขตหลัก,21740101700401A,0,0,คณะครุศาสตร์,หลักสูตรครุศาสตรบัณฑิตสาขาวิชาวัดผล การศึกษาและการสอนคณิตศาสตร์,,,0,26,105,26,98.0000,89.0000
มหาวิทยาลัยราชภัฏบ้านสมเด็จเจ้าพระยา,วิทยาเขตหลัก,21740101700601A,0,0,คณะครุศาสตร์,หลักสูตรครุศาสตรบัณฑิตสาขาวิชาการศึกษา ปฐมวัย,,,0,43,362,43,80.1309,74.0067
มหาวิทยาลัยราชภัฏบ้านสมเด็จเจ้าพระยา,วิทยาเขตหลัก,21740101700801A,0,0,คณะครุศาสตร์,หลักสูตรครุศาสตรบัณฑิตสาขาวิชาคณิตศาสตร์,,,0,18,207,18,77.0580,73.4228
มหาวิทยาลัยราชภัฏบ้านสมเด็จเจ้าพระยา,วิทยาเขตหลัก,21740101700901A,0,0,คณะครุศาสตร์,หลักสูตรครุศาสตรบัณฑิตสาขาวิชา คอมพิวเตอร์ศึกษา,,,0,15,68,15,85.0975,40.1393
มหาวิทยาลัยราชภัฏบ้านสมเด็จเจ้าพระยา,วิทยาเขตหลัก,21740101701301A,0,0,คณะครุศาสตร์,หลักสูตรครุศาสตรบัณฑิตสาขาวิชาชีววิทยา,,,0,33,35,10,84.3474,51.3500
มหาวิทยาลัยราชภัฏบ้านสมเด็จเจ้าพระยา,วิทยาเขตหลัก,21740101701501A,0,0,คณะครุศาสตร์,หลักสูตรครุศาสตรบัณฑิตสาขาวิชาเทคโนโลียดิจิทัลเพื่อการศึกษา,,,0,26,118,26,74.0374,46.8000
มหาวิทยาลัยราชภัฏบ้านสมเด็จเจ้าพระยา,วิทยาเขตหลัก,21740101702001A,0,0,คณะครุศาสตร์,หลักสูตรครุศาสตรบัณฑิตสาขาวิชาภาษาไทย,,,0,20,193,20,83.2064,77.6944
มหาวิทยาลัยราชภัฏบ้านสมเด็จเจ้าพระยา,วิทยาเขตหลัก,21740101702002A,0,0,คณะครุศาสตร์,หลักสูตรครุศาสตรบัณฑิตสาขาวิชา ภาษาอังกฤษ,,,0,70,294,70,86.1862,74.8437
มหาวิทยาลัยราชภัฏบ้านสมเด็จเจ้าพระยา,วิทยาเขตหลัก,21740101702401A,0,0,คณะครุศาสตร์,หลักสูตรครุศาสตรบัณฑิตสาขาวิชา วิทยาศาสตร์ทั่วไป,,,0,42,166,42,73.7953,58.3291
มหาวิทยาลัยราชภัฏบ้านสมเด็จเจ้าพระยา,วิทยาเขตหลัก,21740101702501A,0,0,คณะครุศาสตร์,หลักสูตรครุศาสตรบัณฑิตสาขาวิชาศิลปศึกษา,,,0,5,33,5,73.8541,68.7186
มหาวิทยาลัยราชภัฏบ้านสมเด็จเจ้าพระยา,วิทยาเขตหลัก,21740101702502A,0,0,คณะครุศาสตร์,หลักสูตรครุศาสตรบัณฑิตสาขาวิชานาฏยศิล์ปศึกษา,,,0,19,60,17,84.8869,58.6000
มหาวิทยาลัยราชภัฏบ้านสมเด็จเจ้าพระยา,วิทยาเขตหลัก,21740101702701A,0,0,คณะครุศาสตร์,หลักสูตรครุศาสตรบัณฑิตสาขาวิชาสังคมศึกษา,,,0,20,230,20,73.6920,68.5696
มหาวิทยาลัยราชภัฏบ้านสมเด็จเจ้าพระยา,วิทยาเขตหลัก,21740102800101A,0,0,คณะมนุษยศาสตร์และสังคมศาสตร์,หลักสูตรศิลปกรรมศาสตรบัณฑิตสาขาวิชาคีรเอทีฟกราฟิก,,,0,60,102,18,91.0000,0.0000
มหาวิทยาลัยราชภัฏบ้านสมเด็จเจ้าพระยา,วิทยาเขตหลัก,21740102800401A,0,0,คณะมนุษยศาสตร์และสังคมศาสตร์,หลักสูตรศิลปกรรมศาสตรบัณฑิตสาขาวิชา นาฏยศาสตร์และการแสดง,,,0,20,42,3,96.0000,68.7500
มหาวิทยาลัยราชภัฏบ้านสมเด็จเจ้าพระยา,วิทยาเขตหลัก,21740102901001A,0,0,คณะมนุษยศาสตร์และสังคมศาสตร์,หลักสูตรนิติศาสตรบัณฑิตสาขาวิชานิติศาสตร์,,,0,50,262,51,97.5000,77.0000
มหาวิทยาลัยราชภัฏบ้านสมเด็จเจ้าพระยา,วิทยาเขตหลัก,21740102901801A,0,0,คณะมนุษยศาสตร์และสังคมศาสตร์,หลักสูตรศิลปศาสตรบัณฑิตสาขาวิชาภาษาจีน,,,0,60,148,51,99.0000,52.0000
มหาวิทยาลัยราชภัฏบ้านสมเด็จเจ้าพระยา,วิทยาเขตหลัก,21740102902001A,0,0,คณะมนุษยศาสตร์และสังคมศาสตร์,หลักสูตรศิลปศาสตรบัณฑิตสาขาวิชาภาษาไทย,,,0,80,237,80,98.0000,62.7500
มหาวิทยาลัยราชภัฏบ้านสมเด็จเจ้าพระยา,วิทยาเขตหลัก,21740102902501A,0,0,คณะมนุษยศาสตร์และสังคมศาสตร์,หลักสูตรศิลปศาสตรบัณฑิตสาขาวิชา ภาษาอังกฤษ,,,0,80,217,50,96.2500,70.0000
มหาวิทยาลัยราชภัฏบ้านสมเด็จเจ้าพระยา,วิทยาเขตหลัก,21740102902801A,0,0,คณะมนุษยศาสตร์และสังคมศาสตร์,หลักสูตรศิลปศาสตรบัณฑิตสาขาวิชาภาษา และวัฒนธรรมเอเชียตะวันออก (ภาษาและ วัฒนธรรมเกาหลี),,,0,30,54,25,99.2500,0.0000
มหาวิทยาลัยราชภัฏบ้านสมเด็จเจ้าพระยา,วิทยาเขตหลัก,21740102902802A,0,0,คณะมนุษยศาสตร์และสังคมศาสตร์,หลักสูตรศิลปศาสตรบัณฑิตสาขาวิชาภาษา และวัฒนธรรมเอเชียตะวันออก (ภาษาและ วัฒนธรรมญี่ปุ่น),,,0,30,57,11,98.2500,0.0000
มหาวิทยาลัยราชภัฏบ้านสมเด็จเจ้าพระยา,วิทยาเขตหลัก,21740102903101A,0,0,คณะมนุษยศาสตร์และสังคมศาสตร์,หลักสูตรรัฐประศาสนศาสตรบัณฑิตสาขาวิชา รัฐประศาสนศาสตร์,,,0,100,183,44,97.5000,51.0000
มหาวิทยาลัยราชภัฏบ้านสมเด็จเจ้าพระยา,วิทยาเขตหลัก,21740102903501A,0,0,คณะมนุษยศาสตร์และสังคมศาสตร์,หลักสูตรศิลปศาสตรบัณฑิตสาขาวิชา สังคมศาสตร์เพื่อการพัฒนา,,,0,50,80,17,98.2500,67.7500
มหาวิทยาลัยราชภัฏบ้านสมเด็จเจ้าพระยา,วิทยาเขตหลัก,21740103610301E,0,0,คณะวิทยาการจัดการ,หลักสูตรบริหารธุรกิจบัณฑิตสาขาวิชาการ จัดการธุรกิจระหว่างประเทศ (หลักสูตร นานาชาติ),,,0,40,21,4,89.2500,67.0000
มหาวิทยาลัยราชภัฏบ้านสมเด็จเจ้าพระยา,วิทยาเขตหลัก,21740103610401A,0,0,คณะวิทยาการจัดการ,หลักสูตรบริหารธุรกิจบัณฑิตสาขาวิชาการ จัดการธุรกิจและทรัพยากรมนุษย์,,,0,80,104,17,97.5000,0.0000
มหาวิทยาลัยราชภัฏบ้านสมเด็จเจ้าพระยา,วิทยาเขตหลัก,21740103610501A,0,0,คณะวิทยาการจัดการ,หลักสูตรบัญชีบัณฑิตสาขาวิชาการบัญชี,,,0,100,345,92,93.2500,50.0000
มหาวิทยาลัยราชภัฏบ้านสมเด็จเจ้าพระยา,วิทยาเขตหลัก,21740103610601A,0,0,คณะวิทยาการจัดการ,หลักสูตรบริหารธุรกิจบัณฑิตสาขาวิชา การตลาดดิจิทัลเชิงสร้างสรรค์,,,0,80,161,23,92.2500,53.2500
มหาวิทยาลัยราชภัฏบ้านสมเด็จเจ้าพระยา,วิทยาเขตหลัก,21740103610701A,0,0,คณะวิทยาการจัดการ,หลักสูตรบริหารธุรกิจบัณฑิตสาขาวิชาธุรกิจ ดิจิทัล,,,0,60,60,5,96.5000,45.5000
มหาวิทยาลัยราชภัฏบ้านสมเด็จเจ้าพระยา,วิทยาเขตหลัก,21740103610801A,0,0,คณะวิทยาการจัดการ,หลักสูตรบริหารธุรกิจบัณฑิตสาขาวิชาการเป็น ผู้ประกอบการ,,,0,60,100,14,90.2500,0.0000
มหาวิทยาลัยราชภัฏบ้านสมเด็จเจ้าพระยา,วิทยาเขตหลัก,21740103611001A,0,0,คณะวิทยาการจัดการ,หลักสูตรบริหารธุรกิจบัณฑิตสาขาวิชาการ จัดการโลจิสติกส์และโซ่อุปทาน,,,0,40,246,40,98.7500,71.2500
มหาวิทยาลัยราชภัฏบ้านสมเด็จเจ้าพระยา,วิทยาเขตหลัก,21740103611101A,0,0,คณะวิทยาการจัดการ,หลักสูตรเศรษฐศาสตรบัณฑิตสาขาวิชา นวัตกรรมทางเศรษฐกิจ การเงินและการลงทุน,,,0,50,41,6,84.7500,65.0000
มหาวิทยาลัยราชภัฏบ้านสมเด็จเจ้าพระยา,วิทยาเขตหลัก,21740103620101A,0,0,คณะวิทยาการจัดการ,หลักสูตรศิลปศาสตรบัณฑิตสาขาวิชา นวัตกรรมการท่องเที่ยว,,,0,60,147,20,96.0000,56.7500
มหาวิทยาลัยราชภัฏบ้านสมเด็จเจ้าพระยา,วิทยาเขตหลัก,21740103900401A,0,0,คณะวิทยาการจัดการ,หลักสูตรนิเทศศาสตรบัณฑิตสาขาวิชาการ สื่อสารดิจิทัลคอนเทนต์,,,0,80,112,28,97.2500,0.0000
มหาวิทยาลัยราชภัฏบ้านสมเด็จเจ้าพระยา,วิทยาเขตหลัก,21740103901101A,0,0,คณะวิทยาการจัดการ,หลักสูตรนิเทศศาสตรบัณฑิตสาขาวิชาการ สื่อสารการตลาดและธุรกิจบันเทิง,,,0,60,202,41,97.7500,59.0000
มหาวิทยาลัยราชภัฏบ้านสมเด็จเจ้าพระยา,วิทยาเขตหลัก,21740103901601A,0,0,คณะวิทยาการจัดการ,หลักสูตรนิเทศศาสตรบัณฑิตสาขาวิชา ภาพยนตร์,,,0,60,271,61,93.5000,59.2500
มหาวิทยาลัยราชภัฏบ้านสมเด็จเจ้าพระยา,วิทยาเขตหลัก,21740103903801A,0,0,คณะวิทยาการจัดการ,หลักสูตรนิเทศศาสตรบัณฑิตสาขาวิชาบรอด คาสติงและสื่อสตรีมมิง,,,0,80,90,15,95.5000,56.5000
มหาวิทยาลัยราชภัฏบ้านสมเด็จเจ้าพระยา,วิทยาเขตหลัก,21740104110701A,0,0,คณะวิทยาศาสตร์และเทคโนโลยี,หลักสูตรการแพทย์แผนไทยบัณฑิตสาขาวิชา การแพทย์แผนไทย,,,1107,20,87,4,99.5000,94.0000
มหาวิทยาลัยราชภัฏบ้านสมเด็จเจ้าพระยา,วิทยาเขตหลัก,21740104111101A,0,0,คณะวิทยาศาสตร์และเทคโนโลยี,หลักสูตรวิทยาศาสตรบัณฑิตสาขาวิชา วิทยาการธุรกิจสุขภาพและความงาม,,,0,40,100,27,77.4411,46.6848
มหาวิทยาลัยราชภัฏบ้านสมเด็จเจ้าพระยา,วิทยาเขตหลัก,21740104111102A,0,0,คณะวิทยาศาสตร์และเทคโนโลยี,หลักสูตรวิทยาศาสตรบัณฑิตสาขาวิชา วิทยาศาสตร์เครื่องสำอาง,,,0,40,101,30,93.2500,59.0000
มหาวิทยาลัยราชภัฏบ้านสมเด็จเจ้าพระยา,วิทยาเขตหลัก,21740104111201A,0,0,คณะวิทยาศาสตร์และเทคโนโลยี,หลักสูตรวิทยาศาสตรบัณฑิตสาขาวิชา เทคโนโลยีสุขภาพ,,,0,40,30,5,91.2500,68.0000
มหาวิทยาลัยราชภัฏบ้านสมเด็จเจ้าพระยา,วิทยาเขตหลัก,21740104111301A,0,0,คณะวิทยาศาสตร์และเทคโนโลยี,หลักสูตรวิทยาศาสตรบัณฑิตสาขาวิชาเทคนิค การแพทย์,,,1113,25,182,8,44.2679,40.7000
มหาวิทยาลัยราชภัฏบ้านสมเด็จเจ้าพระยา,วิทยาเขตหลัก,21740104111801A,0,0,คณะวิทยาศาสตร์และเทคโนโลยี,หลักสูตรวิทยาศาสตรบัณฑิตสาขาวิชาการ ประกอบและบริการอาหาร,,,0,50,37,4,87.5000,0.0000
มหาวิทยาลัยราชภัฏบ้านสมเด็จเจ้าพระยา,วิทยาเขตหลัก,21740104112101A,0,0,คณะวิทยาศาสตร์และเทคโนโลยี,หลักสูตรวิทยาศาสตรบัณฑิตสาขาวิชา วิทยาศาสตร์การแพทย์,,,1121,50,281,47,83.4053,74.9359
มหาวิทยาลัยราชภัฏบ้านสมเด็จเจ้าพระยา,วิทยาเขตหลัก,21740104112201A,0,0,คณะวิทยาศาสตร์และเทคโนโลยี,หลักสูตรวิทยาศาสตรบัณฑิตสาขาวิชา ชีววิทยาการแพทย์,,,1122,60,129,18,98.0000,88.0000
มหาวิทยาลัยราชภัฏบ้านสมเด็จเจ้าพระยา,วิทยาเขตหลัก,21740104112701A,0,0,คณะวิทยาศาสตร์และเทคโนโลยี,หลักสูตรวิทยาศาสตรบัณฑิตสาขาวิชาอาชีวอ นามัยและความปลอดภัย,,,0,65,95,48,75.6205,38.1250
มหาวิทยาลัยราชภัฏบ้านสมเด็จเจ้าพระยา,วิทยาเขตหลัก,21740104112702A,0,0,คณะวิทยาศาสตร์และเทคโนโลยี,หลักสูตรสาธารณสุขศาสตรบัณฑิตสาขาวิชา สาธารณสุขศาสตร์,,,1127,30,190,8,89.0352,83.6524
มหาวิทยาลัยราชภัฏบ้านสมเด็จเจ้าพระยา,วิทยาเขตหลัก,21740104211001A,0,0,คณะวิทยาศาสตร์และเทคโนโลยี,หลักสูตรวิทยาศาสตรบัณฑิตสาขาวิชา เทคโนโลยีการอาหาร,,,2110,50,33,5,90.2500,64.5000
มหาวิทยาลัยราชภัฏบ้านสมเด็จเจ้าพระยา,วิทยาเขตหลัก,21740104211601A,0,0,คณะวิทยาศาสตร์และเทคโนโลยี,หลักสูตรวิทยาศาสตรบัณฑิตสาขาวิชา แอนิเมชัน เกม และดิจิทัลมีเดีย,,,0,30,122,28,96.5000,63.5000
มหาวิทยาลัยราชภัฏบ้านสมเด็จเจ้าพระยา,วิทยาเขตหลัก,21740104211901A,0,0,คณะวิทยาศาสตร์และเทคโนโลยี,หลักสูตรวิทยาศาสตรบัณฑิตสาขาวิชาการ จัดการทรัพยากรธรรมชาติและสิ่งแวดล้อม,,,0,40,27,5,88.5000,69.7500
มหาวิทยาลัยราชภัฏบ้านสมเด็จเจ้าพระยา,วิทยาเขตหลัก,21740104212003A,0,0,คณะวิทยาศาสตร์และเทคโนโลยี,หลักสูตรวิทยาศาสตรบัณฑิตสาขาวิชา คอมพิวเตอร์อิเล็กทรอนิกส์,,,0,30,9,3,36.4290,0.0000
มหาวิทยาลัยราชภัฏบ้านสมเด็จเจ้าพระยา,วิทยาเขตหลัก,21740104220101A,0,0,คณะวิทยาศาสตร์และเทคโนโลยี,หลักสูตรวิทยาศาสตรบัณฑิตสาขาวิชา เทคโนโลยีสารสนเทศและวิทยาการข้อมูล,,,0,60,38,4,88.5000,68.5000
มหาวิทยาลัยราชภัฏบ้านสมเด็จเจ้าพระยา,วิทยาเขตหลัก,21740104220201A,0,0,คณะวิทยาศาสตร์และเทคโนโลยี,หลักสูตรวิทยาศาสตรบัณฑิตสาขาวิชา วิทยาการคอมพิวเตอร์,,,0,60,90,17,97.0000,50.7500
มหาวิทยาลัยราชภัฏบ้านสมเด็จเจ้าพระยา,วิทยาเขตหลัก,21740104500201A,0,0,คณะวิทยาศาสตร์และเทคโนโลยี,หลักสูตรวิทยาศาสตรบัณฑิตสาขาวิชา เทคโนโลยีการเกษตร,,,0,40,16,3,87.5000,70.0000
มหาวิทยาลัยราชภัฏบ้านสมเด็จเจ้าพระยา,วิทยาเขตหลัก,21740105210201A,0,0,คณะวิศวกรรมศาสตร์และเทคโนโลียอุตสาหกรรม,หลักสูตรวิทยาศาสตรบัณฑิตสาขาวิชา เทคโนโลยีโลจิสติกส์,,,0,30,119,24,93.2500,51.2500
มหาวิทยาลัยราชภัฏบ้านสมเด็จเจ้าพระยา,วิทยาเขตหลัก,21740105212101A,0,0,คณะวิศวกรรมศาสตร์และเทคโนโลียอุตสาหกรรม,หลักสูตรเทคโนโลยีบัณฑิตสาขาวิชาเทคโนโลียอุตสาหกรรม (การจัดการอุตสาหกรรม),,,0,30,9,0,0.0000,0.0000
มหาวิทยาลัยราชภัฏบ้านสมเด็จเจ้าพระยา,วิทยาเขตหลัก,21740105212102A,0,0,คณะวิศวกรรมศาสตร์และเทคโนโลียอุตสาหกรรม,หลักสูตรเทคโนโลยีบัณฑิตสาขาวิชาเทคโนโลียอุตสาหกรรม (อุตสาหกรรมออกแบบตกแต่ง ภายใน),,,0,30,6,0,0.0000,0.0000
มหาวิทยาลัยราชภัฏบ้านสมเด็จเจ้าพระยา,วิทยาเขตหลัก,21740105212103A,0,0,คณะวิศวกรรมศาสตร์และเทคโนโลียอุตสาหกรรม,หลักสูตรเทคโนโลยีบัณฑิตสาขาวิชาการ จัดการอุตสาหกรรม (ต่อเนื่อง),,,0,30,0,0,0.0000,0.0000
มหาวิทยาลัยราชภัฏบ้านสมเด็จเจ้าพระยา,วิทยาเขตหลัก,21740105212201A,0,0,คณะวิศวกรรมศาสตร์และเทคโนโลียอุตสาหกรรม,หลักสูตรอุตสาหกรรมศาสตรบัณฑิตสาขาวิชา การจัดการวิศวกรรมการผลิตและคลังสินค้า (การจัดการผลิตและคุณภาพ),,,0,40,13,5,87.5000,37.0000
มหาวิทยาลัยราชภัฏบ้านสมเด็จเจ้าพระยา,วิทยาเขตหลัก,21740105212202A,0,0,คณะวิศวกรรมศาสตร์และเทคโนโลียอุตสาหกรรม,หลักสูตรอุตสาหกรรมศาสตรบัณฑิตสาขาวิชา การจัดการวิศวกรรมการผลิตและคลังสินค้า (การจัดการคลังสินค้าและระบบดิจิทัล),,,0,40,7,2,89.2500,81.2500
มหาวิทยาลัยราชภัฏบ้านสมเด็จเจ้าพระยา,วิทยาเขตหลัก,21740105301501A,0,0,คณะวิศวกรรมศาสตร์และเทคโนโลียอุตสาหกรรม,หลักสูตรวิศวกรรมศาสตรบัณฑิตสาขาวิชา วิศวกรรมพลังงาน,,,0,25,26,4,92.5000,53.2500
มหาวิทยาลัยราชภัฏบ้านสมเด็จเจ้าพระยา,วิทยาเขตหลัก,21740105301601A,0,0,คณะวิศวกรรมศาสตร์และเทคโนโลียอุตสาหกรรม,หลักสูตรวิศวกรรมศาสตรบัณฑิตสาขาวิชา วิศวกรรมไฟฟ้า,,,0,30,70,16,92.7500,0.0000
มหาวิทยาลัยราชภัฏบ้านสมเด็จเจ้าพระยา,วิทยาเขตหลัก,21740105302001A,0,0,คณะวิศวกรรมศาสตร์และเทคโนโลียอุตสาหกรรม,หลักสูตรวิศวกรรมศาสตรบัณฑิตสาขาวิชา วิศวกรรมยานยนต์,,,0,30,46,6,78.7500,54.2500
มหาวิทยาลัยราชภัฏบ้านสมเด็จเจ้าพระยา,วิทยาเขตหลัก,21740105303501A,0,0,คณะวิศวกรรมศาสตร์และเทคโนโลียอุตสาหกรรม,หลักสูตรวิศวกรรมศาสตรบัณฑิตสาขาวิชา วิศวกรรมอุตสาหการและการจัดการโซ่อุปทาน,,,0,25,16,3,84.5000,67.2500
มหาวิทยาลัยราชภัฏบ้านสมเด็จเจ้าพระยา,วิทยาเขตหลัก,21740105800101A,0,0,คณะวิศวกรรมศาสตร์และเทคโนโลียอุตสาหกรรม,หลักสูตรวิทยาศาสตรบัณฑิตสาขาวิชา ออกแบบผลิตภัณฑ์และนวัตกรรม,,,0,30,16,0,0.0000,0.0000
มหาวิทยาลัยราชภัฏบ้านสมเด็จเจ้าพระยา,วิทยาเขตหลัก,21740107110701A,0,0,คณะสหเวชศาสตร์,หลักสูตรการแพทย์แผนไทยบัณฑิตสาขาวิชา การแพทย์แผนไทย,,,1107,20,201,17,99.0000,93.7500
มหาวิทยาลัยราชภัฏบ้านสมเด็จเจ้าพระยา,วิทยาเขตหลัก,21740107111301A,0,0,คณะสหเวชศาสตร์,หลักสูตรวิทยาศาสตรบัณฑิตสาขาวิชาเทคนิค การแพทย์,,,1113,25,454,17,43.9540,40.5115
มหาวิทยาลัยราชภัฏบ้านสมเด็จเจ้าพระยา,วิทยาเขตหลัก,21740107112101A,0,0,คณะสหเวชศาสตร์,หลักสูตรวิทยาศาสตรบัณฑิตสาขาวิชา วิทยาศาสตร์การแพทย์,,,1121,50,261,3,77.2852,75.7532
มหาวิทยาลัยราชภัฏบ้านสมเด็จเจ้าพระยา,วิทยาเขตหลัก,21740107112201A,0,0,คณะสหเวชศาสตร์,หลักสูตรวิทยาศาสตรบัณฑิตสาขาวิชา ชีววิทยาการแพทย์,,,1122,60,231,45,99.5000,88.0000
มหาวิทยาลัยราชภัฏบ้านสมเด็จเจ้าพระยา,วิทยาเขตหลัก,21740107112702A,0,0,คณะสหเวชศาสตร์,หลักสูตรสาธารณสุขศาสตรบัณฑิตสาขาวิชา สาธารณสุขศาสตร์,,,1127,30,390,22,88.4098,82.9594
มหาวิทยาลัยราชภัฏบ้านสมเด็จเจ้าพระยา,วิทยาเขตหลัก,21740107211001A,0,0,คณะสหเวชศาสตร์,หลักสูตรวิทยาศาสตรบัณฑิตสาขาวิชา เทคโนโลยีการอาหาร,,,2110,50,39,10,87.0000,67.2500
มหาวิทยาลัยราชภัฏจันทรเกษม,วิทยาเขตหลัก,21770101211001A,0,0,เกษตรและชีวภาพ,วิทยาศาสตร์และเทคโนโลยีการอาหาร (วท.บ),,,0,10,53,10,48.1060,32.8880
มหาวิทยาลัยราชภัฏจันทรเกษม,วิทยาเขตหลัก,21770101500202A,0,0,เกษตรและชีวภาพ,วิทยาศาสตร์เกษตรเพื่อสุขภาวะ (วท.บ),,,0,5,12,2,34.1800,26.7290
มหาวิทยาลัยราชภัฏจันทรเกษม,วิทยาเขตหลัก,21770102700601A,0,0,ศึกษาศาสตร์,การศึกษาปฐมวัย (ค.บ. 4 ปี),,,0,15,216,11,91.0000,87.0000
มหาวิทยาลัยราชภัฏจันทรเกษม,วิทยาเขตหลัก,21770102701501A,0,0,ศึกษาศาสตร์,เทคโนโลยีดิจิทัลเพื่อการศึกษา (ค.บ. 4 ปี),,,0,10,36,10,87.0000,74.0000
มหาวิทยาลัยราชภัฏจันทรเกษม,วิทยาเขตหลัก,21770102702801A,0,0,ศึกษาศาสตร์,พลศึกษา (ค.บ. 4 ปี),,,0,1,72,1,92.0000,92.0000
มหาวิทยาลัยราชภัฏจันทรเกษม,วิทยาเขตหลัก,21770102900701A,0,0,ศึกษาศาสตร์,จิตวิทยา (ศศ.บ.),,,0,5,119,5,62.9160,57.5000
มหาวิทยาลัยราชภัฏจันทรเกษม,วิทยาเขตหลัก,21770103620201A,0,0,มนุษยศาสตร์และสังคมศาสตร์,การบริการการบิน (ศศ.บ),,,0,10,54,10,57.8810,44.1750
มหาวิทยาลัยราชภัฏจันทรเกษม,วิทยาเขตหลัก,21770103702001A,0,0,มนุษยศาสตร์และสังคมศาสตร์,ภาษาจีน (ค.บ. 4 ปี),,,0,20,65,20,88.0000,69.0000
มหาวิทยาลัยราชภัฏจันทรเกษม,วิทยาเขตหลัก,21770103702002A,0,0,มนุษยศาสตร์และสังคมศาสตร์,ภาษาอังกฤษ (ค.บ. 4 ปี),,,0,10,84,10,93.0000,83.0000
มหาวิทยาลัยราชภัฏจันทรเกษม,วิทยาเขตหลัก,21770103702003A,0,0,มนุษยศาสตร์และสังคมศาสตร์,ภาษาไทย (ค.บ. 4 ปี),,,0,10,88,8,93.0000,86.0000
มหาวิทยาลัยราชภัฏจันทรเกษม,วิทยาเขตหลัก,21770103702701A,0,0,มนุษยศาสตร์และสังคมศาสตร์,สังคมศึกษา (ค.บ. 4 ปี),,,0,10,88,10,91.0000,85.0000
มหาวิทยาลัยราชภัฏจันทรเกษม,วิทยาเขตหลัก,21770103800401A,0,0,มนุษยศาสตร์และสังคมศาสตร์,นาฏศิลป์และการออกแบบการแสดง (ศป.บ),,,0,5,21,5,44.6070,31.9440
มหาวิทยาลัยราชภัฏจันทรเกษม,วิทยาเขตหลัก,21770103901001A,0,0,มนุษยศาสตร์และสังคมศาสตร์,นิติศาสต์ร(น.บ.),,,0,10,58,10,59.9590,44.9540
มหาวิทยาลัยราชภัฏจันทรเกษม,วิทยาเขตหลัก,21770103901801A,0,0,มนุษยศาสตร์และสังคมศาสตร์,ภาษาจีนธุรกิจ (ศศ.บ),,,0,10,46,10,50.9810,42.9250
มหาวิทยาลัยราชภัฏจันทรเกษม,วิทยาเขตหลัก,21770103901901A,0,0,มนุษยศาสตร์และสังคมศาสตร์,ภาษาญี่ปุ่นธุรกิจ (ศศ.บ),,,0,10,42,10,56.0700,47.8440
มหาวิทยาลัยราชภัฏจันทรเกษม,วิทยาเขตหลัก,21770103902501A,0,0,มนุษยศาสตร์และสังคมศาสตร์,ภาษาอังกฤษ (ศศ.บ.),,,0,10,82,10,68.7040,48.6300
มหาวิทยาลัยราชภัฏจันทรเกษม,วิทยาเขตหลัก,21770103903001A,0,0,มนุษยศาสตร์และสังคมศาสตร์,ประวัติศาสตร์กับการจัดการวัฒนธรรมและ การท่องเที่ยว (ศศ.บ),,,0,10,33,10,50.8420,34.2510
มหาวิทยาลัยราชภัฏจันทรเกษม,วิทยาเขตหลัก,21770103903101A,0,0,มนุษยศาสตร์และสังคมศาสตร์,รัฐประศาสนศาสต์ร(รป.บ),,,0,20,108,20,54.2220,38.6250
มหาวิทยาลัยราชภัฏจันทรเกษม,วิทยาเขตหลัก,21770104610201A,0,0,วิทยาการจัดการ,การจัดการธุรกิจดิจิทัล (บธ.บ),,,0,20,80,20,50.2210,35.6550
มหาวิทยาลัยราชภัฏจันทรเกษม,วิทยาเขตหลัก,21770104610401A,0,0,วิทยาการจัดการ,การจัดการทรัพยากรมนุษย์และองค์การดิจิทัล (บธ.บ),,,0,10,48,9,47.1990,27.5000
มหาวิทยาลัยราชภัฏจันทรเกษม,วิทยาเขตหลัก,21770104610501A,0,0,วิทยาการจัดการ,บัญชีบัณฑิต(บช.บ),,,0,20,180,20,61.6360,45.5900
มหาวิทยาลัยราชภัฏจันทรเกษม,วิทยาเขตหลัก,21770104610601A,0,0,วิทยาการจัดการ,การตลาดดิจิทัล (บธ.บ),,,0,10,118,10,66.2410,44.8640
มหาวิทยาลัยราชภัฏจันทรเกษม,วิทยาเขตหลัก,21770104610901A,0,0,วิทยาการจัดการ,คอมพิวเตอร์และเทคโนโลยีธุรกิจดิจิทัล (บธ.บ),,,0,10,36,7,53.2400,35.8520
มหาวิทยาลัยราชภัฏจันทรเกษม,วิทยาเขตหลัก,21770104620101A,0,0,วิทยาการจัดการ,การจัดการท่องเที่ยว การบริการและอีเว้น์ท(ศศ.บ),,,0,10,116,10,61.7750,44.9540
มหาวิทยาลัยราชภัฏจันทรเกษม,วิทยาเขตหลัก,21770104901101A,0,0,วิทยาการจัดการ,นิเทศศาสตรบัณฑิต(นศ.บ),,,0,20,186,20,60.3490,48.4720
มหาวิทยาลัยราชภัฏจันทรเกษม,วิทยาเขตหลัก,21770105110501A,0,0,วิทยาศาสตร์,การแพทย์แผนจีน (พจ.บ.6 ปี),,,0,5,24,5,43.6076,41.2684
มหาวิทยาลัยราชภัฏจันทรเกษม,วิทยาเขตหลัก,21770105111801A,0,0,วิทยาศาสตร์,การประกอบอาหารและการจัดการงานครัว (ศศ.บ),,,0,20,58,17,50.2770,28.3360
มหาวิทยาลัยราชภัฏจันทรเกษม,วิทยาเขตหลัก,21770105112001A,0,0,วิทยาศาสตร์,วิทยาศาสตร์การกีฬาและการออกกำลังกาย (วท.บ),,,0,10,162,10,57.2730,48.6350
มหาวิทยาลัยราชภัฏจันทรเกษม,วิทยาเขตหลัก,21770105211601A,0,0,วิทยาศาสตร์,มัลติมีเดียและอีสปอร์ต (วท.บ),,,0,10,47,10,64.0940,41.6800
มหาวิทยาลัยราชภัฏจันทรเกษม,วิทยาเขตหลัก,21770105211701A,0,0,วิทยาศาสตร์,วิศวกรรมโยธาและบริหารงานก่อสร้าง (วท.บ),,,0,10,39,10,52.1810,32.0490
มหาวิทยาลัยราชภัฏจันทรเกษม,วิทยาเขตหลัก,21770105212001A,0,0,วิทยาศาสตร์,วิศวกรรมอิเล็กทรอนิกส์อัจฉริยะและหุ่นยน์ต(วท.บ),,,0,5,13,3,41.3880,31.4940
มหาวิทยาลัยราชภัฏจันทรเกษม,วิทยาเขตหลัก,21770105212201A,0,0,วิทยาศาสตร์,การจัดการกรีนโลจิสติก์ส(วท.บ),,,0,5,36,5,48.6620,37.6370
มหาวิทยาลัยราชภัฏจันทรเกษม,วิทยาเขตหลัก,21770105220101A,0,0,วิทยาศาสตร์,เทคโนโลยีสารสนเทศและนวัตกรรมดิจิทัล (วท.บ),,,0,10,62,10,47.4820,39.1490
มหาวิทยาลัยราชภัฏจันทรเกษม,วิทยาเขตหลัก,21770105220201A,0,0,วิทยาศาสตร์,วิทยาการคอมพิวเตอร์และปัญญาประดิษ์ฐ(วท.บ),,,0,15,76,13,54.0080,32.0340
มหาวิทยาลัยราชภัฏจันทรเกษม,วิทยาเขตหลัก,21770105610301A,0,0,วิทยาศาสตร์,การจัดการประกันภัย (วท.บ),,,0,5,15,2,30.0520,26.9160
มหาวิทยาลัยราชภัฏจันทรเกษม,วิทยาเขตหลัก,21770105700801A,0,0,วิทยาศาสตร์,คณิตศาสต์ร(ค.บ. 4 ปี),,,0,5,0,0,0.0000,0.0000
มหาวิทยาลัยราชภัฏจันทรเกษม,วิทยาเขตหลัก,21770105700901A,0,0,วิทยาศาสตร์,คอมพิวเตอ์ร(ค.บ. 4 ปี),,,0,15,5,1,41.0170,41.0170
มหาวิทยาลัยราชภัฏจันทรเกษม,วิทยาเขตหลัก,21770105702401A,0,0,วิทยาศาสตร์,วิทยาศาสตร์ทั่วไป (ค.บ. 4 ปี),,,0,10,6,2,42.0370,31.0510
มหาวิทยาลัยราชภัฏเพชรบุรี,วิทยาเขตหลัก,21790101701504A,0,0,คณะครุศาสตร์,หลักสูตรครุศาสตรบัณฑิตสาขาวิชาเทคโนโลียและนวัตกรรม,,,0,10,6,1,70.0000,70.0000
มหาวิทยาลัยราชภัฏเพชรบุรี,วิทยาเขตหลัก,21790102620118A,0,0,คณะมนุษยศาสตร์และสังคมศาสตร์,หลักสูตรศิลปศาสตรบัณฑิตสาขาวิชา นวัตกรรมการท่องเที่ยวและการโรงแรม,,,0,20,11,2,73.7500,71.7500
มหาวิทยาลัยราชภัฏเพชรบุรี,วิทยาเขตหลัก,21790102902519A,0,0,คณะมนุษยศาสตร์และสังคมศาสตร์,หลักสูตรศิลปศาสตรบัณฑิตสาขาวิชา ภาษาอังกฤษธุรกิจ,,,0,20,19,4,86.7500,60.5000
มหาวิทยาลัยราชภัฏเพชรบุรี,วิทยาเขตหลัก,21790103610222A,0,0,คณะวิทยาการจัดการ,หลักสูตรบริหารธุรกิจบัณฑิตสาขาวิชาการ บริหารธุรกิจ แขนงวิชาการจัดการและทรัพยากรมนุษย์,,,0,10,6,1,97.7500,97.7500
มหาวิทยาลัยราชภัฏเพชรบุรี,วิทยาเขตหลัก,21790103610520A,0,0,คณะวิทยาการจัดการ,หลักสูตรบัญชีบัณฑิต,,,0,10,23,4,86.2500,73.0000
มหาวิทยาลัยราชภัฏเพชรบุรี,วิทยาเขตหลัก,21790103610624A,0,0,คณะวิทยาการจัดการ,หลักสูตรบริหารธุรกิจบัณฑิตสาขาวิชาการ บริหารธุรกิจ แขนงวิชาการตลาดดิจิทัล,,,0,10,7,3,86.7500,0.0000
มหาวิทยาลัยราชภัฏเพชรบุรี,วิทยาเขตหลัก,21790103610725A,0,0,คณะวิทยาการจัดการ,หลักสูตรบริหารธุรกิจบัณฑิตสาขาวิชาการ บริหารธุรกิจ แขนงวิชาคอมพิวเตอร์ธุรกิจดิจิทัล,,,0,10,5,0,0.0000,0.0000
มหาวิทยาลัยราชภัฏเพชรบุรี,วิทยาเขตหลัก,21790103611023A,0,0,คณะวิทยาการจัดการ,หลักสูตรบริหารธุรกิจบัณฑิตสาขาวิชาการ บริหารธุรกิจ แขนงวิชาโลจิสติกส์และซัพพลาย เชน,,,0,10,16,0,0.0000,0.0000
มหาวิทยาลัยราชภัฏเพชรบุรี,วิทยาเขตหลัก,21790103901121A,0,0,คณะวิทยาการจัดการ,หลักสูตรนิเทศศาสตรบัณฑิตสาขาวิชานิเทศ ศาสตร์ดิจิทัล,,,0,10,9,0,0.0000,0.0000
มหาวิทยาลัยราชภัฏเพชรบุรี,วิทยาเขตหลัก,21790104111130A,0,0,คณะวิทยาศาสตร์และเทคโนโลยี,หลักสูตรวิทยาศาสตรบัณฑิตสาขาวิชา วิทยาศาสตร์เครื่องสำอางและนวัตกรรม ผลิตภัณฑ์ธรรมชาติ,,,0,20,4,1,78.0000,78.0000
มหาวิทยาลัยราชภัฏเพชรบุรี,วิทยาเขตหลัก,21790104111831A,0,0,คณะวิทยาศาสตร์และเทคโนโลยี,หลักสูตรวิทยาศาสตรบัณฑิตสาขาวิชา เทคโนโลยีศิลปะการประกอบอาหารและ โภชนาการ,,,0,20,2,1,64.0000,64.0000
มหาวิทยาลัยราชภัฏเพชรบุรี,วิทยาเขตหลัก,21790104701329A,0,0,คณะวิทยาศาสตร์และเทคโนโลยี,หลักสูตรครุศาสตรบัณฑิตสาขาวิชาชีววิทยา,,,0,10,11,5,85.0000,64.7500
มหาวิทยาลัยราชภัฏเพชรบุรี,วิทยาเขตหลัก,21790104702428A,0,0,คณะวิทยาศาสตร์และเทคโนโลยี,หลักสูตรครุศาสตรบัณฑิตสาขาวิชา วิทยาศาสตร์และเทคโนโลยี,,,0,5,8,3,79.0000,67.5000
มหาวิทยาลัยราชภัฏเพชรบุรี,วิทยาเขตหลัก,21790105211034A,0,0,คณะเทคโนโลยีการเกษตร,หลักสูตรวิทยาศาสตรบัณฑิตสาขาวิชา วิทยาศาสตร์และเทคโนโลยีการอาหาร,,,0,15,2,0,0.0000,0.0000
มหาวิทยาลัยราชภัฏเพชรบุรี,วิทยาเขตหลัก,21790105500632A,0,0,คณะเทคโนโลยีการเกษตร,หลักสูตรวิทยาศาสตรบัณฑิตสาขาวิชาการ เพาะเลี้ยงสัตว์น้ำ,,,0,15,8,0,0.0000,0.0000
มหาวิทยาลัยราชภัฏเพชรบุรี,วิทยาเขตหลัก,21790105501233A,0,0,คณะเทคโนโลยีการเกษตร,หลักสูตรวิทยาศาสตรบัณฑิตสาขาวิชาสัตว ศาสตร์,,,0,5,12,3,86.0000,83.5000
มหาวิทยาลัยราชภัฏเพชรบุรี,วิทยาเขตหลัก,21790105501335A,0,0,คณะเทคโนโลยีการเกษตร,หลักสูตรวิทยาศาสตรบัณฑิตสาขาวิชา เทคโนโลยีการผลิตพืชสมัยใหม่,,,0,10,3,1,84.0000,84.0000
มหาวิทยาลัยราชภัฏเพชรบุรี,วิทยาเขตหลัก,21790107220144A,0,0,คณะเทคโนโลยีสารสนเทศ,หลักสูตรวิทยาศาสตรบัณฑิตสาขาวิชา เทคโนโลยีสารสนเทศ (แขนงเทคโนโลียสำนักงานดิจิทัล),,,0,30,0,0,0.0000,0.0000
มหาวิทยาลัยราชภัฏเพชรบุรี,วิทยาเขตหลัก,21790107220145A,0,0,คณะเทคโนโลยีสารสนเทศ,หลักสูตรวิทยาศาสตรบัณฑิตสาขาวิชา เทคโนโลยีสารสนเทศ (แขนงดิจิทัลคอนเทน์ตและเกม),,,0,30,5,1,53.0000,53.0000
มหาวิทยาลัยราชภัฏเพชรบุรี,วิทยาเขตหลัก,21790107220243A,0,0,คณะเทคโนโลยีสารสนเทศ,หลักสูตรวิทยาศาสตรบัณฑิตสาขาวิชา วิทยาการคอมพิวเตอ์ร(แขนงวิทยาการข้อมูล และสารสนเทศ),,,0,30,13,0,0.0000,0.0000
มหาวิทยาลัยราชภัฏเพชรบุรี,วิทยาเขตหลัก,21790108110747A,0,0,คณะพยาบาลศาสตร์และวิทยาการ สุขภาพ,หลักสูตรการแพทย์แผนไทยบัณฑิตสาขาวิชา การแพทย์แผนไทยและการแพทย์ทางเลือก,,,0,30,245,30,99.2500,89.5000
มหาวิทยาลัยราชภัฏเพชรบุรี,วิทยาเขตหลัก,21790109500249A,0,0,วิทยาลัยนวัตกรรมอาหารและอุตสาหกรรมบริการ,หลักสูตรวิทยาศาสตรบัณฑิตสาขาวิชาเกษตร อินทรีย์และการจัดการฟาร์มอัจฉริยะ,,,0,45,2,0,0.0000,0.0000
มหาวิทยาลัยราชภัฏเพชรบุรี,วิทยาเขตหลัก,21790109500350A,0,0,วิทยาลัยนวัตกรรมอาหารและอุตสาหกรรมบริการ,หลักสูตรศิลปศาสตรบัณฑิตสาขาวิชาอาหาร สร้างสรรค์และการจัดการบริการอาหาร,,,0,45,5,1,81.5000,81.5000
มหาวิทยาลัยราชภัฏเพชรบุรี,วิทยาเขตหลัก,21790109620152A,0,0,วิทยาลัยนวัตกรรมอาหารและอุตสาหกรรมบริการ,หลักสูตรศิลปศาสตรบัณฑิตสาขาวิชาการ ท่องเที่ยว การบริการ อีเวน์ทและการจัดการ ภัตตาคาร นานาชาติ,,,0,45,2,0,0.0000,0.0000
มหาวิทยาลัยราชภัฏเพชรบุรี,วิทยาเขตหลัก,21790109901851A,0,0,วิทยาลัยนวัตกรรมอาหารและอุตสาหกรรมบริการ,หลักสูตรศิลปศาสตรบัณฑิตสาขาวิชาภาษาจีน เพื่อธุรกิจและบริการ,,,0,45,5,1,74.2500,74.2500
มหาวิทยาลัยเกษมบัณฑิต,วิทยาเขต พัฒนาการ,41800104301601A,0,0,คณะวิศวกรรมศาสตร์,วศ.บ.(วิศวกรรมไฟฟ้า),,,0,40,1,1,25.2662,25.2662
มหาวิทยาลัยเกษมบัณฑิต,วิทยาเขตร่ม เกล้า,41800201610201A,A,0,คณะบริหารธุรกิจ,บธ.บ.(การจัดการสมัยใหม)่,,การจัดการ การเงินและ การลงทุน,0,20,6,1,36.4940,36.4940
มหาวิทยาลัยเกษมบัณฑิต,วิทยาเขตร่ม เกล้า,41800201610201A,B,0,คณะบริหารธุรกิจ,บธ.บ.(การจัดการสมัยใหม)่,,การจัดการ ธุรกิจ สมัยใหม่,0,20,4,1,44.8040,44.8040
มหาวิทยาลัยเกษมบัณฑิต,วิทยาเขตร่ม เกล้า,41800201610301A,0,0,คณะบริหารธุรกิจ,บธ.บ.(ธุรกิจการค้าสมัยใหม่),,,0,20,0,0,0.0000,0.0000
มหาวิทยาลัยเกษมบัณฑิต,วิทยาเขตร่ม เกล้า,41800201610302A,0,0,คณะบริหารธุรกิจ,บธ.บ.(ธุรกิจดิจิทัล),,,0,20,1,0,0.0000,0.0000
มหาวิทยาลัยเกษมบัณฑิต,วิทยาเขตร่ม เกล้า,41800201610401A,0,0,คณะบริหารธุรกิจ,บธ.บ.(การจัดการทรัพยากรมนุษย์),,,0,20,8,1,0.0000,0.0000
มหาวิทยาลัยเกษมบัณฑิต,วิทยาเขตร่ม เกล้า,41800201610501A,0,0,คณะบริหารธุรกิจ,บช.บ.(บัญชี),,,0,20,8,2,41.5150,39.0520
มหาวิทยาลัยเกษมบัณฑิต,วิทยาเขตร่ม เกล้า,41800201610601A,0,0,คณะบริหารธุรกิจ,บธ.บ.(การตลาดดิจิทัล),,,0,20,6,2,41.0070,33.8500
มหาวิทยาลัยเกษมบัณฑิต,วิทยาเขตร่ม เกล้า,41800201611001A,0,0,คณะบริหารธุรกิจ,บธ.บ.(การจัดการโลจิสติกส)์,,,0,20,9,3,53.8690,32.2040
มหาวิทยาลัยเกษมบัณฑิต,วิทยาเขตร่ม เกล้า,41800202901001A,0,0,คณะนิติศาสตร์,น.บ.(นิติศาสตรบัณฑิต),,,0,60,1,0,0.0000,0.0000
มหาวิทยาลัยเกษมบัณฑิต,วิทยาเขตร่ม เกล้า,41800203901101A,0,0,คณะนิเทศศาสตร์,นศ.บ.(การภาพยนตร์และสื่อดิจิทัล),,,0,60,11,1,24.7960,24.7960
มหาวิทยาลัยเกษมบัณฑิต,วิทยาเขตร่ม เกล้า,41800203901102A,0,0,คณะนิเทศศาสตร์,นศ.บ.(สื่อสังคมออนไลน์และดิจิทัลคอนเทนต)์,,,0,40,7,2,41.1350,33.0640
มหาวิทยาลัยเกษมบัณฑิต,วิทยาเขตร่ม เกล้า,41800203901103A,0,0,คณะนิเทศศาสตร์,นศ.บ.(วิทุยโทรทัศ์นและสื่อสตรีมมิ่ง),,,0,40,2,0,0.0000,0.0000
มหาวิทยาลัยเกษมบัณฑิต,วิทยาเขตร่ม เกล้า,41800203901104A,0,0,คณะนิเทศศาสตร์,นศ.บ.(สื่อสารการแสดงร่วมสมัย),,,0,50,0,0,0.0000,0.0000
มหาวิทยาลัยเกษมบัณฑิต,วิทยาเขตร่ม เกล้า,41800203901105A,0,0,คณะนิเทศศาสตร์,นศ.บ.(นวัตกรรมการสื่อสารองค์กรและแบรนด์),,,0,40,0,0,0.0000,0.0000
มหาวิทยาลัยเกษมบัณฑิต,วิทยาเขตร่ม เกล้า,41800204300501A,0,0,คณะวิศวกรรมศาสตร์,วศ.บ.(วิศวกรรมคอมพิวเตอร์),,,0,40,3,0,0.0000,0.0000
มหาวิทยาลัยเกษมบัณฑิต,วิทยาเขตร่ม เกล้า,41800204300701A,A,0,คณะวิศวกรรมศาสตร์,วศ.บ.(วิศวกรรมเครื่องกล),,วิศวกรรมเครื่ องกล- เครื่องกล,3401,60,0,0,0.0000,0.0000
มหาวิทยาลัยเกษมบัณฑิต,วิทยาเขตร่ม เกล้า,41800204300701A,B,0,คณะวิศวกรรมศาสตร์,วศ.บ.(วิศวกรรมเครื่องกล),,วิศวกรรมเครื่ องกล-นักบิน,3401,60,0,0,0.0000,0.0000
มหาวิทยาลัยเกษมบัณฑิต,วิทยาเขตร่ม เกล้า,41800204300701A,C,0,คณะวิศวกรรมศาสตร์,วศ.บ.(วิศวกรรมเครื่องกล),,วิศวกรรมเครื่ องกล-ซ่อม บำรุงอากาศ ยาน,3401,60,1,1,35.7550,35.7550
มหาวิทยาลัยเกษมบัณฑิต,วิทยาเขตร่ม เกล้า,41800204302101A,0,0,คณะวิศวกรรมศาสตร์,วศ.บ.(วิศวกรรมโยธา),,,0,40,1,0,0.0000,0.0000
มหาวิทยาลัยเกษมบัณฑิต,วิทยาเขตร่ม เกล้า,41800204303501A,0,0,คณะวิศวกรรมศาสตร์,วศ.บ.(วิศวกรรมอุตสาหการ),,,0,60,2,1,25.1724,25.1724
มหาวิทยาลัยเกษมบัณฑิต,วิทยาเขตร่ม เกล้า,41800205400501A,0,0,คณะสถาปัตยกรรมศาสตร์,สถ.บ.(สถาปัตยกรรมศาสตร์),,,0,40,4,1,30.6250,30.6250
มหาวิทยาลัยเกษมบัณฑิต,วิทยาเขตร่ม เกล้า,41800205800101A,0,0,คณะสถาปัตยกรรมศาสตร์,ศล.บ.(การออกแบบนิเทศศิลป์),,,0,30,1,0,0.0000,0.0000
มหาวิทยาลัยเกษมบัณฑิต,วิทยาเขตร่ม เกล้า,41800205800102A,0,0,คณะสถาปัตยกรรมศาสตร์,ศล.บ.(การออกแบบภายใน),,,0,40,0,0,0.0000,0.0000
มหาวิทยาลัยเกษมบัณฑิต,วิทยาเขตร่ม เกล้า,41800206620101A,0,0,คณะศิลปศาสตร์,ศศ.บ.(การจัดการท่องเที่ยว),,,0,80,4,2,41.9210,0.0000
มหาวิทยาลัยเกษมบัณฑิต,วิทยาเขตร่ม เกล้า,41800206620102A,0,0,คณะศิลปศาสตร์,ศศ.บ.(การจัดการโรงแรมและภัตตาคาร),,,0,80,3,1,37.5140,37.5140
มหาวิทยาลัยเกษมบัณฑิต,วิทยาเขตร่ม เกล้า,41800206800101A,0,0,คณะศิลปศาสตร์,ศศ.บ.(ออกแบบแฟชั่น),,,0,20,2,0,0.0000,0.0000
มหาวิทยาลัยเกษมบัณฑิต,วิทยาเขตร่ม เกล้า,41800206902001A,A,0,คณะศิลปศาสตร์,ศศ.บ.(ภาษาไทย),,ภาษาไทย สำหรับชาว ต่างประเทศ,3601,40,0,0,0.0000,0.0000
มหาวิทยาลัยเกษมบัณฑิต,วิทยาเขตร่ม เกล้า,41800206902001A,B,0,คณะศิลปศาสตร์,ศศ.บ.(ภาษาไทย),,ภาษาไทย เพื่อการ สื่อสาร,3601,40,1,0,0.0000,0.0000
มหาวิทยาลัยเกษมบัณฑิต,วิทยาเขตร่ม เกล้า,41800206902501E,0,0,คณะศิลปศาสตร์,ศศ.บ.(ภาษาอังกฤษเพื่อการสื่อสาร),,,0,50,2,1,43.7640,43.7640
มหาวิทยาลัยเกษมบัณฑิต,วิทยาเขตร่ม เกล้า,41800207220201A,0,0,คณะวิทยาศาสตร์และเทคโนโลยี,วท.บ.(นวัตกรรมเทคโนโลยีดิจิทัล),,,0,80,1,1,43.1700,43.1700
มหาวิทยาลัยเกษมบัณฑิต,วิทยาเขตร่ม เกล้า,41800208900701A,0,0,คณะจิตวิทยา,ศศ.บ.(จิตวิทยา),,,0,40,117,40,79.1297,52.6623
มหาวิทยาลัยเกษมบัณฑิต,วิทยาเขตร่ม เกล้า,41800209112001A,0,G0001,คณะวิทยาศาสตร์การกีฬา,วท.บ.(วิทยาศาสตรการกีฬา),tgat alv,,3901,60,8,4,44.6014,0.0000
มหาวิทยาลัยเกษมบัณฑิต,วิทยาเขตร่ม เกล้า,41800209112001A,0,G0002,คณะวิทยาศาสตร์การกีฬา,วท.บ.(วิทยาศาสตรการกีฬา),gpax,,3901,60,26,12,76.4494,45.4850
มหาวิทยาลัยเกษมบัณฑิต,วิทยาเขตร่ม เกล้า,41800209900301A,0,G0002,คณะวิทยาศาสตร์การกีฬา,ศศ.บ.(การจัดการกีฬาและนันทนาการ),gpax,,3902,60,9,3,65.1337,9.8631
มหาวิทยาลัยเกษมบัณฑิต,วิทยาเขตร่ม เกล้า,41800209900301A,0,G0003,คณะวิทยาศาสตร์การกีฬา,ศศ.บ.(การจัดการกีฬาและนันทนาการ),tgat alv61 alv63,,3902,60,3,0,0.0000,0.0000
มหาวิทยาลัยเกษมบัณฑิต,วิทยาเขตร่ม เกล้า,41800210111701A,0,T0001,คณะพยาบาลศาสตร์,พย.บ.(พยาบาลศาสตรบัณฑิต),Tgat Tpat1 a_lv_61 a_lv_65 a_lv_66 a_lv_81,,3101,60,12,6,53.1843,43.3776
มหาวิทยาลัยเกษมบัณฑิต,วิทยาเขตร่ม เกล้า,41800210111701A,0,T0003,คณะพยาบาลศาสตร์,พย.บ.(พยาบาลศาสตรบัณฑิต),Tgat Tpat3 a_lv_61 a_lv_65 a_lv_66 a_lv_81,,3101,60,91,54,46.2764,33.7915
มหาวิทยาลัยเกษมบัณฑิต,วิทยาเขตร่ม เกล้า,41800239610201E,0,0,โครงการหลักสูตรบริหารธุรกิจบัณฑิต(หลักสูตรนานาชาต)ิ,บธ.บ.(การจัดการธุรกิจสมัยใหม)่,,,0,40,0,0,0.0000,0.0000
มหาวิทยาลัยเกษมบัณฑิต,วิทยาเขตร่ม เกล้า,41800261620201E,0,0,สถาบันพัฒนาบุคลากรการบิน,บธ.บ.(การจัดการอุตสาหกรรมการบิน),,,0,40,0,0,0.0000,0.0000
มหาวิทยาลัยเกษมบัณฑิต,วิทยาเขตร่ม เกล้า,41800261900301A,0,0,สถาบันพัฒนาบุคลากรการบิน,ศศ.บ.(ธุรกิจการบิน),,,0,100,0,0,0.0000,0.0000
มหาวิทยาลัยสยาม,วิทยาเขตหลัก,41810101300501A,0,0,คณะวิศวกรรมศาสตร์,วศ.บ. สาขาวิชาวิศวกรรมคอมพิวเตอร์,,,0,20,8,0,0.0000,0.0000
มหาวิทยาลัยสยาม,วิทยาเขตหลัก,41810101300701A,0,0,คณะวิศวกรรมศาสตร์,วศ.บ. สาขาวิชาวิศวกรรมเครื่องกล,,,0,20,12,5,84.5000,48.0000
มหาวิทยาลัยสยาม,วิทยาเขตหลัก,41810101301601A,0,0,คณะวิศวกรรมศาสตร์,วศ.บ. สาขาวิชาวิศวกรรมไฟฟ้า,,,0,20,9,4,84.2500,0.0000
มหาวิทยาลัยสยาม,วิทยาเขตหลัก,41810101302001A,0,0,คณะวิศวกรรมศาสตร์,วศ.บ. สาขาวิชาวิศวกรรมยานยนต์,,,0,20,11,1,59.7500,59.7500
มหาวิทยาลัยสยาม,วิทยาเขตหลัก,41810101302101A,0,0,คณะวิศวกรรมศาสตร์,วศ.บ. สาขาวิชาวิศวกรรมโยธา,,,0,20,19,4,87.2500,57.0000
มหาวิทยาลัยสยาม,วิทยาเขตหลัก,41810101303501A,0,0,คณะวิศวกรรมศาสตร์,วศ.บ. สาขาวิชาวิศวกรรมอุตสาหการ,,,0,20,2,0,0.0000,0.0000
มหาวิทยาลัยสยาม,วิทยาเขตหลัก,41810102610101A,0,0,คณะบริหารธุรกิจ,บธ.บ. สาขาวิชาการเงินและการลงทุน,,,0,30,16,3,99.2500,66.0000
มหาวิทยาลัยสยาม,วิทยาเขตหลัก,41810102610301A,0,0,คณะบริหารธุรกิจ,บธ.บ. สาขาวิชาการจัดการและการประกอบการ,,,0,30,8,0,0.0000,0.0000
มหาวิทยาลัยสยาม,วิทยาเขตหลัก,41810102610501A,0,0,คณะบริหารธุรกิจ,บช.บ. สาขาวิชาการบัญชี,,,0,60,8,0,0.0000,0.0000
มหาวิทยาลัยสยาม,วิทยาเขตหลัก,41810102610601A,0,0,คณะบริหารธุรกิจ,บธ.บ. สาขาวิชาการตลาด,,,0,30,17,4,84.0000,57.7500
มหาวิทยาลัยสยาม,วิทยาเขตหลัก,41810102610801A,0,0,คณะบริหารธุรกิจ,บธ.บ. สาขาวิชาการจัดการธุรกิจระหว่าง ประเทศ,,,0,30,5,1,73.7500,73.7500
มหาวิทยาลัยสยาม,วิทยาเขตหลัก,41810103620101A,0,0,คณะศิลปศาสตร์,ศศ.บ. สาขาวิชาการโรงแรม การท่องเที่ยวและ การบริการ,,,0,80,11,3,70.7500,0.0000
มหาวิทยาลัยสยาม,วิทยาเขตหลัก,41810103901901A,0,0,คณะศิลปศาสตร์,ศศ.บ. สาขาวิชาภาษาญี่ปุ่นเพื่อการสื่อสาร,,,0,40,16,5,84.2500,74.5000
มหาวิทยาลัยสยาม,วิทยาเขตหลัก,41810103902501A,0,0,คณะศิลปศาสตร์,ศศ.บ. สาขาวิชาภาษาอังกฤษสื่อสารธุรกิจ,,,0,80,14,1,84.5000,84.5000
มหาวิทยาลัยสยาม,วิทยาเขตหลัก,41810104901001A,0,0,คณะนิติศาสตร์,น.บ. สาขาวิชานิติศาสตร์,,,0,80,18,8,87.2500,65.0000
มหาวิทยาลัยสยาม,วิทยาเขตหลัก,41810105901101A,0,0,คณะนิเทศศาสตร์,นศ.บ. นิเทศศาสตร์,,,0,80,22,2,70.7500,46.0000
มหาวิทยาลัยสยาม,วิทยาเขตหลัก,41810106111701A,0,0,คณะพยาบาลศาสตร์,พย.บ. สาขาวิชาพยาบาลศาสตร์,,,0,90,458,90,47.1069,36.9406
มหาวิทยาลัยสยาม,วิทยาเขตหลัก,41810107211001A,0,0,คณะวิทยาศาสตร์,วท.บ. สาขาวิชานวัตกรรมอาหารและการเป็น ผู้ประกอบการ,,,0,30,8,0,0.0000,0.0000
มหาวิทยาลัยสยาม,วิทยาเขตหลัก,41810107220101A,0,0,คณะวิทยาศาสตร์,วท.บ. สาขาวิชาการตลาดดิจิทัล,,,0,30,0,0,0.0000,0.0000
มหาวิทยาลัยสยาม,วิทยาเขตหลัก,41810107220201A,0,0,คณะวิทยาศาสตร์,วท.บ. สาขาวิชาวิทยาการข้อมูลและ คอมพิวเตอร์,,,0,30,7,2,85.0000,83.7500
มหาวิทยาลัยสยาม,วิทยาเขตหลัก,41810108220101A,0,0,คณะเทคโนโลยีสารสนเทศ,วท.บ. สาขาวิชาเทคโนโลยีสารสนเทศ,,,0,30,6,2,90.2500,77.5000
มหาวิทยาลัยสยาม,วิทยาเขตหลัก,41810108220501A,0,0,คณะเทคโนโลยีสารสนเทศ,วท.บ. สาขาวิชาแอนิเมชันและสื่อสร้างสรรค์,,,0,30,17,2,89.0000,84.0000
มหาวิทยาลัยสยาม,วิทยาเขตหลัก,41810108610701A,0,0,คณะเทคโนโลยีสารสนเทศ,บธ.บ. สาขาวิชาธุรกิจดิจิทัลและเทคโนโลย๊,,,0,30,6,1,54.5000,54.5000
มหาวิทยาลัยสยาม,วิทยาเขตหลัก,41810109130301A,0,0,คณะเภสัชศาสตร์,ภ.บ. สาขาวิชาการบริบาลทางเภสัชกรรม,,,0,60,792,60,50.7023,44.8864
มหาวิทยาลัยสยาม,วิทยาเขตหลัก,41810110112701A,0,0,คณะแพทยศาสตร์,วท.บ. สาขาวิชาอาชีวอนามัยและความปลอดภัย,,,0,40,107,36,99.5000,52.0000
มหาวิทยาลัยสยาม,วิทยาเขตหลัก,41810111610801E,0,0,วิทยาลัยนานาชาติ,B.B.A. International Business,,,0,30,6,0,0.0000,0.0000
มหาวิทยาลัยสยาม,วิทยาเขตหลัก,41810114903201A,0,0,คณะรัฐศาสตร์,ร.บ. สาขาวิชาการปกครอง,,,0,20,12,3,95.2500,71.7500
มหาวิทยาลัยสยาม,วิทยาเขตหลัก,41810115120101A,0,0,คณะทันตแพทยศาสตร์,ท.บ. ทันตแพทยศาสตรบัณฑิต,,,0,60,346,60,48.1100,37.0200
มหาวิทยาลัยสยาม,วิทยาเขตหลัก,41810116113001A,0,0,คณะทัศนมาตรศาสตร์,ทศ.บ. ทัศนมาตรศาสตรบัณฑิต,,,0,40,157,40,43.1476,28.5752
มหาวิทยาลัยเทคโนโลยีราชมงคลธัญบุรี,วิทยาเขตหลัก (คลองหก),31910101620101A,0,0,คณะศิลปศาสตร์,หลักสูตรศิลปศาสตรบัณฑิต,,การท่องเที่ยว,0,90,159,40,74.6549,44.8636
มหาวิทยาลัยเทคโนโลยีราชมงคลธัญบุรี,วิทยาเขตหลัก (คลองหก),31910101620101B,0,0,คณะศิลปศาสตร์,หลักสูตรศิลปศาสตรบัณฑิต,,การจัดการ การโรงแรม,0,60,25,3,48.0983,42.0766
มหาวิทยาลัยเทคโนโลยีราชมงคลธัญบุรี,วิทยาเขตหลัก (คลองหก),31910101620102A,0,0,คณะศิลปศาสตร์,หลักสูตรศิลปศาสตรบัณฑิต,,การจัดการ การโรงแรม,0,70,88,17,61.8898,43.5031
มหาวิทยาลัยเทคโนโลยีราชมงคลธัญบุรี,วิทยาเขตหลัก (คลองหก),31910101702801A,0,0,คณะศิลปศาสตร์,หลักสูตรศิลปศาสตรบัณฑิต,,พลศึกษา,0,30,151,30,66.9162,54.7403
มหาวิทยาลัยเทคโนโลยีราชมงคลธัญบุรี,วิทยาเขตหลัก (คลองหก),31910101900201A,0,0,คณะศิลปศาสตร์,หลักสูตรศิลปศาสตรบัณฑิต,,อุตสาหกรรม การบริการ การบิน,0,30,90,24,67.7758,41.4455
มหาวิทยาลัยเทคโนโลยีราชมงคลธัญบุรี,วิทยาเขตหลัก (คลองหก),31910101900201B,0,0,คณะศิลปศาสตร์,หลักสูตรศิลปศาสตรบัณฑิต,,อุตสาหกรรม การบริการ การบิน,0,50,19,1,47.4732,47.4732
มหาวิทยาลัยเทคโนโลยีราชมงคลธัญบุรี,วิทยาเขตหลัก (คลองหก),31910101901801C,0,0,คณะศิลปศาสตร์,หลักสูตรศิลปศาสตรบัณฑิต,,ภาษาไทย และภาษาจีน เพื่อ อุตสาหกรรม การบริการ,0,60,83,24,70.5505,41.0290
มหาวิทยาลัยเทคโนโลยีราชมงคลธัญบุรี,วิทยาเขตหลัก (คลองหก),31910101902501A,0,0,คณะศิลปศาสตร์,หลักสูตรศิลปศาสตรบัณฑิต,,ภาษาอังกฤษ เพื่อการ สื่อสาร,0,100,313,100,76.6926,52.9562
มหาวิทยาลัยเทคโนโลยีราชมงคลธัญบุรี,วิทยาเขตหลัก (คลองหก),31910101902501B,0,0,คณะศิลปศาสตร์,หลักสูตรศิลปศาสตรบัณฑิต,,ภาษาอังกฤษ เพื่อการ สื่อสาร,0,50,39,11,60.0521,43.9910
มหาวิทยาลัยเทคโนโลยีราชมงคลธัญบุรี,วิทยาเขตหลัก (คลองหก),31910101902501E,0,0,คณะศิลปศาสตร์,หลักสูตรศิลปศาสตรบัณฑิต,,ภาษาอังกฤษ เพ่ื่ออาชีพ นานาชาติ,0,50,25,3,70.6194,57.0304
มหาวิทยาลัยเทคโนโลยีราชมงคลธัญบุรี,วิทยาเขตหลัก (คลองหก),31910102211701A,0,0,คณะครุศาสตร์อุตสาหกรรม,หลักสูตรอุตสาหกรรมศาสตรบัณฑิต,,เทคโนโลียบริหารงาน ก่อสร้าง,0,5,10,4,53.5925,49.8541
มหาวิทยาลัยเทคโนโลยีราชมงคลธัญบุรี,วิทยาเขตหลัก (คลองหก),31910102220101A,0,0,คณะครุศาสตร์อุตสาหกรรม,หลักสูตรวิทยาศาสตรบัณฑิต,,นวัตกรรม การเรียนรู้ และ เทคโนโลียสารสนเทศ,0,40,8,1,49.0144,49.0144
มหาวิทยาลัยเทคโนโลยีราชมงคลธัญบุรี,วิทยาเขตหลัก (คลองหก),31910102700901A,0,0,คณะครุศาสตร์อุตสาหกรรม,หลักสูตรครุศาสตร์อุตสาหกรรมบัณฑิต,,วิศวกรรม คอมพิวเตอร์,0,15,42,13,77.2544,57.8509
มหาวิทยาลัยเทคโนโลยีราชมงคลธัญบุรี,วิทยาเขตหลัก (คลองหก),31910102700902A,0,0,คณะครุศาสตร์อุตสาหกรรม,หลักสูตรศึกษาศาสตรบัณฑิต,,เทคโนโลียดิจิทัลเพื่อ การศึกษา,0,30,55,13,73.2567,60.0449
มหาวิทยาลัยเทคโนโลยีราชมงคลธัญบุรี,วิทยาเขตหลัก (คลองหก),31910102701501A,0,0,คณะครุศาสตร์อุตสาหกรรม,หลักสูตรศึกษาศาสตรบัณฑิต,,เทคโนโลียและสื่อสาร การศึกษา,0,20,65,13,72.4517,59.3183
มหาวิทยาลัยเทคโนโลยีราชมงคลธัญบุรี,วิทยาเขตหลัก (คลองหก),31910102703001A,0,0,คณะครุศาสตร์อุตสาหกรรม,หลักสูตรครุศาสตร์อุตสาหกรรมบัณฑิต,,วิศวกรรม อิเล็กทรอนิก ส์,0,20,38,15,73.0418,51.7231
มหาวิทยาลัยเทคโนโลยีราชมงคลธัญบุรี,วิทยาเขตหลัก (คลองหก),31910104300001A,0,0,คณะวิศวกรรมศาสตร์,หลักสูตรวิศวกรรมศาสตรบัณฑิต,,วิศวกรรม ศาสตร บัณฑิต13 สาขา โยธา สิ่งแวดล้อม ไฟฟ้า เครื่องกล ระบบราง อุตสาหการ การผลิต วัสดุสิ่งทอที่ ยงั่ยืน อิเล็กทรอนิก ส์และโทร นาคม คอมพิวเตอ์รเคีมพอิลเมอ์รเครื่องกล- เกษตร,0,150,143,51,56.4536,42.6205
มหาวิทยาลัยเทคโนโลยีราชมงคลธัญบุรี,วิทยาเขตหลัก (คลองหก),31910104303101A,0,0,คณะวิศวกรรมศาสตร์,หลักสูตรวิศวกรรมศาสตรบัณฑิต,,วิศวกรรม ชลประทาน และการ จัดการ้นา,0,20,17,4,40.2423,35.7973
มหาวิทยาลัยเทคโนโลยีราชมงคลธัญบุรี,วิทยาเขตหลัก (คลองหก),31910104303201A,0,0,คณะวิศวกรรมศาสตร์,หลักสูตรวิศวกรรมศาสตรบัณฑิต,,วิศวกรรม อิเล็กทรอนิก ส์อากาศยาน,0,5,16,5,54.0311,43.2551
มหาวิทยาลัยเทคโนโลยีราชมงคลธัญบุรี,วิทยาเขตหลัก (คลองหก),31910104303401A,B,0,คณะวิศวกรรมศาสตร์,หลักสูตรวิศวกรรมศาสตรบัณฑิต,,วิศวกรรม อิเล็กทรอนิก ส์และ โทรคมนาคม- วิศวกรรมเซ มิคอนดัก เตอร์,0,10,38,10,54.8643,45.7176
มหาวิทยาลัยเทคโนโลยีราชมงคลธัญบุรี,วิทยาเขตหลัก (คลองหก),31910105610101A,0,0,คณะบริหารธุรกิจ,หลักสูตรบริหารธุรกิจบัณฑิต,,การเงินและ การลงทุน,0,50,529,50,97.7500,85.0000
มหาวิทยาลัยเทคโนโลยีราชมงคลธัญบุรี,วิทยาเขตหลัก (คลองหก),31910105610101E,0,0,คณะบริหารธุรกิจ,หลักสูตรบริหารธุรกิจบัณฑิต,,Business Administrati on-Finance and Economics,0,80,46,18,90.2500,50.0000
มหาวิทยาลัยเทคโนโลยีราชมงคลธัญบุรี,วิทยาเขตหลัก (คลองหก),31910105610201A,A,0,คณะบริหารธุรกิจ,หลักสูตรบริหารธุรกิจบัณฑิต,,การจัดการ- นวัตกรรม การจัดการ ธุรกิจ,0,20,418,22,99.5000,89.0000
มหาวิทยาลัยเทคโนโลยีราชมงคลธัญบุรี,วิทยาเขตหลัก (คลองหก),31910105610201A,B,0,คณะบริหารธุรกิจ,หลักสูตรบริหารธุรกิจบัณฑิต,,การจัดการ- การจัดการ ทรัพยากร มนุษย์,0,20,451,22,97.7500,89.7500
มหาวิทยาลัยเทคโนโลยีราชมงคลธัญบุรี,วิทยาเขตหลัก (คลองหก),31910105610201E,0,0,คณะบริหารธุรกิจ,หลักสูตรบริหารธุรกิจบัณฑิต,,Business Administrati on- Innovative Business Manageme nt,0,80,45,18,96.2500,50.0000
มหาวิทยาลัยเทคโนโลยีราชมงคลธัญบุรี,วิทยาเขตหลัก (คลองหก),31910105610501A,0,0,คณะบริหารธุรกิจ,หลักสูตรบัญชีบัณฑิต,,บัญชีบัณฑิต,0,50,535,50,86.2904,75.0354
มหาวิทยาลัยเทคโนโลยีราชมงคลธัญบุรี,วิทยาเขตหลัก (คลองหก),31910105610601A,A,0,คณะบริหารธุรกิจ,หลักสูตรบริหารธุรกิจบัณฑิต,,การตลาด- การตลาด,0,40,608,40,98.7500,87.0000
มหาวิทยาลัยเทคโนโลยีราชมงคลธัญบุรี,วิทยาเขตหลัก (คลองหก),31910105610601A,B,0,คณะบริหารธุรกิจ,หลักสูตรบริหารธุรกิจบัณฑิต,,การตลาด- การค้าปลีก,0,25,240,27,94.0000,84.5000
มหาวิทยาลัยเทคโนโลยีราชมงคลธัญบุรี,วิทยาเขตหลัก (คลองหก),31910105610601A,C,0,คณะบริหารธุรกิจ,หลักสูตรบริหารธุรกิจบัณฑิต,,การตลาด- การจัดการ นิทรรศการ และ การตลาด เชิงกิจกรรม,0,20,276,20,96.7500,86.0000
มหาวิทยาลัยเทคโนโลยีราชมงคลธัญบุรี,วิทยาเขตหลัก (คลองหก),31910105610701A,0,0,คณะบริหารธุรกิจ,หลักสูตรบริหารธุรกิจบัณฑิต,,คอมพิวเตอ์รธุรกิจ,0,35,363,35,99.0000,84.7500
มหาวิทยาลัยเทคโนโลยีราชมงคลธัญบุรี,วิทยาเขตหลัก (คลองหก),31910105610801A,0,0,คณะบริหารธุรกิจ,หลักสูตรบริหารธุรกิจบัณฑิต,,การ บริหารธุรกิจ ระหว่าง ประเทศ,0,35,461,36,99.5000,88.7500
มหาวิทยาลัยเทคโนโลยีราชมงคลธัญบุรี,วิทยาเขตหลัก (คลองหก),31910105610801E,0,0,คณะบริหารธุรกิจ,หลักสูตรบริหารธุรกิจบัณฑิต,,Business Administrati on-Digital Marketing and Media Creation,0,80,43,9,95.7500,52.2500
มหาวิทยาลัยเทคโนโลยีราชมงคลธัญบุรี,วิทยาเขตหลัก (คลองหก),31910105611001A,0,0,คณะบริหารธุรกิจ,หลักสูตรบริหารธุรกิจบัณฑิต,,การ จัดการโลิจสติก์สและซัพ พลายเชน,0,50,787,51,99.7500,91.0000
มหาวิทยาลัยเทคโนโลยีราชมงคลธัญบุรี,วิทยาเขตหลัก (คลองหก),31910105611002E,0,0,คณะบริหารธุรกิจ,หลักสูตรบริหารธุรกิจบัณฑิต,,Business Administrati on- Internation al Business and Logistics,0,80,95,35,92.2500,50.7500
มหาวิทยาลัยเทคโนโลยีราชมงคลธัญบุรี,วิทยาเขตหลัก (คลองหก),31910105611101A,0,0,คณะบริหารธุรกิจ,หลักสูตรเศรษฐศาสตร์บัณฑิต,,เศรษฐศาสต์ร- เศรษฐศาสต์รธุรกิจ,0,70,278,71,93.7500,77.0000
มหาวิทยาลัยเทคโนโลยีราชมงคลธัญบุรี,วิทยาเขตหลัก (คลองหก),31910106500301A,0,0,คณะเทคโนโลยีคหกรรมศาสตร์,หลักสูตรคหกรรมศาสตรบัณฑิต,,การ ออกแบบ แฟชั่นและนวัตกรรม เครื่องแต่ง กาย,0,40,105,33,81.5849,55.8591
มหาวิทยาลัยเทคโนโลยีราชมงคลธัญบุรี,วิทยาเขตหลัก (คลองหก),31910106500302A,0,0,คณะเทคโนโลยีคหกรรมศาสตร์,หลักสูตรคหกรรมศาสตรบัณฑิต,,อาหารและ โภชนาการ,0,30,168,30,87.9289,67.1786
มหาวิทยาลัยเทคโนโลยีราชมงคลธัญบุรี,วิทยาเขตหลัก (คลองหก),31910106500303A,0,0,คณะเทคโนโลยีคหกรรมศาสตร์,หลักสูตรคหกรรมศาสตรบัณฑิต,,นวัตกรรม ศิลป ประดิษ์ฐสร้างสรรค์,0,20,47,9,76.2416,54.1696
มหาวิทยาลัยเทคโนโลยีราชมงคลธัญบุรี,วิทยาเขตหลัก (คลองหก),31910106700601A,0,0,คณะเทคโนโลยีคหกรรมศาสตร์,หลักสูตรศึกษาศาสตรบัณฑิต,,การศึกษา ปฐมวัย,0,5,129,5,75.8889,74.8275
มหาวิทยาลัยเทคโนโลยีราชมงคลธัญบุรี,วิทยาเขตหลัก (คลองหก),31910107702503A,0,0,คณะศิลปกรรมศาสตร์,หลักสูตรศึกษาศาสตรบัณฑิต,,ดนตรีสากล ศึกษา,0,5,5,1,50.6554,50.6554
มหาวิทยาลัยเทคโนโลยีราชมงคลธัญบุรี,วิทยาเขตหลัก (คลองหก),31910107702504A,0,0,คณะศิลปกรรมศาสตร์,หลักสูตรศึกษาศาสตรบัณฑิต,,ศิลปศึกษา,0,3,14,3,65.6708,62.0964
มหาวิทยาลัยเทคโนโลยีราชมงคลธัญบุรี,วิทยาเขตหลัก (คลองหก),31910107800101A,0,0,คณะศิลปกรรมศาสตร์,หลักสูตรศิลปบัณฑิต,,ออกแบบ ภายใน,0,2,14,2,63.3747,57.0890
มหาวิทยาลัยเทคโนโลยีราชมงคลธัญบุรี,วิทยาเขตหลัก (คลองหก),31910107800102A,0,0,คณะศิลปกรรมศาสตร์,หลักสูตรศิลปบัณฑิต,,ออกแบบ ผลิตภัณฑ์,0,9,19,4,58.0308,53.7832
มหาวิทยาลัยเทคโนโลยีราชมงคลธัญบุรี,วิทยาเขตหลัก (คลองหก),31910107800103A,0,0,คณะศิลปกรรมศาสตร์,หลักสูตรศิลปบัณฑิต,,นวัตกรรม การ ออกแบบ ผลิตภัณ์ฑ่รวมสมัย,0,10,4,1,52.9857,52.9857
มหาวิทยาลัยเทคโนโลยีราชมงคลธัญบุรี,วิทยาเขตหลัก (คลองหก),31910107800105A,0,0,คณะศิลปกรรมศาสตร์,หลักสูตรศิลปบัณฑิต,,ศิลปะการ ออกแบบ แฟชั่น,0,10,22,2,53.5758,52.8407
มหาวิทยาลัยเทคโนโลยีราชมงคลธัญบุรี,วิทยาเขตหลัก (คลองหก),31910107800301A,0,0,คณะศิลปกรรมศาสตร์,หลักสูตรศิลปบัณฑิต,,จิตรกรรม,0,9,26,8,67.2294,50.9458
มหาวิทยาลัยเทคโนโลยีราชมงคลธัญบุรี,วิทยาเขตหลัก (คลองหก),31910107800302A,0,0,คณะศิลปกรรมศาสตร์,หลักสูตรศิลปบัณฑิต,,ทัศนศิลป์,0,7,29,7,65.6695,48.3560
มหาวิทยาลัยเทคโนโลยีราชมงคลธัญบุรี,วิทยาเขตหลัก (คลองหก),31910107800303A,0,0,คณะศิลปกรรมศาสตร์,หลักสูตรศิลปบัณฑิต,,ศิลปะไทย,0,29,6,1,50.2681,50.2681
มหาวิทยาลัยเทคโนโลยีราชมงคลธัญบุรี,วิทยาเขตหลัก (คลองหก),31910108210901A,0,0,คณะเทคโนโลยีสื่อสารมวลชน,หลักสูตรเทคโนโลยีบัณฑิต,,เทคโนโลียการพิม์พดิจิทัลและ บรรจุภัณฑ์,0,5,6,4,53.3449,48.7788
มหาวิทยาลัยเทคโนโลยีราชมงคลธัญบุรี,วิทยาเขตหลัก (คลองหก),31910108220101A,B,0,คณะเทคโนโลยีสื่อสารมวลชน,หลักสูตรเทคโนโลยีบัณฑิต,,ครีเอทีฟ มีเดีย เทคโนโลยี- เทคโนโลียการพัฒนา เว็บไซต์ฟูล สแต็ก,0,10,14,9,66.2577,44.4255
มหาวิทยาลัยเทคโนโลยีราชมงคลธัญบุรี,วิทยาเขตหลัก (คลองหก),31910108220501A,A,0,คณะเทคโนโลยีสื่อสารมวลชน,หลักสูตรเทคโนโลยีบัณฑิต,,ครีเอทีฟ มีเดีย เทคโนโลยี- เทคโนโลียการพัฒนา เกมดิจิทัล,0,10,33,10,68.4237,58.9449
มหาวิทยาลัยเทคโนโลยีราชมงคลธัญบุรี,วิทยาเขตหลัก (คลองหก),31910108220501B,0,0,คณะเทคโนโลยีสื่อสารมวลชน,หลักสูตรเทคโนโลยีบัณฑิต,,ครีเอทีฟ มีเดีย เทคโนโลยี- เทคโนโลียการพัฒนา เกมดิจิทัล,0,10,1,1,52.6172,52.6172
มหาวิทยาลัยเทคโนโลยีราชมงคลธัญบุรี,วิทยาเขตหลัก (คลองหก),31910108900601A,0,0,คณะเทคโนโลยีสื่อสารมวลชน,หลักสูตรเทคโนโลยีบัณฑิต,,เทคโนโลียการโฆษณา และ ประชาสัมพัน ธ์,0,20,24,16,62.4603,43.0444
มหาวิทยาลัยเทคโนโลยีราชมงคลธัญบุรี,วิทยาเขตหลัก (คลองหก),31910108900901A,0,0,คณะเทคโนโลยีสื่อสารมวลชน,หลักสูตรเทคโนโลยีบัณฑิต,,เทคโนโลียการผลิต ภาพยนต์รและวิทุยโทรทัศน์,0,10,20,10,63.5291,49.8951
มหาวิทยาลัยเทคโนโลยีราชมงคลธัญบุรี,วิทยาเขตหลัก (คลองหก),31910108900901B,0,0,คณะเทคโนโลยีสื่อสารมวลชน,หลักสูตรเทคโนโลยีบัณฑิต,,เทคโนโลียการผลิต ภาพยนต์รและวิทุยโทรทัศน์,0,34,1,1,55.7416,55.7416
มหาวิทยาลัยเทคโนโลยีราชมงคลธัญบุรี,วิทยาเขตหลัก (คลองหก),31910109210301A,0,0,คณะวิทยาศาสตร์และเทคโนโลยี,หลักสูตรวิทยาศาสตรบัณฑิต,,คณิตศาสต์รประยุกต์,0,30,47,8,96.0000,59.0000
มหาวิทยาลัยเทคโนโลยีราชมงคลธัญบุรี,วิทยาเขตหลัก (คลองหก),31910109210401A,0,0,คณะวิทยาศาสตร์และเทคโนโลยี,หลักสูตรวิทยาศาสตรบัณฑิต,,เคมีประยุกต์,0,60,96,22,97.7500,65.5000
มหาวิทยาลัยเทคโนโลยีราชมงคลธัญบุรี,วิทยาเขตหลัก (คลองหก),31910109210701A,0,0,คณะวิทยาศาสตร์และเทคโนโลยี,หลักสูตรวิทยาศาสตรบัณฑิต,,ชีววิทยา ประยุกต์,0,30,100,28,95.7500,56.2500
มหาวิทยาลัยเทคโนโลยีราชมงคลธัญบุรี,วิทยาเขตหลัก (คลองหก),31910109211001A,0,0,คณะวิทยาศาสตร์และเทคโนโลยี,หลักสูตรวิทยาศาสตรบัณฑิต,,วิทยาศาสต์รอาหารและ การจัดการ เทคโนโลียอาหาร,0,30,107,30,95.2500,74.7500
มหาวิทยาลัยเทคโนโลยีราชมงคลธัญบุรี,วิทยาเขตหลัก (คลองหก),31910109212801A,0,0,คณะวิทยาศาสตร์และเทคโนโลยี,หลักสูตรวิทยาศาสตรบัณฑิต,,เทคโนโลียและนวัตกรรม วัสดุ,0,30,83,27,89.0000,50.5000
มหาวิทยาลัยเทคโนโลยีราชมงคลธัญบุรี,วิทยาเขตหลัก (คลองหก),31910109213301A,0,0,คณะวิทยาศาสตร์และเทคโนโลยี,หลักสูตรวิทยาศาสตรบัณฑิต,,สถิติ ประยุก์ตและ วิทยาการ วิเคราะห์ ข้อมูล,0,30,82,26,88.0000,53.5000
มหาวิทยาลัยเทคโนโลยีราชมงคลธัญบุรี,วิทยาเขตหลัก (คลองหก),31910109220101A,0,0,คณะวิทยาศาสตร์และเทคโนโลยี,หลักสูตรวิทยาศาสตรบัณฑิต,,เทคโนโลียสารสนเทศ และการ สื่อสารดิจิตัล,0,16,71,16,93.0000,72.0000
มหาวิทยาลัยเทคโนโลยีราชมงคลธัญบุรี,วิทยาเขตหลัก (คลองหก),31910109220201A,0,0,คณะวิทยาศาสตร์และเทคโนโลยี,หลักสูตรวิทยาศาสตรบัณฑิต,,วิทยาการ คอมพิวเตอร์,0,60,176,57,99.2500,64.7500
มหาวิทยาลัยเทคโนโลยีราชมงคลธัญบุรี,วิทยาเขตหลัก (คลองหก),31910109220301A,0,0,คณะวิทยาศาสตร์และเทคโนโลยี,หลักสูตรวิทยาศาสตรบัณฑิต,,การ วิเคราะห์ และจัดการ ข้อมูลขนาด ใหญ่,0,50,66,20,98.0000,69.0000
มหาวิทยาลัยเทคโนโลยีราชมงคลธัญบุรี,วิทยาเขตหลัก (คลองหก),31910110400501A,0,0,คณะสถาปัตยกรรมศาสตร์,หลักสูตรสถาปัตยกรรมศาสตรบัณฑิต,,สถาปัตยกรร ม,0,5,228,5,81.0442,73.8420
มหาวิทยาลัยเทคโนโลยีราชมงคลธัญบุรี,วิทยาเขตหลัก (คลองหก),31910110400701A,0,0,คณะสถาปัตยกรรมศาสตร์,หลักสูตรสถาปัตยกรรมศาสตรบัณฑิต,,สถาปัตยกรร มภายใน,0,10,206,10,78.0320,71.9566
มหาวิทยาลัยเทคโนโลยีราชมงคลธัญบุรี,วิทยาเขตหลัก (คลองหก),31910112111701A,0,0,คณะพยาบาลศาสตร์,หลักสูตรพยาบาลศาสตรบัณฑิต,,,0,20,527,20,65.6686,61.3977
มหาวิทยาลัยเทคโนโลยีราชมงคลธัญบุรี,ศูนย์รังสิต,31910203112901A,0,0,คณะเทคโนโลยีการเกษตร,หลักสูตรวิทยาศาสตรบัณฑิต,,การ พยาบาลสัตว์,0,15,227,16,99.0000,93.0000
มหาวิทยาลัยเทคโนโลยีราชมงคลธัญบุรี,ศูนย์รังสิต,31910203500401A,0,0,คณะเทคโนโลยีการเกษตร,หลักสูตรวิทยาศาสตรบัณฑิต,,เทคโนโลียภูมิทัศน์,0,20,36,18,87.5000,50.5000
มหาวิทยาลัยเทคโนโลยีราชมงคลธัญบุรี,ศูนย์รังสิต,31910203500601A,0,0,คณะเทคโนโลยีการเกษตร,หลักสูตรวิทยาศาสตรบัณฑิต,,ประมง,0,20,51,20,92.7500,54.0000
มหาวิทยาลัยเทคโนโลยีราชมงคลธัญบุรี,ศูนย์รังสิต,31910203501101A,0,0,คณะเทคโนโลยีการเกษตร,หลักสูตรวิทยาศาสตรบัณฑิต,,เทคโนโลียอาหาร,0,45,42,17,89.5000,51.2500
มหาวิทยาลัยเทคโนโลยีราชมงคลธัญบุรี,ศูนย์รังสิต,31910203501201A,0,0,คณะเทคโนโลยีการเกษตร,หลักสูตรวิทยาศาสตรบัณฑิต,,สัตวศาสตร์,0,40,102,40,99.5000,70.7500
มหาวิทยาลัยเทคโนโลยีราชมงคลธัญบุรี,ศูนย์รังสิต,31910203501301A,0,0,คณะเทคโนโลยีการเกษตร,หลักสูตรวิทยาศาสตรบัณฑิต,,การผลิตพืช,0,40,29,9,86.7500,55.0000
มหาวิทยาลัยเทคโนโลยีราชมงคลธัญบุรี,ศูนย์รังสิต,31910211110801A,0,0,คณะการแพทย์บูรณาการ,หลักสูตรการแพทย์แผนไทยประยุกต์บัณฑิต,,การแพท์ยแผนไทย ประยุกต์,0,20,83,20,50.4137,39.3442
มหาวิทยาลัยเทคโนโลยีราชมงคลธัญบุรี,ศูนย์รังสิต,31910211111101A,0,0,คณะการแพทย์บูรณาการ,หลักสูตรวิทยาศาสตรบัณฑิต,,นวัตกรรม ผลิตภัณ์ฑุสขภาพ,0,20,235,21,96.5000,88.0000
มหาวิทยาลัยเทคโนโลยีราชมงคลธัญบุรี,ศูนย์รังสิต,31910211111102A,0,0,คณะการแพทย์บูรณาการ,หลักสูตรวิทยาศาสตรบัณฑิต,,สุขภาพและ ความงาม,0,20,255,23,97.5000,91.0000
มหาวิทยาลัยเทคโนโลยีราชมงคลกรุงเทพ,วิทยาเขตหลัก,31920101620101A,0,0,คณะศิลปศาสตร์,ศศ.บ. (การท่องเที่ยว),,,0,85,312,67,98.2500,68.2500
มหาวิทยาลัยเทคโนโลยีราชมงคลกรุงเทพ,วิทยาเขตหลัก,31920101620102A,0,0,คณะศิลปศาสตร์,ศศ.บ. (การโรงแรม),,,0,70,180,47,93.7500,0.0000
มหาวิทยาลัยเทคโนโลยีราชมงคลกรุงเทพ,วิทยาเขตหลัก,31920101800301A,0,0,คณะศิลปศาสตร์,ศศ.บ. (การออกแบบนวัตกรรมผลิตภัณฑ์ภูมิ ปัญญาไทย),,,0,40,70,21,93.2500,0.0000
มหาวิทยาลัยเทคโนโลยีราชมงคลกรุงเทพ,วิทยาเขตหลัก,31920101901801A,0,0,คณะศิลปศาสตร์,ศศ.บ. (ภาษาจีนเพื่อการสื่อสาร),,,0,65,167,65,99.2500,71.5000
มหาวิทยาลัยเทคโนโลยีราชมงคลกรุงเทพ,วิทยาเขตหลัก,31920101901901A,0,0,คณะศิลปศาสตร์,ศศ.บ. (ภาษาญี่ปุ่น),,,0,85,199,78,98.2500,75.2500
มหาวิทยาลัยเทคโนโลยีราชมงคลกรุงเทพ,วิทยาเขตหลัก,31920101902501A,0,0,คณะศิลปศาสตร์,ศศ.บ. (ภาษาอังกฤษเพื่อการสื่อสารสากล),,,0,80,230,58,80.0000,41.2500
มหาวิทยาลัยเทคโนโลยีราชมงคลกรุงเทพ,วิทยาเขตหลัก,31920102111101A,0,0,คณะวิทยาศาสตร์และเทคโนโลยี,วท.บ. (วิทยาศาสตร์เพื่อสุขภาพและความงาม),,,0,45,139,45,96.2500,68.7500
มหาวิทยาลัยเทคโนโลยีราชมงคลกรุงเทพ,วิทยาเขตหลัก,31920102210401A,0,0,คณะวิทยาศาสตร์และเทคโนโลยี,วท.บ. (เคม)ี,,,0,80,106,18,99.0000,51.7500
มหาวิทยาลัยเทคโนโลยีราชมงคลกรุงเทพ,วิทยาเขตหลัก,31920102210901A,0,0,คณะวิทยาศาสตร์และเทคโนโลยี,ทล.บ. (เทคโนโลยีการพิมพ์ดิจิทัลและออกแบบ บรรจุภัณฑ)์,,,0,30,97,21,94.2500,57.2500
มหาวิทยาลัยเทคโนโลยีราชมงคลกรุงเทพ,วิทยาเขตหลัก,31920102211001A,0,0,คณะวิทยาศาสตร์และเทคโนโลยี,วท.บ. (เทคโนโลยีและการจัดการความ ปลอดภัยของอาหาร),,,0,30,188,30,91.5000,63.2500
มหาวิทยาลัยเทคโนโลยีราชมงคลกรุงเทพ,วิทยาเขตหลัก,31920102211401A,0,0,คณะวิทยาศาสตร์และเทคโนโลยี,วท.บ. (เทคโนโลยีพลังงานเพื่อสิ่งแวดล้อม),,,0,30,105,22,79.5000,0.0000
มหาวิทยาลัยเทคโนโลยีราชมงคลกรุงเทพ,วิทยาเขตหลัก,31920102220102A,0,0,คณะวิทยาศาสตร์และเทคโนโลยี,วท.บ. (เทคโนโลยีสารสนเทศ),,,0,40,122,37,95.0000,69.2500
มหาวิทยาลัยเทคโนโลยีราชมงคลกรุงเทพ,วิทยาเขตหลัก,31920102220201A,0,0,คณะวิทยาศาสตร์และเทคโนโลยี,วท.บ. (วิทยาการคอมพิวเตอร์),,,0,40,254,40,96.2500,77.5000
มหาวิทยาลัยเทคโนโลยีราชมงคลกรุงเทพ,วิทยาเขตหลัก,31920102800101A,0,0,คณะวิทยาศาสตร์และเทคโนโลยี,ทล.บ. (ออกแบบผลิตภัณฑ์อุตสาหกรรม),,,0,60,114,20,90.7500,53.5000
มหาวิทยาลัยเทคโนโลยีราชมงคลกรุงเทพ,วิทยาเขตหลัก,31920102901601A,0,0,คณะวิทยาศาสตร์และเทคโนโลยี,ทล.บ. (เทคโนโลยีการถ่ายภาพและภาพยนตร์),,,0,35,230,39,99.0000,87.7500
มหาวิทยาลัยเทคโนโลยีราชมงคลกรุงเทพ,วิทยาเขตหลัก,31920102903401A,0,0,คณะวิทยาศาสตร์และเทคโนโลยี,ทล.บ. (เทคโนโลยีสื่อดิจิทัลและสื่อสารมวลชน),,,0,10,146,10,98.0000,90.7500
มหาวิทยาลัยเทคโนโลยีราชมงคลกรุงเทพ,วิทยาเขตหลัก,31920103212201A,A,0,คณะครุศาสตร์อุตสาหกรรม,อส.บ. (เทคโนโลยีวิศวกรรมอุตสาหการสมัยใหม่),,วิชาเอก วิศวกรรม การผลิต,0,15,50,10,90.5000,60.7500
มหาวิทยาลัยเทคโนโลยีราชมงคลกรุงเทพ,วิทยาเขตหลัก,31920103212201A,B,0,คณะครุศาสตร์อุตสาหกรรม,อส.บ. (เทคโนโลยีวิศวกรรมอุตสาหการสมัยใหม่),,วิชาเอก เทคโนโลียโลหการ และนวัตกรรม วัสดุ,0,15,61,12,75.5000,0.0000
มหาวิทยาลัยเทคโนโลยีราชมงคลกรุงเทพ,วิทยาเขตหลัก,31920103212201A,C,0,คณะครุศาสตร์อุตสาหกรรม,อส.บ. (เทคโนโลยีวิศวกรรมอุตสาหการสมัยใหม่),,วิชาเอก วิศวกรรมเครื่ องกลและ พลังงาน,0,15,46,11,83.0000,0.0000
มหาวิทยาลัยเทคโนโลยีราชมงคลกรุงเทพ,วิทยาเขตหลัก,31920103302001A,0,0,คณะครุศาสตร์อุตสาหกรรม,อส.บ. (เทคโนโลยียานยนต์สมัยใหม)่,,,0,30,93,30,97.0000,63.0000
มหาวิทยาลัยเทคโนโลยีราชมงคลกรุงเทพ,วิทยาเขตหลัก,31920103701101A,0,0,คณะครุศาสตร์อุตสาหกรรม,ค.อ.บ. (วิศวกรรมเครื่องกล),,,0,30,111,30,93.0000,62.5000
มหาวิทยาลัยเทคโนโลยีราชมงคลกรุงเทพ,วิทยาเขตหลัก,31920103703401A,0,0,คณะครุศาสตร์อุตสาหกรรม,ค.อ.บ. (วิศวกรรมอุตสาหการ),,,0,30,48,10,82.5000,0.0000
มหาวิทยาลัยเทคโนโลยีราชมงคลกรุงเทพ,วิทยาเขตหลัก,31920104300501A,0,0,คณะวิศวกรรมศาสตร์,วศ.บ. (วิศวกรรมคอมพิวเตอร์และระบบไอโอที),,,0,40,0,0,0.0000,0.0000
มหาวิทยาลัยเทคโนโลยีราชมงคลกรุงเทพ,วิทยาเขตหลัก,31920104300601A,0,0,คณะวิศวกรรมศาสตร์,วศ.บ. (วิศวกรรมเคมี),,,0,80,260,80,98.7500,72.0000
มหาวิทยาลัยเทคโนโลยีราชมงคลกรุงเทพ,วิทยาเขตหลัก,31920104300701A,0,0,คณะวิศวกรรมศาสตร์,วศ.บ. (วิศวกรรมเครื่องกล),,,0,40,273,41,97.0000,81.0000
มหาวิทยาลัยเทคโนโลยีราชมงคลกรุงเทพ,วิทยาเขตหลัก,31920104301601A,0,0,คณะวิศวกรรมศาสตร์,วศ.บ. (วิศวกรรมไฟฟ้า),,,0,30,229,30,98.0000,87.2500
มหาวิทยาลัยเทคโนโลยีราชมงคลกรุงเทพ,วิทยาเขตหลัก,31920104301801A,0,0,คณะวิศวกรรมศาสตร์,วศ.บ. (วิศวกรรมอิเล็กทรอนิกส์และ โทรคมนาคม),,,0,60,167,61,98.5000,64.2500
มหาวิทยาลัยเทคโนโลยีราชมงคลกรุงเทพ,วิทยาเขตหลัก,31920104302101A,0,0,คณะวิศวกรรมศาสตร์,วศ.บ. (วิศวกรรมโยธา),,,0,40,194,41,99.5000,85.2500
มหาวิทยาลัยเทคโนโลยีราชมงคลกรุงเทพ,วิทยาเขตหลัก,31920104302701A,0,0,คณะวิศวกรรมศาสตร์,วศ.บ. (วิศวกรรมสำรวจ),,,0,30,83,27,91.5000,64.0000
มหาวิทยาลัยเทคโนโลยีราชมงคลกรุงเทพ,วิทยาเขตหลัก,31920104302901A,0,0,คณะวิศวกรรมศาสตร์,วศ.บ. (วิศวกรรมอัตโนมัติและหุ่นยนต)์,,,0,30,119,30,94.0000,69.2500
มหาวิทยาลัยเทคโนโลยีราชมงคลกรุงเทพ,วิทยาเขตหลัก,31920104303501A,A,0,คณะวิศวกรรมศาสตร์,วศ.บ. (วิศวกรรมอุตสาหการ),,วิชาเอก วิศวกรรม อุตสาหการ,0,20,187,20,96.5000,85.5000
มหาวิทยาลัยเทคโนโลยีราชมงคลกรุงเทพ,วิทยาเขตหลัก,31920104303501A,B,0,คณะวิศวกรรมศาสตร์,วศ.บ. (วิศวกรรมอุตสาหการ),,วิชาเอก วิศวกรรม การผลิต ความ แม่นยำสูง,0,20,126,21,91.5000,72.5000
มหาวิทยาลัยเทคโนโลยีราชมงคลกรุงเทพ,วิทยาเขตหลัก,31920105220101A,0,0,คณะบริหารธุรกิจ,ทล.บ. (เทคโนโลยีสารสนเทศและธุรกิจดิจิทัล),,,0,30,237,30,93.0000,74.0000
มหาวิทยาลัยเทคโนโลยีราชมงคลกรุงเทพ,วิทยาเขตหลัก,31920105610101A,0,0,คณะบริหารธุรกิจ,บธ.บ. (การเงินและนวัตกรรมทางการเงิน),,,0,40,285,40,98.2500,74.5000
มหาวิทยาลัยเทคโนโลยีราชมงคลกรุงเทพ,วิทยาเขตหลัก,31920105610102A,0,0,คณะบริหารธุรกิจ,บธ.บ. (การประเมินราคาทรัพย์สิน),,,0,40,137,28,86.5000,39.7500
มหาวิทยาลัยเทคโนโลยีราชมงคลกรุงเทพ,วิทยาเขตหลัก,31920105610201A,A,0,คณะบริหารธุรกิจ,บธ.บ. (การจัดการธุรกิจสมัยใหม)่,,กลุ่มวิชาการ จัดการทั่วไป,0,40,307,40,97.7500,81.0000
มหาวิทยาลัยเทคโนโลยีราชมงคลกรุงเทพ,วิทยาเขตหลัก,31920105610201A,B,0,คณะบริหารธุรกิจ,บธ.บ. (การจัดการธุรกิจสมัยใหม)่,,กลุ่มวิชาการ จัดการ ทรัพยากร มนุษย์,0,40,204,40,96.0000,74.0000
มหาวิทยาลัยเทคโนโลยีราชมงคลกรุงเทพ,วิทยาเขตหลัก,31920105610201B,C,0,คณะบริหารธุรกิจ,บธ.บ. (การจัดการธุรกิจสมัยใหม)่,,กลุ่มวิชาการ จัดการทั่วไป,0,,0,0,0.0000,0.0000
มหาวิทยาลัยเทคโนโลยีราชมงคลกรุงเทพ,วิทยาเขตหลัก,31920105610501A,0,0,คณะบริหารธุรกิจ,บช.บ.,,,0,65,236,65,62.1870,44.0360
มหาวิทยาลัยเทคโนโลยีราชมงคลกรุงเทพ,วิทยาเขตหลัก,31920105610501B,0,0,คณะบริหารธุรกิจ,บช.บ.,,,0,30,53,17,99.0000,73.0000
มหาวิทยาลัยเทคโนโลยีราชมงคลกรุงเทพ,วิทยาเขตหลัก,31920105610601A,A,0,คณะบริหารธุรกิจ,บธ.บ. (การตลาด),,กลุ่ม วิชาการ บริหาร การตลาด,0,60,295,60,97.7500,75.2500
มหาวิทยาลัยเทคโนโลยีราชมงคลกรุงเทพ,วิทยาเขตหลัก,31920105610601A,B,0,คณะบริหารธุรกิจ,บธ.บ. (การตลาด),,กลุ่ม วิชาการ ตลาด ระหว่าง ประเทศ และโลิจสติกส์,0,60,409,60,98.2500,84.7500
มหาวิทยาลัยเทคโนโลยีราชมงคลกรุงเทพ,วิทยาเขตหลัก,31920105610601B,C,0,คณะบริหารธุรกิจ,บธ.บ. (การตลาด),,กลุ่ม วิชาการ บริหาร การตลาด,0,100,159,46,94.0000,0.0000
มหาวิทยาลัยเทคโนโลยีราชมงคลกรุงเทพ,วิทยาเขตหลัก,31920105610601B,D,0,คณะบริหารธุรกิจ,บธ.บ. (การตลาด),,กลุ่ม วิชาการ ตลาด ระหว่าง ประเทศ และโลิจสติกส์,0,100,228,71,94.2500,0.0000
มหาวิทยาลัยเทคโนโลยีราชมงคลกรุงเทพ,วิทยาเขตหลัก,31920105610801A,0,0,คณะบริหารธุรกิจ,บธ.บ. (การสื่อสารธุรกิจระหว่างประเทศ),,,0,30,172,30,59.5811,38.6025
มหาวิทยาลัยเทคโนโลยีราชมงคลกรุงเทพ,วิทยาเขตหลัก,31920105610801B,0,0,คณะบริหารธุรกิจ,บธ.บ. (การสื่อสารธุรกิจระหว่างประเทศ),,,0,40,31,5,85.7500,66.7500
มหาวิทยาลัยเทคโนโลยีราชมงคลกรุงเทพ,วิทยาเขตหลัก,31920105610803A,0,0,คณะบริหารธุรกิจ,บธ.บ. (ดิจิทัลสตาร์ตอัป),,,0,40,120,40,96.5000,65.5000
มหาวิทยาลัยเทคโนโลยีราชมงคลกรุงเทพ,วิทยาเขตหลัก,31920105610901A,0,0,คณะบริหารธุรกิจ,บธ.บ. (นวัตกรรมระบบสารสนเทศ),,,0,40,116,29,96.0000,44.7500
มหาวิทยาลัยเทคโนโลยีราชมงคลกรุงเทพ,วิทยาเขตหลัก,31920105620201A,0,0,คณะบริหารธุรกิจ,บธ.บ. (ธุรกิจการบิน),,,0,60,313,61,94.2500,69.7500
มหาวิทยาลัยเทคโนโลยีราชมงคลกรุงเทพ,วิทยาเขตหลัก,31920106211002A,0,0,คณะเทคโนโลยีคหกรรมศาสตร์,วท.บ. (เทคโนโลยีอาหารและนวัตกรรม),,,0,40,89,8,79.0000,52.5000
มหาวิทยาลัยเทคโนโลยีราชมงคลกรุงเทพ,วิทยาเขตหลัก,31920106500301A,0,0,คณะเทคโนโลยีคหกรรมศาสตร์,คศ.บ. (อาหารและโภชนาการ),,,0,60,213,54,98.7500,53.5000
มหาวิทยาลัยเทคโนโลยีราชมงคลกรุงเทพ,วิทยาเขตหลัก,31920106500302A,0,0,คณะเทคโนโลยีคหกรรมศาสตร์,คศ.บ. (เทคโนโลยีเสื้อผ้าและแพตเทิร์น),,,0,20,17,4,94.2500,56.0000
มหาวิทยาลัยเทคโนโลยีราชมงคลกรุงเทพ,วิทยาเขตหลัก,31920106500303A,0,0,คณะเทคโนโลยีคหกรรมศาสตร์,คศ.บ. (ธุรกิจอาหาร),,,0,30,106,18,95.5000,55.2500
มหาวิทยาลัยเทคโนโลยีราชมงคลกรุงเทพ,วิทยาเขตหลัก,31920106500304A,0,0,คณะเทคโนโลยีคหกรรมศาสตร์,วท.บ. (อาหารและการพัฒนาผลิตภัณฑ์),,,0,60,25,3,76.7500,59.7500
มหาวิทยาลัยเทคโนโลยีราชมงคลกรุงเทพ,วิทยาเขตหลัก,31920106500305A,0,0,คณะเทคโนโลยีคหกรรมศาสตร์,คศ.บ. (คหกรรมศาสตร)์,,,0,35,41,12,94.2500,62.7500
มหาวิทยาลัยเทคโนโลยีราชมงคลกรุงเทพ,วิทยาเขตหลัก,31920106703601A,0,0,คณะเทคโนโลยีคหกรรมศาสตร์,ศษ.บ. (คหกรรมศาสตร์ศึกษา),,,0,20,38,11,94.7500,59.0000
มหาวิทยาลัยเทคโนโลยีราชมงคลกรุงเทพ,วิทยาเขตหลัก,31920106800102A,0,0,คณะเทคโนโลยีคหกรรมศาสตร์,ทล.บ. (การออกแบบแฟชั่น),,,0,30,90,15,93.5000,57.2500
มหาวิทยาลัยเทคโนโลยีราชมงคลกรุงเทพ,วิทยาเขตหลัก,31920107610802A,0,0,คณะอุตสาหกรรมสิ่งทอ,บธ.บ. (ผู้ประกอบการธุรกิจแฟชั่น),,,0,40,59,15,95.7500,49.5000
มหาวิทยาลัยเทคโนโลยีราชมงคลกรุงเทพ,วิทยาเขตหลัก,31920107610802B,0,0,คณะอุตสาหกรรมสิ่งทอ,บธ.บ. (ผู้ประกอบการธุรกิจแฟชั่น),,,0,30,20,4,56.5000,36.0000
มหาวิทยาลัยเทคโนโลยีราชมงคลกรุงเทพ,วิทยาเขตหลัก,31920107800103A,0,0,คณะอุตสาหกรรมสิ่งทอ,ทล.บ. (ออกแบบสิ่งทอและแฟชั่น),,,0,35,48,8,88.2500,69.2500
มหาวิทยาลัยเทคโนโลยีราชมงคลกรุงเทพ,วิทยาเขตหลัก,31920108610202E,0,0,วิทยาลัยนานาชาติ,บธ.บ. (การจัดการธุรกิจระหว่างประเทศ),,,0,20,12,3,94.0000,62.0000
มหาวิทยาลัยเทคโนโลยีราชมงคลกรุงเทพ,วิทยาเขตหลัก,31920108610203E,0,0,วิทยาลัยนานาชาติ,บธ.บ. (การจัดการการท่องเที่ยวและบริการ นานาชาติ),,,0,20,5,2,82.5000,56.5000
มหาวิทยาลัยเทคโนโลยีราชมงคลกรุงเทพ,วิทยาเขตหลัก,31920108610502E,0,0,วิทยาลัยนานาชาติ,บธ.บ. (การบัญชีและเทคโนโลยีสารสนเทศ),,,0,20,7,0,0.0000,0.0000
มหาวิทยาลัยเทคโนโลยีราชมงคลตะวันออก,คณะ/สถาบัน ในส่วนกลาง,31930101210101A,0,0,เกษตรศาสตร์และทรัพยากรธรรมชาติ,วิทยาศาตรบัณฑิต(วท.บ.) สาขาวิชา เทคโนโลยีการจัดการอุตสาหกรรมเพื่อความ ยงั่ยืน,,,0,10,46,10,88.5000,62.5000
มหาวิทยาลัยเทคโนโลยีราชมงคลตะวันออก,คณะ/สถาบัน ในส่วนกลาง,31930101300701A,0,0,เกษตรศาสตร์และทรัพยากรธรรมชาติ,วิศวกรรมศาสตรบัณฑิต(วศ.บ.) สาขาวิชา วิศวกรรมเครื่องกล-เครื่องจักรกลเกษตร,,,0,20,28,9,75.7500,0.0000
มหาวิทยาลัยเทคโนโลยีราชมงคลตะวันออก,คณะ/สถาบัน ในส่วนกลาง,31930101500601A,0,0,เกษตรศาสตร์และทรัพยากรธรรมชาติ,วิทยาศาตรบัณฑิต(วท.บ.) สาขาวิชาเทคโนโลียเพาะเลี้ยงสัตว์น้ำและการจัดการ,,,0,15,49,4,91.0000,55.7500
มหาวิทยาลัยเทคโนโลยีราชมงคลตะวันออก,คณะ/สถาบัน ในส่วนกลาง,31930101501201A,0,0,เกษตรศาสตร์และทรัพยากรธรรมชาติ,วิทยาศาตรบัณฑิต(วท.บ.) สาขาวิชาสัตวศาสตร์,,,0,10,58,10,91.7500,78.7500
มหาวิทยาลัยเทคโนโลยีราชมงคลตะวันออก,คณะ/สถาบัน ในส่วนกลาง,31930101501301A,0,0,เกษตรศาสตร์และทรัพยากรธรรมชาติ,วิทยาศาตรบัณฑิต(วท.บ.) สาขาวิชา เทคโนโลยีการผลิตพืช,,,0,20,20,1,53.7500,53.7500
มหาวิทยาลัยเทคโนโลยีราชมงคลตะวันออก,คณะ/สถาบัน ในส่วนกลาง,31930105610201A,0,0,มนุษยศาสตร์และสังคมศาสตร์,บริหารธุรกิจบัณฑิต(บธ.บ.) สาขาวิชาการ จัดการ,,,0,20,64,14,96.2500,50.0000
มหาวิทยาลัยเทคโนโลยีราชมงคลตะวันออก,คณะ/สถาบัน ในส่วนกลาง,31930105610501A,0,0,มนุษยศาสตร์และสังคมศาสตร์,บัญชีบัณฑิต(บช.บ.),,,0,20,86,20,99.7500,69.0000
มหาวิทยาลัยเทคโนโลยีราชมงคลตะวันออก,คณะ/สถาบัน ในส่วนกลาง,31930105610801A,A,0,มนุษยศาสตร์และสังคมศาสตร์,บริหารธุรกิจบัณฑิต(บธ.บ.) วิชาเอกการตลาด สมัยใหม่,,วิชาเอก การตลาด สมัยใหม่,0,40,141,40,95.2500,63.7500
มหาวิทยาลัยเทคโนโลยีราชมงคลตะวันออก,คณะ/สถาบัน ในส่วนกลาง,31930105610801A,B,0,มนุษยศาสตร์และสังคมศาสตร์,บริหารธุรกิจบัณฑิต(บธ.บ.) วิชาเอกเทคโนโลียการลงทุน,,วิชาเอก เทคโนโลียการลงทุน,0,30,61,11,90.5000,52.0000
มหาวิทยาลัยเทคโนโลยีราชมงคลตะวันออก,คณะ/สถาบัน ในส่วนกลาง,31930105611001A,A,0,มนุษยศาสตร์และสังคมศาสตร์,บริหารธุรกิจบัณฑิต(บธ.บ.) สาขาวิชา เทคโนโลยีการจัดการโลจิสติกส์และซัพพลาย เชน วิชาเอกเทคโนโลยีการจัดการคลังสินค้า และศูนย์กระจายสินค้า,,วิชาเอก เทคโนโลียการจัดการ คลังสินค้า และศูน์ยกระจาย สินค้า,0,30,127,30,90.2500,69.2500
มหาวิทยาลัยเทคโนโลยีราชมงคลตะวันออก,คณะ/สถาบัน ในส่วนกลาง,31930105611001A,B,0,มนุษยศาสตร์และสังคมศาสตร์,บริหารธุรกิจบัณฑิต(บธ.บ.) สาขาวิชา เทคโนโลยีการจัดการโลจิสติกส์และซัพพลาย เชน วิชาเอกการค้าระหว่างประเทศและเทคโนโลยีการจัดการขนส่ง,,วิชาเอก การค้า ระหว่าง ประเทศและ เทคโนโลียการจัดการ ขนส่ง,0,20,128,20,98.2500,76.7500
มหาวิทยาลัยเทคโนโลยีราชมงคลตะวันออก,คณะ/สถาบัน ในส่วนกลาง,31930105902501A,0,0,มนุษยศาสตร์และสังคมศาสตร์,ศิลปศาสตรบัณฑิต(ศศ.บ.) สาขาวิชา ภาษาอังกฤษเพื่อการสื่อสารสากล,,,0,30,83,23,97.7500,62.5000
มหาวิทยาลัยเทคโนโลยีราชมงคลตะวันออก,คณะ/สถาบัน ในส่วนกลาง,31930106111101A,0,0,วิทยาศาสตร์และเทคโนโลยี,วิทยาศาสตรบัณฑิต(วท.บ.) สาขาวิชา ผลิตภัณฑ์เพื่อสุขภาพและความงาม,,,0,30,75,15,87.0000,0.0000
มหาวิทยาลัยเทคโนโลยีราชมงคลตะวันออก,คณะ/สถาบัน ในส่วนกลาง,31930106112701A,0,0,วิทยาศาสตร์และเทคโนโลยี,วิทยาศาสตรบัณฑิต(วท.บ.) สาขาวิชาการ จัดการสิ่งแวดล้อมและความปลอดภัย,,,0,20,77,20,93.5000,69.5000
มหาวิทยาลัยเทคโนโลยีราชมงคลตะวันออก,คณะ/สถาบัน ในส่วนกลาง,31930106211001A,0,0,วิทยาศาสตร์และเทคโนโลยี,วิทยาศาสตรบัณฑิต(วท.บ.) สาขาวิชา วิทยาศาสตร์และเทคโนโลยีการอาหาร,,,0,30,38,5,97.0000,33.0000
มหาวิทยาลัยเทคโนโลยีราชมงคลตะวันออก,คณะ/สถาบัน ในส่วนกลาง,31930106211201A,0,0,วิทยาศาสตร์และเทคโนโลยี,วิทยาศาสตรบัณฑิต(วท.บ.) สาขาวิชา นวัตกรรมผลิตภัณฑ์ชีวภาพ,,,0,60,9,1,41.2500,41.2500
มหาวิทยาลัยเทคโนโลยีราชมงคลตะวันออก,คณะ/สถาบัน ในส่วนกลาง,31930106213501A,0,0,วิทยาศาสตร์และเทคโนโลยี,วิทยาศาสตรบัณฑิต(วท.บ.) สาขาวิชา เทคโนโลยีการประกอบอาหารและการบริการ,,,0,20,19,3,88.2500,63.0000
มหาวิทยาลัยเทคโนโลยีราชมงคลตะวันออก,คณะ/สถาบัน ในส่วนกลาง,31930106220101A,0,0,วิทยาศาสตร์และเทคโนโลยี,วิทยาศาสตรบัณฑิต(วท.บ.) สาขาวิชา เทคโนโลยีสารสนเทศและการสื่อสาร,,,0,60,62,20,91.7500,0.0000
มหาวิทยาลัยเทคโนโลยีราชมงคลตะวันออก,คณะ/สถาบัน ในส่วนกลาง,31930106220201A,0,0,วิทยาศาสตร์และเทคโนโลยี,วิทยาศาสตรบัณฑิต(วท.บ.) สาขาวิชา วิทยาการคอมพิวเตอร์,,,0,20,59,10,93.5000,57.5000
มหาวิทยาลัยเทคโนโลยีราชมงคลตะวันออก,คณะ/สถาบัน ในส่วนกลาง,31930110112901A,0,0,สัตวแพทยศาสตร์,วิทยาศาสตรบัณฑิต(วท.บ.) สาขาวิชา วิทยาศาสตร์สุขภาพสัตว์,,,0,60,37,19,41.7696,12.2493
มหาวิทยาลัยเทคโนโลยีราชมงคลตะวันออก,คณะ/สถาบัน ในส่วนกลาง,31930111300701A,0,0,สำนักวิชาวิศวกรรมศาสตร์และนวัตกรรม,วิศวกรรมศาสตรบัณฑิต(วศ.บ.)สาขาวิชา วิศวกรรมเครื่องกล,,,0,15,45,13,89.5000,63.0000
มหาวิทยาลัยเทคโนโลยีราชมงคลตะวันออก,คณะ/สถาบัน ในส่วนกลาง,31930111301901A,0,0,สำนักวิชาวิศวกรรมศาสตร์และนวัตกรรม,วิศวกรรมศาสตรบัณฑิต(วศ.บ.) สาขาวิชา วิศวกรรมเมคคาทรอนิกส์และหุ่นยนต์,,,0,5,30,5,98.2500,81.5000
มหาวิทยาลัยเทคโนโลยีราชมงคลตะวันออก,คณะ/สถาบัน ในส่วนกลาง,31930111303501A,0,0,สำนักวิชาวิศวกรรมศาสตร์และนวัตกรรม,วิศวกรรมศาสตรบัณฑิต(วศ.บ.) สาขาวิชา วิศวกรรมอุตสาหการและโลจิสติกส์,,,0,50,144,37,93.5000,55.5000
มหาวิทยาลัยเทคโนโลยีราชมงคลตะวันออก,วิทยาเขตจักรพงษภูวนารถ,31930204220101A,0,0,บริหารธุรกิจและเทคโนโลยีสารสนเทศ,วิทยาศาสตรบัณฑิต(วท.บ.) สาขาวิชา เทคโนโลยีสารสนเทศ,,,0,30,18,3,90.7500,75.2500
มหาวิทยาลัยเทคโนโลยีราชมงคลตะวันออก,วิทยาเขตจักรพงษภูวนารถ,31930204220102A,0,0,บริหารธุรกิจและเทคโนโลยีสารสนเทศ,เทคโนโลยีบัณฑิต(ทล.บ.) สาขาวิชานวัตกรรม การสื่อสาร,,,0,30,17,1,88.7500,88.7500
มหาวิทยาลัยเทคโนโลยีราชมงคลตะวันออก,วิทยาเขตจักรพงษภูวนารถ,31930204220201A,0,0,บริหารธุรกิจและเทคโนโลยีสารสนเทศ,วิทยาศาสตรบัณฑิต(วท.บ.) สาขาวิชา วิทยาการคอมพิวเตอร์,,,0,60,53,8,88.5000,55.2500
มหาวิทยาลัยเทคโนโลยีราชมงคลตะวันออก,วิทยาเขตจักรพงษภูวนารถ,31930204220301A,0,0,บริหารธุรกิจและเทคโนโลยีสารสนเทศ,วิทยาศาสตรบัณฑิต(วท.บ.) สาขาวิชา วิทยาการข้อมูลและนวัตกรรมธุรกิจ (อยู่ ระหว่างการปรับปรุง),,,0,30,6,0,0.0000,0.0000
มหาวิทยาลัยเทคโนโลยีราชมงคลตะวันออก,วิทยาเขตจักรพงษภูวนารถ,31930204610501A,0,0,บริหารธุรกิจและเทคโนโลยีสารสนเทศ,บัญชีบัณฑิต(บช.บ.),,,0,40,38,14,98.5000,64.2500
มหาวิทยาลัยเทคโนโลยีราชมงคลตะวันออก,วิทยาเขตจักรพงษภูวนารถ,31930204610801A,A,0,บริหารธุรกิจและเทคโนโลยีสารสนเทศ,บริหารธุรกิจบัณฑิต(บธ.บ.) วิชาเอกการตลาด,,วิชาเอก การตลาด,0,20,34,3,73.2500,50.0000
มหาวิทยาลัยเทคโนโลยีราชมงคลตะวันออก,วิทยาเขตจักรพงษภูวนารถ,31930204610801A,B,0,บริหารธุรกิจและเทคโนโลยีสารสนเทศ,บริหารธุรกิจบัณฑิต(บธ.บ.) วิชาเอกการจัดการ,,วิชาเอกการ จัดการ,0,20,18,5,82.0000,60.2500
มหาวิทยาลัยเทคโนโลยีราชมงคลตะวันออก,วิทยาเขตจักรพงษภูวนารถ,31930204610801A,C,0,บริหารธุรกิจและเทคโนโลยีสารสนเทศ,บริหารธุรกิจบัณฑิต(บธ.บ.) วิชาเอกระบบ สารสนเทศ,,วิชาเอก ระบบ สารสนเทศ,0,20,14,2,74.7500,61.2500
มหาวิทยาลัยเทคโนโลยีราชมงคลตะวันออก,วิทยาเขตจักรพงษภูวนารถ,31930204611001A,0,0,บริหารธุรกิจและเทคโนโลยีสารสนเทศ,บริหารธุรกิจบัณฑิต(บธ.บ.) สาขาวิชาการ จัดการเทคโนโลยีโลจิสติกส์และซัพพลายเชน สมัยให่ม(อยรู่ ะหว่างการปรับปรุง),,,0,80,65,23,99.5000,54.0000
มหาวิทยาลัยเทคโนโลยีราชมงคลตะวันออก,วิทยาเขตจักรพงษภูวนารถ,31930204900801A,0,0,บริหารธุรกิจและเทคโนโลยีสารสนเทศ,เทคโนโลยีบัณฑิต(ทล.บ.) สาขาวิชาเทคโนโลียสื่อดิจิทัล,,,0,30,36,10,94.7500,53.7500
มหาวิทยาลัยเทคโนโลยีราชมงคลตะวันออก,วิทยาเขตจักรพงษภูวนารถ,31930208620101A,A,0,ศิลปศาสตร์,ศิลปศาสตรบัณฑิต(ศศ.บ) แขนงวิชานวัตกรรม การท่องเที่ยว,,แขนงวิชา นวัตกรรม การท่องเที่ยว,0,30,20,0,0.0000,0.0000
มหาวิทยาลัยเทคโนโลยีราชมงคลตะวันออก,วิทยาเขตจักรพงษภูวนารถ,31930208620101A,B,0,ศิลปศาสตร์,ศิลปศาสตรบัณฑิต(ศศ.บ) แขนงวิชานวัตกรรม การโรงแรมและที่พัก,,แขนงวิชา นวัตกรรม การโรงแรม และที่พัก,0,30,11,0,0.0000,0.0000
มหาวิทยาลัยเทคโนโลยีราชมงคลตะวันออก,วิทยาเขตจักรพงษภูวนารถ,31930208900001A,0,0,ศิลปศาสตร์,ศิลปศาสตรบัณฑิต(ศศ.บ) สาขาวิชาการ จัดการทุนมนุษย์และนวัตกรรมสังคม,,,0,30,18,1,68.2500,68.2500
มหาวิทยาลัยเทคโนโลยีราชมงคลตะวันออก,วิทยาเขตจักรพงษภูวนารถ,31930208901801A,0,0,ศิลปศาสตร์,ศิลปศาสตรบัณฑิต(ศศ.บ) สาขาวิชาภาษาจีน เพื่ออุตสาหกรรมบริการ,,,0,30,50,10,90.0000,46.2500
มหาวิทยาลัยเทคโนโลยีราชมงคลตะวันออก,วิทยาเขตจักรพงษภูวนารถ,31930208902501A,0,0,ศิลปศาสตร์,ศิลปศาสตรบัณฑิต(ศศ.บ) สาขาวิชา ภาษาอังกฤษเพื่อการประกอบการธุรกิจและการสื่อสารนานาชาติ,,,0,30,53,18,98.2500,0.0000
มหาวิทยาลัยเทคโนโลยีราชมงคลตะวันออก,วิทยาเขตจันทบุรี,31930302213501A,0,0,เทคโนโลยีสังคม,วิทยาศาสตรบัณฑิต(วท.บ.) สาขาวิชา วิทยาศาสตร์ประยุก์ต(อยรู่ ะหว่างอนุมัติ ปรับปรุงหลักสูตร),,,0,30,1,0,0.0000,0.0000
มหาวิทยาลัยเทคโนโลยีราชมงคลตะวันออก,วิทยาเขตจันทบุรี,31930302220101A,0,0,เทคโนโลยีสังคม,วิทยาศาสตรบัณฑิต(วท.บ.) สาขาวิชา เทคโนโลยีสารสนเทศ,,,0,30,1,0,0.0000,0.0000
มหาวิทยาลัยเทคโนโลยีราชมงคลตะวันออก,วิทยาเขตจันทบุรี,31930302220102A,0,0,เทคโนโลยีสังคม,วิทยาศาสตรบัณฑิต(วท.บ.) สาขาวิชา เทคโนโลยีดิจิทัลและมีเดียคอนเวอร์เจนซ์,,,0,30,0,0,0.0000,0.0000
มหาวิทยาลัยเทคโนโลยีราชมงคลตะวันออก,วิทยาเขตจันทบุรี,31930302610501A,0,0,เทคโนโลยีสังคม,บัญชีบัณฑิต(บช.บ.),,,0,10,4,0,0.0000,0.0000
มหาวิทยาลัยเทคโนโลยีราชมงคลตะวันออก,วิทยาเขตจันทบุรี,31930302610801A,0,0,เทคโนโลยีสังคม,บริหารธุรกิจบัณฑิต(บธ.บ.),,,0,30,0,0,0.0000,0.0000
มหาวิทยาลัยเทคโนโลยีราชมงคลตะวันออก,วิทยาเขตจันทบุรี,31930302610801A,A,0,เทคโนโลยีสังคม,บริหารธุรกิจบัณฑิต(บธ.บ.) วิชาเอกการ จัดการทรัพยากรมนุษย์,,วิชาเอกการ จัดการ ทรัพยากร มนุษย์,0,20,12,1,72.2500,72.2500
มหาวิทยาลัยเทคโนโลยีราชมงคลตะวันออก,วิทยาเขตจันทบุรี,31930302610801A,B,0,เทคโนโลยีสังคม,บริหารธุรกิจบัณฑิต(บธ.บ.) วิชาเอกการจัดการ เพื่อผู้ประกอบการ,,วิชาเอกการ จัดการเพื่อ ผู้ประกอบกา ร,0,10,5,2,94.7500,56.0000
มหาวิทยาลัยเทคโนโลยีราชมงคลตะวันออก,วิทยาเขตจันทบุรี,31930302610801A,C,0,เทคโนโลยีสังคม,บริหารธุรกิจบัณฑิต(บธ.บ.) วิชาเอกการ จัดการโลจิสติกส์,,วิชาเอกการ จัดการโลิจสติกส์,0,20,19,3,90.2500,61.2500
มหาวิทยาลัยเทคโนโลยีราชมงคลตะวันออก,วิทยาเขตจันทบุรี,31930302610801A,D,0,เทคโนโลยีสังคม,บริหารธุรกิจบัณฑิต(บธ.บ.) วิชาเอกการจัดการ เศรษฐกิจและการลงทุนสีเขียว,,วิชาเอกการ จัดการ เศรษฐกิจ และการ ลงทุนสีเขียว,0,30,0,0,0.0000,0.0000
มหาวิทยาลัยเทคโนโลยีราชมงคลตะวันออก,วิทยาเขตจันทบุรี,31930302620101A,0,0,เทคโนโลยีสังคม,ศิลปศาสตรบัณฑิต(ศศ.บ) วิชาเอกนวัตกรรม การท่องเที่ยวและการโรงแรม,,แขนงวิชา นวัตกรรม การท่องเที่ยว,0,30,6,2,68.5000,66.5000
มหาวิทยาลัยเทคโนโลยีราชมงคลตะวันออก,วิทยาเขตจันทบุรี,31930302902501A,0,0,เทคโนโลยีสังคม,ศิลปศาสตรบัณฑิต(ศศ.บ) สาขาวิชา ภาษาอังกฤษเพื่ออุตสาหกรรมธุรกิจบริการ,,,0,10,1,1,57.0000,57.0000
มหาวิทยาลัยเทคโนโลยีราชมงคลตะวันออก,วิทยาเขตจันทบุรี,31930303211101A,0,0,เทคโนโลยีอุตสาหกรรมการเกษตร,อุตสาหกรรมศาสตรบัณฑิต(อส.บ.) เทคโนโลียเครื่องกล,,,0,10,2,0,0.0000,0.0000
มหาวิทยาลัยเทคโนโลยีราชมงคลตะวันออก,วิทยาเขตจันทบุรี,31930303212401A,A,0,เทคโนโลยีอุตสาหกรรมการเกษตร,วิทยาศาสตรบัณฑิต(วท.บ.) วิชาเอกนวัตกรรม อาหารและโภชนาการ,,วิชาเอก นวัตกรรม อาหารและ โภชนาการ,0,10,5,0,0.0000,0.0000
มหาวิทยาลัยเทคโนโลยีราชมงคลตะวันออก,วิทยาเขตจันทบุรี,31930303212401A,B,0,เทคโนโลยีอุตสาหกรรมการเกษตร,วิทยาศาสตรบัณฑิต(วท.บ.) วิชาเอกนวัตกรรม การจัดการธุรกิจอาหาร,,วิชาเอก นวัตกรรม การจัดการ ธุรกิจอาหาร,0,10,2,1,58.0000,58.0000
มหาวิทยาลัยเทคโนโลยีราชมงคลตะวันออก,วิทยาเขตจันทบุรี,31930303212401A,C,0,เทคโนโลยีอุตสาหกรรมการเกษตร,วิทยาศาสตรบัณฑิต(วท.บ.) วิชาเอกนวัตกรรม การประกอบอาหารและแปรรูป,,วิชาเอก นวัตกรรม การ ประกอบ อาหารและ แปรรูป,0,10,0,0,0.0000,0.0000
มหาวิทยาลัยเทคโนโลยีราชมงคลตะวันออก,วิทยาเขตจันทบุรี,31930303500401A,0,0,เทคโนโลยีอุตสาหกรรมการเกษตร,วิทยาศาสตรบัณฑิต(วท.บ.) สาขาวิชา เทคโนโลยีการเกษตร,,,0,30,4,1,50.5000,50.5000
มหาวิทยาลัยเทคโนโลยีราชมงคลตะวันออก,วิทยาเขตจันทบุรี,31930303500601A,0,0,เทคโนโลยีอุตสาหกรรมการเกษตร,วิทยาศาสตรบัณฑิต(วท.บ.) สาขาวิชา เพาะเลี้ยงสัตว์น้ำและการจัดการประมง,,,0,30,3,0,0.0000,0.0000
มหาวิทยาลัยเทคโนโลยีราชมงคลตะวันออก,วิทยาเขตจันทบุรี,31930303501201A,0,0,เทคโนโลยีอุตสาหกรรมการเกษตร,วิทยาศาสตรบัณฑิต(วท.บ.) สาขาวิชา เทคโนโลยีการผลิตสัตว์,,,0,30,12,1,66.2500,66.2500
มหาวิทยาลัยเทคโนโลยีราชมงคลตะวันออก,วิทยาเขตจันทบุรี,31930303501301A,0,0,เทคโนโลยีอุตสาหกรรมการเกษตร,วิทยาศาสตรบัณฑิต(วท.บ.) สาขาวิชาพืชศาสตร์,,,0,30,1,0,0.0000,0.0000
มหาวิทยาลัยเทคโนโลยีราชมงคลตะวันออก,วิทยาเขตจันทบุรี,31930316301601A,0,0,คณะวิศวกรรมศาสตร์บูรณาการและเทคโนโลยี,วิศวกรรมศาสตรบัณฑิต(วศ.บ.) สาขาวิชา วิศวกรรมไฟฟ้า,,,0,30,38,8,94.0000,58.7500
มหาวิทยาลัยเทคโนโลยีราชมงคลตะวันออก,วิทยาเขตจันทบุรี,31930316303501A,0,0,คณะวิศวกรรมศาสตร์บูรณาการและเทคโนโลยี,วิศวกรรมศาสตรบัณฑิต(วศ.บ.) สาขาวิชา วิศวกรรมอุตสาหการ,,,0,30,8,0,0.0000,0.0000
มหาวิทยาลัยเทคโนโลยีราชมงคลตะวันออก,วิทยาเขตจันทบุรี,31930316303601A,0,0,คณะวิศวกรรมศาสตร์บูรณาการและเทคโนโลยี,วิศวกรรมศาสตรบัณฑิต(วศ.บ.) สาขาวิชา วิศวกรรมยานยนต์ไฟฟ้า,,,0,30,10,4,91.7500,57.0000
มหาวิทยาลัยเทคโนโลยีราชมงคลตะวันออก,วิทยาเขตอุเทน ถวาย,31930407210201A,0,0,วิศวกรรมศาสตร์และสถาปัตยกรรม ศาสตร์,วิทยาศาสตรบัณฑิต(วท.บ.) สาขาวิชาการ จัดการโลจิสติกส์และซัพพลายเชน,,,0,20,35,13,88.2500,53.2500
มหาวิทยาลัยเทคโนโลยีราชมงคลตะวันออก,วิทยาเขตอุเทน ถวาย,31930407301201A,0,0,วิศวกรรมศาสตร์และสถาปัตยกรรม ศาสตร์,วิศวกรรมศาสตรบัณฑิต(วศ.บ.) สาขาวิชา วิศวกรรมก่อสร้าง,,,0,10,57,11,87.0000,68.7500
มหาวิทยาลัยเทคโนโลยีราชมงคลตะวันออก,วิทยาเขตอุเทน ถวาย,31930407302101A,0,0,วิศวกรรมศาสตร์และสถาปัตยกรรม ศาสตร์,วิศวกรรมศาสตรบัณฑิต(วศ.บ.) สาขาวิชา วิศวกรรมโยธา,,,0,20,141,20,98.2500,79.2500
มหาวิทยาลัยเทคโนโลยีราชมงคลตะวันออก,วิทยาเขตอุเทน ถวาย,31930407400201A,0,0,วิศวกรรมศาสตร์และสถาปัตยกรรม ศาสตร์,เทคโนโลยีบัณฑิต(ทล.บ.) สาขาวิชา เทคโนโลยีการออกแบบเชิงสร้างสรรค์,,,0,20,19,6,79.0000,52.2500
มหาวิทยาลัยเทคโนโลยีราชมงคลตะวันออก,วิทยาเขตอุเทน ถวาย,31930407400501A,0,0,วิศวกรรมศาสตร์และสถาปัตยกรรม ศาสตร์,สถาปัตยกรรมศาสตรบัณฑิต(สถ.บ.),,,0,10,45,10,83.5000,54.7500
มหาวิทยาลัยเทคโนโลยีราชมงคลตะวันออก,วิทยาเขตอุเทน ถวาย,31930407400502A,0,0,วิศวกรรมศาสตร์และสถาปัตยกรรม ศาสตร์,สถาปัตยกรรมศาสตรบัณฑิต(สถ.บ.) สาขาวิชา การโยธาและพัฒนาอสังหาริมทรัพ์ย(หลักสูตร พหุวิทยาการ),,,0,10,40,10,66.5000,42.0000
มหาวิทยาลัยเทคโนโลยีราชมงคลตะวันออก,วิทยาเขตอุเทน ถวาย,31930407400701A,0,0,วิศวกรรมศาสตร์และสถาปัตยกรรม ศาสตร์,สถาปัตยกรรมศาสตรบัณฑิต(สถ.บ.) สาขาวิชา สถาปัตยกรรมภายใน,,,0,10,64,10,83.7500,64.5000
มหาวิทยาลัยเทคโนโลยีราชมงคลตะวันออก,วิทยาเขตอุเทน ถวาย,31930407611001A,0,0,วิศวกรรมศาสตร์และสถาปัตยกรรม ศาสตร์,วิทยาศาสตรบัณฑิต(วท.บ.) สาขาวิชาการ จัดการโลจิสติกส์และซัพพลายเชน,,,0,20,65,20,86.5000,58.5000
มหาวิทยาลัยเทคโนโลยีราชมงคลพระนคร,เทเวศร์,31940305701101A,0,0,คณะครุศาสตร์อุตสาหกรรม,ค.อ.บ. เครื่องกล,,,0,25,15,4,46.8296,15.9000
มหาวิทยาลัยเทคโนโลยีราชมงคลพระนคร,เทเวศร์,31940305703401A,0,0,คณะครุศาสตร์อุตสาหกรรม,ค.อ.บ. อุตสาหการ,,,0,25,12,5,48.7762,22.7250
มหาวิทยาลัยเทคโนโลยีราชมงคลพระนคร,เทเวศร์,31940308903801A,0,0,คณะเทคโนโลยีสื่อสารมวลชน,ทล.บ. เทคโนโลยีสื่อสารมวลชน - เทคโนโลียการโฆษณาและประชาสัมพันธ์,,,0,40,189,40,96.2500,73.0000
มหาวิทยาลัยเทคโนโลยีราชมงคลพระนคร,เทเวศร์,31940308903802A,0,0,คณะเทคโนโลยีสื่อสารมวลชน,ทล.บ. เทคโนโลยีสื่อสารมวลชน - มีเดียโปร ดักชั่นเทคโนโลยี,,,0,40,190,40,95.7500,78.2500
มหาวิทยาลัยเทคโนโลยีราชมงคลพระนคร,เทเวศร์,31940308903803A,0,0,คณะเทคโนโลยีสื่อสารมวลชน,ทล.บ. เทคโนโลยีสื่อสารมวลชน - เทคโนโลียมัติมีเดีย,,,0,40,145,30,96.5000,63.5000
มหาวิทยาลัยเทคโนโลยีราชมงคลพระนคร,เทเวศร์,31940308903804A,0,0,คณะเทคโนโลยีสื่อสารมวลชน,ทล.บ. เทคโนโลยีสื่อสารมวลชน - ครีเอทีฟ มีเดียเทคโนโลยี,,,0,40,128,40,98.2500,70.7500
มหาวิทยาลัยเทคโนโลยีราชมงคลพระนคร,พระนครเหนือ,31940502110001A,0,0,คณะวิทยาศาสตร์และเทคโนโลยี,วท.บ. เทคโนโลยีสุขภาพ เครื่องสำอางและการ ชะลอวัย,,,0,30,129,30,97.5000,78.5000
มหาวิทยาลัยเทคโนโลยีราชมงคลพระนคร,พระนครเหนือ,31940502210101A,0,0,คณะวิทยาศาสตร์และเทคโนโลยี,วท.บ.การจัดการสภาพภูมิอากาศและ สิ่งแวดล้อม,,,0,25,52,7,78.5000,55.7500
มหาวิทยาลัยเทคโนโลยีราชมงคลพระนคร,พระนครเหนือ,31940502210101B,0,0,คณะวิทยาศาสตร์และเทคโนโลยี,วท.บ.การจัดการสภาพภูมิอากาศและ สิ่งแวดล้อม,,,0,10,7,1,0.0000,0.0000
มหาวิทยาลัยเทคโนโลยีราชมงคลพระนคร,พระนครเหนือ,31940502212801A,0,0,คณะวิทยาศาสตร์และเทคโนโลยี,วท.บ. วัสดุศาสตร์อุตสาหกรรม,,,0,25,83,25,92.0000,48.0000
มหาวิทยาลัยเทคโนโลยีราชมงคลพระนคร,พระนครเหนือ,31940502212801B,0,0,คณะวิทยาศาสตร์และเทคโนโลยี,วท.บ. วัสดุศาสตร์อุตสาหกรรม,,,0,25,8,1,80.2500,80.2500
มหาวิทยาลัยเทคโนโลยีราชมงคลพระนคร,พระนครเหนือ,31940502213101A,0,0,คณะวิทยาศาสตร์และเทคโนโลยี,วท.บ. วิทยาศาสตร์และเทคโนโลยีสิ่งแวดล้อม,,,0,30,87,20,92.5000,60.2500
มหาวิทยาลัยเทคโนโลยีราชมงคลพระนคร,พระนครเหนือ,31940502213301A,0,0,คณะวิทยาศาสตร์และเทคโนโลยี,วท.บ. สถิติสารสนเทศ,,,0,30,34,4,82.0000,71.7500
มหาวิทยาลัยเทคโนโลยีราชมงคลพระนคร,พระนครเหนือ,31940502220201A,0,0,คณะวิทยาศาสตร์และเทคโนโลยี,วท.บ. วิทยาการคอมพิวเตอร์,,,0,20,187,21,97.0000,82.2500
มหาวิทยาลัยเทคโนโลยีราชมงคลพระนคร,พระนครเหนือ,31940502220301A,0,0,คณะวิทยาศาสตร์และเทคโนโลยี,วท.บ. วิทยาการข้อมูลและเทคโนโลยีสารสนเทศ,,,0,25,121,25,98.0000,60.2500
มหาวิทยาลัยเทคโนโลยีราชมงคลพระนคร,พระนครเหนือ,31940504300301A,0,0,คณะวิศวกรรมศาสตร์,วศ.บ. วิศวกรรมเครื่องมือและแม่พิมพ์,,,0,5,68,5,52.4953,48.1142
มหาวิทยาลัยเทคโนโลยีราชมงคลพระนคร,พระนครเหนือ,31940504300501A,0,0,คณะวิศวกรรมศาสตร์,วศ.บ. วิศวกรรมคอมพิวเตอร์,,,0,10,237,10,69.1703,58.9246
มหาวิทยาลัยเทคโนโลยีราชมงคลพระนคร,พระนครเหนือ,31940504300701A,0,0,คณะวิศวกรรมศาสตร์,วศ.บ. วิศวกรรมเครื่องกล,,,0,30,414,30,66.3434,53.5252
มหาวิทยาลัยเทคโนโลยีราชมงคลพระนคร,พระนครเหนือ,31940504301601A,0,0,คณะวิศวกรรมศาสตร์,วศ.บ. วิศวกรรมไฟฟ้า,,,0,40,382,40,65.9631,55.8611
มหาวิทยาลัยเทคโนโลยีราชมงคลพระนคร,พระนครเหนือ,31940504301801A,0,0,คณะวิศวกรรมศาสตร์,วศ.บ. วิศวกรรมไฟฟ้าสื่อสารและระบบอัจฉริยะ,,,0,15,114,15,59.7741,49.5255
มหาวิทยาลัยเทคโนโลยีราชมงคลพระนคร,พระนครเหนือ,31940504301901A,0,0,คณะวิศวกรรมศาสตร์,วศ.บ. วิศวกรรมเมคคาทรอนิกส์,,,0,15,191,15,58.9645,50.9182
มหาวิทยาลัยเทคโนโลยีราชมงคลพระนคร,พระนครเหนือ,31940504303501A,0,0,คณะวิศวกรรมศาสตร์,วศ.บ. วิศวกรรมอุตสาหการ,,,0,15,269,15,64.2293,53.6893
มหาวิทยาลัยเทคโนโลยีราชมงคลพระนคร,พระนครเหนือ,31940504800101A,0,0,คณะวิศวกรรมศาสตร์,ศล.บ. อัญมณีรังสรรค์,,,0,15,49,12,71.5992,48.8948
มหาวิทยาลัยเทคโนโลยีราชมงคลพระนคร,พณิชยการพระ นคร,31940701620101A,0,0,คณะศิลปศาสตร์,ศศ.บ. การท่องเที่ยวและการบริการ,,,0,20,149,20,93.2500,63.5000
มหาวิทยาลัยเทคโนโลยีราชมงคลพระนคร,พณิชยการพระ นคร,31940701620102A,0,0,คณะศิลปศาสตร์,ศศ.บ. การจัดการโรงแรมและธุรกิจบริการ,,,0,20,91,15,90.0000,54.5000
มหาวิทยาลัยเทคโนโลยีราชมงคลพระนคร,พณิชยการพระ นคร,31940701702001A,0,0,คณะศิลปศาสตร์,ศศ.บ. ภาษาอังกฤษเพื่อการสื่อสารสากล,,,0,20,129,20,100.0000,84.2500
มหาวิทยาลัยเทคโนโลยีราชมงคลพระนคร,พณิชยการพระ นคร,31940701702002A,0,0,คณะศิลปศาสตร์,ศศ.บ. ภาษาไทยประยุกต์เพื่ออาชีพและนวัตกรรมการสื่อสาร,,,0,20,36,12,94.0000,56.7500
มหาวิทยาลัยเทคโนโลยีราชมงคลพระนคร,พณิชยการพระ นคร,31940703610101A,0,0,คณะบริหารธุรกิจ,บธ.บ. นวัตกรรมทางการเงินและการลงทุน - กลุ่มวิชานวัตกรรมทางการเงินและการลงทุน,,,0,30,171,30,90.0000,69.0000
มหาวิทยาลัยเทคโนโลยีราชมงคลพระนคร,พณิชยการพระ นคร,31940703610201A,0,0,คณะบริหารธุรกิจ,บธ.บ. การจัดการ,,,0,20,181,20,96.5000,76.0000
มหาวิทยาลัยเทคโนโลยีราชมงคลพระนคร,พณิชยการพระ นคร,31940703610301A,0,0,คณะบริหารธุรกิจ,บธ.บ. การเป็นผู้ประกอบการ,,,0,30,91,24,92.7500,0.0000
มหาวิทยาลัยเทคโนโลยีราชมงคลพระนคร,พณิชยการพระ นคร,31940703610501A,0,0,คณะบริหารธุรกิจ,บช.บ. การบัญชี,,,0,60,308,63,98.7500,86.2500
มหาวิทยาลัยเทคโนโลยีราชมงคลพระนคร,พณิชยการพระ นคร,31940703610601A,0,0,คณะบริหารธุรกิจ,บธ.บ. การตลาด,,,0,55,253,55,97.5000,69.2500
มหาวิทยาลัยเทคโนโลยีราชมงคลพระนคร,พณิชยการพระ นคร,31940703610801A,0,0,คณะบริหารธุรกิจ,บธ.บ. นวัตกรรมธุรกิจบริการยงั่ยืน,,,0,30,44,11,75.7500,53.5000
มหาวิทยาลัยเทคโนโลยีราชมงคลพระนคร,พณิชยการพระ นคร,31940703610801E,0,0,คณะบริหารธุรกิจ,บธ.บ.การจัดการธุรกิจระหว่างประเทศ,,,0,10,24,3,72.7500,0.0000
มหาวิทยาลัยเทคโนโลยีราชมงคลพระนคร,พณิชยการพระ นคร,31940703610901A,0,0,คณะบริหารธุรกิจ,บธ.บ. ระบบสารสนเทศและนวัตกรรมดิจิทัล,,,0,30,92,24,89.0000,0.0000
มหาวิทยาลัยเทคโนโลยีราชมงคลพระนคร,พณิชยการพระ นคร,31940703611001A,0,0,คณะบริหารธุรกิจ,บธ.บ. การจัดการโลจิสติกส์และโซ่อุปทาน,,,0,20,249,20,94.0000,87.7500
มหาวิทยาลัยเทคโนโลยีราชมงคลพระนคร,พณิชยการพระ นคร,31940703611101A,0,0,คณะบริหารธุรกิจ,บธ.บ. นวัตกรรมทางการเงินและการลงทุน - กลุ่มวิชาเศรษฐศาสตร์ดิจิทัล,,,0,30,96,26,87.0000,0.0000
มหาวิทยาลัยเทคโนโลยีราชมงคลพระนคร,พณิชยการพระ นคร,31940706211801A,0,0,คณะอุตสาหกรรมสิ่งทอและออกแบบ แฟชั่น,ทล.บ. นวัตกรรมและเทคโนโลยีสิ่งทอ,,,0,15,2,0,0.0000,0.0000
มหาวิทยาลัยเทคโนโลยีราชมงคลพระนคร,พณิชยการพระ นคร,31940706212101A,0,0,คณะอุตสาหกรรมสิ่งทอและออกแบบ แฟชั่น,ทล.บ. เทคโนโลยีเสื้อผ้าและการจัดการธุรกิจ แฟชั่น,,,0,10,23,3,55.5000,0.0000
มหาวิทยาลัยเทคโนโลยีราชมงคลพระนคร,พณิชยการพระ นคร,31940706800101A,0,0,คณะอุตสาหกรรมสิ่งทอและออกแบบ แฟชั่น,ทล.บ. ออกแบบแฟชั่นและสิ่งทอ - ออกแบบ แฟชั่น,,,0,20,27,3,96.0000,0.0000
มหาวิทยาลัยเทคโนโลยีราชมงคลพระนคร,พณิชยการพระ นคร,31940706800102A,0,0,คณะอุตสาหกรรมสิ่งทอและออกแบบ แฟชั่น,ทล.บ. ออกแบบแฟชั่นและสิ่งทอ - ออกแบบ ผลิตภัณฑ์สิ่งทอ,,,0,10,15,3,69.0000,52.5000
มหาวิทยาลัยเทคโนโลยีราชมงคลพระนคร,โชติเวช,31941207211001A,0,0,คณะเทคโนโลยีคหกรรมศาสตร์,วท.บ. เทคโนโลยีอาหาร,,,0,10,44,2,85.2500,74.0000
มหาวิทยาลัยเทคโนโลยีราชมงคลพระนคร,โชติเวช,31941207500301A,0,0,คณะเทคโนโลยีคหกรรมศาสตร์,คศ.บ. อาหารและโภชนาการ,,,0,10,47,9,91.0000,73.0000
มหาวิทยาลัยเทคโนโลยีราชมงคลพระนคร,โชติเวช,31941207500302A,0,0,คณะเทคโนโลยีคหกรรมศาสตร์,คศ.บ. อุตสาหกรรมการบริการอาหาร,,,0,10,25,3,97.2500,68.2500
มหาวิทยาลัยเทคโนโลยีราชมงคลพระนคร,โชติเวช,31941207500304A,0,0,คณะเทคโนโลยีคหกรรมศาสตร์,คศ.บ. คหกรรมศาสตร์,,,0,10,16,3,93.7500,65.2500
มหาวิทยาลัยเทคโนโลยีราชมงคลพระนคร,โชติเวช,31941207703601A,0,0,คณะเทคโนโลยีคหกรรมศาสตร์,ศษ.บ. คหกรรมศาสตรศึกษา,,,0,6,12,0,0.0000,0.0000
มหาวิทยาลัยเทคโนโลยีราชมงคลพระนคร,โชติเวช,31941207800101A,0,0,คณะเทคโนโลยีคหกรรมศาสตร์,คศ.บ. ออกแบบแฟชั่นและการจัดการสินค้า,,,0,10,12,2,76.0000,64.2500
มหาวิทยาลัยเทคโนโลยีราชมงคลพระนคร,โชติเวช,31941209400201A,0,0,คณะสถาปัตยกรรมศาสตร์และการ ออกแบบ,ทล.บ. การออกแบบผลิตภัณฑ์อุตสาหกรรม,,,0,25,55,12,92.5000,55.5000
มหาวิทยาลัยเทคโนโลยีราชมงคลพระนคร,โชติเวช,31941209400202A,0,0,คณะสถาปัตยกรรมศาสตร์และการ ออกแบบ,ทล.บ. การออกแบบบรรจุภัณฑ์และเทคโนโลียการพิมพ์,,,0,15,20,0,0.0000,0.0000
มหาวิทยาลัยเทคโนโลยีราชมงคลพระนคร,โชติเวช,31941209400501A,0,0,คณะสถาปัตยกรรมศาสตร์และการ ออกแบบ,สถ.บ. สถาปัตยกรรม,,,0,25,78,25,94.5000,74.0000
มหาวิทยาลัยเทคโนโลยีราชมงคลพระนคร,โชติเวช,31941209800101A,0,0,คณะสถาปัตยกรรมศาสตร์และการ ออกแบบ,ศล.บ.การออกแบบภายใน,,,0,25,80,25,93.2500,70.0000
มหาวิทยาลัยเทคโนโลยีราชมงคลรัตนโกสินทร์,ศาลายา,31950101300501A,0,0,คณะวิศวกรรมศาสตร์,วศ.บ. วิศวกรรมคอมพิวเตอ์ร4 ปี,,,0,5,39,5,47.3125,38.3125
มหาวิทยาลัยเทคโนโลยีราชมงคลรัตนโกสินทร์,ศาลายา,31950101300701A,0,0,คณะวิศวกรรมศาสตร์,วศ.บ. วิศวกรรมเครื่องกล 4 ปี,,,0,5,24,5,29.5527,24.7943
มหาวิทยาลัยเทคโนโลยีราชมงคลรัตนโกสินทร์,ศาลายา,31950101301601A,0,0,คณะวิศวกรรมศาสตร์,วศ.บ. วิศวกรรมไฟฟ้า 4 ปี,,,0,20,35,15,44.9433,13.9000
มหาวิทยาลัยเทคโนโลยีราชมงคลรัตนโกสินทร์,ศาลายา,31950101301801A,0,0,คณะวิศวกรรมศาสตร์,วศ.บ. วิศวกรรมไฟฟ้าสื่อสารและ อิเล็กทรอนิกส์อัจฉริยะ 4 ปี,,,0,5,8,0,0.0000,0.0000
มหาวิทยาลัยเทคโนโลยีราชมงคลรัตนโกสินทร์,ศาลายา,31950101301901A,0,0,คณะวิศวกรรมศาสตร์,วศ.บ. วิศวกรรมเมคคาทรอนิกส์และหุ่นยน์ต4 ปี,,,0,5,24,4,95.5000,70.2500
มหาวิทยาลัยเทคโนโลยีราชมงคลรัตนโกสินทร์,ศาลายา,31950101302101A,0,0,คณะวิศวกรรมศาสตร์,วศ.บ. วิศวกรรมโยธา 4 ปี,,,0,5,35,5,32.9628,24.8870
มหาวิทยาลัยเทคโนโลยีราชมงคลรัตนโกสินทร์,ศาลายา,31950101302301A,0,0,คณะวิศวกรรมศาสตร์,วศ.บ. วิศวกรรมการวัดคุมและระบบอัตโนมัติ 4 ปี,,,0,10,19,4,86.2500,65.2500
มหาวิทยาลัยเทคโนโลยีราชมงคลรัตนโกสินทร์,ศาลายา,31950101302301A,A,0,คณะวิศวกรรมศาสตร์,วศ.บ. วิศวกรรมการวัดคุมและระบบอัตโนมัติ - วิศวกรรมการวัดคุม 4 ปี,,วิศวกรรม การวัดคุม,0,5,7,1,86.0000,86.0000
มหาวิทยาลัยเทคโนโลยีราชมงคลรัตนโกสินทร์,ศาลายา,31950101302301A,B,0,คณะวิศวกรรมศาสตร์,วศ.บ. วิศวกรรมการวัดคุมและระบบอัตโนมัติ - วิศวกรรมระบบอัตโนมัติ 4 ปี,,วิศวกรรม ระบบ อัตโนมัติ,0,5,14,2,86.2500,76.5000
มหาวิทยาลัยเทคโนโลยีราชมงคลรัตนโกสินทร์,ศาลายา,31950101302401A,0,0,คณะวิศวกรรมศาสตร์,วศ.บ. วิศวกรรมโลจิสติก์ส4 ปี,,,0,15,19,9,28.7932,9.4154
มหาวิทยาลัยเทคโนโลยีราชมงคลรัตนโกสินทร์,ศาลายา,31950101302501A,0,0,คณะวิศวกรรมศาสตร์,วศ.บ. วิศวกรรมวัสดุ-ปิโตรเคมีภัณฑ์และพอิลเมอ์ร4 ปี,,,0,5,30,5,84.6944,79.6276
มหาวิทยาลัยเทคโนโลยีราชมงคลรัตนโกสินทร์,ศาลายา,31950101303501A,0,0,คณะวิศวกรรมศาสตร์,วศ.บ. วิศวกรรมอุตสาหการ 4 ปี,,,0,5,12,3,31.2599,5.4500
มหาวิทยาลัยเทคโนโลยีราชมงคลรัตนโกสินทร์,ศาลายา,31950101303701A,0,0,คณะวิศวกรรมศาสตร์,วศ.บ. วิศวกรรมปัญญาประดิษ์ฐ4 ปี,,,0,5,20,5,76.0554,63.6741
มหาวิทยาลัยเทคโนโลยีราชมงคลรัตนโกสินทร์,ศาลายา,31950102211701A,0,0,คณะสถาปัตยกรรมศาสตร์และการ ออกแบบ,ทล.บ. การจัดการงานก่อสร้างและนวัตกรรม อาคาร 4 ปี,,,0,15,32,10,85.2500,50.0000
มหาวิทยาลัยเทคโนโลยีราชมงคลรัตนโกสินทร์,ศาลายา,31950102211701A,A,0,คณะสถาปัตยกรรมศาสตร์และการ ออกแบบ,ทล.บ. การจัดการงานก่อสร้างและนวัตกรรม อาคาร-การจัดการงานก่อสร้าง 4 ปี,,การจัดการ งานก่อสร้าง,0,10,38,8,90.0000,54.0000
มหาวิทยาลัยเทคโนโลยีราชมงคลรัตนโกสินทร์,ศาลายา,31950102211701A,B,0,คณะสถาปัตยกรรมศาสตร์และการ ออกแบบ,ทล.บ. การจัดการงานก่อสร้างและนวัตกรรม อาคาร-การจัดการนวัตกรรมอาคาร 4 ปี,,การจัดการ นวัตกรรม อาคาร,0,5,21,5,82.7500,71.5000
มหาวิทยาลัยเทคโนโลยีราชมงคลรัตนโกสินทร์,ศาลายา,31950102400101A,0,0,คณะสถาปัตยกรรมศาสตร์และการ ออกแบบ,ทล.บ. การออกแบบสื่อดิจิทัล-นิเทศศิล์ป4 ปี,,,0,5,111,5,56.5304,46.7342
มหาวิทยาลัยเทคโนโลยีราชมงคลรัตนโกสินทร์,ศาลายา,31950102400201A,0,0,คณะสถาปัตยกรรมศาสตร์และการ ออกแบบ,ทล.บ. ออกแบบผลิตภัณฑ์และนวัตกรรม 4 ปี,,,0,10,25,5,54.0274,20.7000
มหาวิทยาลัยเทคโนโลยีราชมงคลรัตนโกสินทร์,ศาลายา,31950102400401A,0,0,คณะสถาปัตยกรรมศาสตร์และการ ออกแบบ,สถ.บ. สถาปัตยกรรมผังเมือง,,,0,5,20,5,76.5000,54.7500
มหาวิทยาลัยเทคโนโลยีราชมงคลรัตนโกสินทร์,ศาลายา,31950102400501A,0,0,คณะสถาปัตยกรรมศาสตร์และการ ออกแบบ,สถ.บ. เทคโนโลยีสถาปัตยกรรม 5 ปี,,,0,10,59,10,94.5000,75.5000
มหาวิทยาลัยเทคโนโลยีราชมงคลรัตนโกสินทร์,ศาลายา,31950102400701A,0,0,คณะสถาปัตยกรรมศาสตร์และการ ออกแบบ,สถ.บ. สถาปัตยกรรมภายใน 5 ปี,,,0,10,21,8,57.5686,29.8806
มหาวิทยาลัยเทคโนโลยีราชมงคลรัตนโกสินทร์,ศาลายา,31950102900801A,0,0,คณะสถาปัตยกรรมศาสตร์และการ ออกแบบ,ทล.บ. การออกแบบสื่อดิจิทัล-เกมและแอินเมชั่น 4 ปี,,,0,5,26,5,66.0604,56.0824
มหาวิทยาลัยเทคโนโลยีราชมงคลรัตนโกสินทร์,ศาลายา,31950102901101A,0,0,คณะสถาปัตยกรรมศาสตร์และการ ออกแบบ,ทล.บ. การออกแบบสื่อดิจิทัล-ภาพยนตร์และ ภาพเคลื่อนไหว 4 ปี,,,0,5,48,5,56.8658,49.3074
มหาวิทยาลัยเทคโนโลยีราชมงคลรัตนโกสินทร์,ศาลายา,31950105610201A,0,0,คณะบริหารธุรกิจ,บธ.บ. นวัตกรรมการจัดการ-การจัดการ อุตสาหกรรม 4 ปี,,,0,10,14,2,34.5679,25.6735
มหาวิทยาลัยเทคโนโลยีราชมงคลรัตนโกสินทร์,ศาลายา,31950105610501A,0,0,คณะบริหารธุรกิจ,บช.บ. การบัญีช4 ปี,,,0,10,20,10,48.3804,13.9841
มหาวิทยาลัยเทคโนโลยีราชมงคลรัตนโกสินทร์,ศาลายา,31950105610601A,0,0,คณะบริหารธุรกิจ,บธ.บ. การตลาดดิจิทัล 4 ปี,,,0,20,27,7,32.8973,0.0000
มหาวิทยาลัยเทคโนโลยีราชมงคลรัตนโกสินทร์,ศาลายา,31950105610801D,0,0,คณะบริหารธุรกิจ,บธ.บ. การบริหารธุรกิจระหว่างประเทศ 4 ปี (หลักสูตรภาษาอังกฤษ),,,0,8,35,8,95.5000,67.2500
มหาวิทยาลัยเทคโนโลยีราชมงคลรัตนโกสินทร์,ศาลายา,31950105610901A,0,0,คณะบริหารธุรกิจ,บธ.บ. เทคโนโลยีทางธุรกิจดิจิทัล 4 ปี,,,0,15,19,8,60.1727,28.4625
มหาวิทยาลัยเทคโนโลยีราชมงคลรัตนโกสินทร์,ศาลายา,31950105610901A,A,0,คณะบริหารธุรกิจ,บธ.บ. เทคโนโลยีทางธุรกิจดิจิทัล-การจัดการ ธุรกิจดิจิทัล 4 ปี,,การจัดการ ธุรกิจดิจิทัล,0,5,33,5,88.0000,66.0000
มหาวิทยาลัยเทคโนโลยีราชมงคลรัตนโกสินทร์,ศาลายา,31950105610901A,B,0,คณะบริหารธุรกิจ,บธ.บ. เทคโนโลยีทางธุรกิจดิจิทัล-เทคโนโลียดิจิทัลมีเดียทางธุรกิจ 4 ปี,,เทคโนโลียดิจิทัลมีเดีย ทางธุรกิจ,0,5,18,1,36.0750,36.0750
มหาวิทยาลัยเทคโนโลยีราชมงคลรัตนโกสินทร์,ศาลายา,31950105610901A,C,0,คณะบริหารธุรกิจ,บธ.บ. เทคโนโลยีทางธุรกิจดิจิทัล-การพัฒนา ซอฟต์แวร์เพื่อธุรกิจ 4 ปี,,การพัฒนา ซอฟต์แว์รเพื่อธุรกิจ,0,5,26,5,95.5000,78.2500
มหาวิทยาลัยเทคโนโลยีราชมงคลรัตนโกสินทร์,ศาลายา,31950105611001A,0,0,คณะบริหารธุรกิจ,บธ.บ. นวัตกรรมการจัดการ-การจัดการโลิจสติกส์และโซ่อุปทาน 4 ปี,,,0,30,29,11,40.6857,0.0000
มหาวิทยาลัยเทคโนโลยีราชมงคลรัตนโกสินทร์,ศาลายา,31950106901801A,0,0,คณะศิลปศาสตร์,ศศ.บ. ภาษาจีน 4 ปี,,,0,60,76,31,96.7500,59.5000
มหาวิทยาลัยเทคโนโลยีราชมงคลรัตนโกสินทร์,ศาลายา,31950110111101A,0,0,คณะวิทยาศาสตร์และเทคโนโลยี,วท.บ. เทคโนโลยีสุขภาพและความงาม 4 ปี,,,0,30,160,30,98.2500,78.2500
มหาวิทยาลัยเทคโนโลยีราชมงคลรัตนโกสินทร์,ศาลายา,31950110111801A,0,0,คณะวิทยาศาสตร์และเทคโนโลยี,วท.บ. นวัตกรรมโภชนาการเพื่อการชะลอวัย 4 ปี,,,0,30,17,5,93.0000,67.5000
มหาวิทยาลัยเทคโนโลยีราชมงคลรัตนโกสินทร์,ศาลายา,31950110112001A,0,0,คณะวิทยาศาสตร์และเทคโนโลยี,วท.บ. เทคโนโลยีการกีฬาและการออกกำลัง กาย 4 ปี,,,0,30,169,30,93.7500,79.5000
มหาวิทยาลัยเทคโนโลยีราชมงคลรัตนโกสินทร์,ศาลายา,31950110211001A,0,0,คณะวิทยาศาสตร์และเทคโนโลยี,วท.บ. วิทยาการแปรรูปและการประกอบ อาหาร 4 ปี,,,0,30,56,8,94.0000,56.0000
มหาวิทยาลัยเทคโนโลยีราชมงคลรัตนโกสินทร์,ศาลายา,31950110213101A,0,0,คณะวิทยาศาสตร์และเทคโนโลยี,วท.บ. เทคโนโลยีและการจัดการสิ่งแวดล้อม 4 ปี,,,0,30,35,8,92.5000,52.0000
มหาวิทยาลัยเทคโนโลยีราชมงคลรัตนโกสินทร์,ศาลายา,31950110213701A,0,0,คณะวิทยาศาสตร์และเทคโนโลยี,วท.บ. วิทยาการคอมพิวเตอร์และ ปัญญาประดิษฐ์ประยุก์ต4 ปี,,,0,30,59,19,89.7500,57.7500
มหาวิทยาลัยเทคโนโลยีราชมงคลรัตนโกสินทร์,ศาลายา,31950111220201E,0,0,วิทยาลัยผู้ประกอบการสร้างสรร์คนานาชาติรัตนโกสินทร(์ศาลายา),วท.บ. วิทยาการคอมพิวเตอร์และเทคโนโลียดิจิทัล 4 ปี,,,0,4,0,0,0.0000,0.0000
มหาวิทยาลัยเทคโนโลยีราชมงคลรัตนโกสินทร์,ศาลายา,31950111610801E,0,0,วิทยาลัยผู้ประกอบการสร้างสรร์คนานาชาติรัตนโกสินทร(์ศาลายา),บธ.บ. การเป็นผู้ประกอบการอุตสาหกรรม สร้างสรรค์สากล 4 ปี,,,0,5,0,0,0.0000,0.0000
มหาวิทยาลัยเทคโนโลยีราชมงคลรัตนโกสินทร์,ศาลายา,31950111610802E,0,0,วิทยาลัยผู้ประกอบการสร้างสรร์คนานาชาติรัตนโกสินทร(์ศาลายา),กจ.บ. การเป็นผู้ประกอบการธุรกิจการ ออกแบบสร้างสรร์ค4 ปี,,,0,10,5,0,0.0000,0.0000
มหาวิทยาลัยเทคโนโลยีราชมงคลรัตนโกสินทร์,วังไกลกังวล,31950201302101A,0,0,คณะวิศวกรรมศาสตร์,วศ.บ. วิศวกรรมโยธา 4 ปี,,,0,10,9,3,35.2702,27.7980
มหาวิทยาลัยเทคโนโลยีราชมงคลรัตนโกสินทร์,วังไกลกังวล,31950201302401A,0,0,คณะวิศวกรรมศาสตร์,วศ.บ. วิศวกรรมโลจิสติกส์และการจัดการ 4 ปี,,,0,5,9,4,40.2397,23.1750
มหาวิทยาลัยเทคโนโลยีราชมงคลรัตนโกสินทร์,วังไกลกังวล,31950201303501A,0,0,คณะวิศวกรรมศาสตร์,วศ.บ. วิศวกรรมอุตสาหการและการผลิต- วิศวกรรมอุตสาหการ 4 ปี,,,0,5,4,1,59.5000,59.5000
มหาวิทยาลัยเทคโนโลยีราชมงคลรัตนโกสินทร์,วังไกลกังวล,31950203300501A,0,0,คณะอุตสาหกรรมและเทคโนโลยี,อส.บ. เทคโนโลยีวิศวกรรมคอมพิวเตอ์ร4 ปี,,,0,2,15,2,94.5000,82.0000
มหาวิทยาลัยเทคโนโลยีราชมงคลรัตนโกสินทร์,วังไกลกังวล,31950203301601A,0,0,คณะอุตสาหกรรมและเทคโนโลยี,อส.บ. เทคโนโลยีวิศวกรรมไฟฟ้า 4 ปี,,,0,4,3,1,17.1470,17.1470
มหาวิทยาลัยเทคโนโลยีราชมงคลรัตนโกสินทร์,วังไกลกังวล,31950203302001A,0,0,คณะอุตสาหกรรมและเทคโนโลยี,อส.บ. เทคโนโลยียานยนต์ไฟฟ้า 4 ปี,,,0,2,4,2,84.2500,64.0000
มหาวิทยาลัยเทคโนโลยีราชมงคลรัตนโกสินทร์,วังไกลกังวล,31950203610901A,0,0,คณะอุตสาหกรรมและเทคโนโลยี,ทล.บ. เทคโนโลยีสารสนเทศและนวัตกรรม ดิจิทัล 4 ปี,,,0,3,5,0,0.0000,0.0000
มหาวิทยาลัยเทคโนโลยีราชมงคลรัตนโกสินทร์,วังไกลกังวล,31950203903801A,0,0,คณะอุตสาหกรรมและเทคโนโลยี,ทล.บ. เทคโนโลยีสื่อสารมวลชนและนวัตกรรม การสื่อสาร 4 ปี,,,0,2,3,0,0.0000,0.0000
มหาวิทยาลัยเทคโนโลยีราชมงคลรัตนโกสินทร์,วังไกลกังวล,31950204112501A,0,0,คณะอุตสาหกรรมการโรงแรมและการ ท่องเที่ยว,ศศ.บ. นวัตกรรมบริการส่งเสริมสุขภาพอง์ครวม 4 ปี,,,0,7,1,0,0.0000,0.0000
มหาวิทยาลัยเทคโนโลยีราชมงคลรัตนโกสินทร์,วังไกลกังวล,31950204620101A,0,0,คณะอุตสาหกรรมการโรงแรมและการ ท่องเที่ยว,ศศ.บ. การโรงแรม 4 ปี,,,0,5,5,1,54.0000,54.0000
มหาวิทยาลัยเทคโนโลยีราชมงคลรัตนโกสินทร์,วังไกลกังวล,31950204620102A,0,0,คณะอุตสาหกรรมการโรงแรมและการ ท่องเที่ยว,ศศ.บ. นวัตกรรมการท่องเที่ยวและมัคคุเทศ์ก4 ปี,,,0,7,5,1,86.0000,86.0000
มหาวิทยาลัยเทคโนโลยีราชมงคลรัตนโกสินทร์,วังไกลกังวล,31950204900101A,0,0,คณะอุตสาหกรรมการโรงแรมและการ ท่องเที่ยว,ศศ.บ. การจัดประชุมนิทรรศการและอีเวน์ต4 ปี,,,0,7,6,2,76.2500,51.7500
มหาวิทยาลัยเทคโนโลยีราชมงคลรัตนโกสินทร์,วังไกลกังวล,31950205610201A,0,0,คณะบริหารธุรกิจ,บธ.บ. นวัตกรรมการจัดการ 4 ปี,,,0,20,4,0,0.0000,0.0000
มหาวิทยาลัยเทคโนโลยีราชมงคลรัตนโกสินทร์,วังไกลกังวล,31950205610501A,0,0,คณะบริหารธุรกิจ,บช.บ. การบัญีช4 ปี,,,0,40,14,3,79.7500,66.2500
มหาวิทยาลัยเทคโนโลยีราชมงคลรัตนโกสินทร์,วังไกลกังวล,31950205610801A,0,0,คณะบริหารธุรกิจ,บธ.บ. ภาษาอังกฤษธุรกิจ 4 ปี,,,0,20,9,1,69.0000,69.0000
มหาวิทยาลัยเทคโนโลยีราชมงคลรัตนโกสินทร์,วังไกลกังวล,31950205610901A,0,0,คณะบริหารธุรกิจ,บธ.บ. เทคโนโลยีทางธุรกิจดิจิทัล 4 ปี,,,0,30,3,1,72.2500,72.2500
มหาวิทยาลัยเทคโนโลยีราชมงคลรัตนโกสินทร์,บพิตรพิมุข จักรวรรดิ,31950305610201A,0,0,คณะบริหารธุรกิจ,บธ.บ. นวัตกรรมการจัดการ 4 ปี,,,0,40,9,2,81.7500,65.2500
มหาวิทยาลัยเทคโนโลยีราชมงคลรัตนโกสินทร์,บพิตรพิมุข จักรวรรดิ,31950305610201A,A,0,คณะบริหารธุรกิจ,บธ.บ. นวัตกรรมการจัดการ-การจัดการ สมัยให่ม4 ปี,,การจัดการ สมัยใหม่,0,20,15,1,65.2500,65.2500
มหาวิทยาลัยเทคโนโลยีราชมงคลรัตนโกสินทร์,บพิตรพิมุข จักรวรรดิ,31950305610201A,B,0,คณะบริหารธุรกิจ,บธ.บ. นวัตกรรมการจัดการ-การจัดการโลิจสติกส์และโซ่อุปทาน 4 ปี,,การ จัดการโลิจสติกส์และ โซ่อุปทาน,0,20,9,4,97.2500,64.2500
มหาวิทยาลัยเทคโนโลยีราชมงคลรัตนโกสินทร์,บพิตรพิมุข จักรวรรดิ,31950305610501A,0,0,คณะบริหารธุรกิจ,บช.บ. การบัญีช4 ปี,,,0,60,33,13,97.7500,70.0000
มหาวิทยาลัยเทคโนโลยีราชมงคลรัตนโกสินทร์,บพิตรพิมุข จักรวรรดิ,31950305610601A,0,0,คณะบริหารธุรกิจ,บธ.บ. การตลาดดิจิทัล 4 ปี,,,0,15,22,4,90.2500,54.7500
มหาวิทยาลัยเทคโนโลยีราชมงคลรัตนโกสินทร์,บพิตรพิมุข จักรวรรดิ,31950305610801A,0,0,คณะบริหารธุรกิจ,บธ.บ. ภาษาอังกฤษธุรกิจ 4 ปี,,,0,15,18,2,96.0000,91.2500
มหาวิทยาลัยเทคโนโลยีราชมงคลรัตนโกสินทร์,บพิตรพิมุข จักรวรรดิ,31950305610802F,0,0,คณะบริหารธุรกิจ,บธ.บ. บริหารธุรกิจ 4 ปี(หลักสูตรภาษาจีน),,,0,10,17,5,91.5000,57.2500
มหาวิทยาลัยเทคโนโลยีราชมงคลรัตนโกสินทร์,บพิตรพิมุข จักรวรรดิ,31950305610901A,0,0,คณะบริหารธุรกิจ,บธ.บ. เทคโนโลยีทางธุรกิจดิจิทัล 4 ปี,,,0,20,13,1,66.0000,66.0000
มหาวิทยาลัยเทคโนโลยีราชมงคลรัตนโกสินทร์,บพิตรพิมุข จักรวรรดิ,31950306901801A,0,0,คณะศิลปศาสตร์,ศศ.บ. ภาษาจีน 4 ปี,,,0,60,22,5,94.5000,68.0000
มหาวิทยาลัยเทคโนโลยีราชมงคลรัตนโกสินทร์,บพิตรพิมุข จักรวรรดิ,31950306901901A,0,0,คณะศิลปศาสตร์,ศศ.บ. ภาษาญี่ปุ่น 4 ปี,,,0,60,73,19,97.7500,50.5000
มหาวิทยาลัยเทคโนโลยีราชมงคลรัตนโกสินทร์,บพิตรพิมุข จักรวรรดิ,31950306902501A,0,0,คณะศิลปศาสตร์,ศศ.บ. ภาษาอังกฤษเพื่อการสื่อสารสากล 4 ปี,,,0,60,54,10,99.2500,63.5000
มหาวิทยาลัยเทคโนโลยีราชมงคลรัตนโกสินทร์,เพาะช่าง,31950407800101A,0,0,วิทยาลัยเพาะช่าง,ศล.บ. เครื่องโลหะและรูปพรรณอัญมีณ4 ปี,,,0,5,15,6,43.6487,0.0000
มหาวิทยาลัยเทคโนโลยีราชมงคลรัตนโกสินทร์,เพาะช่าง,31950407800102A,0,0,วิทยาลัยเพาะช่าง,ศล.บ. ออกแบบผลิตภัณฑ์4 ปี,,,0,5,25,5,55.1049,48.4420
มหาวิทยาลัยเทคโนโลยีราชมงคลรัตนโกสินทร์,เพาะช่าง,31950407800103A,0,0,วิทยาลัยเพาะช่าง,ศล.บ. ออกแบบภายใน 4 ปี,,,0,2,62,2,97.7500,92.2500
มหาวิทยาลัยเทคโนโลยีราชมงคลรัตนโกสินทร์,เพาะช่าง,31950407800104A,0,0,วิทยาลัยเพาะช่าง,ศล.บ. ศิลปะการถ่ายภาพ 4 ปี,,,0,5,55,5,70.8416,61.4521
มหาวิทยาลัยเทคโนโลยีราชมงคลรัตนโกสินทร์,เพาะช่าง,31950407800105A,0,0,วิทยาลัยเพาะช่าง,ศล.บ. ออกแบบนิเทศศิล์ป4 ปี,,,0,5,82,5,84.8251,75.1938
มหาวิทยาลัยเทคโนโลยีราชมงคลรัตนโกสินทร์,เพาะช่าง,31950407800106A,0,0,วิทยาลัยเพาะช่าง,ศล.บ. เซรามิก์ส4 ปี,,,0,5,23,5,65.9690,40.9186
มหาวิทยาลัยเทคโนโลยีราชมงคลรัตนโกสินทร์,เพาะช่าง,31950407800107A,0,0,วิทยาลัยเพาะช่าง,ศล.บ. หัตถกรรมสร้างสรร์ค4 ปี,,,0,5,6,1,69.4541,69.4541
มหาวิทยาลัยเทคโนโลยีราชมงคลรัตนโกสินทร์,เพาะช่าง,31950407800301A,0,0,วิทยาลัยเพาะช่าง,ศล.บ. จิตรกรรมไทย 4 ปี,,,0,5,41,5,67.0339,60.5794
มหาวิทยาลัยเทคโนโลยีราชมงคลรัตนโกสินทร์,เพาะช่าง,31950407800302A,0,0,วิทยาลัยเพาะช่าง,ศล.บ. ประติมากรรมไทย 4 ปี,,,0,5,23,5,87.2500,66.2500
มหาวิทยาลัยเทคโนโลยีราชมงคลรัตนโกสินทร์,เพาะช่าง,31950407800303A,0,0,วิทยาลัยเพาะช่าง,ศล.บ. หัตถศิล์ป4 ปี,,,0,5,37,5,87.7500,67.2500
มหาวิทยาลัยเทคโนโลยีราชมงคลศรีวิชัย,สงขลา,31970101902501A,A,0,คณะศิลปศาสตร์,ศศ.บ. ภาษาต่างประเทศเพื่อการสื่อสาร,,ภาษาอังกฤษ เพื่อการ สื่อสาร,0,10,16,4,63.8805,46.4190
มหาวิทยาลัยเทคโนโลยีราชมงคลศรีวิชัย,สงขลา,31970101902502A,B,0,คณะศิลปศาสตร์,ศศ.บ. ภาษาต่างประเทศเพื่อการสื่อสาร,,ภาษาจีน เพื่อการ สื่อสาร,0,10,4,0,0.0000,0.0000
มหาวิทยาลัยเทคโนโลยีราชมงคลศรีวิชัย,สงขลา,31970104300501A,0,0,คณะวิศวกรรมศาสตร์,วศ.บ. วิศวกรรมคอมพิวเตอร์,,,0,2,10,2,50.6163,47.3815
มหาวิทยาลัยเทคโนโลยีราชมงคลศรีวิชัย,สงขลา,31970104300502A,0,0,คณะวิศวกรรมศาสตร์,วศ.บ. วิศวกรรมปัญญาประดิษฐ์และนวัตกรรม ดิจิทัล,,,0,2,11,1,42.6190,42.6190
มหาวิทยาลัยเทคโนโลยีราชมงคลศรีวิชัย,สงขลา,31970104300701A,0,0,คณะวิศวกรรมศาสตร์,วศ.บ. วิศวกรรมเครื่องกล,,,0,3,19,3,51.3330,45.0000
มหาวิทยาลัยเทคโนโลยีราชมงคลศรีวิชัย,สงขลา,31970104301801A,0,0,คณะวิศวกรรมศาสตร์,วศ.บ. วิศวกรรมโทรคมนาคม,,,0,2,18,2,42.3000,42.0000
มหาวิทยาลัยเทคโนโลยีราชมงคลศรีวิชัย,สงขลา,31970104303401A,0,0,คณะวิศวกรรมศาสตร์,วศ.บ. วิศวกรรมอิเล็กทรอนิกส์,,,0,1,14,1,44.6000,44.6000
มหาวิทยาลัยเทคโนโลยีราชมงคลศรีวิชัย,สงขลา,31970105610201A,A,0,คณะบริหารธุรกิจ,บธ.บ. การจัดการ,,การจัดการ ทั่วไป,0,10,6,0,0.0000,0.0000
มหาวิทยาลัยเทคโนโลยีราชมงคลศรีวิชัย,สงขลา,31970105610202A,B,0,คณะบริหารธุรกิจ,บธ.บ. การจัดการ,,การจัดการ ทรัพยากร มนุษย์,0,10,3,1,46.6720,46.6720
มหาวิทยาลัยเทคโนโลยีราชมงคลศรีวิชัย,สงขลา,31970105610203A,C,0,คณะบริหารธุรกิจ,บธ.บ. การจัดการ,,การจัดการ สำนักงาน ดิจิทัล,0,10,0,0,0.0000,0.0000
มหาวิทยาลัยเทคโนโลยีราชมงคลศรีวิชัย,สงขลา,31970105610205A,E,0,คณะบริหารธุรกิจ,บธ.บ. การจัดการ,,การจัดการ อุตสาหกรรม และ สิ่งแวดล้อม,0,10,0,0,0.0000,0.0000
มหาวิทยาลัยเทคโนโลยีราชมงคลศรีวิชัย,สงขลา,31970105610206A,F,0,คณะบริหารธุรกิจ,บธ.บ. การจัดการ,,การ จัดการโลิจสติกส์และ โซ่อุปทาน,0,10,3,0,0.0000,0.0000
มหาวิทยาลัยเทคโนโลยีราชมงคลศรีวิชัย,สงขลา,31970105610901A,0,0,คณะบริหารธุรกิจ,บธ.บ. ระบบสารสนเทศธุรกิจดิจิทัล,,,0,10,0,0,0.0000,0.0000
มหาวิทยาลัยเทคโนโลยีราชมงคลศรีวิชัย,สงขลา,31970110400401A,0,0,คณะสถาปัตยกรรมศาสตร์,ทล.บ. การผังเมือง,,,0,2,5,1,41.2228,41.2228
มหาวิทยาลัยเทคโนโลยีราชมงคลศรีวิชัย,สงขลา,31970110400501A,0,0,คณะสถาปัตยกรรมศาสตร์,สถ.บ. สถาปัตยกรรม,,,0,3,1,0,0.0000,0.0000
มหาวิทยาลัยเทคโนโลยีราชมงคลศรีวิชัย,สงขลา,31970110800101A,0,0,คณะสถาปัตยกรรมศาสตร์,ศ.บ. การออกแบบแฟชั่นและสิ่งทอ,,,0,2,0,0,0.0000,0.0000
มหาวิทยาลัยเทคโนโลยีราชมงคลศรีวิชัย,สงขลา,31970110800301A,0,0,คณะสถาปัตยกรรมศาสตร์,ศ.บ. ทัศนศิลป์,,,0,3,1,0,0.0000,0.0000
มหาวิทยาลัยเทคโนโลยีราชมงคลศรีวิชัย,สงขลา,31970114211401A,0,0,คณะครุศาสตร์อุตสาหกรรมและเทคโนโลยี,ทล.บ. เทคโนโลยีปิโตรเลียม,,,0,1,2,1,62.4860,62.4860
มหาวิทยาลัยเทคโนโลยีราชมงคลศรีวิชัย,สงขลา,31970114700901A,C,0,คณะครุศาสตร์อุตสาหกรรมและเทคโนโลยี,ค.อ.บ.วิศวกรรมไฟฟ้า,,เทคนิค คอมพิวเตอร์,0,1,2,0,0.0000,0.0000
มหาวิทยาลัยเทคโนโลยีราชมงคลศรีวิชัย,สงขลา,31970114701102A,0,0,คณะครุศาสตร์อุตสาหกรรมและเทคโนโลยี,ค.อ.บ.วิศวกรรมเมคคาทรอนิกส์,,,0,1,0,0,0.0000,0.0000
มหาวิทยาลัยเทคโนโลยีราชมงคลศรีวิชัย,สงขลา,31970114701901A,A,0,คณะครุศาสตร์อุตสาหกรรมและเทคโนโลยี,ค.อ.บ.วิศวกรรมไฟฟ้า,,ไฟฟ้ากำลัง,0,1,0,0,0.0000,0.0000
มหาวิทยาลัยเทคโนโลยีราชมงคลศรีวิชัย,สงขลา,31970114703003A,B,0,คณะครุศาสตร์อุตสาหกรรมและเทคโนโลยี,ค.อ.บ.วิศวกรรมไฟฟ้า,,อิเล็กทรอนิก ส์,0,1,0,0,0.0000,0.0000
มหาวิทยาลัยเทคโนโลยีราชมงคลศรีวิชัย,สงขลา,31970114903801A,0,0,คณะครุศาสตร์อุตสาหกรรมและเทคโนโลยี,ทล.บ. เทคโนโลยีสื่อสารมวลชน,,,0,1,1,0,0.0000,0.0000
มหาวิทยาลัยเทคโนโลยีราชมงคลศรีวิชัย,นครศรีธรรมราช ไสใหญ่,31970302110701A,0,0,คณะวิทยาศาสตร์และเทคโนโลยี,พท.บ. การแพทย์แผนไทย,,,0,30,0,0,0.0000,0.0000
มหาวิทยาลัยเทคโนโลยีราชมงคลศรีวิชัย,นครศรีธรรมราช ไสใหญ่,31970302220101A,0,0,คณะวิทยาศาสตร์และเทคโนโลยี,วท.บ. เทคโนโลยีสารสนเทศ,,,0,30,4,0,0.0000,0.0000
มหาวิทยาลัยเทคโนโลยีราชมงคลศรีวิชัย,นครศรีธรรมราช ไสใหญ่,31970303500202A,0,0,คณะเกษตรศาสตร์,อส.บ.วิศกรรมเกษตรสมัยใหม่,,,0,30,0,0,0.0000,0.0000
มหาวิทยาลัยเทคโนโลยีราชมงคลศรีวิชัย,นครศรีธรรมราช ไสใหญ่,31970303501102A,0,0,คณะเกษตรศาสตร์,วท.บ.เศรษฐศาสตร์เกษตรและธุรกิจเกษตร,,,0,30,0,0,0.0000,0.0000
มหาวิทยาลัยเทคโนโลยีราชมงคลศรีวิชัย,นครศรีธรรมราช ไสใหญ่,31970303501201A,0,0,คณะเกษตรศาสตร์,วท.บ. สัตวศาสตร์,,,0,30,1,1,76.5000,76.5000
มหาวิทยาลัยเทคโนโลยีราชมงคลศรีวิชัย,นครศรีธรรมราช ไสใหญ่,31970303501301A,0,0,คณะเกษตรศาสตร์,วท.บ. พืชศาสตร์,,,0,30,0,0,0.0000,0.0000
มหาวิทยาลัยเทคโนโลยีราชมงคลศรีวิชัย,นครศรีธรรมราช ไสใหญ่,31970311610202A,0,0,คณะเทคโนโลยีการจัดการ,บธ.บ. การจัดการ,,,0,30,0,0,0.0000,0.0000
มหาวิทยาลัยเทคโนโลยีราชมงคลศรีวิชัย,นครศรีธรรมราช ไสใหญ่,31970311610301A,0,0,คณะเทคโนโลยีการจัดการ,บธ.บ. การจัดการนวัตกรรมทางการค้า,,,0,30,1,0,0.0000,0.0000
มหาวิทยาลัยเทคโนโลยีราชมงคลศรีวิชัย,นครศรีธรรมราช ไสใหญ่,31970311610505A,0,0,คณะเทคโนโลยีการจัดการ,บัญชีบัณฑิต,,,0,30,1,0,0.0000,0.0000
มหาวิทยาลัยเทคโนโลยีราชมงคลศรีวิชัย,นครศรีธรรมราช ไสใหญ่,31970311610601A,0,0,คณะเทคโนโลยีการจัดการ,บธ.บ. การจัดการการตลาด,,,0,30,0,0,0.0000,0.0000
มหาวิทยาลัยเทคโนโลยีราชมงคลศรีวิชัย,นครศรีธรรมราช ไสใหญ่,31970311611001A,0,0,คณะเทคโนโลยีการจัดการ,บธ.บ. การจัดการโลจิสติกส์,,,0,30,1,1,79.5000,79.5000
มหาวิทยาลัยเทคโนโลยีราชมงคลศรีวิชัย,นครศรีธรรมราช ทุ่งใหญ่,31970407211002A,0,0,คณะอุตสาหกรรมเกษตร,วท.บ. เทคโนโลยีและนวัตกรรมอาหาร,,,0,10,0,0,0.0000,0.0000
มหาวิทยาลัยเทคโนโลยีราชมงคลศรีวิชัย,นครศรีธรรมราช ทุ่งใหญ่,31970412111301A,0,0,คณะสัตวแพทยศาสตร์,วท.บ. เทคนิคการสัตวแพทย์,,,0,20,0,0,0.0000,0.0000
มหาวิทยาลัยเทคโนโลยีราชมงคลศรีวิชัย,นครศรีธรรมราช ทุ่งใหญ่,31970412111701A,0,0,คณะสัตวแพทยศาสตร์,วท.บ. การพยาบาลสัตว์,,,0,20,0,0,0.0000,0.0000
มหาวิทยาลัยเทคโนโลยีราชมงคลศรีวิชัย,นครศรีธรรมราช ขนอม,31970509610202A,0,0,วิทยาลัยเทคโนโลยีอุตสาหกรรมและ การจัดการ,บธ.บ. การเป็นผู้ประกอบการดิจิทัล,,,0,30,0,0,0.0000,0.0000
มหาวิทยาลัยเทคโนโลยีราชมงคลศรีวิชัย,นครศรีธรรมราช ขนอม,31970509610501A,0,0,วิทยาลัยเทคโนโลยีอุตสาหกรรมและ การจัดการ,บัญชีบัณฑิต,,,0,20,0,0,0.0000,0.0000
มหาวิทยาลัยเทคโนโลยีราชมงคลศรีวิชัย,นครศรีธรรมราช ขนอม,31970509620101A,0,0,วิทยาลัยเทคโนโลยีอุตสาหกรรมและ การจัดการ,ศศ.บ. การจัดการโรงแรมและการบริการ,,,0,15,0,0,0.0000,0.0000
มหาวิทยาลัยเทคโนโลยีราชมงคลศรีวิชัย,ตรัง,31970606213001A,0,0,คณะวิทยาศาสตร์และเทคโนโลยีการ ประมง,วท.บ. วิทยาศาสตร์ทางทะเล,,,0,30,2,0,0.0000,0.0000
มหาวิทยาลัยเทคโนโลยีราชมงคลศรีวิชัย,ตรัง,31970606213102A,0,0,คณะวิทยาศาสตร์และเทคโนโลยีการ ประมง,วท.บ. การจัดการทรัพยากรและสิ่งแวดล้อม,,,0,30,0,0,0.0000,0.0000
มหาวิทยาลัยเทคโนโลยีราชมงคลศรีวิชัย,ตรัง,31970606500601A,0,0,คณะวิทยาศาสตร์และเทคโนโลยีการ ประมง,วท.บ. การเพาะเลี้ยงสัตว์น้ำ,,,0,30,0,0,0.0000,0.0000
มหาวิทยาลัยเทคโนโลยีราชมงคลศรีวิชัย,ตรัง,31970608610302A,0,0,วิทยาลัยการโรงแรมและการท่องเที่ยว,บธ.บ. การจัดการและการพัฒนาธุรกิจ,,,0,30,0,0,0.0000,0.0000
มหาวิทยาลัยเทคโนโลยีราชมงคลศรีวิชัย,ตรัง,31970608610501A,0,0,วิทยาลัยการโรงแรมและการท่องเที่ยว,บัญชีบัณฑิต,,,0,30,1,0,0.0000,0.0000
มหาวิทยาลัยเทคโนโลยีราชมงคลศรีวิชัย,ตรัง,31970608620101A,0,0,วิทยาลัยการโรงแรมและการท่องเที่ยว,ศศ.บ. การท่องเที่ยวและการบริการ,,,0,30,0,0,0.0000,0.0000
มหาวิทยาลัยเทคโนโลยีราชมงคลอีสาน,นครราชสีมา,31990101610101A,0,0,คณะบริหารธุรกิจ,บธ.บ.การเงิน,,,0,20,59,20,95.7500,77.0000
มหาวิทยาลัยเทคโนโลยีราชมงคลอีสาน,นครราชสีมา,31990101610201A,0,0,คณะบริหารธุรกิจ,บธ.บ.การจัดการ - การจัดการทั่วไป,,,0,10,134,10,95.7500,84.5000
มหาวิทยาลัยเทคโนโลยีราชมงคลอีสาน,นครราชสีมา,31990101610202A,0,0,คณะบริหารธุรกิจ,บธ.บ.การจัดการ - การจัดการอุตสาหกรรม,,,0,4,65,4,90.2500,88.5000
มหาวิทยาลัยเทคโนโลยีราชมงคลอีสาน,นครราชสีมา,31990101610203A,0,0,คณะบริหารธุรกิจ,บธ.บ.การจัดการโลจิสติก์ส- การจัดการโซ่ อุปทาน,,,0,5,108,5,98.0000,92.7500
มหาวิทยาลัยเทคโนโลยีราชมงคลอีสาน,นครราชสีมา,31990101610501A,0,0,คณะบริหารธุรกิจ,บช.บ.การบัญชี,,,0,5,117,5,99.5000,97.5000
มหาวิทยาลัยเทคโนโลยีราชมงคลอีสาน,นครราชสีมา,31990101610601A,0,0,คณะบริหารธุรกิจ,บธ.บ.การตลาด - การบริหารการตลาด,,,0,6,81,6,97.0000,87.5000
มหาวิทยาลัยเทคโนโลยีราชมงคลอีสาน,นครราชสีมา,31990101610602A,0,0,คณะบริหารธุรกิจ,บธ.บ.การตลาด - การตลาดดิจิทัล,,,0,15,94,15,94.7500,79.5000
มหาวิทยาลัยเทคโนโลยีราชมงคลอีสาน,นครราชสีมา,31990101610901A,0,0,คณะบริหารธุรกิจ,บธ.บ.ระบบสารสนเทศและนวัตกรรมธุรกิจ ดิจิทัล,,,0,3,84,3,93.0000,85.5000
มหาวิทยาลัยเทคโนโลยีราชมงคลอีสาน,นครราชสีมา,31990102112001A,0,0,คณะวิทยาศาสตร์และศิลปศาสตร์,วท.บ.วิทยาศาสตร์การกีฬาและสุขภาพ,,,0,5,47,5,52.9176,41.8250
มหาวิทยาลัยเทคโนโลยีราชมงคลอีสาน,นครราชสีมา,31990102210201A,0,0,คณะวิทยาศาสตร์และศิลปศาสตร์,วท.บ.เทคโนโลยีโลจิสติกส์,,,0,5,114,5,50.0792,43.5858
มหาวิทยาลัยเทคโนโลยีราชมงคลอีสาน,นครราชสีมา,31990102210401A,0,0,คณะวิทยาศาสตร์และศิลปศาสตร์,วท.บ.เคมี,,,0,15,18,2,72.7650,56.6250
มหาวิทยาลัยเทคโนโลยีราชมงคลอีสาน,นครราชสีมา,31990102211201A,0,0,คณะวิทยาศาสตร์และศิลปศาสตร์,วท.บ.เทคโนโลยีชีวผลิตภัณฑ์,,,0,15,36,16,86.0000,69.2500
มหาวิทยาลัยเทคโนโลยีราชมงคลอีสาน,นครราชสีมา,31990102212701A,0,0,คณะวิทยาศาสตร์และศิลปศาสตร์,วท.บ.ฟิสิกส์ประยุกต์,,,0,5,13,4,72.5000,57.0000
มหาวิทยาลัยเทคโนโลยีราชมงคลอีสาน,นครราชสีมา,31990102212702A,0,0,คณะวิทยาศาสตร์และศิลปศาสตร์,วท.บ.วิทยาการข้อมูลและการวิเคราะห์,,,0,5,9,1,65.0000,65.0000
มหาวิทยาลัยเทคโนโลยีราชมงคลอีสาน,นครราชสีมา,31990102213301A,0,0,คณะวิทยาศาสตร์และศิลปศาสตร์,วท.บ.สถิติประยุกต์และการจัดการสารสนเทศ,,,0,5,7,3,91.2500,71.2500
มหาวิทยาลัยเทคโนโลยีราชมงคลอีสาน,นครราชสีมา,31990102220201A,0,0,คณะวิทยาศาสตร์และศิลปศาสตร์,วท.บ.วิทยาการคอมพิวเตอร์,,,0,5,53,5,57.3918,48.1752
มหาวิทยาลัยเทคโนโลยีราชมงคลอีสาน,นครราชสีมา,31990102500402A,0,0,คณะวิทยาศาสตร์และศิลปศาสตร์,วท.บ.นวัตกรรมเกษตรอุตสาหกรรม,,,0,15,14,4,72.0000,57.2500
มหาวิทยาลัยเทคโนโลยีราชมงคลอีสาน,นครราชสีมา,31990102500403A,0,0,คณะวิทยาศาสตร์และศิลปศาสตร์,วท.บ. นวัตกรรมธุรกิจการเกษตร,,,0,10,13,4,87.7500,63.5000
มหาวิทยาลัยเทคโนโลยีราชมงคลอีสาน,นครราชสีมา,31990102620101A,0,0,คณะวิทยาศาสตร์และศิลปศาสตร์,ศศ.บ.การท่องเที่ยวและการบริการ,,,0,5,117,5,97.0000,94.0000
มหาวิทยาลัยเทคโนโลยีราชมงคลอีสาน,นครราชสีมา,31990102902501A,0,0,คณะวิทยาศาสตร์และศิลปศาสตร์,ศศ.บ.ภาษาอังกฤษเพื่อการสื่อสาร,,,0,25,81,25,65.1593,43.4211
มหาวิทยาลัยเทคโนโลยีราชมงคลอีสาน,นครราชสีมา,31990102903801A,0,0,คณะวิทยาศาสตร์และศิลปศาสตร์,ทล.บ.เทคโนโลยีการสื่อสารมวลชน,,,0,3,51,3,67.3366,63.4924
มหาวิทยาลัยเทคโนโลยีราชมงคลอีสาน,นครราชสีมา,31990103300401A,0,0,คณะวิศวกรรมศาสตร์และเทคโนโลยี,วศ.บ.วิศวกรรมเครื่องจักรกลเกษตรอัจฉริยะ,,,0,10,69,10,88.5000,72.7500
มหาวิทยาลัยเทคโนโลยีราชมงคลอีสาน,นครราชสีมา,31990103300402A,0,0,คณะวิศวกรรมศาสตร์และเทคโนโลยี,วศ.บ.วิศวกรรมอาหาร,,,0,30,27,10,94.2500,53.7500
มหาวิทยาลัยเทคโนโลยีราชมงคลอีสาน,นครราชสีมา,31990103300501A,0,0,คณะวิศวกรรมศาสตร์และเทคโนโลยี,วศ.บ.วิศวกรรมคอมพิวเตอร์,,,0,2,51,2,99.5000,97.0000
มหาวิทยาลัยเทคโนโลยีราชมงคลอีสาน,นครราชสีมา,31990103300702A,0,0,คณะวิศวกรรมศาสตร์และเทคโนโลยี,วศ.บ.วิศวกรรมการทำความเย็นและการปรับ อากาศ,,,0,20,69,20,99.0000,61.2500
มหาวิทยาลัยเทคโนโลยีราชมงคลอีสาน,นครราชสีมา,31990103300703A,0,0,คณะวิศวกรรมศาสตร์และเทคโนโลยี,วศ.บ.วิศวกรรมเครื่องจักรกลหนัก,,,0,10,63,10,90.2500,76.2500
มหาวิทยาลัยเทคโนโลยีราชมงคลอีสาน,นครราชสีมา,31990103301601A,0,0,คณะวิศวกรรมศาสตร์และเทคโนโลยี,วศ.บ.วิศวกรรมไฟฟ้า,,,0,1,97,1,96.0000,96.0000
มหาวิทยาลัยเทคโนโลยีราชมงคลอีสาน,นครราชสีมา,31990103301801A,0,0,คณะวิศวกรรมศาสตร์และเทคโนโลยี,วศ.บ.วิศวกรรมโทรคมนาคม,,,0,20,77,18,94.0000,70.5000
มหาวิทยาลัยเทคโนโลยีราชมงคลอีสาน,นครราชสีมา,31990103302501A,0,0,คณะวิศวกรรมศาสตร์และเทคโนโลยี,วศ.บ.วิศวกรรมวัสดุ-โลหการ,,,0,2,31,3,94.2500,85.0000
มหาวิทยาลัยเทคโนโลยีราชมงคลอีสาน,นครราชสีมา,31990103302502A,0,0,คณะวิศวกรรมศาสตร์และเทคโนโลยี,วศ.บ.วิศวกรรมวัสดุ-พอลิเมอร์,,,0,2,33,2,92.0000,91.0000
มหาวิทยาลัยเทคโนโลยีราชมงคลอีสาน,นครราชสีมา,31990103302701A,0,0,คณะวิศวกรรมศาสตร์และเทคโนโลยี,วศ.บ.วิศวกรรมสำรวจ,,,0,10,34,6,93.0000,64.5000
มหาวิทยาลัยเทคโนโลยีราชมงคลอีสาน,นครราชสีมา,31990103303401A,0,0,คณะวิศวกรรมศาสตร์และเทคโนโลยี,วศ.บ.วิศวกรรมอิเล็กทรอนิกส์อัจฉริยะและ หุ่นยนต์ประยุกต์,,,0,5,33,5,90.2500,79.7500
มหาวิทยาลัยเทคโนโลยีราชมงคลอีสาน,นครราชสีมา,31990103303402A,0,0,คณะวิศวกรรมศาสตร์และเทคโนโลยี,วศ.บ.วิศวกรรมอิเล็กทรอนิกส์และระบบ ควบคุมอัตโนมัติ,,,0,5,27,5,92.5000,82.7500
มหาวิทยาลัยเทคโนโลยีราชมงคลอีสาน,นครราชสีมา,31990104220101A,0,0,คณะสถาปัตยกรรมศาสตร์และ ศิลปกรรมสร้างสรรค์,ทล.บ.เทคโนโลยีมัลติมีเดีย,,,0,1,22,1,77.6932,77.6932
มหาวิทยาลัยเทคโนโลยีราชมงคลอีสาน,นครราชสีมา,31990104400401A,0,0,คณะสถาปัตยกรรมศาสตร์และ ศิลปกรรมสร้างสรรค์,ทล.บ.การผังเมือง,,,0,10,48,10,93.7500,65.7500
มหาวิทยาลัยเทคโนโลยีราชมงคลอีสาน,นครราชสีมา,31990104400701A,0,0,คณะสถาปัตยกรรมศาสตร์และ ศิลปกรรมสร้างสรรค์,สถ.บ.สถาปัตยกรรมภายใน,,,0,1,17,1,71.1250,71.1250
มหาวิทยาลัยเทคโนโลยีราชมงคลอีสาน,นครราชสีมา,31990104800102A,0,0,คณะสถาปัตยกรรมศาสตร์และ ศิลปกรรมสร้างสรรค์,"ศป.บ.สาขาวิชาการออกแบบสร้างสรร์ค(การ ออกแบบผลิตภัณฑ์,การออกแบบเซรามิก,การ ออกแบบกราฟิกครีเอทีฟและบรรจุภัณฑ์,การ ออกแบบนวัตศิลป์และแฟชั่น",,,0,10,54,10,87.0375,71.0250
มหาวิทยาลัยเทคโนโลยีราชมงคลอีสาน,นครราชสีมา,31990104800301A,0,0,คณะสถาปัตยกรรมศาสตร์และ ศิลปกรรมสร้างสรรค์,"ศป.บ.ทัศนศิล์ป(จิตรกรรม, ประติมากรรม, ศิลปะภาพพิมพ์)",,,0,10,35,7,83.4750,48.3750
มหาวิทยาลัยเทคโนโลยีราชมงคลอีสาน,นครราชสีมา,31990105220101A,0,0,คณะระบบรางและการขนส่ง,กจ.บ.นวัตกรรมการพัฒนาเมืองและพื้นที่รอบ สถานีขนส่งมวลชน,,,0,10,27,7,85.2500,56.2500
มหาวิทยาลัยเทคโนโลยีราชมงคลอีสาน,นครราชสีมา,31990105302201A,0,0,คณะระบบรางและการขนส่ง,วศ.บ.วิศวกรรมระบบราง,,,0,5,46,5,85.0000,79.2500
มหาวิทยาลัยเทคโนโลยีราชมงคลอีสาน,นครราชสีมา,31990105303201A,0,0,คณะระบบรางและการขนส่ง,วศ.บ.วิศวกรรมซ่อมบำรุงอากาศยาน,,,0,10,67,12,94.0000,73.5000
มหาวิทยาลัยเทคโนโลยีราชมงคลอีสาน,นครราชสีมา,31990105610205A,0,0,คณะระบบรางและการขนส่ง,กจ.บ.การจัดการการปฏิบัติการรถไฟ,,,0,10,36,10,85.5000,61.5000
มหาวิทยาลัยเทคโนโลยีราชมงคลอีสาน,นครราชสีมา,31990106800101A,0,0,สถาบันสหสรรพศาสตร์,ศศ.บ.นวัตกรรมสร้างสรรค์และการเป็น ผู้ประกอบการ,,,0,10,11,5,88.0000,70.0000
มหาวิทยาลัยเทคโนโลยีราชมงคลอีสาน,นครราชสีมา,31990107500401A,0,0,คณะนวัตกรรมและเทคโนโลยีการเกษตร,วท.บ.สัตวศาสตร์,,,0,10,43,10,94.5000,72.2500
มหาวิทยาลัยเทคโนโลยีราชมงคลอีสาน,นครราชสีมา,31990107500402A,0,0,คณะนวัตกรรมและเทคโนโลยีการเกษตร,วท.บ.พืชศาสตร์,,,0,20,15,7,85.7500,56.7500
มหาวิทยาลัยเทคโนโลยีราชมงคลอีสาน,นครราชสีมา,31990107500403A,0,0,คณะนวัตกรรมและเทคโนโลยีการเกษตร,วท.บ.วิทยาศาสตร์และเทคโนโลยีการอาหาร,,,0,15,19,4,91.0000,60.7500
มหาวิทยาลัยเทคโนโลยีราชมงคลอีสาน,สุรินทร์,31990220210401A,0,0,คณะเกษตรศาสตร์และเทคโนโลยี,วท.บ.วิทยาศาสตร์เครื่องสำอาง,,,0,5,4,1,94.0000,94.0000
มหาวิทยาลัยเทคโนโลยีราชมงคลอีสาน,สุรินทร์,31990220211201A,0,0,คณะเกษตรศาสตร์และเทคโนโลยี,วท.บ.เทคโนโลยีชีวภาพการเกษตร,,,0,3,1,0,0.0000,0.0000
มหาวิทยาลัยเทคโนโลยีราชมงคลอีสาน,สุรินทร์,31990220211901A,0,0,คณะเกษตรศาสตร์และเทคโนโลยี,วท.บ.เทคโนโลยีและการจัดการสิ่งแวดล้อม,,,0,5,3,1,83.7500,83.7500
มหาวิทยาลัยเทคโนโลยีราชมงคลอีสาน,สุรินทร์,31990220220201A,0,0,คณะเกษตรศาสตร์และเทคโนโลยี,วท.บ.วิทยาการคอมพิวเตอร์,,,0,20,2,0,0.0000,0.0000
มหาวิทยาลัยเทคโนโลยีราชมงคลอีสาน,สุรินทร์,31990220300401A,0,0,คณะเกษตรศาสตร์และเทคโนโลยี,วศ.บ.วิศวกรรมเครื่องจักรกลเกษตรและนวัตกรรมอัจฉริยะ,,,0,20,1,0,0.0000,0.0000
มหาวิทยาลัยเทคโนโลยีราชมงคลอีสาน,สุรินทร์,31990220300701A,0,0,คณะเกษตรศาสตร์และเทคโนโลยี,วศ.บ.วิศวกรรมเครื่องกล-วิชาเอก วิศวกรรมเครื่องกล,,,0,5,3,0,0.0000,0.0000
มหาวิทยาลัยเทคโนโลยีราชมงคลอีสาน,สุรินทร์,31990220300702A,0,0,คณะเกษตรศาสตร์และเทคโนโลยี,วศ.บ.วิศวกรรมเครื่องกล-วิชาเอกวิศวกรรมยาน ยนต์,,,0,5,6,0,0.0000,0.0000
มหาวิทยาลัยเทคโนโลยีราชมงคลอีสาน,สุรินทร์,31990220301901A,0,0,คณะเกษตรศาสตร์และเทคโนโลยี,วศ.บ.วิศวกรรมเมคคาทรอนิกส์,,,0,10,2,0,0.0000,0.0000
มหาวิทยาลัยเทคโนโลยีราชมงคลอีสาน,สุรินทร์,31990220500201A,0,0,คณะเกษตรศาสตร์และเทคโนโลยี,วท.บ.การออกแบบภูมิทัศน์และการจัดสวน,,,0,5,1,0,0.0000,0.0000
มหาวิทยาลัยเทคโนโลยีราชมงคลอีสาน,สุรินทร์,31990220500601A,0,0,คณะเกษตรศาสตร์และเทคโนโลยี,วท.บ.เพาะเลี้ยงสัตว์น้ำ,,,0,10,3,0,0.0000,0.0000
มหาวิทยาลัยเทคโนโลยีราชมงคลอีสาน,สุรินทร์,31990220501101A,0,0,คณะเกษตรศาสตร์และเทคโนโลยี,วท.บ.เทคโนโลยีการอาหาร,,,0,5,0,0,0.0000,0.0000
มหาวิทยาลัยเทคโนโลยีราชมงคลอีสาน,สุรินทร์,31990220501201A,0,0,คณะเกษตรศาสตร์และเทคโนโลยี,วท.บ.สัตวศาสตร์,,,0,40,9,2,55.5000,47.5500
มหาวิทยาลัยเทคโนโลยีราชมงคลอีสาน,สุรินทร์,31990220501301A,0,0,คณะเกษตรศาสตร์และเทคโนโลยี,วท.บ.พืชศาสตร์,,,0,10,3,1,75.7500,75.7500
มหาวิทยาลัยเทคโนโลยีราชมงคลอีสาน,สุรินทร์,31990220700901A,0,0,คณะเกษตรศาสตร์และเทคโนโลยี,ค.อ.บ.เทคโนโลยีคอมพิวเตอร์,,,0,20,4,0,0.0000,0.0000
มหาวิทยาลัยเทคโนโลยีราชมงคลอีสาน,สุรินทร์,31990220800101A,0,0,คณะเกษตรศาสตร์และเทคโนโลยี,ทล.บ.การออกแบบผลิตภัณฑ์และสิ่งทอ สร้างสรรค์,,,0,10,1,0,0.0000,0.0000
มหาวิทยาลัยเทคโนโลยีราชมงคลอีสาน,สุรินทร์,31990221220101A,0,0,คณะเทคโนโลยีการจัดการ,ทล.บ.เทคโนโลยีมัลติมีเดีย,,,0,10,3,1,67.7500,67.7500
มหาวิทยาลัยเทคโนโลยีราชมงคลอีสาน,สุรินทร์,31990221610201A,0,0,คณะเทคโนโลยีการจัดการ,บธ.บ.การจัดการสมัยใหม่,,,0,10,4,1,81.5000,81.5000
มหาวิทยาลัยเทคโนโลยีราชมงคลอีสาน,สุรินทร์,31990221610202A,0,0,คณะเทคโนโลยีการจัดการ,บธ.บ.นวัตกรรมธุรกิจการค้า,,,0,10,0,0,0.0000,0.0000
มหาวิทยาลัยเทคโนโลยีราชมงคลอีสาน,สุรินทร์,31990221610501A,0,0,คณะเทคโนโลยีการจัดการ,บช.บ.บัญชี,,,0,15,4,2,93.5000,72.7500
มหาวิทยาลัยเทคโนโลยีราชมงคลอีสาน,สุรินทร์,31990221610601A,0,0,คณะเทคโนโลยีการจัดการ,บธ.บ.การตลาด,,,0,10,6,2,80.5000,78.5000
มหาวิทยาลัยเทคโนโลยีราชมงคลอีสาน,สุรินทร์,31990221610901A,0,0,คณะเทคโนโลยีการจัดการ,บธ.บ.เทคโนโลยีธุรกิจดิจิทัล,,,0,15,1,0,0.0000,0.0000
มหาวิทยาลัยเทคโนโลยีราชมงคลอีสาน,สุรินทร์,31990221620101A,0,0,คณะเทคโนโลยีการจัดการ,ศศ.บ.การจัดการการท่องเที่ยว การโรงแรม และอีเว้นท์,,,0,10,0,0,0.0000,0.0000
มหาวิทยาลัยเทคโนโลยีราชมงคลอีสาน,สุรินทร์,31990221902501A,0,0,คณะเทคโนโลยีการจัดการ,ศศ.บ.ภาษาอังกฤษเพื่อการสื่อสาร,,,0,10,3,1,70.0000,70.0000
มหาวิทยาลัยเทคโนโลยีราชมงคลอีสาน,ขอนแก่น,31990330700901A,0,0,คณะครุศาสตร์อุตสาหกรรม,ค.อ.บ.เทคโนโลยีคอมพิวเตอร์,,,0,2,16,2,84.2500,75.5000
มหาวิทยาลัยเทคโนโลยีราชมงคลอีสาน,ขอนแก่น,31990330702101A,0,0,คณะครุศาสตร์อุตสาหกรรม,ค.อ.บ.ครุศาสตร์อุตสาหกรรมโยธา,,,0,2,22,2,87.3750,87.2500
มหาวิทยาลัยเทคโนโลยีราชมงคลอีสาน,ขอนแก่น,31990330703201A,0,0,คณะครุศาสตร์อุตสาหกรรม,อส.บ.วิศวกรรมท่ออุตสาหกรรม,,,0,15,29,12,83.2500,62.5000
มหาวิทยาลัยเทคโนโลยีราชมงคลอีสาน,ขอนแก่น,31990330902501A,0,0,คณะครุศาสตร์อุตสาหกรรม,ศศ.บ.ภาษาอังกฤษเพื่อการจัดการทางธุรกิจ,,,0,5,62,5,99.7500,92.7500
มหาวิทยาลัยเทคโนโลยีราชมงคลอีสาน,ขอนแก่น,31990331302101A,0,0,คณะวิศวกรรมศาสตร์,วศ.บ.วิศวกรรมโยธา,,,0,10,93,10,32.4250,26.4916
มหาวิทยาลัยเทคโนโลยีราชมงคลอีสาน,ขอนแก่น,31990331302102A,0,0,คณะวิศวกรรมศาสตร์,วศ.บ.วิศวกรรมโยธา-วิชาเอกวิศวกรรมระบบราง,,,0,10,61,10,25.9666,22.9000
มหาวิทยาลัยเทคโนโลยีราชมงคลอีสาน,ขอนแก่น,31990331303501A,0,0,คณะวิศวกรรมศาสตร์,วศ.บ.วิศวกรรมอุตสาหการ,,,0,10,56,10,31.3916,25.0832
มหาวิทยาลัยเทคโนโลยีราชมงคลอีสาน,ขอนแก่น,31990332610201A,0,0,คณะบริหารธุรกิจและเทคโนโลียสารสนเทศ,บธ.บ.การจัดการนวัตกรรมทางธุรกิจ,,,0,35,77,23,95.5000,64.7500
มหาวิทยาลัยเทคโนโลยีราชมงคลอีสาน,ขอนแก่น,31990332610202A,0,0,คณะบริหารธุรกิจและเทคโนโลียสารสนเทศ,บธ.บ.การบริหารธุรกิจแบบบูรณาการ,,,0,15,41,11,97.2500,63.2500
มหาวิทยาลัยเทคโนโลยีราชมงคลอีสาน,ขอนแก่น,31990332610203A,0,0,คณะบริหารธุรกิจและเทคโนโลียสารสนเทศ,บธ.บ.การจัดการธุรกิจบูรณาการภาษา,,,0,10,29,5,83.2500,65.7500
มหาวิทยาลัยเทคโนโลยีราชมงคลอีสาน,ขอนแก่น,31990332610501A,0,0,คณะบริหารธุรกิจและเทคโนโลียสารสนเทศ,บช.บ.บัญชี,,,0,5,80,5,97.2500,95.2500
มหาวิทยาลัยเทคโนโลยีราชมงคลอีสาน,ขอนแก่น,31990332610601A,0,0,คณะบริหารธุรกิจและเทคโนโลียสารสนเทศ,บธ.บ.การตลาด-วิชาเอกการบริหารการตลาด,,,0,5,31,5,91.7500,76.0000
มหาวิทยาลัยเทคโนโลยีราชมงคลอีสาน,ขอนแก่น,31990332610602A,0,0,คณะบริหารธุรกิจและเทคโนโลียสารสนเทศ,บธ.บ.การตลาด-วิชาเอกการตลาดดิจิทัล,,,0,15,68,15,93.7500,75.5000
มหาวิทยาลัยเทคโนโลยีราชมงคลอีสาน,ขอนแก่น,31990332610901A,0,0,คณะบริหารธุรกิจและเทคโนโลียสารสนเทศ,บธ.บ.เทคโนโลยีธุรกิจดิจิทัล,,,0,20,71,21,93.5000,69.2500
มหาวิทยาลัยเทคโนโลยีราชมงคลอีสาน,ขอนแก่น,31990332611001A,0,0,คณะบริหารธุรกิจและเทคโนโลียสารสนเทศ,บธ.บ.การจัดการโลจิสติกส์,,,0,40,182,40,98.0000,82.2500
มหาวิทยาลัยเทคโนโลยีราชมงคลอีสาน,ขอนแก่น,31990332620101A,0,0,คณะบริหารธุรกิจและเทคโนโลียสารสนเทศ,บธ.บ.สตาร์ทอัพการท่องเที่ยวและการบริการ,,,0,30,86,27,97.7500,64.0000
มหาวิทยาลัยเทคโนโลยีราชมงคลอีสาน,สกลนคร,31990551110401A,0,0,คณะทรัพยากรธรรมชาติ,วท.บ.การดูแลสุขภาพผู้สูงอายุและการชะลอวัย,,,0,15,6,2,87.2500,80.0000
มหาวิทยาลัยเทคโนโลยีราชมงคลอีสาน,สกลนคร,31990551110701A,0,0,คณะทรัพยากรธรรมชาติ,พท.บ.การแพทย์แผนไทย,,,0,15,68,15,98.2500,85.0000
มหาวิทยาลัยเทคโนโลยีราชมงคลอีสาน,สกลนคร,31990551111101A,0,0,คณะทรัพยากรธรรมชาติ,วท.บ.วิทยาศาสตร์สุขภาพและความงาม,,,0,15,7,1,86.5000,86.5000
มหาวิทยาลัยเทคโนโลยีราชมงคลอีสาน,สกลนคร,31990551140101A,0,0,คณะทรัพยากรธรรมชาติ,วท.บ.เทคนิคการสัตวแพทย์,,,0,15,104,17,97.0000,88.7500
มหาวิทยาลัยเทคโนโลยีราชมงคลอีสาน,สกลนคร,31990551211001A,0,0,คณะทรัพยากรธรรมชาติ,วท.บ.เทคโนโลยีการอาหาร,,,0,15,1,0,0.0000,0.0000
มหาวิทยาลัยเทคโนโลยีราชมงคลอีสาน,สกลนคร,31990551212501A,0,0,คณะทรัพยากรธรรมชาติ,วท.บ.พืชศาสตร์,,,0,15,0,0,0.0000,0.0000
มหาวิทยาลัยเทคโนโลยีราชมงคลอีสาน,สกลนคร,31990551212502A,0,0,คณะทรัพยากรธรรมชาติ,วท.บ.นวัตกรรมเกษตรอินทรีย์,,,0,15,0,0,0.0000,0.0000
มหาวิทยาลัยเทคโนโลยีราชมงคลอีสาน,สกลนคร,31990551213001A,0,0,คณะทรัพยากรธรรมชาติ,วท.บ.เทคโนโลยีการเพาะเลี้ยงสัตว์น้ำ,,,0,15,3,0,0.0000,0.0000
มหาวิทยาลัยเทคโนโลยีราชมงคลอีสาน,สกลนคร,31990551213201A,0,0,คณะทรัพยากรธรรมชาติ,วท.บ.สัตวศาสตร์,,,0,15,9,0,0.0000,0.0000
มหาวิทยาลัยนวมินทราธิราช,วิทยาเขตหลัก,12160103111902A,0,A2331,แพทยศาสตร์วชิรพยาบาล,วิทยาศาสตรบัณฑิต. สาขาวิชารังสีเทคนิค,วท.บ. รังสีเทคนิค,,0,13,96,14,52.7064,47.3732
มหาวิทยาลัยนวมินทราธิราช,วิทยาเขตหลัก,12160105903102A,0,C2531,วิทยาลัยพัฒนามหานคร,รัฐประศาสนศาสตรบัณฑิตสาขาวิชาการ บริหารและจัดการเมือง,รป.บ. การบริหาร และจัดการเมือง รูปแบบที่ 1,,0,20,237,20,77.6780,68.4295
มหาวิทยาลัยนวมินทราธิราช,วิทยาเขตหลัก,12160105903102A,0,C2532,วิทยาลัยพัฒนามหานคร,รัฐประศาสนศาสตรบัณฑิตสาขาวิชาการ บริหารและจัดการเมือง,รป.บ. การบริหาร และจัดการเมือง รูปแบบที่ 2,,0,20,51,20,56.9307,43.0431
มหาวิทยาลัยนวมินทราธิราช,วิทยาเขตหลัก,12160105904401A,a,C2533,วิทยาลัยพัฒนามหานคร,ศิลปศาสตรบัณฑิตสาขาวิชานวัตกรรมการ บริการ (การบริการธุรกิจการบิน),ศศ.บ. นวัตกรรม การบริการ (การ บริการธุรกิจการบิน),การบริการ ในธุรกิจการ บิน,0,30,223,30,89.4082,80.5540
มหาวิทยาลัยนวมินทราธิราช,วิทยาเขตหลัก,12160105904401A,b,C2534,วิทยาลัยพัฒนามหานคร,ศิลปศาสตรบัณฑิตสาขาวิชานวัตกรรมการ บริการ (การบริการในสถานพยาบาล),ศศ.บ. นวัตกรรม การบริการ (การ บริการใน สถานพยาบาล),การบริการ ใน สถานพยาบา ล,0,30,300,30,88.2352,82.2332
มหาวิทยาลัยนวมินทราธิราช,วิทยาเขตหลัก,12160106213503A,0,D2633,วิทยาลัยพัฒนาชุมชนเมือง,เทคโนโลยีบัณฑิต(กลุ่มวิชาเอกการซ่อมบำรุง อาคาร/กลุ่มวิชาการซ่อมบำรุงระบบราง),ทล.บ.,,0,30,159,30,98.5000,79.2500
มหาวิทยาลัยนวมินทราธิราช,วิทยาเขตหลัก,12160106610202A,0,D2632,วิทยาลัยพัฒนาชุมชนเมือง,การจัดการบัณฑิตสาขาวิชาการจัดการ ทรัพยากรอาคาร,กจ.บ. การจัดการ ทรัพยากรอาคาร,,0,30,185,30,96.0000,79.7500
มหาวิทยาลัยนวมินทราธิราช,วิทยาเขตหลัก,12160106700604A,0,D2634,วิทยาลัยพัฒนาชุมชนเมือง,ศึกษาศาสตรบัณฑิตสาขาวิชาการศึกษาปฐมวัย,ศษ.บ. การศึกษา ปฐมวัย,,0,37,220,37,92.3750,86.5000
มหาวิทยาลัยนวมินทราธิราช,วิทยาเขตหลัก,12160106700705A,0,D2635,วิทยาลัยพัฒนาชุมชนเมือง,ศึกษาศาสตรบัณฑิตสาขาวิชาการศึกษาพิเศษ,ศษ.บ. การศึกษา พิเศษ,,0,31,168,32,93.7500,80.7500
มหาวิทยาลัยนวมินทราธิราช,วิทยาเขตหลัก,12160106903601A,0,D2631,วิทยาลัยพัฒนาชุมชนเมือง,ศิลปศาสตรบัณฑิตสาขาวิชาการพัฒนาเด็ก ปฐมวัย,ศศ.บ. การพัฒนา เด็กปฐมวัย,,0,23,114,23,96.0000,87.5000
มหาวิทยาลัยนวมินทราธิราช,วิทยาเขตหลัก,12160107110303A,0,E2733,วิทยาศาสตร์และเทคโนโลยีสุขภาพ,วิทยาศาสตรบัณฑิตสาขาวิชาการจัดการสา ธารณภัย,วท.บ. การจัดการสา ธารณภัย,,0,30,72,30,56.5644,33.6858
มหาวิทยาลัยนวมินทราธิราช,วิทยาเขตหลัก,12160107111604A,0,E2734,วิทยาศาสตร์และเทคโนโลยีสุขภาพ,ฉุกเฉินการแพทยบัณฑิต,ฉุกเฉินการแพทย บัณฑิต,,0,10,401,10,66.0921,63.0537
มหาวิทยาลัยนวมินทราธิราช,วิทยาเขตหลัก,12160107112202A,0,E2732,วิทยาศาสตร์และเทคโนโลยีสุขภาพ,วิทยาศาสตรบัณฑิตสาขาวิชาเทคโนโลียเครื่องมือแพทย์และห้องผ่าตัด,วท.บ. เทคโนโลียเครื่องมือแพทย์ฯ,,0,30,193,30,66.1236,54.0618
มหาวิทยาลัยนวมินทราธิราช,วิทยาเขตหลัก,12160107112701A,0,E2731,วิทยาศาสตร์และเทคโนโลยีสุขภาพ,วิทยาศาสตรบัณฑิตสาขาวิชาอาชีวอนามัย และความปลอดภัยในสถานพยาบาล,วท.บ. อาชีวอนามัย และความปลอดภัยฯ,,0,30,282,30,53.3322,48.1317
สถาบันการพยาบาลศรีสวรินิทรา สภาชาดไทย,วิทยาเขตหลัก,12180100111701A,0,0,สำนักวิชาพยาบาลศาสตร์,หลักสูตรพยาบาลศาสตรบัณฑิต,,,0,102,988,102,69.5212,47.4993
สถาบันพระบรมราชชนก,วิทยาลัย พยาบาลบรม ราชชนีนกรุงเทพ,52210101111701A,A,A1008,คณะพยาบาลศาสตร์,สาขาพยาบาลศาสตร์,โครงการบุคคลทั่วไป,ภาษาไทย,0,15,1223,15,57.3838,54.2224
สถาบันพระบรมราชชนก,วิทยาลัยการ สาธารณสุขิสรินธร จังหวัด ชลบุรี,52210102110703A,A,A1008,คณะสหเวชศาสตร์และสาธารณสุข ศาสตร์,สาขาวิชาการแพทย์แผนไทย,โครงการบุคคลทั่วไป,ภาษาไทย,0,15,232,15,66.0358,61.3384
สถาบันพระบรมราชชนก,วิทยาลัยการ สาธารณสุขิสรินธร จังหวัด ชลบุรี,52210102111604A,A,A1008,คณะสหเวชศาสตร์และสาธารณสุข ศาสตร์,สาขาวิชาฉุกเฉินการแพทย์,โครงการบุคคลทั่วไป,ภาษาไทย,0,9,228,9,57.5805,54.0980
สถาบันพระบรมราชชนก,วิทยาลัยการ สาธารณสุขิสรินธร จังหวัด ชลบุรี,52210102112701A,A,A1008,คณะสหเวชศาสตร์และสาธารณสุข ศาสตร์,สาขาวิชาสาธารณสุขชุมชน,โครงการบุคคลทั่วไป,ภาษาไทย,0,15,262,15,67.1304,61.9980
สถาบันพระบรมราชชนก,วิทยาลัยการ สาธารณสุขิสรินธร จังหวัด ชลบุรี,52210102112702A,A,A1008,คณะสหเวชศาสตร์และสาธารณสุข ศาสตร์,สาขาวิชาทันตสาธารณสุข,โครงการบุคคลทั่วไป,ภาษาไทย,0,18,247,18,70.2504,63.3798
สถาบันพระบรมราชชนก,วิทยาลัย พยาบาลบรม ราชชนีนพุทธ ชินราช,52210201111701A,A,A1008,คณะพยาบาลศาสตร์,สาขาพยาบาลศาสตร์,โครงการบุคคลทั่วไป,ภาษาไทย,0,7,545,7,62.3658,53.0276
สถาบันพระบรมราชชนก,วิทยาลัยการ สาธารณสุขิสรินธร จังหวัด ขอนแก่น,52210202111603A,A,A1008,คณะสหเวชศาสตร์และสาธารณสุข ศาสตร์,สาขาวิชาฉุกเฉินการแพทย์,โครงการบุคคลทั่วไป,ภาษาไทย,0,10,245,10,60.8749,53.1276
สถาบันพระบรมราชชนก,วิทยาลัยการ สาธารณสุขิสรินธร จังหวัด ขอนแก่น,52210202112701A,A,A1008,คณะสหเวชศาสตร์และสาธารณสุข ศาสตร์,สาขาวิชาสาธารณสุขชุมชน,โครงการบุคคลทั่วไป,ภาษาไทย,0,22,311,22,65.9442,62.3164
สถาบันพระบรมราชชนก,วิทยาลัยการ สาธารณสุขิสรินธร จังหวัด ขอนแก่น,52210202112702A,A,A1008,คณะสหเวชศาสตร์และสาธารณสุข ศาสตร์,สาขาวิชาทันตสาธารณสุข,โครงการบุคคลทั่วไป,ภาษาไทย,0,15,244,15,68.2490,63.3166
สถาบันพระบรมราชชนก,วิทยาลัย พยาบาลบรม ราชชนีนนครราชสีมา,52210301111701A,A,A1008,คณะพยาบาลศาสตร์,สาขาพยาบาลศาสตร์,โครงการบุคคลทั่วไป,ภาษาไทย,0,1,307,1,56.7484,56.7484
สถาบันพระบรมราชชนก,วิทยาลัยการ สาธารณสุขิสรินธร จังหวัด ยะลา,52210302110701A,A,A1008,คณะสหเวชศาสตร์และสาธารณสุข ศาสตร์,สาขาวิชาการแพทย์แผนไทย,โครงการบุคคลทั่วไป,ภาษาไทย,0,19,278,19,67.6276,60.0210
สถาบันพระบรมราชชนก,วิทยาลัยการ สาธารณสุขิสรินธร จังหวัด ยะลา,52210302111605A,A,A1008,คณะสหเวชศาสตร์และสาธารณสุข ศาสตร์,สาขาวิชาฉุกเฉินการแพทย์,โครงการบุคคลทั่วไป,ภาษาไทย,0,13,133,13,56.4847,49.4409
สถาบันพระบรมราชชนก,วิทยาลัยการ สาธารณสุขิสรินธร จังหวัด ยะลา,52210302112702A,A,A1008,คณะสหเวชศาสตร์และสาธารณสุข ศาสตร์,สาขาวิชาสาธารณสุขชุมชน,โครงการบุคคลทั่วไป,ภาษาไทย,0,6,313,6,64.1706,63.3750
สถาบันพระบรมราชชนก,วิทยาลัยการ สาธารณสุขิสรินธร จังหวัด ยะลา,52210302112703A,A,A1008,คณะสหเวชศาสตร์และสาธารณสุข ศาสตร์,สาขาวิชาทันตสาธารณสุข,โครงการบุคคลทั่วไป,ภาษาไทย,0,6,172,6,64.8416,61.7610
สถาบันพระบรมราชชนก,วิทยาลัยการ สาธารณสุขิสรินธร จังหวัด ยะลา,52210302112704A,A,A1008,คณะสหเวชศาสตร์และสาธารณสุข ศาสตร์,สาขาวิชาอาชีวอนามัยและความปลอดภัย,โครงการบุคคลทั่วไป,ภาษาไทย,0,32,203,32,57.5559,51.1750
สถาบันพระบรมราชชนก,วิทยาลัย พยาบาล พระปกเกล้า จันทบุรี,52210401111701A,A,A1008,คณะพยาบาลศาสตร์,สาขาพยาบาลศาสตร์,โครงการบุคคลทั่วไป,ภาษาไทย,0,1,248,1,53.8754,53.8754
สถาบันพระบรมราชชนก,วิทยาลัยการ สาธารณสุขิสรินธร จังหวัด พิษณุโลก,52210402110701A,A,A1008,คณะสหเวชศาสตร์และสาธารณสุข ศาสตร์,สาขาวิชาการแพทย์แผนไทย,โครงการบุคคลทั่วไป,ภาษาไทย,0,11,171,11,66.0060,60.4324
สถาบันพระบรมราชชนก,วิทยาลัยการ สาธารณสุขิสรินธร จังหวัด พิษณุโลก,52210402111604A,A,A1008,คณะสหเวชศาสตร์และสาธารณสุข ศาสตร์,สาขาวิชาฉุกเฉินการแพทย์,โครงการบุคคลทั่วไป,ภาษาไทย,0,8,149,8,54.3874,51.8340
สถาบันพระบรมราชชนก,วิทยาลัยการ สาธารณสุขิสรินธร จังหวัด พิษณุโลก,52210402112702A,A,A1008,คณะสหเวชศาสตร์และสาธารณสุข ศาสตร์,สาขาวิชาสาธารณสุขชุมชน,โครงการบุคคลทั่วไป,ภาษาไทย,0,18,161,18,62.7684,59.3116
สถาบันพระบรมราชชนก,วิทยาลัยการ สาธารณสุขิสรินธร จังหวัด พิษณุโลก,52210402112703A,A,A1008,คณะสหเวชศาสตร์และสาธารณสุข ศาสตร์,สาขาวิชาทันตสาธารณสุข,โครงการบุคคลทั่วไป,ภาษาไทย,0,21,201,21,69.9166,61.3028
สถาบันพระบรมราชชนก,วิทยาลัย พยาบาลบรม ราชชนีนสงขลา,52210501111701A,A,A1008,คณะพยาบาลศาสตร์,สาขาพยาบาลศาสตร์,โครงการบุคคลทั่วไป,ภาษาไทย,0,6,541,6,52.6730,51.3320
สถาบันพระบรมราชชนก,วิทยาลัยการ สาธารณสุขิสรินธร จังหวัด ตรัง,52210502110703A,A,A1008,คณะสหเวชศาสตร์และสาธารณสุข ศาสตร์,สาขาวิชาการแพทย์แผนไทย,โครงการบุคคลทั่วไป,ภาษาไทย,0,25,235,25,63.9382,58.3984
สถาบันพระบรมราชชนก,วิทยาลัยการ สาธารณสุขิสรินธร จังหวัด ตรัง,52210502111604A,A,A1008,คณะสหเวชศาสตร์และสาธารณสุข ศาสตร์,สาขาวิชาฉุกเฉินการแพทย์,โครงการบุคคลทั่วไป,ภาษาไทย,0,9,105,9,54.3372,50.5426
สถาบันพระบรมราชชนก,วิทยาลัยการ สาธารณสุขิสรินธร จังหวัด ตรัง,52210502112701A,A,A1008,คณะสหเวชศาสตร์และสาธารณสุข ศาสตร์,สาขาวิชาสาธารณสุขชุมชน,โครงการบุคคลทั่วไป,ภาษาไทย,0,5,163,5,64.0186,62.4224
สถาบันพระบรมราชชนก,วิทยาลัยการ สาธารณสุขิสรินธร จังหวัด ตรัง,52210502112702A,A,A1008,คณะสหเวชศาสตร์และสาธารณสุข ศาสตร์,สาขาวิชาทันตสาธารณสุข,โครงการบุคคลทั่วไป,ภาษาไทย,0,8,138,8,64.8564,61.2678
สถาบันพระบรมราชชนก,วิทยาลัย พยาบาลบรม ราชชนีนสวรรค์ประชา รักษ์,52210601111701A,A,A1008,คณะพยาบาลศาสตร์,สาขาพยาบาลศาสตร์,โครงการบุคคลทั่วไป,ภาษาไทย,0,6,420,6,54.1862,51.8242
สถาบันพระบรมราชชนก,วิทยาลัยการ สาธารณสุขิสรินธร จังหวัด อุบลราชธานี,52210602111603A,A,A1008,คณะสหเวชศาสตร์และสาธารณสุข ศาสตร์,สาขาวิชาฉุกเฉินการแพทย์,โครงการบุคคลทั่วไป,ภาษาไทย,0,11,170,11,56.2148,51.0176
สถาบันพระบรมราชชนก,วิทยาลัยการ สาธารณสุขิสรินธร จังหวัด อุบลราชธานี,52210602112701A,A,A1008,คณะสหเวชศาสตร์และสาธารณสุข ศาสตร์,สาขาวิชาสาธารณสุขชุมชน,โครงการบุคคลทั่วไป,ภาษาไทย,0,3,127,3,66.1194,65.1304
สถาบันพระบรมราชชนก,วิทยาลัยการ สาธารณสุขิสรินธร จังหวัด อุบลราชธานี,52210602112702A,A,A1008,คณะสหเวชศาสตร์และสาธารณสุข ศาสตร์,สาขาวิชาทันตสาธารณสุข,โครงการบุคคลทั่วไป,ภาษาไทย,0,18,150,18,70.0526,60.6764
สถาบันพระบรมราชชนก,วิทยาลัย พยาบาลบรม ราชชนีนสรรพ สิทธิประสงค์,52210701111701A,A,A1008,คณะพยาบาลศาสตร์,สาขาพยาบาลศาสตร์,โครงการบุคคลทั่วไป,ภาษาไทย,0,1,248,1,54.4882,54.4882
สถาบันพระบรมราชชนก,วิทยาลัยการ สาธารณสุขิสรินธร จังหวัด สุพรรณบุรี,52210702112701A,A,A1008,คณะสหเวชศาสตร์และสาธารณสุข ศาสตร์,สาขาวิชาสาธารณสุขชุมชน,โครงการบุคคลทั่วไป,ภาษาไทย,0,10,111,10,62.9582,60.2306
สถาบันพระบรมราชชนก,วิทยาลัยการ สาธารณสุขิสรินธร จังหวัด สุพรรณบุรี,52210702112702A,A,A1008,คณะสหเวชศาสตร์และสาธารณสุข ศาสตร์,สาขาวิชาทันตสาธารณสุข,โครงการบุคคลทั่วไป,ภาษาไทย,0,12,98,12,67.4958,60.2820
สถาบันพระบรมราชชนก,วิทยาลัย พยาบาลบรม ราชชนีนชลบุรี,52210801111701A,A,A1008,คณะพยาบาลศาสตร์,สาขาพยาบาลศาสตร์,โครงการบุคคลทั่วไป,ภาษาไทย,0,10,767,10,55.2830,51.7488
สถาบันพระบรมราชชนก,วิทยาลัย เทคโนโลยีทาง การแพทย์และสาธารณสุขศาสต์รกาญจนาภิเษก,52210802110701A,A,A1008,คณะสหเวชศาสตร์และสาธารณสุข ศาสตร์,สาขาวิชาการแพทย์แผนไทย,โครงการบุคคลทั่วไป,ภาษาไทย,0,33,228,33,68.1752,59.7332
สถาบันพระบรมราชชนก,วิทยาลัย เทคโนโลยีทาง การแพทย์และสาธารณสุขศาสต์รกาญจนาภิเษก,52210802111605A,A,A1008,คณะสหเวชศาสตร์และสาธารณสุข ศาสตร์,สาขาวิชาฉุกเฉินการแพทย์,โครงการบุคคลทั่วไป,ภาษาไทย,0,13,254,13,60.6668,54.3446
สถาบันพระบรมราชชนก,วิทยาลัย เทคโนโลยีทาง การแพทย์และสาธารณสุขศาสต์รกาญจนาภิเษก,52210802111903A,A,A1008,คณะสหเวชศาสตร์และสาธารณสุข ศาสตร์,สาขาวิชารังสีเทคนิค,โครงการบุคคลทั่วไป,ภาษาไทย,0,10,868,10,65.4838,58.3128
สถาบันพระบรมราชชนก,วิทยาลัย เทคโนโลยีทาง การแพทย์และสาธารณสุขศาสต์รกาญจนาภิเษก,52210802112402A,A,A1008,คณะสหเวชศาสตร์และสาธารณสุข ศาสตร์,สาขาวิชาเวชระเบียน,โครงการบุคคลทั่วไป,ภาษาไทย,0,26,206,26,69.5620,60.7820
สถาบันพระบรมราชชนก,วิทยาลัย เทคโนโลยีทาง การแพทย์และสาธารณสุขศาสต์รกาญจนาภิเษก,52210802112404A,A,A1008,คณะสหเวชศาสตร์และสาธารณสุข ศาสตร์,สาขานวัตกรรมและการสื่อสาร,โครงการบุคคลทั่วไป,ภาษาไทย,0,24,70,24,61.2406,52.6444
สถาบันพระบรมราชชนก,วิทยาลัย พยาบาลบรม ราชชนีนสระบุรี,52210901111701A,A,A1008,คณะพยาบาลศาสตร์,สาขาพยาบาลศาสตร์,โครงการบุคคลทั่วไป,ภาษาไทย,0,3,331,3,53.6870,51.3146
สถาบันพระบรมราชชนก,วิทยาลัย การแพทย์แผน ไทยอภัยภูเบศร จังหวัด ปราจีนบุรี,52210902110801A,A,A1008,คณะสหเวชศาสตร์และสาธารณสุข ศาสตร์,สาขาวิชาการแพทย์แผนไทยประยุกต์,โครงการบุคคลทั่วไป,ภาษาไทย,0,30,73,30,54.3621,43.4253
สถาบันพระบรมราชชนก,วิทยาลัย พยาบาลบรม ราชชนีนนคร ลำปาง,52211001111701A,A,A1008,คณะพยาบาลศาสตร์,สาขาพยาบาลศาสตร์,โครงการบุคคลทั่วไป,ภาษาไทย,0,7,429,7,52.2750,50.1796
สถาบันพระบรมราชชนก,วิทยาลัย พยาบาลบรม ราชชนีนราชบุรี,52211101111701A,A,A1008,คณะพยาบาลศาสตร์,สาขาพยาบาลศาสตร์,โครงการบุคคลทั่วไป,ภาษาไทย,0,4,373,4,53.5732,51.6008
สถาบันพระบรมราชชนก,วิทยาลัย พยาบาลบรม ราชชนีนอุตรดิตถ์,52211201111701A,A,A1008,คณะพยาบาลศาสตร์,สาขาพยาบาลศาสตร์,โครงการบุคคลทั่วไป,ภาษาไทย,0,2,259,2,53.3606,51.5780
สถาบันพระบรมราชชนก,วิทยาลัย พยาบาลศีรมหาสารคาม,52211301111701A,A,A1008,คณะพยาบาลศาสตร์,สาขาพยาบาลศาสตร์,โครงการบุคคลทั่วไป,ภาษาไทย,0,3,438,3,53.9834,53.3410
สถาบันพระบรมราชชนก,วิทยาลัย พยาบาลบรม ราชชนีนสุราษฏร์ธานี,52211401111701A,A,A1008,คณะพยาบาลศาสตร์,สาขาพยาบาลศาสตร์,โครงการบุคคลทั่วไป,ภาษาไทย,0,2,342,2,55.5106,52.3920
สถาบันพระบรมราชชนก,วิทยาลัย พยาบาลบรม ราชชนีนสุรินทร์,52211501111701A,A,A1008,คณะพยาบาลศาสตร์,สาขาพยาบาลศาสตร์,โครงการบุคคลทั่วไป,ภาษาไทย,0,2,232,2,59.7504,55.8768
สถาบันพระบรมราชชนก,วิทยาลัย พยาบาลบรม ราชชนีนตรัง,52211601111701A,A,A1008,คณะพยาบาลศาสตร์,สาขาพยาบาลศาสตร์,โครงการบุคคลทั่วไป,ภาษาไทย,0,2,312,2,57.4256,55.7880
สถาบันพระบรมราชชนก,วิทยาลัย พยาบาลพระจอมเกล้า จังหวัดเพชรบุรี,52211701111701A,A,A1008,คณะพยาบาลศาสตร์,สาขาพยาบาลศาสตร์,โครงการบุคคลทั่วไป,ภาษาไทย,0,5,418,5,51.7048,51.1468
สถาบันพระบรมราชชนก,วิทยาลัย พยาบาลบรม ราชชนีนอุดรธานี,52211801111701A,A,A1008,คณะพยาบาลศาสตร์,สาขาพยาบาลศาสตร์,โครงการบุคคลทั่วไป,ภาษาไทย,0,3,349,3,52.9260,52.5204
สถาบันพระบรมราชชนก,วิทยาลัย พยาบาลบรม ราชชนีนชัยนาท,52211901111701A,A,A1008,คณะพยาบาลศาสตร์,สาขาพยาบาลศาสตร์,โครงการบุคคลทั่วไป,ภาษาไทย,0,6,432,6,52.0770,50.8184
สถาบันพระบรมราชชนก,วิทยาลัย พยาบาลบรม ราชชนีนพะเยา,52212001111701A,A,A1008,คณะพยาบาลศาสตร์,สาขาพยาบาลศาสตร์,โครงการบุคคลทั่วไป,ภาษาไทย,0,5,413,5,54.4632,50.9480
สถาบันพระบรมราชชนก,วิทยาลัย พยาบาลบรม ราชชนีนพระ พุทธบาท,52212101111701A,A,A1008,คณะพยาบาลศาสตร์,สาขาพยาบาลศาสตร์,โครงการบุคคลทั่วไป,ภาษาไทย,0,2,259,2,51.8740,50.9936
สถาบันพระบรมราชชนก,วิทยาลัย พยาบาลบรม ราชชนีนนครศรีธรรมราช,52212201111701A,A,A1008,คณะพยาบาลศาสตร์,สาขาพยาบาลศาสตร์,โครงการบุคคลทั่วไป,ภาษาไทย,0,5,406,5,61.7458,51.8290
สถาบันพระบรมราชชนก,วิทยาลัย พยาบาลบรม ราชชนีนจังหวัดนนทบุรี,52212301111701A,A,A1008,คณะพยาบาลศาสตร์,สาขาพยาบาลศาสตร์,โครงการบุคคลทั่วไป,ภาษาไทย,0,9,613,9,54.2478,53.0720
สถาบันพระบรมราชชนก,วิทยาลัย พยาบาลบรม ราชชนีนสุพรรณบุรี,52212401111701A,A,A1008,คณะพยาบาลศาสตร์,สาขาพยาบาลศาสตร์,โครงการบุคคลทั่วไป,ภาษาไทย,0,3,297,3,52.3602,51.5698
สถาบันพระบรมราชชนก,วิทยาลัย พยาบาลบรม ราชชนีนเชียงใหม่,52212501111701A,A,A1008,คณะพยาบาลศาสตร์,สาขาพยาบาลศาสตร์,โครงการบุคคลทั่วไป,ภาษาไทย,0,8,420,8,54.1106,52.3366
สถาบันพระบรมราชชนก,วิทยาลัย พยาบาลบรม ราชชนีนจักรีรัช,52212601111701A,A,A1008,คณะพยาบาลศาสตร์,สาขาพยาบาลศาสตร์,โครงการบุคคลทั่วไป,ภาษาไทย,0,6,412,6,52.4842,50.8312
สถาบันพระบรมราชชนก,วิทยาลัย พยาบาลบรม ราชชนีนยะลา,52212701111701A,A,A1008,คณะพยาบาลศาสตร์,สาขาพยาบาลศาสตร์,โครงการบุคคลทั่วไป,ภาษาไทย,0,1,296,1,52.3578,52.3578
สถาบันพระบรมราชชนก,วิทยาลัย พยาบาลบรม ราชชนีนขอนแก่น,52212801111701A,A,A1008,คณะพยาบาลศาสตร์,สาขาพยาบาลศาสตร์,โครงการบุคคลทั่วไป,ภาษาไทย,0,7,434,7,54.8670,51.5640
สถาบันพระบรมราชชนก,วิทยาลัย พยาบาลบรม ราชชนีนนพรัตน์วชิระ,52212901111701A,A,A1008,คณะพยาบาลศาสตร์,สาขาพยาบาลศาสตร์,โครงการบุคคลทั่วไป,ภาษาไทย,0,5,374,5,54.9350,53.3724
สถาบันพระบรมราชชนก,วิทยาลัย พยาบาลบรม ราชชนีนแพร่,52213001111701A,A,A1008,คณะพยาบาลศาสตร์,สาขาพยาบาลศาสตร์,โครงการบุคคลทั่วไป,ภาษาไทย,0,3,291,3,52.7492,52.4648
มหาวิทยาลัยเนชั่น,วิทยาเขตลำปาง,49050104111701A,0,0,คณะพยาบาลศาสตร์,พย.บ.,,,0,60,56,16,32.7481,20.1732
มหาวิทยาลัยเนชั่น,วิทยาเขตลำปาง,49050106111301A,0,0,คณะเทคนิคการแพทย์,ทพ.บ.,,,0,60,38,19,40.3638,20.0040
มหาวิทยาลัยเนชั่น,วิทยาเขต เชียงใหม่,49050205111701A,0,0,คณะพยาบาลศาสตร์,พย.บ.,,,0,60,48,28,33.0663,11.5000
มหาวิทยาลัยราชธานี,วิทยาเขตหลัก,49100101111701A,0,0,คณะพยาบาลศาสตร์,หลักสูตรพยาบาลศาสตรบัณฑิต,,,0,120,596,120,49.5854,39.5892
มหาวิทยาลัยราชธานี,วิทยาเขตหลัก,49100105700601A,0,0,คณะศึกษาศาสตร์,หลักสูตรศึกษาศาสตรบัณฑืตสาขาวิชา การศึกษาปฐมวัย,,,0,50,38,14,43.6350,24.5230
มหาวิทยาลัยราชธานี,วิทยาเขต อุดรธานี,49100206111701A,0,0,คณะพยาบาลศาสตร์,หลักสูตรพยาบาลศาสตรบัณฑิต,,,0,50,383,50,50.3220,40.1170
มหาวิทยาลัยปทุมธานี,วิทยาเขตหลัก,49110101300701A,0,0,คณะวิศวกรรมศาสตร์และเทคโนโลยี,วิศวกรรมศาสตรบัณฑิต,"นักเรียน ม.6 ที่กำลัง จะสำเร็จการศึกษา หรือสำเร็จการศึกษา แล้ว,กศน.,อาชีวะ",ภาษาไทย,0,10,4,1,84.7450,84.7450
มหาวิทยาลัยปทุมธานี,วิทยาเขตหลัก,49110101301602A,0,0,คณะวิศวกรรมศาสตร์และเทคโนโลยี,วิศวกรรมศาสตรบัณฑิต,"นักเรียน ม.6 ที่กำลัง จะสำเร็จการศึกษา หรือสำเร็จการศึกษา แล้ว,กศน.,อาชีวะ",ภาษาไทย,0,10,4,2,70.7295,68.8500
มหาวิทยาลัยปทุมธานี,วิทยาเขตหลัก,49110101302104A,0,0,คณะวิศวกรรมศาสตร์และเทคโนโลยี,วิศวกรรมศาสตรบัณฑิต,"นักเรียน ม.6 ที่กำลัง จะสำเร็จการศึกษา หรือสำเร็จการศึกษา แล้ว,กศน.,อาชีวะ",ภาษาไทย,0,10,5,1,65.0911,65.0911
มหาวิทยาลัยปทุมธานี,วิทยาเขตหลัก,49110101302105L,0,0,คณะวิศวกรรมศาสตร์และเทคโนโลยี,วิศวกรรมศาสตรบัณฑิต,"นักเรียน ม.6 ที่กำลัง จะสำเร็จการศึกษา หรือสำเร็จการศึกษา แล้ว,กศน.,อาชีวะ",ภาษาไทย,0,10,3,0,0.0000,0.0000
มหาวิทยาลัยปทุมธานี,วิทยาเขตหลัก,49110101303503A,0,0,คณะวิศวกรรมศาสตร์และเทคโนโลยี,วิศวกรรมศาสตรบัณฑิต,"นักเรียน ม.6 ที่กำลัง จะสำเร็จการศึกษา หรือสำเร็จการศึกษา แล้ว,กศน.,อาชีวะ",ภาษาไทย,0,10,1,0,0.0000,0.0000
มหาวิทยาลัยปทุมธานี,วิทยาเขตหลัก,49110102610202A,0,0,คณะบริหารธุรกิจและการบัญชี,บริหารธุรกิจบัณฑิต,"นักเรียน ม.6 ที่กำลัง จะสำเร็จการศึกษา หรือสำเร็จการศึกษา แล้ว,กศน.,อาชีวะ",ภาษาไทย,0,20,2,1,62.7401,62.7401
มหาวิทยาลัยปทุมธานี,วิทยาเขตหลัก,49110102610501A,0,0,คณะบริหารธุรกิจและการบัญชี,บัญชีบัณฑิต,"นักเรียน ม.6 ที่กำลัง จะสำเร็จการศึกษา หรือสำเร็จการศึกษา แล้ว,กศน.,อาชีวะ",ภาษาไทย,0,20,0,0,0.0000,0.0000
มหาวิทยาลัยปทุมธานี,วิทยาเขตหลัก,49110102610704A,0,0,คณะบริหารธุรกิจและการบัญชี,บริหารธุรกิจบัณฑิต,"นักเรียน ม.6 ที่กำลัง จะสำเร็จการศึกษา หรือสำเร็จการศึกษา แล้ว,กศน.,อาชีวะ",ภาษาไทย,0,20,3,0,0.0000,0.0000
มหาวิทยาลัยปทุมธานี,วิทยาเขตหลัก,49110102611003A,0,0,คณะบริหารธุรกิจและการบัญชี,บริหารธุรกิจบัณฑิต,"นักเรียน ม.6 ที่กำลัง จะสำเร็จการศึกษา หรือสำเร็จการศึกษา แล้ว,กศน.,อาชีวะ",ภาษาไทย,0,20,7,1,74.0250,74.0250
มหาวิทยาลัยปทุมธานี,วิทยาเขตหลัก,49110103901001A,0,0,คณะนิติศาสตร์,นิติศาสตรบัณฑิต,"นักเรียน ม.6 ที่กำลัง จะสำเร็จการศึกษา หรือสำเร็จการศึกษา แล้ว,กศน.,อาชีวะ",ภาษาไทย,0,30,1,0,0.0000,0.0000
มหาวิทยาลัยปทุมธานี,วิทยาเขตหลัก,49110104903201A,0,0,คณะรัฐศาสตร์,รัฐศาสตรบัณฑิต,"นักเรียน ม.6 ที่กำลัง จะสำเร็จการศึกษา หรือสำเร็จการศึกษา แล้ว,กศน.,อาชีวะ",ภาษาไทย,0,30,3,1,72.3621,72.3621
มหาวิทยาลัยปทุมธานี,วิทยาเขตหลัก,49110106110703A,0,0,คณะสหเวชศาสตร์,แพทย์แผนไทยบัณฑิต,"นักเรียน ม.6 ที่กำลัง จะสำเร็จการศึกษา หรือสำเร็จการศึกษา แล้ว,กศน.,อาชีวะ",ภาษาไทย,0,20,18,8,84.8083,61.4997
มหาวิทยาลัยปทุมธานี,วิทยาเขตหลัก,49110106112701A,0,0,คณะสหเวชศาสตร์,สาธารณสุขศาสตรบัณฑิต,"นักเรียน ม.6 ที่กำลัง จะสำเร็จการศึกษา หรือสำเร็จการศึกษา แล้ว,กศน.,อาชีวะ",ภาษาไทย,0,20,18,10,92.9166,49.9498
มหาวิทยาลัยปทุมธานี,วิทยาเขตหลัก,49110106112702A,0,0,คณะสหเวชศาสตร์,วิทยาศาสตรบัณฑิต,"นักเรียน ม.6 ที่กำลัง จะสำเร็จการศึกษา หรือสำเร็จการศึกษา แล้ว,กศน.,อาชีวะ",ภาษาไทย,0,20,8,5,87.6017,54.4500
มหาวิทยาลัยปทุมธานี,วิทยาเขตหลัก,49110107700601A,0,0,คณะศึกษาศาสตร์,ศึกษาศาสตรบัณฑิต,"นักเรียน ม.6 ที่กำลัง จะสำเร็จการศึกษา หรือสำเร็จการศึกษา แล้ว,กศน.,อาชีวะ",ภาษาไทย,0,20,23,11,92.3000,3.3428
มหาวิทยาลัยปทุมธานี,วิทยาเขตหลัก,49110107702802A,0,0,คณะศึกษาศาสตร์,ศึกษาศาสตรบัณฑิต,"นักเรียน ม.6 ที่กำลัง จะสำเร็จการศึกษา หรือสำเร็จการศึกษา แล้ว,กศน.,อาชีวะ",ภาษาไทย,0,20,50,20,83.7920,54.2250
วิทยาลัยนครราชสีมา,วิทยาเขตหลัก,49160101110501A,0,0,คณะสหเวชศาสตร์,การแพทย์แผนจีนบัณฑิต,,,0,40,36,15,82.5205,41.5000
วิทยาลัยนครราชสีมา,วิทยาเขตหลัก,49160101110701A,0,0,คณะสหเวชศาสตร์,การแพทย์แผนไทยบัณฑิตสาขาวิชาการแพท์ยแผนไทย,,,0,10,31,10,70.0346,62.6094
วิทยาลัยนครราชสีมา,วิทยาเขตหลัก,49160101111301A,0,0,คณะสหเวชศาสตร์,วิทยาศาสตรบัณฑิตสาขาวิชาเทคนิคการแพทย์,,,0,30,127,30,36.4593,29.7410
วิทยาลัยนครราชสีมา,วิทยาเขตหลัก,49160101111701A,0,0,คณะพยาบาลศาสตร์,พยาบาลศาสตรบัณฑิต,,,0,50,276,50,80.8158,72.3610
วิทยาลัยนครราชสีมา,วิทยาเขตหลัก,49160101112001A,0,0,คณะสหเวชศาสตร์,วิทยาศาสตรบัณฑิตสาขาวิชาวิทยาศาสตร์การ กีฬาและการออกกำลังกาย,,,0,10,16,5,74.8266,46.5000
วิทยาลัยนครราชสีมา,วิทยาเขตหลัก,49160101112101A,0,0,คณะสหเวชศาสตร์,วิทยาศาสตรบัณฑิตสาขาวิชาวิทยาศาสต์รการแพทย์,,,0,40,33,12,62.4821,48.2715
วิทยาลัยนครราชสีมา,วิทยาเขตหลัก,49160101112701A,0,0,คณะสหเวชศาสตร์,สาธารณสุขศาสตรบัณฑิตสาขาวิชา สาธารณสุขชุมชน,,,0,10,15,7,68.9648,44.6690
วิทยาลัยนครราชสีมา,วิทยาเขตหลัก,49160101112702A,0,0,คณะสหเวชศาสตร์,วิทยาศาสตรบัณฑิตสาขาวิชาอาชีวอนามัย และความปลอดภัย,,,0,10,14,6,71.9516,44.6250
วิทยาลัยนครราชสีมา,วิทยาเขตหลัก,49160101130101A,0,0,คณะเภสัชศาสตร์,เภสัชศาสตรบัณฑิต,,,0,5,102,5,47.8782,43.3714
วิทยาลัยนครราชสีมา,วิทยาเขตหลัก,49160101220101A,0,0,คณะบริหารธุรกิจและเทคโนโลียสารสนเทศ,วิทยาศาสตรบัณฑิตสาขาวิชาเทคโนโลียสารสนเทศ,,,0,10,0,0,0.0000,0.0000
วิทยาลัยนครราชสีมา,วิทยาเขตหลัก,49160101610501A,0,0,คณะบริหารธุรกิจและเทคโนโลียสารสนเทศ,บัญชีบัณฑิต,,,0,10,0,0,0.0000,0.0000
วิทยาลัยนครราชสีมา,วิทยาเขตหลัก,49160101610801A,0,0,คณะบริหารธุรกิจและเทคโนโลียสารสนเทศ,บริหารธุรกิจบัณฑิตสาขาวิชาบริหารธุรกิจ,,,0,10,0,0,0.0000,0.0000
วิทยาลัยนครราชสีมา,วิทยาเขตหลัก,49160101611001A,0,0,คณะบริหารธุรกิจและเทคโนโลียสารสนเทศ,บริหารธุรกิจบัณฑิตสาขาวิชาการจัดการโลิจสติกส์,,,0,10,1,0,0.0000,0.0000
วิทยาลัยนครราชสีมา,วิทยาเขตหลัก,49160101700601A,0,0,คณะศึกษาศาสตร์,ศึกษาศาสตรบัณฑิตสาขาวิชาการศึกษาปฐมวัย,,,0,10,29,10,69.2914,55.1010
วิทยาลัยนครราชสีมา,วิทยาเขตหลัก,49160101901001A,0,0,คณะนิติศาสตร์,นิติศาสตรบัณฑิตสาขาวิชานิติศาสตร์,,,0,10,0,0,0.0000,0.0000
วิทยาลัยนอร์ทเทิร์น,วิทยาเขตหลัก,49170101610203A,A,A3333,คณะบริหารธุรกิจ,บริหารธุรกิจบัณฑิต(การจัดการอุตสาหกรรม) 4 ปี (ภาคปกติ),โครงการเรียนีดมีที่ เรียน วิทยาลัยนอ์รทเทิร์น,การจัดการ อุตสาหกรรม,0,100,1,1,55.2500,55.2500
วิทยาลัยนอร์ทเทิร์น,วิทยาเขตหลัก,49170101610205A,A,A3333,คณะบริหารธุรกิจ,บริหารธุรกิจบัณฑิต(การจัดการสมัยใหม)่ 4 ปี (ภาคปกติ),โครงการเรียนีดมีที่ เรียน วิทยาลัยนอ์รทเทิร์น,การจัดการ สมัยใหม่,0,50,0,0,0.0000,0.0000
วิทยาลัยนอร์ทเทิร์น,วิทยาเขตหลัก,49170101610501A,A,A3333,คณะบริหารธุรกิจ,บัญชีบัณฑิต(การบัญชี) 4 ปี (ภาคปกติ),โครงการเรียนีดมีที่ เรียน วิทยาลัยนอ์รทเทิร์น,การบัญชี,0,50,1,0,0.0000,0.0000
วิทยาลัยนอร์ทเทิร์น,วิทยาเขตหลัก,49170101610604A,A,A3333,คณะบริหารธุรกิจ,บริหารธุรกิจบัณฑิต(การตลาดดิจิทัลและนวัตกรรมค้าปลีก) 4 ปี (ภาคปกติ),โครงการเรียนีดมีที่ เรียน วิทยาลัยนอ์รทเทิร์น,การตลาด ดิจิทัลและนวัตกรรม ค้าปลีก,0,50,0,0,0.0000,0.0000
วิทยาลัยนอร์ทเทิร์น,วิทยาเขตหลัก,49170101610706A,A,A3333,คณะบริหารธุรกิจ,บริหารธุรกิจบัณฑิต(เทคโนโลยีดิจิทัลทาง ธุรกิจ) 4 ปี (ภาคปกติ),โครงการเรียนีดมีที่ เรียน วิทยาลัยนอ์รทเทิร์น,เทคโนโลียดิจิทัลทาง ธุรกิจ,0,50,0,0,0.0000,0.0000
วิทยาลัยนอร์ทเทิร์น,วิทยาเขตหลัก,49170101620102A,A,A3333,คณะบริหารธุรกิจ,บริหารธุรกิจบัณฑิต(การจัดการอุตสาหกรรม บริการและการท่องเที่ยว) 4 ปี (ภาคปกติ),โครงการเรียนีดมีที่ เรียน วิทยาลัยนอ์รทเทิร์น,การจัดการ อุตสาหกรรม บริการและ การท่องเที่ยว,0,50,0,0,0.0000,0.0000
วิทยาลัยนอร์ทเทิร์น,วิทยาเขตหลัก,49170102901007A,A,A3333,คณะนิติศาสตร์และรัฐศาสตร์,นิติศาสตรบัณฑิต(นิติศาสตร)์ 4 ปี (ภาคปกติ),โครงการเรียนีดมีที่ เรียน วิทยาลัยนอ์รทเทิร์น,นิติศาสตร์,0,60,0,0,0.0000,0.0000
วิทยาลัยนอร์ทเทิร์น,วิทยาเขตหลัก,49170102903208A,A,A3333,คณะนิติศาสตร์และรัฐศาสตร์,ศิลปศาสตรบัณฑิต(รัฐศาสตร)์ 4 ปี (ภาคปกติ),โครงการเรียนีดมีที่ เรียน วิทยาลัยนอ์รทเทิร์น,รัฐศาสตร์,0,50,0,0,0.0000,0.0000
วิทยาลัยนอร์ทเทิร์น,วิทยาเขตหลัก,49170103700210A,A,A3333,คณะศึกษาศาสตร์,ศึกษาศาสตรบัณฑิต(การประถมศึกษา) 4 ปี (ภาคปกติ),โครงการเรียนีดมีที่ เรียน วิทยาลัยนอ์รทเทิร์น,การ ประถมศึกษา,0,90,13,5,87.5000,56.5000
วิทยาลัยนอร์ทเทิร์น,วิทยาเขตหลัก,49170103700609A,A,A3333,คณะศึกษาศาสตร์,ศึกษาศาสตรบัณฑิต(การศึกษาปฐมวัย) 4 ปี (ภาคปกติ),โครงการเรียนีดมีที่ เรียน วิทยาลัยนอ์รทเทิร์น,การศึกษา ปฐมวัย,0,120,6,1,67.7500,67.7500
วิทยาลัยนอร์ทเทิร์น,วิทยาเขตหลัก,49170103702811A,A,A3333,คณะศึกษาศาสตร์,ศึกษาศาสตรบัณฑิต(พลศึกษา) 4 ปี (ภาคปกติ),โครงการเรียนีดมีที่ เรียน วิทยาลัยนอ์รทเทิร์น,พลศึกษา,0,120,10,2,76.2500,66.7500
วิทยาลัยนอร์ทเทิร์น,วิทยาเขตหลัก,49170104110714A,A,A3333,คณะสหเวชศาสตร์,การแพทย์แผนไทยบัณฑิต(การแพทย์แผนไทย) 4 ปี (ภาคปกติ),โครงการเรียนีดมีที่ เรียน วิทยาลัยนอ์รทเทิร์น,การแพท์ยแผนไทย,0,40,4,1,50.7500,50.7500
วิทยาลัยนอร์ทเทิร์น,วิทยาเขตหลัก,49170104112015A,A,A3333,คณะสหเวชศาสตร์,วิทยาศาสตรบัณฑิต(วิทยาศาสตร์การกีฬาและ การออกกำลังกาย) 4 ปี (ภาคปกติ),โครงการเรียนีดมีที่ เรียน วิทยาลัยนอ์รทเทิร์น,วิทยาศาสต์รการกีฬา และการ ออกกำลังกาย,0,50,9,0,0.0000,0.0000
วิทยาลัยนอร์ทเทิร์น,วิทยาเขตหลัก,49170104112712A,A,A3333,คณะสหเวชศาสตร์,สาธารณสุขศาสตรบัณฑิต(สาธารณสุขชุมชน) 4 ปี (ภาคปกติ),โครงการเรียนีดมีที่ เรียน วิทยาลัยนอ์รทเทิร์น,สาธารณสุข ชุมชน,0,50,2,0,0.0000,0.0000
วิทยาลัยนอร์ทเทิร์น,วิทยาเขตหลัก,49170104112713A,A,A3333,คณะสหเวชศาสตร์,วิทยาศาสตรบัณฑิต(อาชีวอนามัยและความ ปลอดภัย) 4 ปี (ภาคปกติ),โครงการเรียนีดมีที่ เรียน วิทยาลัยนอ์รทเทิร์น,อาชีวอนา มัยและ ความ ปลอดภัย,0,50,3,0,0.0000,0.0000
วิทยาลัยนอร์ทเทิร์น,วิทยาเขตหลัก,49170105111716A,A,A3333,คณะพยาบาลศาสตร์,พยาบาลศาสตรบัณฑิต(พยาบาลศาสตร์) 4 ปี (ภาคปกติ),โครงการเส้นทางสู่ วิชาชีพพยาบาล สู่รั้ว วิทยาลัย นอร์ทเทิร์น,พยาบาล ศาสตร์,0,60,208,60,98.2500,81.5000
สถาบันการจัดการปัญญาภิวัฒน์,แจ้งวัฒนะ นนทบุรี,49180101220101A,0,0,คณะวิศวกรรมศาสตร์และเทคโนโลยี,หลักสูตรวิทยาศาสตรบัณฑิตสาขาวิชา เทคโนโลยีดิจิทัลและสารสนเทศ,,,0,15,8,1,83.5000,83.5000
สถาบันการจัดการปัญญาภิวัฒน์,แจ้งวัฒนะ นนทบุรี,49180101301901A,0,0,คณะวิศวกรรมศาสตร์และเทคโนโลยี,หลักสูตรวิศวกรรมศาสตรบัณฑิตสาขาวิชา วิศวกรรมหุ่นยนต์และระบบอัตโนมัติ,,,0,20,7,3,82.0000,54.2500
สถาบันการจัดการปัญญาภิวัฒน์,แจ้งวัฒนะ นนทบุรี,49180101302001A,0,0,คณะวิศวกรรมศาสตร์และเทคโนโลยี,หลักสูตรวิศวกรรมศาสตรบัณฑิตสาขาวิชา วิศวกรรมการผลิตยานยนต์,,,0,20,9,1,56.5000,56.5000
สถาบันการจัดการปัญญาภิวัฒน์,แจ้งวัฒนะ นนทบุรี,49180101303501A,0,0,คณะวิศวกรรมศาสตร์และเทคโนโลยี,หลักสูตรวิศวกรรมศาสตรบัณฑิตสาขาวิชา วิศวกรรมอุตสาหการและการจัดการ,,,0,20,6,4,88.7500,77.7500
สถาบันการจัดการปัญญาภิวัฒน์,แจ้งวัฒนะ นนทบุรี,49180101303701A,0,0,คณะวิศวกรรมศาสตร์และเทคโนโลยี,หลักสูตรวิศวกรรมศาสตรบัณฑิตสาขาวิชา วิศวกรรมคอมพิวเตอร์และปัญญาประดิษฐ์,,,0,15,22,3,88.7500,75.0000
สถาบันการจัดการปัญญาภิวัฒน์,แจ้งวัฒนะ นนทบุรี,49180102901801A,0,0,คณะศิลปศาสตร์,หลักสูตรศิลปศาสตรบัณฑิตสาขาวิชาภาษาจีน ธุรกิจ,,,0,40,8,1,84.5000,84.5000
สถาบันการจัดการปัญญาภิวัฒน์,แจ้งวัฒนะ นนทบุรี,49180102901901A,0,0,คณะศิลปศาสตร์,หลักสูตรศิลปศาสตรบัณฑิตสาขาวิชา ภาษาญี่ปุ่นธุรกิจ,,,0,40,12,2,89.5000,84.0000
สถาบันการจัดการปัญญาภิวัฒน์,แจ้งวัฒนะ นนทบุรี,49180102902501A,0,0,คณะศิลปศาสตร์,หลักสูตรศิลปศาสตรบัณฑิตสาขาวิชา ภาษาอังกฤษเพื่อการสื่อสารทางธุรกิจ,,,0,40,19,6,96.7500,61.5000
สถาบันการจัดการปัญญาภิวัฒน์,แจ้งวัฒนะ นนทบุรี,49180103620101A,0,0,คณะวิทยาการจัดการ,หลักสูตรบริหารธุรกิจบัณฑิตสาขาวิชา อุตสาหกรรมการบริการและการท่องเที่ยว,,,0,30,13,0,0.0000,0.0000
สถาบันการจัดการปัญญาภิวัฒน์,แจ้งวัฒนะ นนทบุรี,49180103620201A,0,0,คณะวิทยาการจัดการ,หลักสูตรบริหารธุรกิจบัณฑิตสาขาวิชาการ จัดการธุรกิจการบิน,,,0,50,31,3,94.5000,73.2500
สถาบันการจัดการปัญญาภิวัฒน์,แจ้งวัฒนะ นนทบุรี,49180104901101A,0,0,คณะนิเทศศาสตร์,หลักสูตรนิเทศศาสตรบัณฑิตวิชาเอกการ สื่อสารองค์กรและแบรนด์,,,0,10,0,0,0.0000,0.0000
สถาบันการจัดการปัญญาภิวัฒน์,แจ้งวัฒนะ นนทบุรี,49180104901102A,0,0,คณะนิเทศศาสตร์,หลักสูตรนิเทศศาสตรบัณฑิตวิชาเอกวารสาร ศาสตร์คอนเวอร์เจ้นท์และสื่อดิจิทัลสร้างสรรค์,,,0,10,6,0,0.0000,0.0000
สถาบันการจัดการปัญญาภิวัฒน์,แจ้งวัฒนะ นนทบุรี,49180105500401A,0,0,คณะเกษตรนวัตและการจัดการ,หลักสูตรวิทยาศาสตรบัณฑิตสาขาวิชา นวัตกรรมการจัดการเกษตร,,,0,10,1,0,0.0000,0.0000
สถาบันการจัดการปัญญาภิวัฒน์,แจ้งวัฒนะ นนทบุรี,49180106610801A,A,0,คณะการจัดการธุรกิจอาหาร,หลักสูตรบริหารธุรกิจบัณฑิตวิชาเอกการ จัดการธุรกิจอาหาร,,,0,70,3,2,71.2500,64.0000
สถาบันการจัดการปัญญาภิวัฒน์,แจ้งวัฒนะ นนทบุรี,49180106610802A,B,0,คณะการจัดการธุรกิจอาหาร,หลักสูตรบริหารธุรกิจบัณฑิตวิชาเอกการ จัดการธุรกิจค้าส่งอาหารสมัยใหม่,,,0,70,6,0,0.0000,0.0000
สถาบันการจัดการปัญญาภิวัฒน์,แจ้งวัฒนะ นนทบุรี,49180106610803A,0,0,คณะการจัดการธุรกิจอาหาร,หลักสูตรบริหารธุรกิจบัณฑิตสาขาวิชาการ จัดการธุรกิจภัตตาคาร,,,0,30,0,0,0.0000,0.0000
สถาบันการจัดการปัญญาภิวัฒน์,แจ้งวัฒนะ นนทบุรี,49180109610801E,0,0,วิทยาลัยนานาชาติ,หลักสูตรบริหารธุรกิจบัณฑิตสาขาวิชาการเป็น ผู้ประกอบการธุรกิจสมัยให่ม(หลักสูตร นานาชาติ),,,0,20,6,1,66.7500,66.7500
สถาบันการจัดการปัญญาภิวัฒน์,อีอีซี,49180206610802A,B,0,คณะการจัดการธุรกิจอาหาร,หลักสูตรบริหารธุรกิจบัณฑิตวิชาเอกการ จัดการธุรกิจค้าส่งอาหารสมัยใหม่,,,0,15,5,3,90.7500,66.2500
สถาบันการจัดการปัญญาภิวัฒน์,อีอีซี,49180211111701A,0,0,คณะพยาบาลศาสตร์,หลักสูตรพยาบาลศาสตรบัณฑิต,โครงการ PIM Silver Nurses-Partial Scholarship รอบ Admission,,0,16,191,16,57.8077,51.1828
มหาวิทยาลัยวงษ์ชวลิตกุล,วิทยาเขตหลัก,49220101610201A,A,0,คณะบริหารธุรกิจ,บริหารธุรกิจบัณฑิต(การจัดการและการเป็น ผู้ประกอบการ),,,0,30,0,0,0.0000,0.0000
มหาวิทยาลัยวงษ์ชวลิตกุล,วิทยาเขตหลัก,49220101610501A,A,0,คณะบริหารธุรกิจ,บัญชีบัณฑิต,,,0,30,0,0,0.0000,0.0000
มหาวิทยาลัยวงษ์ชวลิตกุล,วิทยาเขตหลัก,49220101610601A,A,0,คณะบริหารธุรกิจ,บริหารธุรกิจบัณฑิต(การตลาด),,,0,30,0,0,0.0000,0.0000
มหาวิทยาลัยวงษ์ชวลิตกุล,วิทยาเขตหลัก,49220101610901A,A,0,คณะบริหารธุรกิจ,บริหารธุรกิจบัณฑิต(เทคโนโลยีธุรกิจดิจิทัล),,,0,30,2,0,0.0000,0.0000
มหาวิทยาลัย วงษ์ลิตกุล,วิทยาเขตหลัก,49220101611001A,A,0,คณะบริหารธุรกิจ,บริหารธุรกิจบัณฑิต(การจัดการโลจิสติกส์และ โซ่อุปทาน),,,0,40,0,0,0.0000,0.0000
มหาวิทยาลัยวงษ์ชวลิตกุล,วิทยาเขตหลัก,49220101620101A,A,0,คณะบริหารธุรกิจ,ศิลปศาสตรบัณฑิต(อุตสาหกรรมการท่องเที่ยว),,,0,30,2,2,63.7500,0.0000
มหาวิทยาลัยวงษ์ชวลิตกุล,วิทยาเขตหลัก,49220102702001A,A,0,คณะศึกษาศาสตร์,ศึกษาศาสตรบัณฑิต(ภาษาอังกฤษ),,,0,10,1,0,0.0000,0.0000
มหาวิทยาลัยวงษ์ชวลิตกุล,วิทยาเขตหลัก,49220102703801A,A,0,คณะศึกษาศาสตร์,ศึกษาศาสตรบัณฑิต(การสอนวิทยาศาสตร ทั่วไป),,,0,10,2,0,0.0000,0.0000
มหาวิทยาลัยวงษ์ชวลิตกุล,วิทยาเขตหลัก,49220103220201A,A,0,คณะวิศวกรรมศาสตร์และ สถาปัตยกรรมศาสตร์,วิทยาศาสตรบัณฑิต(วิทยาการคอมพิวเตอร์),,,0,15,0,0,0.0000,0.0000
มหาวิทยาลัยวงษ์ชวลิตกุล,วิทยาเขตหลัก,49220103300701A,A,0,คณะวิศวกรรมศาสตร์และ สถาปัตยกรรมศาสตร์,วิศวกรรมศาสตรบัณฑิต(วิศวกรรมเครื่องกล),,,0,20,0,0,0.0000,0.0000
มหาวิทยาลัยวงษ์ชวลิตกุล,วิทยาเขตหลัก,49220103301601A,A,0,คณะวิศวกรรมศาสตร์และ สถาปัตยกรรมศาสตร์,วิศวกรรมศาสตรบัณฑิต(วิศวกรรมไฟฟ้า),,,0,20,0,0,0.0000,0.0000
มหาวิทยาลัยวงษ์ชวลิตกุล,วิทยาเขตหลัก,49220103302101A,A,0,คณะวิศวกรรมศาสตร์และ สถาปัตยกรรมศาสตร์,วิศวกรรมศาสตรบัณฑิต(วิศวกรรมโยธา),,,0,25,3,0,0.0000,0.0000
มหาวิทยาลัยวงษ์ชวลิตกุล,วิทยาเขตหลัก,49220103302401A,A,0,คณะวิศวกรรมศาสตร์และ สถาปัตยกรรมศาสตร์,วิศวกรรมศาสตรบัณฑิต(วิศวกรรมการจัดการ และโลจิสติกส์),,,0,20,1,0,0.0000,0.0000
มหาวิทยาลัยวงษ์ชวลิตกุล,วิทยาเขตหลัก,49220104112701A,A,0,คณะสาธารณสุข,สาธารณสุขศาสตรบัณฑิต(สาธารณสุขชุมชน),,,0,15,15,4,90.0000,63.2500
มหาวิทยาลัยวงษ์ชวลิตกุล,วิทยาเขตหลัก,49220104112702A,A,0,คณะสาธารณสุข,วิทยาศาสตรบัณฑิต(อาชีวอนามัยและความ ปลอดภัย),,,0,20,11,3,82.2500,74.0000
มหาวิทยาลัยวงษ์ชวลิตกุล,วิทยาเขตหลัก,49220105901001A,A,0,คณะนิติศาสตร์,นิติศาสตรบัณฑิต,,,0,30,1,1,61.7500,61.7500
มหาวิทยาลัยวงษ์ชวลิตกุล,วิทยาเขตหลัก,49220106901101A,A,0,คณะนิเทศศาสตร์,นิเทศศาสตรบัณฑิต,,,0,15,0,0,0.0000,0.0000
วิทยาลัยเทคโนโลยีสยาม,วิทยาเขตหลัก (ท่าพระ),49310101211103A,0,0,คณะวิศวกรรมศาสตร์และเทคโนโลยี,สาขาวิชาเทคโนโลยียานยนต์สมัยใหม่/ทล.บ. เทคโนโลยีบัณฑิต(เทคโนโลยียานยนต์สมัยใหม)่,Admission,ภาษาไทย,0,50,3,1,19.2500,19.2500
วิทยาลัยเทคโนโลยีสยาม,วิทยาเขตหลัก (ท่าพระ),49310101211504A,0,0,คณะวิศวกรรมศาสตร์และเทคโนโลยี,สาขาวิชาเทคโนโลยีไฟฟ้าและระบบควบคุม อัตโนมัต/ิทล.บ. เทคโนโลยีบัณฑิต(เทคโนโลียไฟฟ้าและระบบควบคุมอัตโนมัต)ิ,Admission,ภาษาไทย,0,30,0,0,0.0000,0.0000
วิทยาลัยเทคโนโลยีสยาม,วิทยาเขตหลัก (ท่าพระ),49310101301502A,0,0,คณะวิศวกรรมศาสตร์และเทคโนโลยี,สาขาวิชาวิศวกรรมพลังงานและโลจิสติกส์/ วศ.บ. วิศวกรรมศาสตรบัณฑิต(วิศวกรรม พลังงานและโลจิสติกส)์,Admission,ภาษาไทย,0,30,0,0,0.0000,0.0000
วิทยาลัยเทคโนโลยีสยาม,วิทยาเขตหลัก (ท่าพระ),49310101303201A,0,0,คณะวิศวกรรมศาสตร์และเทคโนโลยี,สาขาวิชาวิศวกรรมซ่อมบำรุงอากาศยาน/วศ.บ. (วิศวกรรมซ่อมบำรุงอากาศยาน),Admission,ภาษาไทย,0,30,3,1,19.5642,19.5642
วิทยาลัยเทคโนโลยีสยาม,วิทยาเขตหลัก (ท่าพระ),49310102112701A,0,0,คณะวิทยาศาสตร์สุขภาพ,สาขาวิชาสาธารณสุขศาสตร์/ส.บ. (สาธารณสุข ศาสตร)์ B.P.H. (Public Health),Admission,ภาษาไทย,0,30,1,1,29.1895,29.1895
วิทยาลัยเทคโนโลยีสยาม,วิทยาเขตหลัก (ท่าพระ),49310102112702A,0,0,คณะวิทยาศาสตร์สุขภาพ,สาขาวิชาอาชีวอนามัยและความปลอดภัย/ วท.บ. (อาชีวอนามัยและความปลอดภัย) B.Sc. (Occupational Health and Safety),Admission,ภาษาไทย,0,30,0,0,0.0000,0.0000
วิทยาลัยเทคโนโลยีสยาม,วิทยาเขตหลัก (ท่าพระ),49310103610202A,0,0,คณะบริหารธุรกิจ,สาขาวิชาการจัดการ/บธ.บ. (การจัดการ),Admission,ภาษาไทย,0,50,0,0,0.0000,0.0000
วิทยาลัยเทคโนโลยีสยาม,วิทยาเขตหลัก (ท่าพระ),49310103610504A,0,0,คณะบริหารธุรกิจ,สาขาวิชาการบัญชี/บช.บ. (การบัญชี),Admission,ภาษาไทย,0,30,1,0,0.0000,0.0000
วิทยาลัยเทคโนโลยีสยาม,วิทยาเขตหลัก (ท่าพระ),49310103610601A,0,0,คณะบริหารธุรกิจ,สาขาวิชาการตลาด/บธ.บ. (การตลาด),Admission,ภาษาไทย,0,30,1,0,0.0000,0.0000
วิทยาลัยเทคโนโลยีสยาม,วิทยาเขตหลัก (ท่าพระ),49310103610803E,0,0,คณะบริหารธุรกิจ,สาขาวิชาการจัดการธุรกิจระหว่างประเทศ (IBM)/บธ.บ. (การจัดการธุรกิจระหว่างประเทศ),Admission,ภาษาอังกฤษ,0,20,0,0,0.0000,0.0000
วิทยาลัยเทคโนโลยีสยาม,วิทยาเขตหลัก (ท่าพระ),49310104620101C,0,0,คณะการบริการและการท่องเที่ยว,สาขาวิชาการจัดการนวัตกรรมการท่องเที่ยว และการบริการ/ศศ.บ. (การจัดการนวัตกรรม การท่องเที่ยวและบริการ),Admission,ภาษาไทย,0,30,0,0,0.0000,0.0000
วิทยาลัยเทคโนโลยีสยาม,วิทยาเขตหลัก (ท่าพระ),49310105610701A,0,0,คณะดิจิทัล,สาขาวิชาธุรกิจดิจิทัล/บริหารธุรกิจบัณฑิตสาขาวิชาธุรกิจดิจิทัล,Admission,ภาษาไทย,0,100,0,0,0.0000,0.0000
วิทยาลัยเทคโนโลยีสยาม,วิทยาเขตหลัก (ท่าพระ),49310106903101A,0,0,คณะรัฐประศาสนศาสตร์,สาขาวิชารัฐประศาสนศาสตร์/รป.บ. (รัฐ ประศาสนศาสตร)์,Admission,ภาษาไทย,0,30,0,0,0.0000,0.0000
วิทยาลัยเทคโนโลยีสยาม,วิทยาเขตหลัก (ท่าพระ),49310107702001E,0,0,คณะศึกษาศาสตร์,สาขาวิชาการสอนภาษาอังกฤษสำหรับผู้พูด ภาษาอื่น (TESOL)/ศศ.บ. (การสอน ภาษาอังกฤษสำหรับผู้ที่พูดภาษาอื่น),Admission,ภาษาอังกฤษ,0,50,0,0,0.0000,0.0000
